ORDER_NUMBER;TRADING_COMPANY;ESTADO;CONTENEDOR;NAVIERA;TIPO_CONTENEDOR;DOC_TRANSPORTE;SOLICITUD_BOOKING;AUTORIZACION_BOOKING;FECHA_AGENTE_CARGA;ETD_INICIAL;ETD_ESTIMADO;ETD;ETA_INICIAL;ETA_ESTIMADO;ETA;MONTO_FLETE;FACTURA_FLETE;TIPO_TARIFA_NOMBRE;PROVEEDOR_SERVICIO;ALMACEN_FISCAL_INGRESO;ALMACEN_FISCAL_SALIDA;APLICA_ALMACEN_FISCAL
1103370;OLO1;Transito;VTCN100451;0;Contenedor 40 HC;ASCAN401384-;;;;;;;;;;0;0;0;0;0;0;N
1103451;OLO1;Transito;645-1;0;LCL;PO 1103451;;;;06-05-25;06-05-25;;;;;0;0;0;0;0;0;N
1103452;OLO1;Transito;645-2;0;LCL;PO 1103452;;;;;;;;;;0;0;0;0;0;0;N
1103455;OLO1;Transito;VTCN100484;0;LCL;PO 1103455;;;;02-05-25;02-05-25;;;;;0;0;0;0;0;0;N
1103745;OLO1;Transito;CMAU4204500;CMA CGM;Contenedor 40 HC;BJPBL2500068;29-11-25;28-11-25;07-11-25;08-12-25;22-12-25;11-12-25;04-01-26;05-02-26;;4950;IOLFT25-915;FAK;IN OCEAN;0;0;N
1103751;OLO1;Transito;FANU3463957;HAPAG LLOYD;Contenedor 40 HC;ASNGB513767;05-01-26;05-01-26;06-11-25;25-01-26;08-02-26;22-01-26;06-03-26;13-03-26;;3720;0;NAC;AIR SEA WORLDWIDE;0;0;N
1103752;OLO1;Transito;SEGU5097422;HAPAG LLOYD;Contenedor 40 HC;ASNGB513770;05-01-26;05-01-26;07-11-25;17-02-26;22-02-26;23-02-26;03-04-26;03-04-26;;2700;0;NAC;AIR SEA WORLDWIDE;0;0;N
1103755;OLO1;Transito;TCNU3993703;CMA CGM;Contenedor 40 HC;HNGB00070538;05-01-26;05-01-26;07-11-25;21-01-26;28-01-26;24-01-26;13-03-26;13-03-26;;3350;0;NAC;AIR SEA WORLDWIDE;0;0;N
1103758;OLO1;Transito;HAMU2297417;HAPAG LLOYD;Contenedor 40 HC;ASNGB513771;05-01-26;05-01-26;07-11-25;25-01-26;08-02-26;01-02-26;12-03-26;12-03-26;;3880;0;NAC;AIR SEA WORLDWIDE;0;0;N
1103759;OLO1;Transito;CMAU4204500;CMA CGM;Contenedor 40 HC;BJPBL2500068;29-11-25;21-11-25;07-11-25;08-12-25;22-12-25;11-12-25;04-01-26;05-02-26;;0;IOLFT25-915;FAK;IN OCEAN;0;0;N
1103761;OLO1;Transito;ECMU7594196;CMA CGM;Contenedor 40 HC;BJPBL2600071;21-01-26;21-01-26;07-11-25;04-02-26;24-02-26;17-02-26;23-04-26;23-04-26;;3430;IOLFT26-113;FAK;IN OCEAN;0;0;N
1103777;OLO1;Booking;726-2;CMA CGM;Contenedor 20ft;0;10-03-26;10-03-26;10-11-25;24-03-26;24-03-26;;;;;0;0;0;SPARX;0;0;N
1103788;OLO1;Transito;SEGU5841160;HAPAG LLOYD;Contenedor 40 HC;ASSZX511830;07-11-25;07-11-25;29-10-25;29-01-26;11-02-26;05-02-26;20-03-26;20-03-26;;3720;0;NAC;AIR SEA WORLDWIDE;0;0;N
1103790;OLO1;Transito;MSMU5423038;MSC;Contenedor 40 HC;ASSZX511649;31-10-25;31-10-25;29-10-25;01-02-26;08-02-26;01-02-26;11-03-26;11-03-26;;3555;0;NAC;AIR SEA WORLDWIDE;0;0;N
1103791;OLO1;Transito;MSCU4809073;MSC;Contenedor 20ft;ASCAN501678;31-10-25;31-10-25;29-10-25;04-12-25;11-12-25;06-12-25;08-01-26;05-02-26;;3935;0;NAC;AIR SEA WORLDWIDE;0;0;N
1103792;OLO1;Transito;DFSU7080320;HAPAG LLOYD;Contenedor 40 HC;ASSZX511655;31-10-25;31-10-25;29-10-25;27-01-26;03-02-26;28-01-26;24-03-26;24-03-26;;3820;0;NAC;AIR SEA WORLDWIDE;0;0;N
1103795;OLO1;Ingresada;TCLU4351465;CMA CGM;Contenedor 40 HC;BJPBL2600008;07-11-25;07-11-25;29-10-25;26-12-25;07-01-26;01-01-26;24-02-26;17-03-26;01-03-26;3990;IOLFT25-992;FAK;IN OCEAN;0;0;N
1103801;OLO1;Transito;TRHU3865898;0;Contenedor 20ft;BJPBL2600072;30-01-26;30-01-26;27-11-25;04-02-26;11-02-26;08-02-26;28-03-26;28-03-26;;3380;IOLFT26-084;FAK;IN OCEAN;0;0;N
1103814;OLO1;Transito;CMAU3128495;CMA CGM;Contenedor 20ft;BJPBL2500008;07-11-25;07-11-25;30-10-25;30-11-25;30-11-25;21-11-25;13-01-26;05-02-26;;5200;IOLFT25-852;FAK;IN OCEAN;0;0;N
1103815;OLO1;Transito;BMOU1097047;CMA CGM;Contenedor 20ft;BJPBL2500007;07-11-25;07-11-25;30-10-25;30-11-25;30-11-25;21-11-25;13-01-26;03-02-26;;5200;IOLFT25-813;FAK;IN OCEAN;0;0;N
1103819;OLO1;Transito;MSMU6273117;MSC;Contenedor 40 HC;HSHA00085353;24-12-25;24-12-25;11-12-25;14-01-26;28-01-26;20-01-26;19-02-26;14-03-26;;3750;0;NAC;SPARX;0;0;N
1103820;OLO1;Puerto;MSMU6273117;MSC;Contenedor 40 HC;HSHA00085529;24-12-25;24-12-25;11-12-25;14-01-26;28-01-26;20-01-26;19-02-26;14-03-26;;0;0;NAC;SPARX;0;0;N
1103825;OLO1;Transito;MSDU6309070;MSC;Contenedor 40ft;HNGB00070308;15-12-25;15-12-25;05-12-25;02-01-26;17-01-26;19-01-26;20-02-26;14-03-26;;3750;0;NAC;SPARX;0;0;N
1103826;OLO1;Transito;MRKU4430596;MAERSK;Contenedor 40ft;HNGB00071132;02-02-26;02-02-26;28-01-26;19-02-26;12-03-26;19-02-26;17-03-26;23-03-26;;4650;0;NAC;SPARX;0;0;N
1103828;OLO1;Transito;FANU1842930;HAPAG LLOYD;Contenedor 40ft;HNGB00071053;02-02-26;02-02-26;28-01-26;16-02-26;26-02-26;19-02-26;26-03-26;26-03-26;;4550;0;NAC;SPARX;0;0;N
1103835;OLO1;Booking;747-1;0;Contenedor 40 HC;0;11-03-26;12-03-26;07-01-26;28-03-26;28-03-26;;;;;0;0;0;AIR SEA WORLDWIDE;0;0;N
1103838;OLO1;Transito;UETU7354651;CMA CGM;Contenedor 40 HC;ASCAN501815;25-11-25;26-11-25;19-11-25;10-12-25;24-12-25;10-12-25;14-02-26;07-03-26;;3610;0;NAC;AIR SEA WORLDWIDE;0;0;N
1103843;OLO1;Ingresada;TXGU8150746;CMA CGM;Contenedor 40 HC;BJPBL2500081;03-12-25;03-12-25;19-11-25;12-12-25;19-12-25;13-12-25;17-02-26;03-03-26;01-03-26;5450;IOLFT25-922;FAK;IN OCEAN;0;0;N
1103851;OLO1;Transito;MSMU5046588;MSC;Contenedor 40 HC;HCAN00034098;08-12-25;09-12-25;20-11-25;29-12-25;12-01-26;25-12-25;04-02-26;04-02-26;;4140;0;NAC;SPARX;0;0;N
1103859;OLO1;Ingresada;CMAU3890345;CMA CGM;Contenedor 40 HC;ADHBL002602012;15-01-26;15-01-26;20-11-25;27-01-26;13-02-26;06-02-26;03-03-26;03-03-26;01-03-26;3400;IOLFT26-085;FAK;IN OCEAN;0;0;N
1103860;OLO1;Transito;ECMU5576357;CMA CGM;Contenedor 40 HC;ADHBL002601009;08-12-25;09-12-25;20-11-25;27-01-26;18-03-26;;04-04-26;04-04-26;;0;0;0;IN OCEAN;0;0;N
1103865;OLO1;Booking;TCKU6549426;HAPAG LLOYD;Contenedor 40 HC;ASNGBA01682;27-02-26;27-02-26;24-02-26;25-03-26;25-03-26;;;;;2700;0;0;AIR SEA WORLDWIDE;0;0;N
1103866;OLO1;Booking;TCKU6549426;HAPAG LLOYD;Contenedor 40 HC;ASNGBA01681;27-02-26;27-02-26;24-02-26;25-03-26;25-03-26;;;;;0;0;0;AIR SEA WORLDWIDE;0;0;N
1103868;OLO1;Transito;HAMU2275017;HAPAG LLOYD;Contenedor 40 HC;ASCANA00009;05-01-26;05-01-26;22-12-25;27-01-26;10-02-26;29-01-26;27-03-26;27-03-26;;4010;0;NAC;AIR SEA WORLDWIDE;0;0;N
1103869;OLO1;Transito;HLXU8259772;HAPAG LLOYD;Contenedor 40 HC;ASCANA00007;05-01-26;05-01-26;22-12-25;15-01-26;29-01-26;20-01-26;13-03-26;27-03-26;;4010;0;NAC;AIR SEA WORLDWIDE;0;0;N
1103870;OLO1;Transito;HAMU1355632;HAPAG LLOYD;Contenedor 40 HC;ASCANA00008;05-01-26;05-01-26;22-12-25;07-01-26;15-01-26;10-01-26;13-03-26;13-03-26;;4010;0;NAC;AIR SEA WORLDWIDE;0;0;N
1103871;OLO1;Transito;TLLU8551238;MSC;Contenedor 40 HC;ASSZX513513;05-01-26;05-01-26;22-12-25;14-02-26;21-03-26;13-03-26;24-04-26;24-04-26;;4535;0;NAC;AIR SEA WORLDWIDE;0;0;N
1103872;OLO1;Transito;HAMU4007034;HAPAG LLOYD;Contenedor 40 HC;ASSZXA00866;05-01-26;05-01-26;22-12-25;29-01-26;25-02-26;26-02-26;10-04-26;10-04-26;;2800;0;NAC;AIR SEA WORLDWIDE;0;0;N
1103873;OLO1;Booking;734-6;MSC;Contenedor 40 HC;0;05-01-26;05-01-26;22-12-25;27-03-26;02-04-26;;;;;3720;0;0;AIR SEA WORLDWIDE;0;0;N
1103874;OLO1;Transito;MSDU4170746;MSC;Contenedor 40 HC;HCAN00034237;05-01-26;05-01-26;22-12-25;15-01-26;05-02-26;22-01-26;26-02-26;26-02-26;;3740;0;NAC;SPARX;0;0;N
1103875;OLO1;Transito;HLXU3538732;HAPAG LLOYD;Contenedor 40 HC;HSZX00036266;05-01-26;05-01-26;22-12-25;13-02-26;04-03-26;04-03-26;15-04-26;15-04-26;;4390;0;NAC;SPARX;0;0;N
1103876;OLO1;Transito;TCNU2600714;CMA CGM;Contenedor 40 HC;HSZX00036183;05-01-26;05-01-26;22-12-25;30-01-26;13-02-26;09-02-26;27-03-26;27-03-26;;2990;0;NAC;SPARX;0;0;N
1103877;OLO1;Transito;TIIU5487513;CMA CGM;Contenedor 40 HC;HCAN00034239;05-01-26;05-01-26;22-12-25;12-01-26;26-01-26;14-01-26;04-03-26;06-03-26;;3650;0;NAC;SPARX;0;0;N
1103879;OLO1;Transito;FFAU4780227;CMA CGM;Contenedor 40 HC;HCAN00034236;05-01-26;05-01-26;22-12-25;12-01-26;26-01-26;14-01-26;04-03-26;06-03-26;;3650;0;NAC;SPARX;0;0;N
1103881;OLO1;Transito;TCNU1225917;CMA CGM;Contenedor 40 HC;HSZX00036189;05-01-26;05-01-26;22-12-25;02-02-26;16-02-26;09-02-26;03-04-26;03-04-26;;2990;0;NAC;SPARX;0;0;N
1103882;OLO1;Booking;734-15;CMA CGM;Contenedor 40 HC;0;05-01-26;05-01-26;;21-03-26;21-03-26;;;;;0;0;0;0;0;0;N
1103883;OLO1;Transito;ECMU5766737;CMA CGM;Contenedor 40 HC;BJPBL2600054;16-01-26;16-01-26;22-12-25;28-01-26;04-02-26;29-01-26;14-04-26;14-04-26;;3630;IOLFT26-063;FAK;IN OCEAN;0;0;N
1103884;OLO1;Transito;BMOU6435996;CMA CGM;Contenedor 40 HC;BJPBL2600035;12-01-26;12-01-26;22-12-25;22-01-26;29-01-26;25-01-26;30-03-26;31-03-26;;3780;IOLFT26-053;FAK;IN OCEAN;0;0;N
1103885;OLO1;Booking;734-18;CMA CGM;Contenedor 40 HC;0;16-01-26;16-01-26;22-12-25;12-02-26;31-03-26;;;;;5450;0;0;IN OCEAN;0;0;N
1103886;OLO1;Transito;MRSU7973619;MAERSK;Contenedor 40 HC;HNGB00071124;29-01-26;29-01-26;27-01-26;16-02-26;24-02-26;20-02-26;27-03-26;25-03-26;;4650;0;NAC;SPARX;0;0;N
1103888;OLO1;Transito;CMAU9509061;CMA CGM;Contenedor 40 HC;HNGB00071263;27-02-26;02-03-26;09-02-26;05-03-26;20-03-26;11-03-26;24-04-26;24-04-26;;4350;0;NAC;SPARX;0;0;N
1103889;OLO1;Booking;753-4;CMA CGM;Contenedor 40 HC;0;27-02-26;02-03-26;09-02-26;25-03-26;25-03-26;;;;;0;0;0;SPARX;0;0;N
1103890;OLO1;Transito;MSBU5122690;MSC;Contenedor 40 HC;HNGB00071001;29-01-26;29-01-26;27-01-26;15-02-26;19-02-26;19-02-26;25-03-26;25-03-26;;4550;0;NAC;SPARX;0;0;N
1103891;OLO1;Transito;CAAU7225097;MAERSK;Contenedor 40 HC;BJPBL2600101;28-01-26;28-01-26;27-01-26;17-02-26;24-02-26;20-02-26;22-04-26;22-04-26;;3560;IOLFT26-122;FAK;IN OCEAN;0;0;N
1103892;OLO1;Transito;HAMU1160965;HAPAG LLOYD;Contenedor 40 HC;ASNGB513652Z;14-01-26;16-01-26;19-12-25;08-02-26;20-02-26;20-02-26;27-03-26;27-03-26;;2700;0;NAC;AIR SEA WORLDWIDE;0;0;N
1103897;OLO1;Ingresada;CAIU4983780;HAPAG LLOYD;Contenedor 40 HC;ASNGB513119Z;16-12-25;16-12-25;12-12-25;06-02-26;06-02-26;08-01-26;20-02-26;09-03-26;03-03-26;3720;0;NAC;AIR SEA WORLDWIDE;0;0;N
1103898;OLO1;Transito;HAMU2087909;HAPAG LLOYD;Contenedor 40 HC;ASNGB513248Z;14-01-26;16-01-26;12-12-25;08-02-26;20-02-26;20-02-26;27-03-26;27-03-26;;2700;0;NAC;AIR SEA WORLDWIDE;0;0;N
1103899;OLO1;Transito;TGBU6053929;HAPAG LLOYD;Contenedor 40 HC;ASNGB513100Z;05-01-26;05-01-26;12-12-25;03-02-26;20-02-26;20-02-26;27-03-26;27-03-26;;2700;0;NAC;AIR SEA WORLDWIDE;0;0;N
1103900;OLO1;Transito;HAMU2905728;HAPAG LLOYD;Contenedor 40 HC;ASNGB513117;15-12-25;15-12-25;12-12-25;14-01-26;21-01-26;13-01-26;27-02-26;06-03-26;;3720;0;NAC;AIR SEA WORLDWIDE;0;0;N
1103902;OLO1;Transito;HAMU3837783;HAPAG LLOYD;Contenedor 40 HC;ASNGB513116;15-12-25;15-12-25;12-12-25;14-01-26;21-01-26;13-01-26;27-02-26;06-03-26;;3720;0;NAC;AIR SEA WORLDWIDE;0;0;N
1103903;OLO1;Transito;HLBU3306431;HAPAG LLOYD;Contenedor 40 HC;ASNGB513107;15-12-25;15-12-25;12-12-25;14-01-26;20-02-26;20-02-26;27-03-26;27-03-26;;2700;0;NAC;AIR SEA WORLDWIDE;0;0;N
1103904;OLO1;Transito;TCLU7862896;MSC;Contenedor 40 HC;HNGB00070859;14-01-26;14-01-26;05-01-26;06-02-26;13-02-26;09-02-26;13-03-26;28-03-26;;3150;0;NAC;SPARX;0;0;N
1103905;OLO1;Transito;TRHU6553337;MSC;Contenedor 40 HC;HNGB00070636;07-01-26;07-01-26;26-12-25;23-01-26;06-02-26;28-01-26;03-03-26;21-03-26;;3750;0;NAC;SPARX;0;0;N
1103906;OLO1;Transito;HNSU5026228;MSC;Contenedor 40 HC;HSHA00085202;08-01-26;08-01-26;05-01-26;30-01-26;20-02-26;12-02-26;27-03-26;31-03-26;;4650;0;NAC;SPARX;0;0;N
1103907;OLO1;Transito;FSCU8011736;MSC;Contenedor 40 HC;HSHA00085921;19-01-26;21-01-26;05-01-26;08-02-26;24-02-26;12-02-26;27-03-26;31-03-26;;4650;0;NAC;SPARX;0;0;N
1103908;OLO1;Transito;CAIU6825741;MSC;Contenedor 40 HC;HSZX00036164 / HSZX00036203;07-01-26;07-01-26;26-12-25;30-01-26;13-02-26;02-02-26;13-03-26;28-03-26;;6564;0;NAC;SPARX;0;0;N
1103909;OLO1;Transito;HAMU4267638;HAPAG LLOYD;Contenedor 40 HC;HSZX00036283;12-01-26;14-01-26;05-01-26;12-03-26;19-03-26;12-03-26;24-04-26;24-04-26;;4500;0;NAC;SPARX;0;0;N
1103910;OLO1;Transito;DFSU7059128;HAPAG LLOYD;Contenedor 40 HC;ASNGB513437Z;30-12-25;30-12-25;19-12-25;09-02-26;20-02-26;13-02-26;25-03-26;25-03-26;;3000;0;NAC;AIR SEA WORLDWIDE;0;0;N
1103911;OLO1;Transito;HAMU5016827;HAPAG LLOYD;Contenedor 40 HC;ASNGB513647Z;15-01-26;16-01-26;19-12-25;09-02-26;20-02-26;19-02-26;26-03-26;26-03-26;;3320;0;NAC;AIR SEA WORLDWIDE;0;0;N
1103912;OLO1;Transito;CAIU6918546;MSC;Contenedor 40 HC;HNGB00070701;14-01-26;14-01-26;12-12-25;25-01-26;08-02-26;29-01-26;03-03-26;03-03-26;;3290;0;0;SPARX;0;0;N
1103913;OLO1;Transito;HLBU1837850;HAPAG LLOYD;Contenedor 40 HC;HNGB00070370;17-12-25;17-12-25;12-12-25;02-01-26;09-02-26;10-02-26;19-03-26;19-03-26;;3350;0;NAC;SPARX;0;0;N
1103915;OLO1;Transito;HLBU1879136;HAPAG LLOYD;Contenedor 40 HC;HNGB00070353;17-12-25;17-12-25;12-12-25;25-01-26;08-02-26;01-02-26;12-03-26;12-03-26;;3350;0;NAC;SPARX;0;0;N
1103916;OLO1;Transito;HLXU8075121;HAPAG LLOYD;Contenedor 40 HC;HNGB00070736;16-01-26;16-01-26;05-01-26;09-02-26;23-02-26;10-02-26;19-03-26;19-03-26;;3350;0;NAC;SPARX;0;0;N
1103917;OLO1;Transito;FANU1168628;HAPAG LLOYD;Contenedor 40 HC;HSHA00085927 / HSHA00086301;14-01-26;14-01-26;05-01-26;12-02-26;19-02-26;14-02-26;19-03-26;19-03-26;;7580;0;NAC;SPARX;0;0;N
1103918;OLO1;Transito;FANU3643624;HAPAG LLOYD;Contenedor 40 HC;ASNGB513445S;14-01-26;16-01-26;19-12-25;06-02-26;13-02-26;14-02-26;24-03-26;24-03-26;;3130;0;NAC;AIR SEA WORLDWIDE;0;0;N
1103919;OLO1;Transito;ECMU5714604;CMA CGM;Contenedor 40 HC;HNGB00070539;05-01-26;05-01-26;12-12-25;21-01-26;11-02-26;24-01-26;13-03-26;13-03-26;;3350;0;NAC;SPARX;0;0;N
1103920;OLO1;Transito;TRHU7827561;CMA CGM;Contenedor 40 HC;HNGB00070536;05-01-26;05-01-26;12-12-25;16-01-26;04-02-26;24-01-26;20-03-26;20-03-26;;3350;0;NAC;SPARX;0;0;N
1103921;OLO1;Transito;ECMU5733380;CMA CGM;Contenedor 40 HC;HNGB00070659;09-01-26;09-01-26;26-12-25;15-02-26;22-02-26;15-02-26;27-03-26;27-03-26;;4490;0;NAC;SPARX;0;0;N
1103922;OLO1;Transito;ECMU5097586;CMA CGM;Contenedor 40 HC;HNGB00070402;24-12-25;24-12-25;12-12-25;07-01-26;13-02-26;06-02-26;27-03-26;27-03-26;;2990;0;NAC;SPARX;0;0;N
1103924;OLO1;Transito;CMAU6865238;CMA CGM;Contenedor 40 HC;HSHA00085928 / HSHA00086407;14-01-26;14-01-26;13-01-26;11-02-26;23-02-26;19-02-26;27-03-26;27-03-26;;8980;0;NAC;SPARX;0;0;N
1103928;OLO1;Transito;CMAU9425340;CMA CGM;Contenedor 40 HC;BJPBL2600034;12-01-26;12-01-26;12-12-25;20-01-26;27-01-26;21-01-26;17-03-26;26-03-26;;3500;IOLFT26-049;FAK;IN OCEAN;0;0;N
1103929;OLO1;Transito;MAGU5348760;CMA CGM;Contenedor 40 HC;BJPBL2600074;21-01-26;21-01-26;23-12-25;08-02-26;22-03-26;21-02-26;13-04-26;04-04-26;;0;0;FAK;IN OCEAN;0;0;N
1103930;OLO1;Transito;CAIU9662550;CMA CGM;Contenedor 40 HC;BJPBL2600014;29-12-25;29-12-25;12-12-25;06-01-26;13-01-26;12-01-26;03-03-26;06-02-26;;3800;IOLFT26-027;FAK;IN OCEAN;0;0;N
1103932;OLO1;Transito;UETU5540976;CMA CGM;Contenedor 40 HC;BJPBL2600050;21-01-26;21-01-26;19-12-25;05-02-26;05-02-26;02-02-26;29-03-26;29-03-26;;3430;IOLFT26-066;FAK;IN OCEAN;0;0;N
1103935;OLO1;Transito;HAMU1881410;HAPAG LLOYD;Contenedor 40 HC;ASCANA00152;02-02-26;02-02-26;19-01-26;18-02-26;25-02-26;13-02-26;20-04-26;10-04-26;;3000;0;NAC;AIR SEA WORLDWIDE;0;0;N
1103936;OLO1;Transito;TGHU5097884;HAPAG LLOYD;Contenedor 40 HC;ASCANA00150;20-01-26;21-01-26;14-01-26;03-02-26;17-02-26;05-02-26;04-03-26;03-04-26;;3000;0;NAC;AIR SEA WORLDWIDE;0;0;N
1103937;OLO1;Transito;HAMU1532928;HAPAG LLOYD;Contenedor 40 HC;ASCANA00151;20-01-26;21-01-26;14-01-26;13-02-26;20-02-26;12-02-26;15-04-26;15-04-26;;3000;0;NAC;AIR SEA WORLDWIDE;0;0;N
1103938;OLO1;Produccion;735-4;0;Contenedor 40 HC;0;;;14-01-26;;;;;;;0;0;0;AIR SEA WORLDWIDE;0;0;N
1103939;OLO1;Transito;HAMU3430761;HAPAG LLOYD;Contenedor 40 HC;ASNGBA00818;20-01-26;21-01-26;14-01-26;15-02-26;20-02-26;20-02-26;04-03-26;03-04-26;;2700;0;NAC;AIR SEA WORLDWIDE;0;0;N
1103941;OLO1;Booking;735-7;HAPAG LLOYD;Contenedor 40 HC;0;21-01-26;21-01-26;14-01-26;10-02-26;24-03-26;;;;;3860;0;0;AIR SEA WORLDWIDE;0;0;N
1103944;OLO1;Transito;CAIU6691302;HAPAG LLOYD;Contenedor 40 HC;HNGB00071061;21-01-26;21-01-26;14-01-26;16-02-26;26-02-26;19-02-26;26-03-26;26-03-26;;4390;0;NAC;SPARX;0;0;N
1103945;OLO1;Transito;TCKU6638919;CMA CGM;Contenedor 40 HC;BJPBL2600095;28-01-26;28-01-26;14-01-26;10-02-26;17-02-26;11-02-26;10-04-26;10-04-26;;4000;IOLFT26-096;FAK;IN OCEAN;0;0;N
1103946;OLO1;Booking;735-13;CMA CGM;Contenedor 40 HC;0;28-01-26;28-01-26;14-01-26;31-03-26;31-03-26;;;;;5660;0;0;IN OCEAN;0;0;N
1103947;OLO1;Produccion;735-14;0;Contenedor 40 HC;0;;;14-01-26;;;;;;;0;0;0;IN OCEAN;0;0;N
1103949;OLO1;Transito;ECMU5769382;CMA CGM;Contenedor 40 HC;BJPBL2600087;28-01-26;28-01-26;14-01-26;10-02-26;13-02-26;07-02-26;14-04-26;14-04-26;;3680;IOLFT26-080;FAK;IN OCEAN;0;0;N
1103950;OLO1;Transito;CAAU6341657;CMA CGM;Contenedor 40 HC;BJPBL2600130;28-01-26;28-01-26;14-01-26;10-02-26;16-03-26;13-03-26;05-05-26;05-05-26;;4800;0;0;IN OCEAN;0;0;N
1103951;OLO1;Transito;TCLU4117360;CMA CGM;Contenedor 40 HC;BJPBL2600089;28-01-26;28-01-26;14-01-26;10-02-26;13-02-26;07-02-26;14-04-26;14-04-26;;3680;IOLFT26-081;FAK;IN OCEAN;0;0;N
1103952;OLO1;Transito;TCKU7473310;CMA CGM;Contenedor 40 HC;BJPBL2600094;27-01-26;28-01-26;14-01-26;06-02-26;20-02-26;10-02-26;10-04-26;10-04-26;;4000;IOLFT26-097;FAK;IN OCEAN;0;0;N
1103953;OLO1;Booking;735-20;MAERSK;Contenedor 40 HC;0;27-01-26;27-01-26;14-01-26;15-02-26;29-03-26;;;;;3560;0;0;IN OCEAN;0;0;N
1103955;OLO1;Transito;TCNU1910377;CMA CGM;Contenedor 40 HC;BJPBL2600097;27-01-26;27-01-26;14-01-26;16-02-26;02-03-26;21-02-26;10-04-26;10-04-26;;4080;IOLFT26-135;FAK;IN OCEAN;0;0;N
1103956;OLO1;Produccion;735-23;0;Contenedor 40 HC;0;;;04-03-26;;;;;;;0;0;0;AIR SEA WORLDWIDE;0;0;N
1103957;OLO1;Produccion;735-24;0;Contenedor 40 HC;0;;;04-03-26;;;;;;;0;0;0;AIR SEA WORLDWIDE;0;0;N
1103958;OLO1;Produccion;735-25;0;Contenedor 40 HC;0;;;04-03-26;;;;;;;0;0;0;AIR SEA WORLDWIDE;0;0;N
1103959;OLO1;Produccion;735-26;0;Contenedor 40 HC;0;;;04-03-26;;;;;;;0;0;0;AIR SEA WORLDWIDE;0;0;N
1103960;OLO1;Produccion;735-27;0;Contenedor 40 HC;0;;;04-03-26;;;;;;;0;0;0;AIR SEA WORLDWIDE;0;0;N
1103961;OLO1;Booking;735-28;MSC;Contenedor 40 HC;0;09-03-26;09-03-26;04-03-26;31-03-26;31-03-26;;;;;5085;0;0;AIR SEA WORLDWIDE;0;0;N
1103962;OLO1;Produccion;735-29;0;Contenedor 40 HC;0;;;04-03-26;;;;;;;0;0;0;AIR SEA WORLDWIDE;0;0;N
1103963;OLO1;Produccion;735-30;0;Contenedor 40 HC;0;;;04-03-26;;;;;;;0;0;0;AIR SEA WORLDWIDE;0;0;N
1103964;OLO1;Produccion;735-31;0;Contenedor 40 HC;0;;;04-03-26;;;;;;;0;0;0;AIR SEA WORLDWIDE;0;0;N
1103965;OLO1;Produccion;735-32;0;Contenedor 40 HC;0;;;04-03-26;;;;;;;0;0;0;AIR SEA WORLDWIDE;0;0;N
1103966;OLO1;Produccion;735-33;0;Contenedor 40 HC;0;;;04-03-26;;;;;;;0;0;0;AIR SEA WORLDWIDE;0;0;N
1103967;OLO1;Produccion;735-34;0;Contenedor 40 HC;0;;;04-03-26;;;;;;;0;0;0;AIR SEA WORLDWIDE;0;0;N
1103968;OLO1;Produccion;735-35;0;Contenedor 40 HC;0;;;04-03-26;;;;;;;0;0;0;SPARX;0;0;N
1103969;OLO1;Produccion;735-36;0;Contenedor 40 HC;0;;;04-03-26;;;;;;;0;0;0;SPARX;0;0;N
1103970;OLO1;Produccion;735-37;0;Contenedor 40 HC;0;;;04-03-26;26-03-26;26-03-26;;;;;0;0;0;SPARX;0;0;N
1103971;OLO1;Produccion;735-38;0;Contenedor 40 HC;0;;;04-03-26;;;;;;;0;0;0;SPARX;0;0;N
1103972;OLO1;Produccion;735-39;0;Contenedor 40 HC;0;;;04-03-26;;;;;;;0;0;0;SPARX;0;0;N
1103973;OLO1;Booking;735-40;0;Contenedor 40 HC;0;09-03-26;10-03-26;04-03-26;15-04-26;15-04-26;;;;;0;0;0;SPARX;0;0;N
1103974;OLO1;Produccion;735-41;0;Contenedor 40 HC;0;;;04-03-26;;;;;;;0;0;0;SPARX;0;0;N
1103975;OLO1;Produccion;735-42;0;Contenedor 40 HC;0;;;04-03-26;;;;;;;0;0;0;AIR SEA WORLDWIDE;0;0;N
1103976;OLO1;Produccion;735-43;CMA CGM;Contenedor 40 HC;0;11-03-26;11-03-26;04-03-26;26-03-26;26-03-26;;;;;5660;0;0;IN OCEAN;0;0;N
1103977;OLO1;Produccion;735-44;0;Contenedor 40 HC;0;;;04-03-26;;;;;;;0;0;0;IN OCEAN;0;0;N
1103978;OLO1;Produccion;735-45;0;Contenedor 40 HC;0;;;04-03-26;;;;;;;0;0;0;IN OCEAN;0;0;N
1103979;OLO1;Produccion;735-46;0;Contenedor 40 HC;0;;;04-03-26;;;;;;;0;0;0;IN OCEAN;0;0;N
1103980;OLO1;Booking;APZU4730480;CMA CGM;Contenedor 40 HC;BJPBL2600133;11-03-26;11-03-26;04-03-26;18-03-26;25-03-26;;;;;5660;0;0;IN OCEAN;0;0;N
1103981;OLO1;Produccion;735-48;0;Contenedor 40 HC;0;;;04-03-26;;;;;;;0;0;0;IN OCEAN;0;0;N
1103982;OLO1;Booking;735-49;CMA CGM;Contenedor 40 HC;0;11-03-26;11-03-26;04-03-26;31-03-26;31-03-26;;;;;5660;0;0;IN OCEAN;0;0;N
1103983;OLO1;Produccion;735-50;0;Contenedor 40 HC;0;;;04-03-26;;;;;;;0;0;0;IN OCEAN;0;0;N
1103984;OLO1;Booking;735-51;CMA CGM;Contenedor 40 HC;0;11-03-26;11-03-26;04-03-26;26-03-26;26-03-26;;;;;5660;0;0;IN OCEAN;0;0;N
1103985;OLO1;Produccion;735-52;0;Contenedor 40 HC;0;;;04-03-26;;;;;;;0;0;0;IN OCEAN;0;0;N
1103986;OLO1;Booking;735-53;0;Contenedor 40 HC;0;11-03-26;11-03-26;04-03-26;27-03-26;27-03-26;;;;;5460;0;0;IN OCEAN;0;0;N
1103987;OLO1;Booking;735-54;CMA CGM;Contenedor 40 HC;0;11-03-26;11-03-26;04-03-26;22-03-26;22-03-26;;;;;5460;0;0;IN OCEAN;0;0;N
1103988;OLO1;Booking;735-55;CMA CGM;Contenedor 40 HC;0;11-03-26;11-03-26;04-03-26;22-03-26;22-03-26;;;;;5460;0;0;IN OCEAN;0;0;N
1103989;OLO1;Produccion;735-56;0;Contenedor 40 HC;0;;;14-01-26;;;;;;;0;0;0;AIR SEA WORLDWIDE;0;0;N
1103990;OLO1;Booking;735-U1;HAPAG LLOYD;Contenedor 40 HC;0;09-03-26;10-03-26;14-01-26;23-03-26;23-03-26;;;;;5085;0;0;AIR SEA WORLDWIDE;0;0;N
1103991;OLO1;Produccion;735-58;0;Contenedor 40 HC;0;;;14-01-26;;;;;;;0;0;0;AIR SEA WORLDWIDE;0;0;N
1103992;OLO1;Produccion;735-59;0;Contenedor 40 HC;0;;;14-01-26;;;;;;;0;0;0;AIR SEA WORLDWIDE;0;0;N
1104003;OLO1;Transito;TCKU7141249;CMA CGM;Contenedor 40 HC;BJLAG2600105;21-01-26;21-01-26;06-01-26;15-02-26;08-03-26;21-02-26;08-04-26;08-04-26;;4080;IOLFT26-131;FAK;IN OCEAN;0;0;N
1104004;OLO1;Transito;BMOU4337244;CMA CGM;Contenedor 40 HC;BJLAG2600092;21-01-26;21-01-26;06-01-26;08-02-26;02-03-26;21-02-26;08-04-26;08-04-26;;3430;IOLFT26-130;FAK;IN OCEAN;0;0;N
1104005;OLO1;Transito;BEAU4580305;CMA CGM;Contenedor 40 HC;BJLAG2600100;21-01-26;21-01-26;06-01-26;16-02-26;02-03-26;21-02-26;08-04-26;08-04-26;;3430;IOLFT26-124;FAK;IN OCEAN;0;0;N
1104006;OLO1;Transito;SEGU1192000;CMA CGM;Contenedor 40 HC;BJLAG2600053;21-01-26;21-01-26;06-01-26;27-01-26;03-02-26;02-02-26;27-03-26;27-03-26;;3380;IOLFT26-067;FAK;IN OCEAN;0;0;N
1104007;OLO1;Transito;DFSU7686998;CMA CGM;Contenedor 40 HC;BJLAG2600091;21-01-26;21-01-26;06-01-26;15-02-26;01-03-26;21-02-26;08-04-26;08-04-26;;3430;IOLFT26-128;FAK;IN OCEAN;0;0;N
1104009;OLO1;Transito;BMOU6719061;CMA CGM;Contenedor 40 HC;BJLAG2600104;21-01-26;21-01-26;06-01-26;21-02-26;28-02-26;21-02-26;08-04-26;08-04-26;;4080;IOLFT26-140;FAK;IN OCEAN;0;0;N
1104010;OLO1;Transito;ECMU5742904;CMA CGM;Contenedor 40 HC;BJLAG2600083;21-01-26;21-01-26;06-01-26;08-02-26;01-03-26;21-02-26;08-04-26;08-04-26;;3430;IOLFT26-127;FAK;IN OCEAN;0;0;N
1104011;OLO1;Transito;CMAU5856822;CMA CGM;Contenedor 40 HC;BJLAG2600102;22-01-26;22-01-26;06-01-26;16-02-26;02-03-26;21-02-26;08-04-26;08-04-26;;4080;IOLFT26-139;FAK;IN OCEAN;0;0;N
1104012;OLO1;Transito;TCNU3562476;CMA CGM;Contenedor 40 HC;BJLAG2600102;22-01-26;22-01-26;06-01-26;16-02-26;09-03-26;05-03-26;08-04-26;08-04-26;;4080;IOLFT26-139;FAK;IN OCEAN;0;0;N
1104013;OLO1;Transito;UETU6825802;MAERSK;Contenedor 40 HC;BJLAG2600121;16-01-26;16-01-26;06-01-26;13-02-26;19-03-26;14-03-26;18-05-26;18-05-26;;6135;0;0;IN OCEAN;0;0;N
1104014;OLO1;Transito;TCNU4202983;CMA CGM;Contenedor 40 HC;BJPBL2600041;16-01-26;16-01-26;06-01-26;25-01-26;22-02-26;02-02-26;08-04-26;08-04-26;;3430;IOLFT26-065;FAK;IN OCEAN;0;0;N
1104017;OLO1;Transito;GCXU2493589;HAPAG LLOYD;Contenedor 20ft;HSHA00086053;21-01-26;21-01-26;07-01-26;03-03-26;10-03-26;04-03-26;01-04-26;01-04-26;;4500;0;NAC;SPARX;0;0;N
1104018;OLO1;Transito;HAMU3582430;HAPAG LLOYD;Contenedor 40 HC;ASNGBA00628;19-01-26;19-01-26;15-01-26;03-02-26;17-02-26;05-02-26;13-03-26;20-03-26;;2700;0;NAC;AIR SEA WORLDWIDE;0;0;N
1104021;OLO1;Produccion;VTCN100718;0;Contenedor 40 HC;0;;;17-03-26;;;;;;;0;0;0;IN OCEAN;0;0;N
1104026;OLO1;Produccion;759-1;0;Contenedor 40 HC;0;;;;;;;;;;0;0;0;0;0;0;N
1104028;OLO1;Transito;CAIU9662550;CMA CGM;Contenedor 40 HC;BJPBL2600014;29-12-25;29-12-25;12-12-25;06-01-26;13-01-26;12-01-26;07-03-26;07-03-26;;3800;0;0;IN OCEAN;0;0;N
1104030;OLO1;Produccion;766-1;0;Contenedor 40 HC;0;;;;;;;;;;0;0;0;0;0;0;N
1104031;OLO1;Produccion;766-2;0;Contenedor 40 HC;0;;;;;;;;;;0;0;0;0;0;0;N
1104033;OLO1;Transito;765-1;0;LCL;1104033;;;;21-03-26;21-03-26;;;;;0;0;0;0;0;0;N
1104034;OLO1;Transito;765-2;0;LCL;1104034;;;;21-03-26;21-03-26;;;;;0;0;0;0;0;0;N
1104035;OLO1;Transito;765-3;0;LCL;1104035;;;;21-03-26;21-03-26;;;;;0;0;0;0;0;0;N
1104036;OLO1;Transito;1104036;0;LCL;1104036;;;;20-03-26;20-03-26;;;;;0;0;0;0;0;0;N
1104038;OLO1;Transito;HAMU2275017;HAPAG LLOYD;Contenedor 40 HC;ASCANA00009;05-01-26;05-01-26;22-12-25;27-01-26;10-02-26;29-01-26;27-03-26;27-03-26;;4010;0;NAC;AIR SEA WORLDWIDE;0;0;N
1104040;OLO1;Booking;VTCN100722;0;Contenedor 40 HC;0;13-03-26;17-03-26;;08-04-26;08-04-26;;;;;0;0;0;0;0;0;N
4106637;OLO4;Transito;VTCN400463;0;Contenedor 40 HC;LEIACA2024323.;;;;;;;;;;0;0;0;0;0;0;N
4106641;OLO4;Transito;VTCN400463;0;Contenedor 40 HC;LEIACA2024323.;;;;;;;;;;0;0;0;0;0;0;N
4106774;OLO4;Transito;0;0;0;LEIACA2024323..;;;;;;;;;;0;0;0;0;0;0;N
4106819;OLO4;Transito;VTCN400534;0;Contenedor 40 HC;PO 4106819;;;;23-04-25;23-04-25;;;;;0;0;0;0;0;0;N
4106902;OLO4;Transito;40001194-4;0;Contenedor 40 HC;PO 4106902;;;;24-06-25;24-06-25;;;;;0;0;0;DEFINIDO POR EL PROVEEDOR;0;0;N
4106918;OLO4;Produccion;40001178-2;0;Contenedor 20ft;0;;;19-08-25;13-09-25;22-03-26;;;;;0;0;0;AIR SEA WORLDWIDE;0;0;N
4107007;OLO4;Produccion;VTCN400569;0;LCL;0;;;;04-07-25;03-04-26;;;;;0;0;0;0;0;0;N
4107042;OLO4;Produccion;VTCN400586;0;LCL;0;;;;03-08-25;22-03-26;;;;;0;0;0;0;0;0;N
4107173;OLO4;Alm. Fiscal;FDCU0126658;HAPPAG;Contenedor 40ft;ASSHA509643A;10-10-25;10-10-25;25-09-25;08-11-25;22-11-25;01-11-25;30-12-25;17-02-26;;1510;SJOTS0006377;NAC;AIR SEA WORLDWIDE;46021;0;Y
4107272;OLO4;Transito;TCNU7095301;CMA CGM;Contenedor 40 HC;BJPBL2600032;08-01-26;08-01-26;05-12-25;20-01-26;27-01-26;22-01-26;17-03-26;26-03-26;;3630;IOLFT26-047;FAK;IN OCEAN;0;0;N
4107317;OLO4;Ingresada;HAMU5066582;HAPPAG;Contenedor 40ft;ASNGB513080;12-12-25;12-12-25;10-12-25;06-01-26;20-01-26;08-01-26;20-02-26;09-03-26;03-03-26;3720;0;NAC;AIR SEA WORLDWIDE;0;0;N
4107319;OLO4;Produccion;VTCN400639;0;LCL;4107319;;;;28-11-25;03-04-26;;;;;0;0;0;0;0;0;N
4107328;OLO4;Booking;FANU3624100;HAPPAG;Contenedor 40 HC;ASNGBA01613;10-02-26;10-02-26;19-12-25;22-02-26;22-03-26;;;;;2950;0;0;AIR SEA WORLDWIDE;0;0;N
4107329;OLO4;Transito;HAMU1533570;HAPPAG;Contenedor 40 HC;ASNGBA01610;30-01-26;30-01-26;15-01-26;15-03-26;22-03-26;16-03-26;01-05-26;01-05-26;;4535;0;NAC;AIR SEA WORLDWIDE;0;0;N
4107330;OLO4;Transito;CAIU6617373;HAPPAG;Contenedor 20ft;ASNGBA01611;10-02-26;10-02-26;05-12-25;15-03-26;22-03-26;16-03-26;01-05-26;01-05-26;;4335;0;NAC;AIR SEA WORLDWIDE;0;0;N
4107365;OLO4;Transito;CMAU7273064;CMA CGM;Contenedor 40 HC;BJPBL2500073;21-11-25;21-11-25;03-11-25;08-12-25;15-12-25;11-12-25;04-02-26;05-02-26;;4950;IOLFT25-927;FAK;IN OCEAN;0;0;N
4107366;OLO4;Transito;CMAU4824965;CMA CGM;Contenedor 40 HC;BJPBL2500072;21-11-25;21-11-25;03-11-25;08-12-25;15-12-25;11-12-25;04-02-26;05-02-26;;4950;IOLFT25-924;FAK;IN OCEAN;0;0;N
4107369;OLO4;Transito;TCLU1492243;CMA CGM;Contenedor 40 HC;BJPBL2500074;21-11-25;21-11-25;03-11-25;08-12-25;15-12-25;11-12-25;04-02-26;05-02-26;;4950;IOLFT25-906;FAK;IN OCEAN;0;0;N
4107374;OLO4;Booking;MEDU2508863;MSC;Contenedor 20ft;ASNGBA01612;10-02-26;13-02-26;19-12-25;15-03-26;22-03-26;;;;;0;0;0;AIR SEA WORLDWIDE;0;0;N
4107379;OLO4;Produccion;VTCN400657;0;Contenedor 20ft;0;;;;;;;;;;0;0;0;0;0;0;N
4107387;OLO4;Produccion;40001323-2;0;0;0;;;;16-11-25;22-03-26;;;;;0;0;0;0;0;0;N
4107388;OLO4;Produccion;40001323-1;0;0;0;;;;16-11-25;22-03-26;;;;;0;0;0;0;0;0;N
4107399;OLO4;Transito;CMAU8639456;HAPPAG;Contenedor 40 HC;DEHA26022061;29-01-26;29-01-26;03-11-25;14-02-26;21-02-26;13-02-26;14-03-26;14-03-26;;4850;0;NAC;SPARX;0;0;N
4107403;OLO4;Transito;MRKU0679580;MAERSK;Contenedor 40ft;DEHA26022071;27-01-26;27-01-26;03-11-25;10-02-26;26-02-26;26-02-26;13-04-26;13-04-26;;5990;0;NAC;SPARX;0;0;N
4107409;OLO4;Transito;MRSU5194501;MAERSK;Contenedor 40 HC;ADHBL002602013;21-01-26;21-01-26;03-11-25;12-02-26;05-03-26;26-02-26;25-03-26;25-03-26;;7735;IOLFT26-143;FAK;IN OCEAN;0;0;N
4107410;OLO4;Transito;TEMU3783137;HAPPAG;Contenedor 20ft;DEHA26022063;29-01-26;29-01-26;03-11-25;14-02-26;21-02-26;13-02-26;14-03-26;14-03-26;;4050;0;NAC;SPARX;0;0;N
4107415;OLO4;Transito;40001361-1;0;LCL;4107415;;;;05-03-26;05-03-26;;;;;0;0;0;0;0;0;N
4107432;OLO4;Produccion;40001393-1;0;LCL;0;;;;07-01-26;01-04-26;;;;;0;0;0;0;0;0;N
4107449;OLO4;Transito;MNBU3868356;MAERSK;Contenedor 20ft;265299800;27-01-26;27-01-26;;04-02-26;11-02-26;12-02-26;03-03-26;10-03-26;;2113,93;0;FAK;DEFINIDO POR EL PROVEEDOR;0;0;N
4107458;OLO4;Transito;MNBU3132339;MAERSK;Contenedor 20ft;265253038;27-01-26;20-01-26;;04-02-26;11-02-26;12-02-26;03-03-26;10-03-26;;2179,3;0;FAK;DEFINIDO POR EL PROVEEDOR;0;0;N
4107459;OLO4;Transito;MNBU4225082;MAERSK;Contenedor 20ft;265253182;26-01-26;26-01-26;;02-02-26;02-02-26;02-02-26;03-03-26;10-03-26;;2094,48;0;FAK;DEFINIDO POR EL PROVEEDOR;0;0;N
4107460;OLO4;Transito;MNBU3008415;MAERSK;Contenedor 20ft;265253172;28-01-26;28-01-26;;04-02-26;11-02-26;12-02-26;03-03-26;10-03-26;;2009,67;0;FAK;DEFINIDO POR EL PROVEEDOR;0;0;N
4107462;OLO4;Transito;MNBU3762261;MAERSK;Contenedor 20ft;265253160;26-01-26;26-01-26;;02-02-26;02-02-26;02-02-26;03-03-26;10-03-26;;2155,52;0;FAK;DEFINIDO POR EL PROVEEDOR;0;0;N
4107464;OLO4;Transito;MNBU3944712;MAERSK;Contenedor 20ft;265253145;27-01-26;27-01-26;;04-02-26;11-02-26;12-02-26;03-03-26;10-03-26;;2172,35;0;FAK;DEFINIDO POR EL PROVEEDOR;0;0;N
4107468;OLO4;Transito;MNBU3507965;MAERSK;Contenedor 40 HC;265253127;28-01-26;28-01-26;;08-02-26;11-02-26;12-02-26;03-03-26;10-03-26;;2172,35;0;FAK;DEFINIDO POR EL PROVEEDOR;0;0;N
4107470;OLO4;Transito;CRSU6132401;MSC;Contenedor 20ft;MEDUE1568546;27-01-26;27-01-26;;29-01-26;29-01-26;;;;;2172,29;0;0;0;0;0;N
4107473;OLO4;Transito;MNBU3272794;MAERSK;Contenedor 20ft;265316364;05-02-26;05-02-26;;16-02-26;23-02-26;21-02-26;17-03-26;17-03-26;;2229,25;0;FAK;DEFINIDO POR EL PROVEEDOR;0;0;N
4107475;OLO4;Transito;MNBU9099562;MAERSK;Contenedor 20ft;265253114;26-01-26;26-01-26;;02-02-26;02-02-26;02-02-26;03-03-26;10-03-26;;2094,48;0;FAK;DEFINIDO POR EL PROVEEDOR;0;0;N
4107476;OLO4;Transito;SUDU8002307;MAERSK;Contenedor 20ft;265253098;27-01-26;27-01-26;;04-02-26;11-02-26;12-02-26;03-03-26;10-03-26;;2110,77;0;FAK;DEFINIDO POR EL PROVEEDOR;0;0;N
4107477;OLO4;Transito;MNBU3586162;MAERSK;Contenedor 20ft;265253087;27-01-26;27-01-26;;04-02-26;11-02-26;12-02-26;03-03-26;10-03-26;;2110,77;0;FAK;DEFINIDO POR EL PROVEEDOR;0;0;N
4107478;OLO4;Transito;MNBU0201837;MAERSK;Contenedor 20ft;265316461;05-02-26;05-02-26;;16-02-26;16-02-26;21-02-26;17-03-26;17-03-26;;1941,04;0;FAK;DEFINIDO POR EL PROVEEDOR;0;0;N
4107479;OLO4;Transito;SUDU8036380;MAERSK;Contenedor 20ft;265316630;05-02-26;05-02-26;;16-02-26;16-02-26;21-02-26;17-03-26;17-03-26;;1917,86;0;FAK;DEFINIDO POR EL PROVEEDOR;0;0;N
4107489;OLO4;Transito;MSMU5942096;MSC;Contenedor 40ft;ASTAOA01086;15-12-25;15-12-25;03-12-25;15-01-26;17-02-26;07-02-26;20-03-26;04-04-26;;3320;0;NAC;AIR SEA WORLDWIDE;0;0;N
4107495;OLO4;Transito;TCNU1256203;MSC;Contenedor 20ft;ASTAO515320;05-12-25;05-12-25;03-12-25;26-12-25;16-01-26;08-01-26;30-01-26;12-02-26;;3555;0;NAC;AIR SEA WORLDWIDE;0;0;N
4107497;OLO4;Transito;MEDU7500865;MSC;Contenedor 20ft;ASTAOA01112;15-12-25;15-12-25;03-12-25;15-01-26;06-02-26;01-02-26;03-03-26;03-03-26;;3880;0;NAC;AIR SEA WORLDWIDE;0;0;N
4107509;OLO4;Booking;40001398-1;0;Contenedor 40 HC;0;17-03-26;17-03-26;19-12-25;01-04-26;01-04-26;;;;;0;0;0;IN OCEAN;0;0;N
4107510;OLO4;Transito;CAXU7052566;MSC;Contenedor 40ft;HSHA00085957;16-01-26;16-01-26;13-01-26;08-02-26;22-02-26;12-02-26;27-03-26;04-04-26;;4650;0;NAC;SPARX;0;0;N
4107511;OLO4;Transito;CAXU7052566;MSC;Contenedor 40ft;HSHA00085958;16-01-26;16-01-26;13-01-26;08-02-26;22-02-26;12-02-26;27-03-26;04-04-26;;0;0;NAC;SPARX;0;0;N
4107512;OLO4;Transito;CMAU9133713;CMA CGM;Contenedor 40ft;HSHA00085960;16-01-26;16-01-26;13-01-26;08-02-26;13-03-26;12-02-26;27-03-26;27-03-26;;4350;0;NAC;SPARX;0;0;N
4107513;OLO4;Transito;UACU8528100;HAPPAG;Contenedor 40ft;HSHA00085959;16-01-26;16-01-26;13-01-26;12-02-26;26-02-26;14-02-26;18-03-26;18-03-26;;4550;0;NAC;SPARX;0;0;N
4107519;OLO4;Transito;MNBU0417209;MAERSK;Contenedor 20ft;265316509;27-01-26;27-01-26;;04-02-26;11-02-26;12-02-26;03-03-26;10-03-26;;2110,77;0;FAK;DEFINIDO POR EL PROVEEDOR;0;0;N
4107522;OLO4;Recibiendo CDI;UACU8578883;HAPPAG;Contenedor 40 HC;ASNGB513560;26-12-25;26-12-25;23-12-25;14-01-26;13-01-26;13-01-26;05-03-26;05-03-26;05-03-26;3720;0;NAC;AIR SEA WORLDWIDE;0;0;N
4107523;OLO4;Recibiendo CDI;UACU8578883;HAPPAG;Contenedor 40 HC;ASNGB513560;26-12-25;26-12-25;23-12-25;14-01-26;13-01-26;13-01-26;05-03-26;05-03-26;05-03-26;0;0;NAC;AIR SEA WORLDWIDE;0;0;N
4107524;OLO4;Recibiendo CDI;HLXU1177707;HAPPAG;Contenedor 40 HC;ASSHA512182;26-12-25;26-12-25;23-12-25;14-01-26;21-01-26;13-01-26;27-02-26;06-03-26;05-03-26;3720;0;NAC;AIR SEA WORLDWIDE;0;0;N
4107527;OLO4;Recibiendo CDI;HLXU1177707;HAPPAG;Contenedor 40 HC;ASSHA512182;26-12-25;26-12-25;23-12-25;14-01-26;21-01-26;13-01-26;27-02-26;06-03-26;05-03-26;0;0;NAC;AIR SEA WORLDWIDE;0;0;N
4107528;OLO4;Recibiendo CDI;UACU8578883;HAPPAG;Contenedor 40 HC;ASNGB513560;26-12-25;26-12-25;23-12-25;14-01-26;13-01-26;13-01-26;05-03-26;05-03-26;05-03-26;0;0;NAC;AIR SEA WORLDWIDE;0;0;N
4107529;OLO4;Recibiendo CDI;HLXU1177707;HAPPAG;Contenedor 40 HC;ASSHA512182A;26-12-25;26-12-25;23-12-25;14-01-26;21-01-26;13-01-26;27-02-26;06-03-26;05-03-26;0;0;NAC;AIR SEA WORLDWIDE;0;0;N
4107530;OLO4;Recibiendo CDI;HLXU1177707;HAPPAG;Contenedor 40 HC;ASSHA512182;26-12-25;26-12-25;23-12-25;14-01-26;21-01-26;13-01-26;27-02-26;06-03-26;05-03-26;0;0;NAC;AIR SEA WORLDWIDE;0;0;N
4107533;OLO4;Recibiendo CDI;UACU8578883;HAPPAG;Contenedor 40 HC;ASNGB513560;26-12-25;26-12-25;23-12-25;14-01-26;13-01-26;13-01-26;05-03-26;05-03-26;05-03-26;0;0;NAC;AIR SEA WORLDWIDE;0;0;N
4107535;OLO4;Recibiendo CDI;HLXU1177707;HAPPAG;Contenedor 40 HC;ASSHA512182;26-12-25;26-12-25;23-12-25;14-01-26;21-01-26;13-01-26;27-02-26;06-03-26;05-03-26;0;0;NAC;AIR SEA WORLDWIDE;0;0;N
4107536;OLO4;Recibiendo CDI;UACU8578883;HAPPAG;Contenedor 40 HC;ASNGB513560;26-12-25;26-12-25;23-12-25;14-01-26;13-01-26;13-01-26;05-03-26;05-03-26;05-03-26;0;0;NAC;AIR SEA WORLDWIDE;0;0;N
4107537;OLO4;Recibiendo CDI;HLXU1177707;HAPPAG;Contenedor 40 HC;ASSHA512182;26-12-25;26-12-25;23-12-25;14-01-26;21-01-26;13-01-26;27-02-26;06-03-26;05-03-26;0;0;NAC;AIR SEA WORLDWIDE;0;0;N
4107539;OLO4;Transito;BEAU4704978;HAPPAG;Contenedor 40 HC;LEI/COS-2026/038;08-01-26;08-01-26;25-11-25;22-01-26;05-02-26;02-02-26;13-03-26;10-03-26;;5092,71;0;NAC;SPARX;0;0;N
4107540;OLO4;Transito;BEAU4704978;HAPPAG;Contenedor 40 HC;LEI/COS-2026/038;08-01-26;08-01-26;25-11-25;22-01-26;05-02-26;02-02-26;13-03-26;10-03-26;;0;0;NAC;SPARX;0;0;N
4107545;OLO4;Transito;VTCN400691;0;LCL;4107545;;;;31-12-25;04-03-26;;;;;0;0;0;0;0;0;N
4107546;OLO4;Transito;VTCN400689;0;LCL;4107546;;;;31-12-25;25-03-26;;;;;0;0;0;0;0;0;N
4107547;OLO4;Transito;VTCN400693;0;LCL;4107547;;;;03-02-26;17-03-26;;;;;0;0;0;0;0;0;N
4107548;OLO4;Produccion;4107548;0;LCL;4107548;;;;19-12-25;03-04-26;;;;;0;0;0;0;0;0;N
4107549;OLO4;Transito;VTCN400692;0;LCL;4107549;;;;31-12-25;04-03-26;;;;;0;0;0;0;0;0;N
4107550;OLO4;Transito;VTCN400690;0;LCL;4107550;;;;19-12-25;13-03-26;;;;;0;0;0;0;0;0;N
4107551;OLO4;Transito;HAMU1896982;HAPPAG;Contenedor 40 HC;DEHA26021731;30-01-26;30-01-26;11-12-25;23-02-26;18-03-26;04-03-26;27-03-26;27-03-26;;6809,18;0;NAC;SPARX;0;0;N
4107553;OLO4;Transito;HAMU1896982;HAPPAG;Contenedor 40 HC;DEHA26021731;30-01-26;30-01-26;15-12-25;23-02-26;18-03-26;04-03-26;27-03-26;27-03-26;;0;0;NAC;SPARX;0;0;N
4107555;OLO4;Transito;HAMU1896982;HAPPAG;Contenedor 40 HC;DEHA26021731;30-01-26;30-01-26;11-12-25;23-02-26;04-03-26;04-03-26;27-03-26;27-03-26;;0;0;NAC;SPARX;0;0;N
4107557;OLO4;Transito;HAMU1896982;HAPPAG;Contenedor 40 HC;DEHA26021731;30-01-26;30-01-26;11-12-25;23-02-26;18-03-26;04-03-26;27-03-26;27-03-26;;0;0;NAC;SPARX;0;0;N
4107561;OLO4;Transito;VTCN400697;0;Contenedor 40 HC;EMFCL25110006.;;;05-12-25;;;;;;;0;0;0;SPARX;0;0;N
4107562;OLO4;Transito;FFAU1982306;MSC;Contenedor 20ft;HTAO0010486;12-01-26;12-01-26;08-01-26;30-01-26;13-02-26;05-02-26;27-03-26;31-03-26;;3150;0;NAC;SPARX;0;0;N
4107563;OLO4;Transito;MSDU6000944;MSC;Contenedor 20ft;ASTAOA01087;15-01-26;19-01-26;13-01-26;30-01-26;17-02-26;07-02-26;20-03-26;31-03-26;;3720;0;NAC;AIR SEA WORLDWIDE;0;0;N
4107564;OLO4;Transito;FFAU5594269;MSC;Contenedor 20ft;ASTAOA01084;19-01-26;19-01-26;13-01-26;30-01-26;16-02-26;06-02-26;20-03-26;31-03-26;;3720;0;NAC;AIR SEA WORLDWIDE;0;0;N
4107565;OLO4;Transito;UETU5588990;MSC;Contenedor 20ft;HTAO00016147;16-01-26;16-01-26;09-01-26;30-01-26;08-02-26;02-02-26;09-03-26;09-03-26;;3350;0;NAC;SPARX;0;0;N
4107566;OLO4;Transito;TCLU7773361;MSC;Contenedor 20ft;HTAO00016097;12-01-26;12-01-26;08-01-26;30-01-26;08-02-26;02-02-26;09-03-26;09-03-26;;3490;0;NAC;SPARX;0;0;N
4107567;OLO4;Transito;FBLU0069885;MSC;Contenedor 20ft;HTAO00016126;12-01-26;12-01-26;08-01-26;30-01-26;08-02-26;02-02-26;03-03-26;03-03-26;;3490;0;NAC;SPARX;0;0;N
4107568;OLO4;Transito;MEDU4621971;MSC;Contenedor 20ft;HTAO00010643;16-01-26;16-01-26;13-01-26;06-02-26;20-02-26;20-02-26;13-03-26;13-03-26;;4550;0;NAC;SPARX;0;0;N
4107569;OLO4;Transito;MSNU9734108;MSC;Contenedor 20ft;HTAO00016125;12-01-26;12-01-26;08-01-26;01-02-26;08-02-26;02-02-26;09-03-26;09-03-26;;3490;0;NAC;SPARX;0;0;N
4107570;OLO4;Transito;CMAU6173142;CMA CGM;Contenedor 20ft;HTAO00016136;12-01-26;12-01-26;08-01-26;23-01-26;06-02-26;02-02-26;13-03-26;13-03-26;;2990;0;NAC;SPARX;0;0;N
4107571;OLO4;Transito;CMAU6516067;CMA CGM;Contenedor 20ft;HTAO00016133;12-01-26;12-01-26;08-01-26;23-01-26;06-02-26;02-02-26;13-03-26;13-03-26;;2990;0;NAC;SPARX;0;0;N
4107572;OLO4;Transito;TGHU6382778;CMA CGM;Contenedor 20ft;HTAO00016148;12-01-26;12-01-26;08-01-26;30-01-26;06-02-26;02-02-26;13-03-26;13-03-26;;3350;0;NAC;SPARX;0;0;N
4107573;OLO4;Transito;TGBU5078223;CMA CGM;Contenedor 20ft;HTAO00016134;12-01-26;12-01-26;08-01-26;23-01-26;06-02-26;02-02-26;13-03-26;13-03-26;;2990;0;NAC;SPARX;0;0;N
4107574;OLO4;Transito;CMAU7664731;CMA CGM;Contenedor 20ft;HTAO00016135;12-01-26;12-01-26;08-01-26;23-01-26;06-02-26;02-02-26;13-03-26;13-03-26;;2990;0;NAC;SPARX;0;0;N
4107575;OLO4;Transito;CMAU9179036;CMA CGM;Contenedor 20ft;HTAO00016132;12-01-26;12-01-26;08-01-26;23-01-26;06-02-26;02-02-26;13-03-26;13-03-26;;2990;0;NAC;SPARX;0;0;N
4107576;OLO4;Transito;CMAU9470843;CMA CGM;Contenedor 20ft;BJPBL2600049;16-01-26;16-01-26;08-01-26;30-01-26;14-02-26;08-02-26;31-03-26;31-03-26;;3430;IOLFT26-107;FAK;IN OCEAN;0;0;N
4107577;OLO4;Transito;TIIU6746389;CMA CGM;Contenedor 20ft;BJPBL2600051;16-01-26;16-01-26;08-01-26;30-01-26;15-02-26;11-02-26;02-04-26;02-04-26;;3430;IOLFT26-142;FAK;IN OCEAN;0;0;N
4107579;OLO4;Transito;MEDU2527903;MSC;Contenedor 20ft;HNGB00070476;15-12-25;15-12-25;11-12-25;17-01-26;30-01-26;19-01-26;24-02-26;14-03-26;;3550;0;NAC;SPARX;0;0;N
4107580;OLO4;Puerto;MEDU2527903;MSC;Contenedor 20ft;HNGB00070637;15-12-25;15-12-25;11-12-25;17-01-26;30-01-26;19-01-26;24-02-26;14-03-26;17-03-26;0;0;NAC;SPARX;0;0;N
4107582;OLO4;Transito;TCNU8921120;MSC;Contenedor 40ft;ASNGBA01634;12-02-26;12-02-26;19-12-25;13-03-26;20-03-26;14-03-26;17-04-26;17-04-26;;4535;0;NAC;AIR SEA WORLDWIDE;0;0;N
4107583;OLO4;Transito;MEDU7794625;MSC;Contenedor 40ft;ASNGBA01635;12-02-26;12-02-26;19-12-25;13-03-26;20-03-26;14-03-26;17-04-26;17-04-26;;4535;0;NAC;AIR SEA WORLDWIDE;0;0;N
4107584;OLO4;Transito;MSCU4411135;MSC;Contenedor 40ft;ASNGBA01637;12-02-26;12-02-26;19-12-25;16-03-26;23-03-26;16-03-26;24-04-26;24-04-26;;4535;0;NAC;AIR SEA WORLDWIDE;0;0;N
4107585;OLO4;Transito;MEDU8672149;MSC;Contenedor 40ft;ASNGBA01636;12-02-26;12-02-26;19-12-25;13-03-26;20-03-26;14-03-26;17-04-26;17-04-26;;4535;0;NAC;AIR SEA WORLDWIDE;0;0;N
4107586;OLO4;Transito;VTCN400704;0;Contenedor 20ft;HLCUBI1251004113.;;;;;;;;;;0;0;0;0;0;0;N
4107592;OLO4;Transito;0;0;0;261404086.;;;;;;;;;;0;0;0;0;0;0;N
4107603;OLO4;Transito;UETU8188318;MAERSK;LCL;FSHAM26020616;30-01-26;30-01-26;12-12-25;11-02-26;25-02-26;11-02-26;06-03-26;06-03-26;;1071,01;1,00003E+17;NAC;SPARX;46091;0;Y
4107604;OLO4;Ingresada;FCGU1687722;MSC;Contenedor 40 HC;311RIG58320;07-01-26;07-01-26;05-12-25;27-01-26;10-02-26;25-01-26;02-03-26;02-03-26;02-03-26;3790;0;NAC;SPARX;0;0;N
4107605;OLO4;Ingresada;FCGU1687722;MSC;Contenedor 40 HC;311RIG58321;07-01-26;07-01-26;05-12-25;27-01-26;10-02-26;25-01-26;02-03-26;02-03-26;02-03-26;2659,64;1,00003E+17;NAC;SPARX;0;0;N
4107607;OLO4;Transito;UETU6749600;HAPPAG;Contenedor 40ft;KLTMED03876;12-01-26;12-01-26;05-12-25;11-02-26;02-03-26;23-02-26;23-03-26;23-03-26;;4800;IOLFT26-141;FAK;IN OCEAN;0;0;N
4107609;OLO4;Transito;MRKU3086491;MAERSK;Contenedor 40 HC;EMFCL26010052B;28-01-26;28-01-26;14-01-26;09-02-26;17-02-26;09-02-26;07-03-26;07-03-26;;2390;0;NAC;SPARX;0;0;N
4107610;OLO4;Transito;UETU5731150;HAPPAG;Contenedor 40 HC;SHP0074286;12-02-26;16-02-26;14-01-26;15-02-26;22-02-26;15-02-26;11-03-26;11-03-26;;2110;0;NAC;TIBA;0;0;N
4107615;OLO4;Transito;TLLU5286260;HAPPAG;Contenedor 40 HC;311RIG59196;05-02-26;06-02-26;19-12-25;23-02-26;16-03-26;09-03-26;03-04-26;03-04-26;;3690;0;NAC;SPARX;0;0;N
4107616;OLO4;Transito;FANU1785316;HAPPAG;Contenedor 40 HC;311RIG59026;05-02-26;06-02-26;19-12-25;23-02-26;17-03-26;02-03-26;27-03-26;27-03-26;;3690;0;NAC;SPARX;0;0;N
4107617;OLO4;Transito;HLBU3268007;HAPPAG;Contenedor 40 HC;311RIG59135;05-02-26;06-02-26;19-12-25;23-02-26;16-03-26;09-03-26;10-04-26;10-04-26;;3390;0;NAC;SPARX;0;0;N
4107618;OLO4;Transito;MEDU8711800;MSC;Contenedor 40ft;ASTAOA00868;23-01-26;16-01-26;19-12-25;25-01-26;08-02-26;30-01-26;13-03-26;21-03-26;;3720;0;NAC;AIR SEA WORLDWIDE;0;0;N
4107620;OLO4;Transito;MSNU6006937;MSC;Contenedor 40ft;ASTAOA00859;16-01-26;16-01-26;19-12-25;25-01-26;08-02-26;30-01-26;13-03-26;21-03-26;;3720;0;NAC;AIR SEA WORLDWIDE;0;0;N
4107621;OLO4;Transito;MSDU7631266;MSC;Contenedor 40ft;ASTAOA00854;16-01-26;16-01-26;19-12-25;25-01-26;13-02-26;30-01-26;03-03-26;21-03-26;;3720;0;NAC;AIR SEA WORLDWIDE;0;0;N
4107622;OLO4;Transito;MSDU5267556;MSC;Contenedor 40ft;ASTAOA01117;19-01-26;19-01-26;19-12-25;30-01-26;03-02-26;07-02-26;20-03-26;31-03-26;;3720;0;NAC;AIR SEA WORLDWIDE;0;0;N
4107623;OLO4;Transito;FFAU2258466;MSC;Contenedor 40ft;HTAO00016150;16-01-26;16-01-26;23-12-25;30-01-26;03-02-26;02-02-26;09-03-26;09-03-26;;3490;0;NAC;SPARX;0;0;N
4107624;OLO4;Transito;MSBU5580732;MSC;Contenedor 40ft;HTAO00016149;16-01-26;16-01-26;19-12-25;30-01-26;02-02-26;02-02-26;09-03-26;09-03-26;;3490;0;NAC;SPARX;0;0;N
4107625;OLO4;Transito;TCLU5946724;CMA CGM;Contenedor 40ft;BJPBL2600046;21-01-26;21-01-26;19-12-25;08-02-26;15-02-26;11-02-26;02-04-26;02-04-26;;3430;IOLFT26-111;FAK;IN OCEAN;0;0;N
4107626;OLO4;Transito;TGBU5241881;CMA CGM;Contenedor 40ft;BJPBL2600047;21-01-26;21-01-26;19-12-25;04-02-26;18-02-26;11-02-26;02-04-26;02-04-26;;3430;IOLFT26-109;FAK;IN OCEAN;0;0;N
4107627;OLO4;Transito;TCLU8913703;CMA CGM;Contenedor 40ft;BJPBL2600048;16-01-26;16-01-26;19-12-25;31-01-26;15-02-26;11-02-26;02-04-26;02-04-26;;3430;IOLFT26-110;FAK;IN OCEAN;0;0;N
4107628;OLO4;Produccion;40001417-1;0;Contenedor 20ft;0;;;13-01-26;12-02-26;26-03-26;;;;;0;0;0;SPARX;0;0;N
4107630;OLO4;Transito;VTCN400713;0;LCL;EXPMT253073.;;;;;;;;;;0;0;0;0;0;0;N
4107635;OLO4;Booking;40001433-U1;MAERSK;Contenedor 40 HC;0;10-03-26;10-03-26;05-03-26;25-03-26;25-03-26;;;;;3540;0;0;SPARX;0;0;N
4107636;OLO4;Booking;40001433-U1;MAERSK;Contenedor 40 HC;0;10-03-26;10-03-26;05-03-26;25-03-26;25-03-26;;;;;0;0;0;SPARX;0;0;N
4107637;OLO4;Booking;40001433-U1;MAERSK;Contenedor 40 HC;0;10-03-26;10-03-26;05-03-26;25-03-26;25-03-26;;;;;0;0;0;SPARX;0;0;N
4107641;OLO4;Transito;MRKU2859792;MAERSK;Contenedor 20ft;EMFCL25120056B;29-12-25;29-12-25;07-01-26;12-01-26;12-01-26;12-01-26;02-02-26;02-02-26;;2390;0;NAC;SPARX;0;0;N
4107642;OLO4;Transito;TCNU3767840;HAPPAG;Contenedor 20ft;SHP0068045;16-01-26;20-01-26;07-01-26;18-01-26;18-01-26;18-01-26;04-02-26;04-02-26;;0;0;0;SPARX;0;0;N
4107644;OLO4;Ingresada;TRHU3250189;CMA CGM;Contenedor 20ft;HSZX00036071;23-12-25;24-12-25;22-12-25;03-01-26;17-01-26;03-01-26;20-02-26;20-02-26;08-03-26;3550;0;NAC;SPARX;0;0;N
4107645;OLO4;Booking;40001437-1;MAERSK;Contenedor 20ft;0;12-02-26;12-02-26;22-01-26;26-03-26;02-04-26;;07-04-26;07-04-26;;2890;0;0;SPARX;0;0;N
4107647;OLO4;Transito;TGBU3189927;MSC;Contenedor 20ft;MEDUR8121291;10-02-26;10-02-26;;20-02-26;27-02-26;23-02-26;30-03-26;30-03-26;;1474;0;FAK;DEFINIDO POR EL PROVEEDOR;0;0;N
4107648;OLO4;Transito;MSNU2333269;MSC;Contenedor 20ft;MEDUR8071637;03-02-26;03-02-26;;22-02-26;01-03-26;23-02-26;30-03-26;30-03-26;;1474,14;0;FAK;DEFINIDO POR EL PROVEEDOR;0;0;N
4107649;OLO4;Transito;MSBU3046749;MSC;Contenedor 20ft;MEDUR8066934;03-02-26;03-02-26;;15-02-26;24-02-26;15-02-26;16-03-26;16-03-26;;1250;0;FAK;DEFINIDO POR EL PROVEEDOR;0;0;N
4107650;OLO4;Transito;MEDU3294010;MSC;Contenedor 20ft;MEDUR8097996;10-02-26;10-02-26;;11-02-26;24-02-26;15-02-26;16-03-26;16-03-26;;1470;0;FAK;DEFINIDO POR EL PROVEEDOR;0;0;N
4107651;OLO4;Transito;GAOU2375178;MSC;Contenedor 20ft;MEDUR8121317;10-02-26;10-02-26;;20-02-26;27-02-26;23-02-26;30-03-26;30-03-26;;1474,14;0;FAK;DEFINIDO POR EL PROVEEDOR;0;0;N
4107652;OLO4;Transito;MSMU3625174;MSC;Contenedor 20ft;MEDUR8120160;10-02-26;10-02-26;;20-02-26;27-02-26;23-02-26;30-03-26;30-03-26;;1474,14;0;FAK;DEFINIDO POR EL PROVEEDOR;0;0;N
4107653;OLO4;Transito;MSDU1025868;MSC;Contenedor 20ft;MEDUR8120327;10-02-26;10-02-26;;26-02-26;05-03-26;28-02-26;06-04-26;06-04-26;;1474,14;0;FAK;DEFINIDO POR EL PROVEEDOR;0;0;N
4107654;OLO4;Transito;HPCU2302221;MSC;Contenedor 20ft;MEDUR8120194;10-02-26;10-02-26;;22-02-26;22-02-26;23-02-26;18-04-26;18-04-26;;3851,63;0;FAK;DEFINIDO POR EL PROVEEDOR;0;0;N
4107655;OLO4;Transito;MEDU2489824;MSC;Contenedor 20ft;MEDUR8071363;03-02-26;03-02-26;;22-02-26;01-03-26;23-02-26;18-04-26;18-04-26;;3541,47;0;FAK;DEFINIDO POR EL PROVEEDOR;0;0;N
4107656;OLO4;Transito;MSMU1582216;MSC;Contenedor 20ft;MEDUR8120285;10-02-26;10-02-26;;20-02-26;27-02-26;23-02-26;03-04-26;03-04-26;;1651,03;0;FAK;DEFINIDO POR EL PROVEEDOR;0;0;N
4107657;OLO4;Booking;MSMU1423111;MSC;Contenedor 20ft;MEDUR8202406;18-02-26;18-02-26;;19-03-26;26-03-26;;;;;0;0;0;0;0;0;N
4107658;OLO4;Transito;GLDU5375530;MSC;Contenedor 20ft;MEDUR8071843;03-02-26;03-02-26;;22-02-26;01-03-26;23-02-26;03-04-26;03-04-26;;1651,03;0;FAK;DEFINIDO POR EL PROVEEDOR;0;0;N
4107659;OLO4;Transito;FTAU1383840;MSC;Contenedor 20ft;MEDUR8120236;10-02-26;10-02-26;;20-02-26;06-03-26;23-02-26;03-04-26;03-04-26;;1651,03;0;FAK;DEFINIDO POR EL PROVEEDOR;0;0;N
4107660;OLO4;Produccion;40001390-1;0;Contenedor 20ft;0;;;;;;;;;;0;0;0;0;0;0;N
4107661;OLO4;Transito;UACU4796655;HAPPAG;Contenedor 20ft;HLCUBC1260207760;13-02-26;13-02-26;;18-02-26;25-02-26;18-02-26;27-03-26;27-03-26;;2800,24;0;FAK;DEFINIDO POR EL PROVEEDOR;0;0;N
4107662;OLO4;Transito;CGMU5603930;CMA CGM;Contenedor 20ft;IBC1458407;23-02-26;23-02-26;;26-02-26;05-03-26;27-02-26;02-04-26;02-04-26;;2911,86;0;FAK;DEFINIDO POR EL PROVEEDOR;0;0;N
4107663;OLO4;Produccion;40001390-4;0;Contenedor 20ft;0;;;;04-04-26;04-04-26;;;;;0;0;0;0;0;0;N
4107664;OLO4;Transito;TTNU8246262;CMA CGM;Contenedor 20ft;IBC1464535;11-03-26;12-03-26;;12-03-26;12-03-26;12-03-26;16-04-26;16-04-26;;2765,95;0;FAK;DEFINIDO POR EL PROVEEDOR;0;0;N
4107666;OLO4;Transito;UACU5694344;HAPPAG;LCL;BOG0111968;19-01-26;19-01-26;14-01-26;21-01-26;21-01-26;28-01-26;31-01-26;10-02-26;;3019;0;NAC;SPARX;0;0;N
4107667;OLO4;Transito;HLXU8579781;HAPPAG;LCL;EXPMT260079;19-01-26;19-01-26;14-01-26;21-01-26;21-01-26;28-01-26;30-01-26;06-02-26;;1585;0;NAC;SPARX;0;0;N
4107668;OLO4;Transito;SEGU6651138;CMA CGM;Contenedor 40 HC;PBIO26011651;20-01-26;20-01-26;14-01-26;30-01-26;13-02-26;04-02-26;14-03-26;14-03-26;14-03-26;5650;0;NAC;SPARX;0;0;N
4107669;OLO4;Transito;MNBU3218514;MAERSK;Contenedor 20ft;266780137;02-03-26;02-03-26;;12-03-26;19-03-26;;;;;2395,96;0;0;0;0;0;N
4107670;OLO4;Transito;MNBU3505134;MAERSK;Contenedor 20ft;266111880;24-02-26;24-02-26;;26-02-26;05-03-26;26-02-26;20-03-26;20-03-26;;2180,87;0;FAK;DEFINIDO POR EL PROVEEDOR;0;0;N
4107671;OLO4;Transito;CAAU8659360;MSC;Contenedor 40ft;MEDUE1583362;09-02-26;11-02-26;;10-02-26;10-02-26;10-02-26;02-03-26;16-03-26;;2159,92;0;FAK;DEFINIDO POR EL PROVEEDOR;0;0;N
4107672;OLO4;Transito;SUDU8243080;MAERSK;Contenedor 20ft;265700820;09-02-26;10-02-26;;18-02-26;25-02-26;;;;;2120;0;0;0;0;0;N
4107673;OLO4;Transito;MNBU3676646;MAERSK;Contenedor 20ft;265924968;17-02-26;17-02-26;;26-02-26;26-02-26;26-02-26;20-03-26;20-03-26;;2157,83;0;FAK;DEFINIDO POR EL PROVEEDOR;0;0;N
4107674;OLO4;Transito;SUDU8161320;MAERSK;Contenedor 20ft;265699773;05-02-26;05-02-26;;16-02-26;16-02-26;21-02-26;17-03-26;17-03-26;;2146,66;0;FAK;DEFINIDO POR EL PROVEEDOR;0;0;N
4107675;OLO4;Transito;MNBU3941924;MAERSK;Contenedor 20ft;265924883;17-02-26;17-02-26;;26-02-26;05-03-26;26-02-26;20-03-26;20-03-26;;2157,76;0;FAK;DEFINIDO POR EL PROVEEDOR;0;0;N
4107676;OLO4;Transito;SUDU5242789;MAERSK;Contenedor 20ft;265638158;12-02-26;12-02-26;;21-02-26;21-02-26;21-02-26;17-03-26;17-03-26;;2166,86;0;FAK;DEFINIDO POR EL PROVEEDOR;0;0;N
4107677;OLO4;Transito;MNBU3586579;MAERSK;Contenedor 20ft;265638223;11-02-26;11-02-26;;18-02-26;25-02-26;21-02-26;17-03-26;17-03-26;;2111,23;0;FAK;DEFINIDO POR EL PROVEEDOR;0;0;N
4107678;OLO4;Transito;CAAU5932064;MAERSK;Contenedor 20ft;266357967;24-02-26;24-02-26;;26-02-26;05-03-26;26-02-26;17-03-26;17-03-26;;2186,68;0;FAK;DEFINIDO POR EL PROVEEDOR;0;0;N
4107679;OLO4;Transito;MSNU5839076;MSC;Contenedor 20ft;MEDUE1583388;09-02-26;11-02-26;;10-02-26;10-02-26;10-02-26;02-03-26;16-03-26;;2166,86;0;FAK;DEFINIDO POR EL PROVEEDOR;0;0;N
4107684;OLO4;Booking;MSNU1037494;MSC;Contenedor 40 HC;MEDUR8121242;10-02-26;10-02-26;;26-02-26;26-03-26;;;;;0;0;0;DEFINIDO POR EL PROVEEDOR;0;0;N
4107691;OLO4;Produccion;40001449-1;0;LCL;4107692-4107691;;;;03-03-26;24-03-26;;;;;0;0;0;0;0;0;N
4107692;OLO4;Produccion;40001450-1;0;LCL;4107692-4107691;;;;25-02-26;08-04-26;;;;;0;0;0;0;0;0;N
4107697;OLO4;Produccion;40001444-1;0;Contenedor 20ft;0;;;11-02-26;04-04-26;04-04-26;;;;;0;0;0;SPARX;0;0;N
4107698;OLO4;Produccion;40001444-2;0;LCL;0;;;;;;;;;;0;0;0;0;0;0;N
4107703;OLO4;Transito;TCKU7382523;MAERSK;Contenedor 40 HC;EMFCL26020036;17-02-26;17-02-26;12-02-26;09-03-26;17-03-26;09-03-26;06-04-26;06-04-26;;2850;0;NAC;SPARX;0;0;N
4107704;OLO4;Transito;TCLU8946986;ONE;Contenedor 40 HC;EMFCL26020049;19-02-26;19-02-26;12-02-26;08-03-26;15-03-26;08-03-26;28-03-26;28-03-26;;2890;0;NAC;SPARX;0;0;N
4107705;OLO4;Transito;TCNU8438982;MAERSK;Contenedor 40 HC;EMFCL26020037;17-02-26;17-02-26;12-02-26;09-03-26;23-03-26;;;;;2390;0;0;SPARX;0;0;N
4107706;OLO4;Transito;4107706;0;Contenedor 40 HC;4107706;;;;19-03-26;19-03-26;;;;;2,95;0;0;0;0;0;N
4107707;OLO4;Booking;HAMU 3378426;HAPPAG;Contenedor 40ft;0;19-02-26;19-02-26;13-02-26;12-03-26;23-03-26;;;;;4010;0;NAC;SPARX;0;0;N
4107708;OLO4;Booking;TEMU7086146;HAPPAG;Contenedor 40ft;0;18-02-26;19-02-26;13-02-26;23-03-26;23-03-26;;;;;4010;0;NAC;SPARX;0;0;N
4107709;OLO4;Booking;40001461-3;MSC;Contenedor 40ft;0;27-02-26;27-02-26;26-02-26;29-03-26;29-03-26;;;;;4090;0;0;SPARX;0;0;N
4107710;OLO4;Booking;40001461-4;HAPPAG;Contenedor 40 HC;0;02-03-26;02-03-26;26-02-26;06-04-26;06-04-26;;;;;4230;0;0;IN OCEAN;0;0;N
4107714;OLO4;Produccion;40001468-1;0;LCL;0;;;;28-03-26;28-03-26;;;;;0;0;0;0;0;0;N
4107715;OLO4;Produccion;40001468-2;0;LCL;0;;;;28-03-26;28-03-26;;;;;0;0;0;0;0;0;N
4107717;OLO4;Produccion;40001469-1;0;LCL;0;;;;01-04-26;01-04-26;;;;;0;0;0;0;0;0;N
4107718;OLO4;Produccion;40001470-1;0;LCL;0;;;;;;;;;;0;0;0;0;0;0;N
4107719;OLO4;Produccion;40001471-1;0;LCL;0;;;;28-03-26;28-03-26;;;;;0;0;0;0;0;0;N
4107720;OLO4;Produccion;40001471-2;0;LCL;0;;;;28-03-26;28-03-26;;;;;0;0;0;0;0;0;N
4107722;OLO4;Produccion;VTCN400728;0;LCL;0;;;;28-03-26;28-03-26;;;;;0;0;0;0;0;0;N
4107723;OLO4;Produccion;VTCN400729;0;LCL;0;;;;28-03-26;28-03-26;;;;;0;0;0;0;0;0;N
4107724;OLO4;Produccion;VTCN400730;0;LCL;0;;;;28-03-26;28-03-26;;;;;0;0;0;0;0;0;N
4107725;OLO4;Produccion;VTCN400731;0;LCL;0;;;;28-03-26;28-03-26;;;;;0;0;0;0;0;0;N
4107726;OLO4;Transito;TGBU4552662;ONE;Contenedor 40 HC;PCL-269816-01;13-02-26;16-02-26;13-02-26;11-03-26;11-03-26;11-03-26;01-04-26;01-04-26;;4190;IOLFT26-163;FAK;IN OCEAN;0;0;N
4107727;OLO4;Produccion;VTCN400732;0;LCL;0;;;;;;;;;;0;0;0;0;0;0;N
4107728;OLO4;Booking;40001465-1;MAERSK;Contenedor 40 HC;0;23-02-26;23-02-26;13-02-26;09-03-26;23-03-26;;;;;0;0;0;SPARX;0;0;N
4107729;OLO4;Booking;40001465-1;MAERSK;Contenedor 40 HC;0;23-02-26;24-02-26;;09-03-26;23-03-26;;;;;0;0;0;0;0;0;N
4107730;OLO4;Transito;SUDU8161320;MAERSK;Contenedor 20ft;265699773;05-02-26;05-02-26;;16-02-26;16-02-26;21-02-26;17-03-26;17-03-26;;2146,66;0;FAK;DEFINIDO POR EL PROVEEDOR;0;0;N
4107731;OLO4;Booking;ECMU2764900;0;Contenedor 20ft;96620559-C 001;23-02-26;23-02-26;11-03-26;26-03-26;26-03-26;;;;;4716,08;0;0;AIR SEA WORLDWIDE;0;0;N
4107732;OLO4;Booking;ECMU2764900;0;Contenedor 20ft;96620559-C 002;23-02-26;23-02-26;11-03-26;26-03-26;26-03-26;;;;;0;0;0;AIR SEA WORLDWIDE;0;0;N
4107733;OLO4;Produccion;VTCN400734;0;LCL;0;;;;28-03-26;28-03-26;;;;;0;0;0;0;0;0;N
4107734;OLO4;Produccion;VTCN400735;0;LCL;0;;;;28-03-26;28-03-26;;;;;0;0;0;0;0;0;N
4107735;OLO4;Produccion;VTCN400736;0;LCL;0;;;;;;;;;;0;0;0;0;0;0;N
4107736;OLO4;Produccion;VTCN400737;0;LCL;0;;;;28-03-26;28-03-26;;;;;0;0;0;0;0;0;N
4107737;OLO4;Produccion;VTCN400738;0;LCL;0;;;;28-03-26;28-03-26;;;;;0;0;0;0;0;0;N
4107738;OLO4;Produccion;VTCN400739;0;LCL;0;;;;28-03-26;28-03-26;;;;;0;0;0;0;0;0;N
4107739;OLO4;Produccion;VTCN400740;0;LCL;0;;;;28-03-26;28-03-26;;;;;0;0;0;0;0;0;N
4107740;OLO4;Booking;APZU4797632;CMA CGM;Contenedor 40 HC;0;03-03-26;03-03-26;02-03-26;13-03-26;20-03-26;;;;;7075,7;0;0;SPARX;0;0;N
4107741;OLO4;Produccion;VTCN400741;0;LCL;4107741;;;;31-03-26;31-03-26;;;;;0;0;0;0;0;0;N
4107742;OLO4;Produccion;VTCN400741;0;LCL;4107741;;;;31-03-26;31-03-26;;;;;0;0;0;0;0;0;N
4107743;OLO4;Produccion;VTCN400741;0;LCL;4107741;;;;31-03-26;31-03-26;;;;;0;0;0;0;0;0;N
4107746;OLO4;Produccion;VTCN400741;0;LCL;4107741;;;;31-03-26;31-03-26;;;;;0;0;0;0;0;0;N
4107747;OLO4;Produccion;VTCN400741;0;LCL;4107741;;;;31-03-26;31-03-26;;;;;0;0;0;0;0;0;N
4107750;OLO4;Produccion;40001484-1;0;Contenedor 20ft;0;;;;;;;;;;0;0;0;0;0;0;N
4107751;OLO4;Produccion;40001484-2;0;Contenedor 20ft;0;;;;;;;;;;0;0;0;0;0;0;N
4107752;OLO4;Produccion;40001484-3;0;Contenedor 20ft;0;;;;;;;;;;0;0;0;0;0;0;N
4107753;OLO4;Produccion;40001484-4;0;Contenedor 20ft;0;;;;;;;;;;0;0;0;0;0;0;N
4107754;OLO4;Produccion;40001495-1;0;LCL;0;;;;;;;;;;0;0;0;0;0;0;N
4107755;OLO4;Booking;40001486-U1;0;Contenedor 40 HC;0;17-03-26;17-03-26;13-03-26;08-04-26;08-04-26;;;;;0;0;0;SPARX;0;0;N
4107756;OLO4;Booking;40001486-U1;0;Contenedor 40 HC;0;17-03-26;17-03-26;13-03-26;08-04-26;08-04-26;;;;;0;0;0;SPARX;0;0;N
4107757;OLO4;Booking;40001486-3;0;Contenedor 40 HC;0;16-03-26;16-03-26;13-03-26;31-03-26;31-03-26;;;;;0;0;0;IN OCEAN;0;0;N
4107758;OLO4;Produccion;40001496-1;0;LCL;0;;;;;;;;;;0;0;0;0;0;0;N
4107759;OLO4;Produccion;40001496-2;0;LCL;0;;;;;;;;;;0;0;0;0;0;0;N
4107760;OLO4;Produccion;40001496-3;0;LCL;0;;;;;;;;;;0;0;0;0;0;0;N
4107761;OLO4;Produccion;40001497-1;0;LCL;0;;;;;;;;;;0;0;0;0;0;0;N
4107762;OLO4;Produccion;40001497-2;0;LCL;0;;;;;;;;;;0;0;0;0;0;0;N
4107763;OLO4;Produccion;40001497-3;0;Contenedor 20ft;0;;;;;;;;;;0;0;0;0;0;0;N
6700925;OLO6;Booking;MSBU5533704;MSC;Contenedor 40 HC;ASXMGA00034;27-02-26;27-02-26;25-02-26;18-03-26;25-03-26;;;;;2700;0;0;AIR SEA WORLDWIDE;0;0;N
6700926;OLO6;Transito;FDCU0319148;HAPAG LLOYD;Contenedor 40 HC;ASXMNA00455;27-02-26;27-02-26;25-02-26;18-03-26;25-03-26;;;;;2700;0;0;AIR SEA WORLDWIDE;0;0;N
6700936;OLO6;Booking;80001359-U1;MSC;Contenedor 40 HC;0;12-03-26;12-03-26;05-11-25;22-03-26;29-03-26;;;;;4535;0;0;AIR SEA WORLDWIDE;0;0;N
6700937;OLO6;Booking;80001359-U1;MSC;Contenedor 40 HC;0;12-03-26;12-03-26;05-11-25;22-03-26;29-03-26;;;;;0;0;0;AIR SEA WORLDWIDE;0;0;N
6700950;OLO6;Booking;BMOU5824817;CMA CGM;Contenedor 40 HC;BJPBL2600116;02-03-26;02-03-26;24-02-26;11-03-26;27-03-26;;;;;4950;0;0;IN OCEAN;0;0;N
6700961;OLO6;Ingresada;CMAU3638499;CMA CGM;Contenedor 40 HC;BJPBL2600013;30-12-25;30-12-25;03-11-25;06-01-26;13-01-26;12-01-26;03-03-26;03-03-26;10-03-26;3800;IOLFT26-026;FAK;IN OCEAN;0;0;N
6700962;OLO6;Ingresada;FCIU9365397;CMA CGM;Contenedor 40 HC;BJPBL2600012;29-12-25;29-12-25;03-11-25;06-01-26;13-01-26;12-01-26;03-03-26;03-03-26;10-03-26;3800;IOLFT26-025;FAK;IN OCEAN;0;0;N
6700969;OLO6;Transito;MSMU7344637;MSC;Contenedor 40 HC;ASNGBA01655;24-02-26;24-02-26;11-02-26;15-03-26;22-03-26;;;;;3320;0;0;AIR SEA WORLDWIDE;0;0;N
6701016;OLO6;Transito;HLBU1292880;HAPAG LLOYD;Contenedor 40 HC;ASSZX513511;05-01-26;05-01-26;07-10-25;12-02-26;19-02-26;19-01-26;13-03-26;27-03-26;;4050;0;NAC;AIR SEA WORLDWIDE;0;0;N
6701019;OLO6;Transito;FANU1856209;HAPAG LLOYD;Contenedor 40 HC;ASSZX513516;05-01-26;05-01-26;07-10-25;12-01-26;19-01-26;19-01-26;13-03-26;13-03-26;;4210;0;NAC;AIR SEA WORLDWIDE;0;0;N
6701020;OLO6;Transito;SEGU5769722;HAPAG LLOYD;Contenedor 40 HC;ASSZX513515;05-01-26;06-01-26;07-10-25;12-01-26;19-01-26;19-01-26;13-03-26;13-03-26;;4210;0;NAC;AIR SEA WORLDWIDE;0;0;N
6701021;OLO6;Transito;TCNU2279414;CMA CGM;Contenedor 40 HC;BJPBL2600028;07-01-26;07-01-26;07-10-25;20-01-26;20-01-26;14-01-26;27-03-26;28-03-26;;3930;IOLFT26-031;FAK;IN OCEAN;0;0;N
6701045;OLO6;Booking;80001384-3;HAPAG LLOYD;Contenedor 40 HC;0;06-03-26;06-03-26;04-03-26;25-03-26;25-03-26;;;;;4535;0;0;AIR SEA WORLDWIDE;0;0;N
6701099;OLO6;Transito;UETU7228442;0;Contenedor 40 HC;BJPBL2500070;03-12-25;03-12-25;28-11-25;09-12-25;16-12-25;12-12-25;09-02-26;05-02-26;;5350;IOLFT25-914;FAK;IN OCEAN;0;0;N
6701106;OLO6;Ingresada;CMAU8485005;CMA CGM;Contenedor 40 HC;BJPBL2500086;11-12-25;11-12-25;05-12-25;16-12-25;24-12-25;16-12-25;17-02-26;03-03-26;01-03-26;4350;IOLFT25-931;FAK;IN OCEAN;0;0;N
6701107;OLO6;Ingresada;CMAU7451696;CMA CGM;Contenedor 40 HC;BJPBL2600005;23-12-25;23-12-25;19-12-25;02-01-26;09-01-26;03-01-26;03-03-26;03-03-26;10-03-26;3870;IOLFT26-012;FAK;IN OCEAN;0;0;N
6701108;OLO6;Ingresada;ECMU7123597;CMA CGM;Contenedor 40 HC;BJPBL2600024;29-12-25;29-12-25;19-12-25;15-01-26;22-01-26;16-01-26;31-03-26;31-03-26;17-03-26;3630;IOLFT26-039;FAK;IN OCEAN;0;0;N
6701118;OLO6;Produccion;80001371-U3;0;Contenedor 40 HC;0;;;13-10-25;;;;;;;0;0;0;AIR SEA WORLDWIDE;0;0;N
6701126;OLO6;Transito;TCLU7913484;MSC;Contenedor 40 HC;ASTAO515321;12-12-25;12-12-25;13-10-25;19-12-25;09-01-26;07-01-26;12-02-26;14-03-26;;3320;0;NAC;AIR SEA WORLDWIDE;0;0;N
6701128;OLO6;Produccion;80001371-U3;0;Contenedor 40 HC;0;;;09-03-26;;;;;;;0;0;0;AIR SEA WORLDWIDE;0;0;N
6701131;OLO6;Transito;MSDU7278565;MSC;Contenedor 40 HC;ASTAO515616;22-12-25;22-12-25;13-10-25;02-01-26;18-01-26;11-01-26;20-02-26;14-03-26;;3720;0;NAC;AIR SEA WORLDWIDE;0;0;N
6701133;OLO6;Produccion;80001371-22;0;Contenedor 40 HC;0;;;09-03-26;;;;;;;0;0;0;AIR SEA WORLDWIDE;0;0;N
6701138;OLO6;Transito;MSDU7278565;MSC;Contenedor 40 HC;ASTAO515615;22-12-25;22-12-25;13-10-25;02-01-26;18-01-26;11-01-26;20-02-26;14-03-26;;0;0;NAC;AIR SEA WORLDWIDE;0;0;N
6701139;OLO6;Booking;80001371-28;CMA CGM;Contenedor 40 HC;0;19-12-25;19-12-25;13-10-25;27-12-25;20-03-26;;;;;3499;0;0;SPARX;0;0;N
6701141;OLO6;Booking;80001371-30;CMA CGM;Contenedor 40 HC;0;19-12-25;19-12-25;13-10-25;27-12-25;20-03-26;;;;;3499;0;0;SPARX;0;0;N
6701142;OLO6;Produccion;80001371-31;0;Contenedor 40 HC;0;;;09-03-26;;;;;;;0;0;0;AIR SEA WORLDWIDE;0;0;N
6701144;OLO6;Booking;80001371-33;CMA CGM;Contenedor 40 HC;0;19-12-25;19-12-25;13-10-25;27-12-25;20-03-26;;;;;3499;0;0;SPARX;0;0;N
6701145;OLO6;Produccion;80001371-34;0;Contenedor 40 HC;0;;;09-03-26;;;;;;;0;0;0;SPARX;0;0;N
6701146;OLO6;Produccion;80001371-35;0;Contenedor 40 HC;0;;;09-03-26;;;;;;;0;0;0;SPARX;0;0;N
6701147;OLO6;Transito;TCNU1259075;MSC;Contenedor 40 HC;HTAO00015985;16-12-25;16-01-26;13-10-25;26-12-25;16-01-26;07-01-26;20-02-26;14-03-26;;3750;0;NAC;SPARX;0;0;N
6701148;OLO6;Produccion;80001371-37;0;Contenedor 40 HC;0;;;09-03-26;;;;;;;0;0;0;SPARX;0;0;N
6701149;OLO6;Produccion;80001371-38;0;Contenedor 40 HC;0;;;09-03-26;;;;;;;0;0;0;SPARX;0;0;N
6701159;OLO6;Transito;UETU7181176;CMA CGM;Contenedor 40 HC;BJPBL2500095A;10-12-25;10-12-25;13-10-25;19-12-25;28-12-25;08-03-26;27-03-26;27-03-26;;7018,44;IOLFT25-960;FAK;IN OCEAN;0;0;N
6701162;OLO6;Produccion;80001371-51;0;Contenedor 40 HC;0;;;09-03-26;;;;;;;0;0;0;SPARX;0;0;N
6701163;OLO6;Produccion;80001371-52;0;Contenedor 40 HC;0;;;09-03-26;;;;;;;0;0;0;SPARX;0;0;N
6701164;OLO6;Produccion;80001371-53;0;Contenedor 40 HC;0;;;09-03-26;;;;;;;0;0;0;SPARX;0;0;N
6701169;OLO6;Produccion;80001371-58;0;Contenedor 40 HC;0;;;13-10-25;17-01-26;21-03-26;;;;;0;0;0;IN OCEAN;0;0;N
6701170;OLO6;Produccion;80001371-59;0;Contenedor 40 HC;0;;;13-10-25;17-01-26;21-03-26;;;;;0;0;0;IN OCEAN;0;0;N
6701171;OLO6;Produccion;80001371-60;0;Contenedor 40 HC;0;;;09-03-26;;;;;;;0;0;0;IN OCEAN;0;0;N
6701172;OLO6;Produccion;80001371-61;0;Contenedor 40 HC;0;;;09-03-26;;;;;;;0;0;0;IN OCEAN;0;0;N
6701173;OLO6;Produccion;80001371-62;0;Contenedor 40 HC;0;;;09-03-26;;;;;;;0;0;0;SPARX;0;0;N
6701174;OLO6;Produccion;80001371-63;0;Contenedor 40 HC;0;;;09-03-26;;;;;;;0;0;0;SPARX;0;0;N
6701175;OLO6;Produccion;80001371-64;0;Contenedor 40 HC;0;;;09-03-26;;;;;;;0;0;0;IN OCEAN;0;0;N
6701182;OLO6;Transito;TCNU3450650;CMA CGM;Contenedor 40 HC;BJPBL2500095B;10-12-25;10-12-25;13-10-25;19-12-25;28-12-25;22-12-25;25-02-26;17-02-26;;6812,72;IOLFT25-960;FAK;IN OCEAN;0;0;N
6701183;OLO6;Produccion;80001394-8;0;Contenedor 40 HC;0;;;13-10-25;27-12-25;21-03-26;;;;;0;0;0;IN OCEAN;0;0;N
6701184;OLO6;Produccion;80001394-9;0;Contenedor 40 HC;0;;;13-10-25;27-12-25;21-03-26;;;;;0;0;0;IN OCEAN;0;0;N
6701185;OLO6;Produccion;80001394-10;0;Contenedor 40 HC;0;;;13-10-25;27-12-25;21-03-26;;;;;0;0;0;IN OCEAN;0;0;N
6701186;OLO6;Produccion;80001394-11;0;Contenedor 40 HC;0;;;13-10-25;06-12-25;21-03-26;;;;;0;0;0;IN OCEAN;0;0;N
6701187;OLO6;Produccion;80001394-12;0;Contenedor 40 HC;0;;;13-10-25;27-12-25;21-03-26;;;;;0;0;0;IN OCEAN;0;0;N
6701188;OLO6;Produccion;80001394-13;0;Contenedor 40 HC;0;;;09-03-26;;;;;;;0;0;0;IN OCEAN;0;0;N
6701189;OLO6;Produccion;80001394-14;0;Contenedor 40 HC;0;;;;;;;;;;0;0;0;0;0;0;N
6701191;OLO6;Produccion;80001394-16;0;Contenedor 40 HC;0;;;09-03-26;;;;;;;0;0;0;IN OCEAN;0;0;N
6701194;OLO6;Produccion;80001394-19;0;Contenedor 40 HC;0;;;13-10-25;27-12-25;21-03-26;;;;;0;0;0;IN OCEAN;0;0;N
6701195;OLO6;Produccion;80001394-20;0;Contenedor 40 HC;0;;;13-10-25;17-01-26;21-03-26;;;;;0;0;0;IN OCEAN;0;0;N
6701196;OLO6;Produccion;80001394-21;0;Contenedor 40 HC;0;;;13-10-25;17-01-26;21-03-26;;;;;0;0;0;IN OCEAN;0;0;N
6701197;OLO6;Produccion;80001394-22;0;Contenedor 40 HC;0;;;09-03-26;;;;;;;0;0;0;IN OCEAN;0;0;N
6701198;OLO6;Produccion;80001394-23;0;Contenedor 40 HC;0;;;09-03-26;;;;;;;0;0;0;IN OCEAN;0;0;N
6701203;OLO6;Booking;VTCN600734;HAPAG LLOYD;Contenedor 40 HC;0;26-02-26;26-02-26;16-02-26;17-03-26;24-03-26;;;;;0;0;0;SPARX;0;0;N
6701207;OLO6;Alm. Fiscal;JXLU6166004;HAPAG LLOYD;Contenedor 40ft;ASXMN503735;21-11-25;25-11-25;02-10-25;10-12-25;22-12-25;10-12-25;30-01-26;07-02-26;;0;0;NAC;AIR SEA WORLDWIDE;46069;0;Y
6701208;OLO6;Puerto;FANU3427610;HAPAG LLOYD;Contenedor 40ft;ASXMN503915;10-12-25;10-12-25;21-10-25;24-12-25;31-12-25;25-12-25;13-02-26;09-03-26;03-03-26;3320;0;NAC;AIR SEA WORLDWIDE;0;0;N
6701209;OLO6;Puerto;FANU3427610;HAPAG LLOYD;Contenedor 40ft;ASXMN503915;10-12-25;10-12-25;21-10-25;24-12-25;31-12-25;25-12-25;13-02-26;09-03-26;03-03-26;0;0;NAC;AIR SEA WORLDWIDE;0;0;N
6701210;OLO6;Puerto;HAMU3257928;HAPAG LLOYD;Contenedor 40ft;ASXMN503979;15-12-25;15-12-25;21-10-25;31-12-25;14-01-26;03-01-26;20-02-26;27-02-26;03-03-26;3320;0;NAC;AIR SEA WORLDWIDE;0;0;N
6701211;OLO6;Puerto;HAMU3257928;HAPAG LLOYD;Contenedor 40ft;ASXMN503979;15-12-25;15-12-25;21-10-25;31-12-25;14-01-26;03-01-26;20-02-26;27-02-26;03-03-26;0;0;NAC;AIR SEA WORLDWIDE;0;0;N
6701221;OLO6;Booking;80001392-10;HAPAG LLOYD;Contenedor 40 HC;0;26-02-26;26-02-26;16-02-26;17-03-26;24-03-26;;;;;0;0;0;SPARX;0;0;N
6701222;OLO6;Booking;80001392-11;HAPAG LLOYD;Contenedor 40 HC;0;26-02-26;26-02-26;16-02-26;25-03-26;25-03-26;;;;;0;0;0;SPARX;0;0;N
6701223;OLO6;Booking;80001392-12;HAPAG LLOYD;Contenedor 40 HC;0;26-02-26;26-02-26;16-02-26;25-03-26;25-03-26;;;;;0;0;0;SPARX;0;0;N
6701224;OLO6;Booking;TCKU 6461994;HAPAG LLOYD;Contenedor 40 HC;HNGB00071302;26-02-26;26-02-26;16-02-26;25-03-26;25-03-26;;;;;0;0;0;SPARX;0;0;N
6701243;OLO6;Booking;80001392-36;HAPAG LLOYD;Contenedor 40 HC;0;26-02-26;26-02-26;16-02-26;25-03-26;25-03-26;;;;;0;0;0;SPARX;0;0;N
6701244;OLO6;Booking;FANU 3008212;HAPAG LLOYD;Contenedor 40 HC;HNGB00071216;26-02-26;26-02-26;16-02-26;17-03-26;26-03-26;;;;;0;0;0;SPARX;0;0;N
6701255;OLO6;Booking;80001392-48;CMA CGM;Contenedor 40 HC;0;26-02-26;26-02-26;12-02-26;25-03-26;25-03-26;;;;;0;0;0;SPARX;0;0;N
6701256;OLO6;Booking;80001392-49;CMA CGM;Contenedor 40 HC;0;26-02-26;26-02-26;12-02-26;25-03-26;25-03-26;;;;;0;0;0;SPARX;0;0;N
6701257;OLO6;Booking;80001392-50;CMA CGM;Contenedor 40 HC;0;26-02-26;26-02-26;12-02-26;25-03-26;25-03-26;;;;;0;0;0;SPARX;0;0;N
6701258;OLO6;Booking;80001392-51;CMA CGM;Contenedor 40 HC;0;26-02-26;26-02-26;12-02-26;25-03-26;25-03-26;;;;;0;0;0;SPARX;0;0;N
6701260;OLO6;Booking;80001392-53;CMA CGM;Contenedor 40 HC;0;02-03-26;02-03-26;16-02-26;22-03-26;22-03-26;;;;;5460;0;0;IN OCEAN;0;0;N
6701261;OLO6;Booking;80001392-54;CMA CGM;Contenedor 40 HC;0;02-03-26;02-03-26;16-02-26;22-03-26;22-03-26;;;;;5460;0;0;IN OCEAN;0;0;N
6701277;OLO6;Transito;MSMU8236405;MSC;Contenedor 40 HC;HNGB00070630;08-01-26;08-01-26;06-01-26;23-01-26;06-02-26;19-01-26;24-02-26;14-03-26;;3750;0;NAC;SPARX;0;0;N
6701278;OLO6;Transito;MSMU8236405;MSC;Contenedor 40 HC;HNGB00070631;08-01-26;08-01-26;06-01-26;23-01-26;06-02-26;19-01-26;24-02-26;14-03-26;;0;0;NAC;SPARX;0;0;N
6701281;OLO6;Transito;CAAU5685030;HAPAG LLOYD;Contenedor 40 HC;ASNGB512759;04-12-25;04-12-25;03-12-25;21-12-25;28-12-25;22-12-25;30-01-26;03-02-26;;3420;0;NAC;AIR SEA WORLDWIDE;0;0;N
6701282;OLO6;Transito;TEMU7139170;CMA CGM;Contenedor 40 HC;HNGB00070661;09-01-26;09-01-26;06-01-26;16-01-26;04-02-26;21-01-26;06-03-26;06-03-26;;3350;0;NAC;SPARX;0;0;N
6701286;OLO6;Produccion;VTCN600738;0;Contenedor 40 HC;0;;;09-03-26;;;;;;;0;0;0;IN OCEAN;0;0;N
6701287;OLO6;Produccion;VTCN600739;0;Contenedor 40 HC;0;;;09-03-26;;;;;;;0;0;0;IN OCEAN;0;0;N
6701288;OLO6;Produccion;VTCN600740;0;Contenedor 40 HC;0;;;09-03-26;;;;;;;0;0;0;IN OCEAN;0;0;N
6701292;OLO6;Transito;TRLU7576130;CMA CGM;Contenedor 40 HC;HNGB00071274;26-02-26;26-02-26;;09-03-26;16-03-26;11-03-26;23-04-26;23-04-26;;4500;0;NAC;SPARX;0;0;N
6701293;OLO6;Booking;BRU6701293;CMA CGM;Contenedor 40 HC;0;26-02-26;26-02-26;16-02-26;25-03-26;25-03-26;;;;;0;0;0;SPARX;0;0;N
6701294;OLO6;Produccion;BRU6701294;0;Contenedor 40 HC;0;;;;;;;;;;0;0;0;0;0;0;N
6701295;OLO6;Produccion;BRU6701295;0;Contenedor 40 HC;0;;;;;;;;;;0;0;0;0;0;0;N
6701300;OLO6;Transito;GAOU7030883;CMA CGM;Contenedor 40ft;BJPBL2500065;06-11-25;06-11-25;07-10-25;11-12-25;18-12-25;12-12-25;09-02-26;01-02-26;;4900;IOLFT25-926;FAK;IN OCEAN;0;0;N
6701303;OLO6;Transito;HLBU1159434;HAPAG LLOYD;Contenedor 40 HC;ASCAN501910;10-12-25;10-12-25;;22-12-25;05-01-26;25-12-25;18-02-26;19-02-26;;3845;0;NAC;0;0;0;N
6701305;OLO6;Transito;TCLU8126293;HAPAG LLOYD;Contenedor 40 HC;ASCAN501911;10-12-25;10-12-25;;17-12-25;31-12-25;19-12-25;09-02-26;20-02-26;;3710;0;NAC;0;0;0;N
6701307;OLO6;Ingresada;CMAU7571562;CMA CGM;Contenedor 40 HC;BJPBL2500087;11-12-25;11-12-25;;16-12-25;31-12-25;27-12-25;24-02-26;28-02-26;01-03-26;4350;IOLFT25-968;FAK;0;0;0;N
6701314;OLO6;Transito;HAMU3296610;HAPAG LLOYD;Contenedor 40 HC;HSZX00036284;06-01-26;06-02-26;05-01-26;12-03-26;19-03-26;12-03-26;24-04-26;24-04-26;;4500;0;NAC;SPARX;0;0;N
6701317;OLO6;Transito;FANU1607504;HAPAG LLOYD;Contenedor 40 HC;HSZX00036285;06-01-26;10-02-26;05-01-26;12-03-26;19-03-26;12-03-26;17-04-26;17-04-26;;4500;0;NAC;SPARX;0;0;N
6701328;OLO6;Transito;HAMU1137820;HAPAG LLOYD;Contenedor 40 HC;ASNGB511717;07-11-25;07-11-25;21-10-25;04-12-25;10-12-25;03-12-25;16-01-26;03-02-26;;3420;0;NAC;AIR SEA WORLDWIDE;0;0;N
6701356;OLO6;Transito;FFAU2859030;HAPAG LLOYD;Contenedor 40 HC;ASSHAA00085;06-01-26;06-01-26;05-01-26;23-01-26;30-01-26;24-01-26;06-03-26;13-03-26;;3720;0;NAC;AIR SEA WORLDWIDE;0;0;N
6701357;OLO6;Transito;HAMU4547710;HAPAG LLOYD;Contenedor 40 HC;ASSHAA00549;19-01-26;19-01-26;15-01-26;11-02-26;27-02-26;26-02-26;10-04-26;10-04-26;;2700;0;NAC;AIR SEA WORLDWIDE;0;0;N
6701360;OLO6;Transito;HAMU4065811;HAPAG LLOYD;Contenedor 40 HC;ASSHAA00086;06-01-26;06-01-26;05-01-26;27-01-26;08-02-26;11-02-26;25-03-26;25-03-26;;3555;0;NAC;AIR SEA WORLDWIDE;0;0;N
6701361;OLO6;Transito;GESU6733740;CMA CGM;Contenedor 40 HC;BJPBL2500051;21-11-25;21-11-25;07-10-25;30-11-25;17-12-25;12-12-25;09-02-26;01-02-26;;4820;IOLFT25-913;FAK;IN OCEAN;0;0;N
6701363;OLO6;Transito;GAOU6376906;CMA CGM;Contenedor 40 HC;BJPBL2600082;27-01-26;27-01-26;15-01-26;14-02-26;15-03-26;09-03-26;28-04-26;28-04-26;;3450;IOLFT26-157;FAK;IN OCEAN;0;0;N
6701367;OLO6;Transito;TCLU1868958;CMA CGM;Contenedor 40 HC;BJPBL2500061;21-11-25;21-11-25;17-11-25;08-12-25;08-12-25;03-12-25;14-01-26;04-02-26;;5450;IOLFT25-886;FAK;IN OCEAN;0;0;N
6701381;OLO6;Produccion;80001372-7;0;Contenedor 40 HC;0;;;;;;;;;;0;0;0;0;0;0;N
6701382;OLO6;Produccion;80001372-8;0;Contenedor 40 HC;0;;;;;;;;;;0;0;0;0;0;0;N
6701383;OLO6;Produccion;80001372-9;0;Contenedor 40 HC;0;;;;;;;;;;0;0;0;0;0;0;N
6701384;OLO6;Produccion;80001372-10;0;Contenedor 40 HC;0;;;;;;;;;;0;0;0;0;0;0;N
6701388;OLO6;Transito;MEDU9475864;MSC;Contenedor 40 HC;ASTAOA00304;20-11-25;20-11-25;14-11-25;16-01-26;23-01-26;24-01-26;27-02-26;14-03-26;;3720;0;NAC;AIR SEA WORLDWIDE;0;0;N
6701390;OLO6;Produccion;80001372-16;0;Contenedor 40 HC;0;;;;;;;;;;0;0;0;0;0;0;N
6701391;OLO6;Produccion;80001372-17;0;Contenedor 40 HC;0;;;;;;;;;;0;0;0;0;0;0;N
6701393;OLO6;Transito;CAIU7629297;MSC;Contenedor 40 HC;ASTAOA01656;20-11-25;20-11-25;14-11-25;06-02-26;22-02-26;22-02-26;29-03-26;29-03-26;;2700;0;NAC;AIR SEA WORLDWIDE;0;0;N
6701394;OLO6;Produccion;80001372-20;0;Contenedor 40 HC;0;;;;;;;;;;0;0;0;0;0;0;N
6701399;OLO6;Booking;80001372-32;0;Contenedor 40 HC;0;12-03-26;12-03-26;09-03-26;26-03-26;26-03-26;;;;;0;0;0;SPARX;0;0;N
6701400;OLO6;Booking;80001372-33;0;Contenedor 40 HC;0;12-03-26;12-03-26;09-03-26;26-03-26;26-03-26;;;;;0;0;0;SPARX;0;0;N
6701401;OLO6;Booking;80001372-34;0;Contenedor 40 HC;0;12-03-26;12-03-26;09-03-26;26-03-26;26-03-26;;;;;0;0;0;SPARX;0;0;N
6701402;OLO6;Booking;80001372-35;0;Contenedor 40 HC;0;12-03-26;12-03-26;09-03-26;26-03-26;26-03-26;;;;;0;0;0;SPARX;0;0;N
6701403;OLO6;Booking;80001372-36;0;Contenedor 40 HC;0;12-03-26;12-03-26;09-03-26;26-03-26;26-03-26;;;;;0;0;0;SPARX;0;0;N
6701404;OLO6;Booking;80001372-37;0;Contenedor 40 HC;0;12-03-26;12-03-26;09-03-26;26-03-26;26-03-26;;;;;0;0;0;SPARX;0;0;N
6701405;OLO6;Produccion;80001372-38;0;Contenedor 40 HC;0;;;;;;;;;;0;0;0;0;0;0;N
6701406;OLO6;Produccion;80001372-39;0;Contenedor 40 HC;0;;;;;;;;;;0;0;0;0;0;0;N
6701407;OLO6;Produccion;80001372-40;0;Contenedor 40 HC;0;;;;;;;;;;0;0;0;0;0;0;N
6701408;OLO6;Produccion;80001372-41;0;Contenedor 40 HC;0;;;;;;;;;;0;0;0;0;0;0;N
6701409;OLO6;Produccion;80001372-42;0;Contenedor 40 HC;0;;;;;;;;;;0;0;0;0;0;0;N
6701410;OLO6;Produccion;80001372-43;0;Contenedor 40 HC;0;;;;;;;;;;0;0;0;0;0;0;N
6701411;OLO6;Transito;FCIU7380941;MSC;Contenedor 40 HC;ASTAO513775;14-11-25;14-11-25;10-11-25;01-12-25;08-12-25;05-12-25;20-01-26;01-02-26;;3645;0;NAC;AIR SEA WORLDWIDE;0;0;N
6701413;OLO6;Produccion;80001372-46;0;Contenedor 40 HC;0;;;;;;;;;;0;0;0;0;0;0;N
6701414;OLO6;Transito;HAMU3511605;HAPAG LLOYD;Contenedor 40 HC;HTAO00015876;24-11-25;24-11-25;14-11-25;30-01-26;06-02-26;02-02-26;10-03-26;10-03-26;;3350;0;NAC;SPARX;0;0;N
6701415;OLO6;Produccion;80001372-48;0;Contenedor 40 HC;0;;;;;;;;;;0;0;0;0;0;0;N
6701418;OLO6;Produccion;80001372-51;0;Contenedor 40 HC;0;;;;;;;;;;0;0;0;0;0;0;N
6701420;OLO6;Transito;CMAU4656162;CMA CGM;Contenedor 40 HC;BJPBL2500091;12-11-25;12-11-25;13-11-25;19-12-25;28-12-25;22-12-25;25-02-26;17-02-26;;4990;IOLFT25-963;FAK;IN OCEAN;0;0;N
6701421;OLO6;Produccion;80001372-59;0;Contenedor 40 HC;0;;;;;;;;;;0;0;0;0;0;0;N
6701422;OLO6;Produccion;80001372-60;0;Contenedor 40 HC;0;;;;;;;;;;0;0;0;0;0;0;N
6701424;OLO6;Produccion;80001372-62;0;Contenedor 40 HC;0;;;;;;;;;;0;0;0;0;0;0;N
6701425;OLO6;Transito;GESU6889029;CMA CGM;Contenedor 40 HC;BJPBL2500088;10-12-25;10-12-25;14-11-25;19-12-25;28-12-25;22-12-25;25-02-26;17-02-26;;4990;IOLFT25-965;FAK;IN OCEAN;0;0;N
6701427;OLO6;Transito;GAOU6049483;CMA CGM;Contenedor 40 HC;BJPBL2500090;12-11-25;12-11-25;10-11-25;17-12-25;29-12-25;22-12-25;25-02-26;14-02-26;;4990;IOLFT25-964;FAK;IN OCEAN;0;0;N
6701429;OLO6;Ingresada;UETU5630133;CMA CGM;Contenedor 40 HC;BJPBL2600016;26-12-25;26-12-25;14-11-25;09-01-26;23-01-26;20-01-26;17-03-26;17-03-26;10-03-26;4130;IOLFT26-052;FAK;IN OCEAN;0;0;N
6701430;OLO6;Produccion;80001372-68;0;Contenedor 40 HC;0;;;;;;;;;;0;0;0;0;0;0;N
6701432;OLO6;Produccion;80001372-70;0;Contenedor 40 HC;0;;;;;;;;;;0;0;0;0;0;0;N
6701433;OLO6;Transito;TCNU4528199;CMA CGM;Contenedor 40 HC;BJPBL2600075;12-11-25;12-11-25;10-11-25;10-02-26;06-03-26;01-03-26;07-04-26;07-04-26;;3430;IOLFT26-151;FAK;IN OCEAN;0;0;N
6701434;OLO6;Transito;TGBU5764645;CMA CGM;Contenedor 40 HC;BJPBL2600076;28-11-25;28-11-25;14-11-25;10-02-26;06-03-26;01-03-26;14-04-26;07-04-26;;3430;IOLFT26-146;FAK;IN OCEAN;0;0;N
6701435;OLO6;Produccion;80001372-73;0;Contenedor 40 HC;0;;;;;;;;;;0;0;0;0;0;0;N
6701445;OLO6;Booking;80001372-85;0;Contenedor 40 HC;0;12-03-26;12-03-26;09-03-26;11-04-26;11-04-26;;;;;0;0;0;SPARX;0;0;N
6701447;OLO6;Booking;80001372-87;0;Contenedor 40 HC;0;12-03-26;12-03-26;09-03-26;11-04-26;11-04-26;;;;;0;0;0;SPARX;0;0;N
6701448;OLO6;Booking;80001372-88;0;Contenedor 40 HC;0;12-03-26;12-03-26;09-03-26;26-03-26;26-03-26;;;;;0;0;0;SPARX;0;0;N
6701449;OLO6;Produccion;80001372-89;0;Contenedor 40 HC;0;;;;;;;;;;0;0;0;0;0;0;N
6701450;OLO6;Produccion;80001372-90;0;Contenedor 40 HC;0;;;;;;;;;;0;0;0;0;0;0;N
6701451;OLO6;Produccion;80001372-91;0;Contenedor 40 HC;0;;;;;;;;;;0;0;0;0;0;0;N
6701452;OLO6;Produccion;80001372-92;0;Contenedor 40 HC;0;;;;;;;;;;0;0;0;0;0;0;N
6701453;OLO6;Produccion;80001372-93;0;Contenedor 40 HC;0;;;;;;;;;;0;0;0;0;0;0;N
6701454;OLO6;Produccion;80001372-94;0;Contenedor 40 HC;0;;;;;;;;;;0;0;0;0;0;0;N
6701455;OLO6;Produccion;80001372-95;0;Contenedor 40 HC;0;;;;;;;;;;0;0;0;0;0;0;N
6701456;OLO6;Produccion;80001372-96;0;Contenedor 40 HC;0;;;;;;;;;;0;0;0;0;0;0;N
6701457;OLO6;Produccion;80001372-97;0;Contenedor 40 HC;0;;;;;;;;;;0;0;0;0;0;0;N
6701460;OLO6;Produccion;80001372-100;0;Contenedor 40 HC;0;;;;;;;;;;0;0;0;0;0;0;N
6701464;OLO6;Booking;80001372-104;0;Contenedor 40 HC;0;12-03-26;12-03-26;09-03-26;26-03-26;26-03-26;;;;;0;0;0;SPARX;0;0;N
6701465;OLO6;Produccion;80001372-105;0;Contenedor 40 HC;0;;;;;;;;;;0;0;0;0;0;0;N
6701466;OLO6;Produccion;80001372-106;0;Contenedor 40 HC;0;;;;;;;;;;0;0;0;0;0;0;N
6701467;OLO6;Transito;TLLU5177783;MSC;Contenedor 40 HC;ASTAOA00300;23-10-25;23-10-25;13-10-25;16-01-26;06-02-26;23-01-26;04-03-26;04-03-26;;3820;0;NAC;AIR SEA WORLDWIDE;0;0;N
6701468;OLO6;Produccion;80001372-108;0;Contenedor 40 HC;0;;;;;;;;;;0;0;0;0;0;0;N
6701474;OLO6;Transito;MSMU4382269;MSC;Contenedor 40 HC;ASTAOA01116;20-11-25;20-11-25;14-11-25;30-01-26;06-02-26;06-02-26;20-03-26;03-04-26;;3720;0;NAC;AIR SEA WORLDWIDE;0;0;N
6701475;OLO6;Booking;TEMU7865608;MSC;Contenedor 40 HC;ASTAOA03140;25-02-26;25-02-26;05-01-26;30-03-26;23-03-26;;;;;3320;0;0;AIR SEA WORLDWIDE;0;0;N
6701481;OLO6;Produccion;80001372-121;0;Contenedor 40 HC;0;;;;;;;;;;0;0;0;0;0;0;N
6701482;OLO6;Produccion;80001372-122;0;Contenedor 40 HC;0;;;;;;;;;;0;0;0;0;0;0;N
6701499;OLO6;Produccion;80001372-140;0;Contenedor 40 HC;0;;;;;;;;;;0;0;0;0;0;0;N
6701500;OLO6;Produccion;80001372-141;0;Contenedor 40 HC;0;;;;;;;;;;0;0;0;0;0;0;N
6701502;OLO6;Produccion;80001372-143;0;Contenedor 40 HC;0;;;;;;;;;;0;0;0;0;0;0;N
6701503;OLO6;Transito;TCNU7189680;CMA CGM;Contenedor 40 HC;BJPBL2500089;12-11-25;12-11-25;10-11-25;19-12-25;28-12-25;22-12-25;25-02-26;17-02-26;;4990;IOLFT25-966;FAK;IN OCEAN;0;0;N
6701504;OLO6;Produccion;80001372-145;0;Contenedor 40 HC;0;;;;;;;;;;0;0;0;0;0;0;N
6701505;OLO6;Produccion;80001372-146;0;Contenedor 40 HC;0;;;;;;;;;;0;0;0;0;0;0;N
6701506;OLO6;Produccion;80001372-147;0;Contenedor 40 HC;0;;;;;;;;;;0;0;0;0;0;0;N
6701515;OLO6;Transito;TCLU7743496;MSC;Contenedor 40 HC;HNGB00070668;29-12-25;29-12-25;17-12-25;24-01-26;03-02-26;28-01-26;03-03-26;21-03-26;;3720;0;NAC;SPARX;0;0;N
6701516;OLO6;Transito;MSNU5557621;MSC;Contenedor 40 HC;HNGB00070669;29-12-25;29-12-25;17-12-25;24-01-26;03-02-26;28-01-26;03-03-26;21-03-26;;3750;0;NAC;SPARX;0;0;N
6701517;OLO6;Transito;MSMU5931419;MSC;Contenedor 40 HC;HNGB00070671;29-12-25;29-12-25;15-12-25;24-01-26;03-02-26;28-01-26;03-03-26;21-03-26;;3750;0;NAC;SPARX;0;0;N
6701519;OLO6;Transito;CMAU6741303;CMA CGM;Contenedor 40 HC;HNGB00070136;08-12-25;09-12-25;03-12-25;28-12-25;11-01-26;25-12-25;13-02-26;13-02-26;;3499;0;NAC;SPARX;0;0;N
6701520;OLO6;Transito;ECMU7422622;CMA CGM;Contenedor 40 HC;HNGB00070482;29-12-25;29-12-25;15-12-25;21-01-26;28-01-26;24-01-26;13-03-26;13-03-26;;3350;0;NAC;SPARX;0;0;N
6701528;OLO6;Transito;FANU3793687;HAPAG LLOYD;Contenedor 40 HC;HNGB00070483;29-12-25;29-12-25;15-12-25;25-01-26;08-02-26;01-02-26;12-03-26;12-03-26;;3350;0;NAC;SPARX;0;0;N
6701529;OLO6;Transito;HAMU4505309;HAPAG LLOYD;Contenedor 40 HC;HNGB00070484;29-12-25;29-12-25;15-12-25;25-01-26;11-02-26;01-02-26;12-03-26;12-03-26;;3350;0;NAC;SPARX;0;0;N
6701530;OLO6;Transito;UACU5429377;HAPAG LLOYD;Contenedor 40 HC;HNGB00070485;29-12-25;29-12-25;15-12-25;25-01-26;08-02-26;01-02-26;12-03-26;12-03-26;;3350;0;NAC;SPARX;0;0;N
6701532;OLO6;Transito;CMAU8448850;CMA CGM;Contenedor 40 HC;BJPBL2500040;12-11-25;12-11-25;06-11-25;30-11-25;07-12-25;30-11-25;30-01-26;01-02-26;;4130;IOLFT25-859;FAK;IN OCEAN;0;0;N
6701533;OLO6;Transito;CLHU9096216;CMA CGM;Contenedor 40 HC;BJPBL2500042;12-11-25;12-11-25;06-11-25;30-11-25;07-12-25;30-11-25;30-01-26;04-02-26;;4130;IOLFT25-858;FAK;IN OCEAN;0;0;N
6701536;OLO6;Transito;TGBU5821684;CMA CGM;Contenedor 40 HC;BJPBL2600062;19-01-26;19-01-26;15-12-25;25-01-26;12-02-26;08-02-26;31-03-26;31-03-26;;3490;IOLFT26-083;FAK;IN OCEAN;0;0;N
6701537;OLO6;Transito;DRYU9922670;CMA CGM;Contenedor 40 HC;BJPBL2600059;21-01-26;21-01-26;15-12-25;27-01-26;17-02-26;08-02-26;31-03-26;31-03-26;;3490;IOLFT26-082;FAK;IN OCEAN;0;0;N
6701539;OLO6;Transito;TCNU2154572;CMA CGM;Contenedor 40 HC;BJPBL2500077A;21-11-25;21-11-25;12-11-25;08-12-25;22-12-25;16-12-25;17-02-26;17-02-26;;4950;IOLFT25-932;FAK;IN OCEAN;0;0;N
6701540;OLO6;Transito;TCNU5104699;CMA CGM;Contenedor 40 HC;BJLAG2600127;02-03-26;02-03-26;16-02-26;13-03-26;20-03-26;14-03-26;28-04-26;28-04-26;;0;0;0;IN OCEAN;0;0;N
6701553;OLO6;Transito;TCNU2154572;CMA CGM;Contenedor 40 HC;BJPBL2500077B;21-11-25;21-11-25;12-11-25;08-12-25;22-12-25;16-12-25;17-02-26;17-02-26;;0;IOLFT25-932;FAK;IN OCEAN;0;0;N
6701554;OLO6;Transito;ECMU7180128;CMA CGM;Contenedor 40 HC;BJPBL2500075;12-11-25;12-11-25;10-11-25;09-12-25;16-12-25;12-12-25;09-02-26;04-02-26;;5450;IOLFT25-917;FAK;IN OCEAN;0;0;N
6701563;OLO6;Transito;CMAU7778420;CMA CGM;Contenedor 40 HC;BJPBL2500076;21-11-25;21-11-25;14-11-25;09-12-25;16-12-25;12-12-25;09-02-26;04-02-26;;5350;IOLFT25-918;FAK;IN OCEAN;0;0;N
6701564;OLO6;Transito;CMAU9792285;CMA CGM;Contenedor 40 HC;BJPBL2600043;16-01-26;16-01-26;29-12-25;27-01-26;13-02-26;09-02-26;14-04-26;14-04-26;;3280;IOLFT26-093;FAK;IN OCEAN;0;0;N
6701565;OLO6;Produccion;80001432-3;0;Contenedor 40 HC;0;;;09-03-26;;;;;;;0;0;0;IN OCEAN;0;0;N
6701567;OLO6;Transito;MRSU7867284;MAERSK;Contenedor 40 HC;SZXD35820;05-02-26;05-02-26;16-01-26;19-02-26;26-02-26;20-02-26;07-04-26;06-04-26;;3021;0;FAK;DHL;0;0;N
6701568;OLO6;Booking;80001432-6;0;Contenedor 40 HC;0;12-03-26;12-03-26;09-03-26;26-03-26;26-03-26;;;;;4535;0;0;AIR SEA WORLDWIDE;0;0;N
6701569;OLO6;Transito;FANU1152149;HAPAG LLOYD;Contenedor 40 HC;ASSNZA00017;12-01-26;12-01-26;29-12-25;11-02-26;25-02-26;26-02-26;10-04-26;10-04-26;;2800;0;NAC;AIR SEA WORLDWIDE;0;0;N
6701570;OLO6;Produccion;80001432-8;0;Contenedor 40 HC;0;;;09-03-26;;;;;;;0;0;0;IN OCEAN;0;0;N
6701572;OLO6;Transito;MRSU5449053;MAERSK;Contenedor 40 HC;ASSNZA00018;12-01-26;12-01-26;29-12-25;13-02-26;11-02-26;11-02-26;16-03-26;16-03-26;;3320;0;NAC;AIR SEA WORLDWIDE;0;0;N
6701573;OLO6;Produccion;80001432-12;0;Contenedor 40 HC;0;;;;;;;;;;0;0;0;0;0;0;N
6701574;OLO6;Transito;MSMU8734310;MSC;Contenedor 40 HC;ASSZX513484;30-12-25;30-12-25;19-12-25;18-01-26;18-01-26;21-01-26;03-03-26;03-03-26;;3550;0;NAC;AIR SEA WORLDWIDE;0;0;N
6701575;OLO6;Booking;80001432-14;0;Contenedor 40 HC;0;13-03-26;13-03-26;09-03-26;30-04-26;30-04-26;;;;;4535;0;0;AIR SEA WORLDWIDE;0;0;N
6701576;OLO6;Transito;TCLU6274080;HAPAG LLOYD;Contenedor 40 HC;HSZX00036269;29-01-26;29-01-26;27-01-26;13-02-26;04-03-26;04-03-26;15-04-26;15-04-26;;4500;0;NAC;SPARX;0;0;N
6701577;OLO6;Transito;HAMU2365580;HAPAG LLOYD;Contenedor 40 HC;ASSZX513301;22-12-25;22-12-25;12-12-25;04-02-26;11-02-26;05-02-26;20-03-26;20-03-26;;3720;0;NAC;AIR SEA WORLDWIDE;0;0;N
6701578;OLO6;Transito;FANU1325795;HAPAG LLOYD;Contenedor 40 HC;ASSZX513302;22-12-25;22-12-25;12-12-25;29-01-26;11-02-26;05-02-26;20-03-26;20-03-26;;3320;0;NAC;AIR SEA WORLDWIDE;0;0;N
6701579;OLO6;Transito;TCLU5493741;HAPAG LLOYD;Contenedor 40 HC;ASSZX513206;22-12-25;22-12-25;12-12-25;29-01-26;12-02-26;05-02-26;20-03-26;20-03-26;;3720;0;NAC;AIR SEA WORLDWIDE;0;0;N
6701580;OLO6;Transito;HAMU1379001;HAPAG LLOYD;Contenedor 40 HC;ASSZX513392;30-12-25;30-12-25;12-12-25;24-01-26;12-02-26;05-02-26;20-03-26;20-03-26;;3720;0;NAC;AIR SEA WORLDWIDE;0;0;N
6701581;OLO6;Booking;80001426-5;0;Contenedor 40 HC;0;04-03-26;04-03-26;26-02-26;25-03-26;25-03-26;;;;;4535;0;0;AIR SEA WORLDWIDE;0;0;N
6701582;OLO6;Booking;80001426-6;0;Contenedor 40 HC;0;04-03-26;04-03-26;27-02-26;25-03-26;25-03-26;;;;;4535;0;0;AIR SEA WORLDWIDE;0;0;N
6701583;OLO6;Transito;SEKU5503830;CMA CGM;Contenedor 40 HC;HSZX00036166;26-12-25;26-12-25;12-12-25;21-01-26;17-02-26;09-02-26;03-04-26;03-04-26;;2990;0;NAC;SPARX;0;0;N
6701584;OLO6;Booking;80001426-8;MSC;Contenedor 40 HC;0;04-03-26;04-03-26;26-02-26;27-03-26;27-03-26;;;;;4115;0;0;AIR SEA WORLDWIDE;0;0;N
6701585;OLO6;Transito;HAMU3466379;HAPAG LLOYD;Contenedor 40 HC;HSZX00036155;19-12-25;19-12-25;12-12-25;17-01-26;13-02-26;31-01-26;12-03-26;12-03-26;;3490;0;NAC;SPARX;0;0;N
6701586;OLO6;Booking;80001426-10;0;Contenedor 40 HC;0;09-03-26;09-03-26;26-02-26;25-03-26;25-03-26;;;;;4570;0;0;AIR SEA WORLDWIDE;0;0;N
6701587;OLO6;Transito;BEAU6112849;CMA CGM;Contenedor 40 HC;BJPBL2600058;29-12-25;29-12-25;12-12-25;27-01-26;11-02-26;09-02-26;14-04-26;14-04-26;;3280;IOLFT26-091;FAK;IN OCEAN;0;0;N
6701588;OLO6;Transito;BEAU4751250;CMA CGM;Contenedor 40 HC;BJPBL2600060;29-12-25;29-12-25;12-12-25;22-01-26;11-02-26;09-02-26;14-04-26;14-04-26;;3280;IOLFT26-090;FAK;IN OCEAN;0;0;N
6701589;OLO6;Booking;80001426-13;CMA CGM;Contenedor 40 HC;0;02-03-26;02-03-26;26-02-26;23-03-26;23-03-26;;;;;0;0;0;IN OCEAN;0;0;N
6701590;OLO6;Booking;80001426-14;CMA CGM;Contenedor 40 HC;0;02-03-26;02-03-26;26-02-26;23-03-26;23-03-26;;;;;0;0;0;IN OCEAN;0;0;N
6701595;OLO6;Booking;80001404-3;HAPAG LLOYD;Contenedor 40 HC;0;09-03-26;10-03-26;26-02-26;05-04-26;05-04-26;;;;;4535;0;0;AIR SEA WORLDWIDE;0;0;N
6701598;OLO6;Booking;80001404-6;MSC;Contenedor 40 HC;0;10-03-26;10-03-26;26-02-26;02-04-26;02-04-26;;;;;4570;0;0;AIR SEA WORLDWIDE;0;0;N
6701643;OLO6;Transito;APHU6766453;CMA CGM;Contenedor 40 HC;BJPBL2500071;21-11-25;21-11-25;10-11-25;08-12-25;22-12-25;16-12-25;17-02-26;17-02-26;;4950;IOLFT25-934;FAK;IN OCEAN;0;0;N
6701652;OLO6;Booking;80001429-9;HAPAG LLOYD;Contenedor 40 HC;0;09-03-26;09-03-26;04-03-26;07-04-26;07-04-26;;;;;4535;0;0;AIR SEA WORLDWIDE;0;0;N
6701653;OLO6;Booking;80001429-10;HAPAG LLOYD;Contenedor 40 HC;0;10-03-26;10-03-26;04-03-26;07-04-26;07-04-26;;;;;4535;0;0;AIR SEA WORLDWIDE;0;0;N
6701654;OLO6;Transito;TGHU9769816;CMA CGM;Contenedor 40 HC;ASNGB511903;13-11-25;13-11-25;;12-12-25;26-12-25;15-12-25;30-01-26;12-02-26;;3555;0;NAC;0;0;0;N
6701655;OLO6;Transito;SEGU5376181;CMA CGM;Contenedor 40 HC;ASNGB511902;13-11-25;13-11-25;10-11-25;12-12-25;26-12-25;15-12-25;30-01-26;12-02-26;;3555;0;NAC;AIR SEA WORLDWIDE;0;0;N
6701656;OLO6;Transito;HLBU3422196;HAPAG LLOYD;Contenedor 40 HC;ASNGB512663;04-12-25;04-12-25;28-11-25;28-12-25;11-01-26;30-12-25;13-02-26;04-02-26;;3555;0;NAC;AIR SEA WORLDWIDE;0;0;N
6701657;OLO6;Booking;80001429-14;0;Contenedor 40 HC;0;06-03-26;06-03-26;04-03-26;10-04-26;10-04-26;;;;;0;0;0;SPARX;0;0;N
6701663;OLO6;Transito;FANU1506026;HAPAG LLOYD;Contenedor 40 HC;ASNGB512660;04-12-25;04-12-25;02-12-25;21-12-25;28-12-25;22-12-25;30-01-26;03-02-26;;3420;0;NAC;AIR SEA WORLDWIDE;0;0;N
6701664;OLO6;Booking;80001429-24;CMA CGM;Contenedor 40 HC;0;06-03-26;06-03-26;04-03-26;31-03-26;31-03-26;;;;;0;0;0;SPARX;0;0;N
6701665;OLO6;Booking;80001429-25;0;Contenedor 40 HC;0;06-03-26;06-03-26;04-03-26;31-03-26;31-03-26;;;;;0;0;0;SPARX;0;0;N
6701666;OLO6;Transito;TCNU5833875;CMA CGM;Contenedor 40 HC;BJPBL2500066;28-11-25;28-11-25;10-11-25;08-12-25;15-12-25;11-12-25;04-02-26;01-02-26;;4950;IOLFT25-925;FAK;IN OCEAN;0;0;N
6701667;OLO6;Transito;GESU6565020;CMA CGM;Contenedor 40 HC;BJPBL2500069;21-11-25;21-11-25;10-11-25;08-12-25;15-12-25;11-12-25;04-02-26;01-02-26;;4950;IOLFT25-903;FAK;IN OCEAN;0;0;N
6701670;OLO6;Ingresada;CAIU9481547;CMA CGM;Contenedor 40 HC;BJPBL2500121;12-12-25;12-12-25;28-11-25;29-12-25;19-01-26;12-01-26;03-03-26;03-03-26;10-03-26;3990;IOLFT26-022;FAK;IN OCEAN;0;0;N
6701671;OLO6;Booking;VTCN600749;CMA CGM;Contenedor 40 HC;0;06-03-26;06-03-26;04-03-26;31-03-26;31-03-26;;;;;0;0;0;SPARX;0;0;N
6701685;OLO6;Transito;CAIU4591942;MSC;Contenedor 40ft;ASTAOA02568;12-02-26;12-02-26;23-01-26;13-03-26;20-03-26;14-03-26;17-04-26;17-04-26;;4535;0;NAC;AIR SEA WORLDWIDE;0;0;N
6701686;OLO6;Booking;80001430-15;MSC;Contenedor 40 HC;0;12-02-26;12-02-26;23-01-26;20-03-26;20-03-26;;;;;2700;0;0;AIR SEA WORLDWIDE;0;0;N
6701687;OLO6;Booking;MSMU8711444;MSC;Contenedor 40 HC;ASTAOA02575;12-02-26;12-02-26;23-01-26;13-03-26;24-03-26;;;;;2700;0;0;AIR SEA WORLDWIDE;0;0;N
6701688;OLO6;Transito;MSBU8217844;MAERSK;Contenedor 40 HC;ASTAOA02577;12-02-26;12-02-26;23-01-26;13-03-26;20-03-26;13-03-26;17-04-26;17-04-26;;3535;0;NAC;AIR SEA WORLDWIDE;0;0;N
6701689;OLO6;Booking;MSDU7602252;MSC;Contenedor 40 HC;ASTAOA02572;12-02-26;12-02-26;23-01-26;13-03-26;20-03-26;;;;;2700;0;0;AIR SEA WORLDWIDE;0;0;N
6701710;OLO6;Transito;HAMU1711266;HAPAG LLOYD;Contenedor 40 HC;HTAO00016265;27-01-26;30-01-26;23-01-26;15-03-26;22-03-26;;;;;0;0;0;SPARX;0;0;N
6701711;OLO6;Booking;UETU 5253575;HAPAG LLOYD;Contenedor 40 HC;HTAO00010646;27-01-26;30-01-26;23-01-26;15-03-26;26-03-26;;;;;0;0;0;SPARX;0;0;N
6701712;OLO6;Booking;FANU  3410643;HAPAG LLOYD;Contenedor 40 HC;HTAO00016302;27-01-26;30-01-26;23-01-26;15-03-26;26-03-26;;;;;0;0;0;SPARX;0;0;N
6701713;OLO6;Transito;HAMU3858889;HAPAG LLOYD;Contenedor 40 HC;HTAO00016300;27-01-26;30-01-26;23-01-26;15-03-26;22-03-26;;;;;0;0;0;SPARX;0;0;N
6701714;OLO6;Booking;HLBU  3274123;HAPAG LLOYD;Contenedor 40 HC;HTAO00016301;27-01-26;30-01-26;23-01-26;15-03-26;26-03-26;;;;;0;0;0;SPARX;0;0;N
6701720;OLO6;Booking;BHCU5035554;CMA CGM;Contenedor 40 HC;HTAO00016270;27-01-26;30-01-26;23-01-26;13-03-26;26-03-26;;;;;0;0;0;SPARX;0;0;N
6701721;OLO6;Transito;BEAU4053475;CMA CGM;Contenedor 40 HC;HTAO00016269;27-01-26;30-01-26;23-01-26;13-03-26;20-03-26;;;;;0;0;0;SPARX;0;0;N
6701730;OLO6;Transito;CMAU8576110;CMA CGM;Contenedor 40ft;QDPBL2510652;22-10-25;22-10-25;20-10-25;19-11-25;20-12-25;21-11-25;09-02-26;01-02-26;;5400;IOLFT25-833;FAK;IN OCEAN;0;0;N
6701732;OLO6;Transito;TGBU7985060;MSC;Contenedor 40 HC;HSNGB00070803;16-01-26;16-01-26;09-01-26;01-02-26;08-02-26;01-02-26;09-03-26;09-03-26;;3350;0;NAC;SPARX;0;0;N
6701733;OLO6;Transito;MSMU6082390;MSC;Contenedor 40 HC;HNGB00070858;16-01-26;16-01-26;09-01-26;01-02-26;15-02-26;01-02-26;09-03-26;09-03-26;;3350;0;NAC;SPARX;0;0;N
6701734;OLO6;Produccion;HASU5208816;0;Contenedor 40ft;261856643;;;;15-03-26;05-04-26;;;;;0;0;0;0;0;0;N
6701737;OLO6;Transito;TLLU5177783;MSC;Contenedor 40 HC;ASTAOA00300;23-10-25;23-10-25;13-10-25;16-01-26;06-02-26;23-01-26;04-03-26;04-03-26;;0;0;NAC;AIR SEA WORLDWIDE;0;0;N
6701739;OLO6;Produccion;80001372-108;0;Contenedor 40 HC;0;;;;;;;;;;0;0;0;0;0;0;N
6701740;OLO6;Transito;TCNU4528199;CMA CGM;Contenedor 40 HC;BJPBL2600075;12-11-25;12-11-25;10-11-25;10-02-26;06-03-26;01-03-26;14-04-26;14-04-26;;0;IOLFT26-151;FAK;IN OCEAN;0;0;N
6701741;OLO6;Transito;TGBU5764645;CMA CGM;Contenedor 40 HC;BJPBL2600076;28-11-25;28-11-25;14-11-25;10-02-26;06-03-26;01-03-26;14-04-26;14-04-26;;0;IOLFT26-146;FAK;IN OCEAN;0;0;N
6701742;OLO6;Produccion;80001372-73;0;Contenedor 40 HC;0;;;;;;;;;;0;0;0;0;0;0;N
6701744;OLO6;Produccion;HASU5208816;0;Contenedor 40ft;261856643;;;;15-03-26;05-04-26;;;;;0;0;0;0;0;0;N
6701745;OLO6;Transito;MSCU5056117;MSC;Contenedor 40 HC;ASTAOA01528;05-01-26;05-01-26;05-12-25;30-01-26;13-02-26;07-02-26;20-03-26;03-04-26;;3720;0;NAC;AIR SEA WORLDWIDE;0;0;N
6701747;OLO6;Transito;HAMU4993158;HAPAG LLOYD;Contenedor 40 HC;ASNGBA00943;22-01-26;22-01-26;12-11-25;08-02-26;27-02-26;20-02-26;27-03-26;27-03-26;;2700;0;NAC;AIR SEA WORLDWIDE;0;0;N
6701749;OLO6;Ingresada;FFAU4427992;CMA CGM;Contenedor 40 HC;BJPBL2500113;12-12-25;12-12-25;05-12-25;25-12-25;08-01-26;03-01-26;03-03-26;03-03-26;10-03-26;4300;IOLFT25-991;NAC;IN OCEAN;0;0;N
6701757;OLO6;Transito;TEMU6742424;CMA CGM;Contenedor 40 HC;BJPBL2600110;12-02-26;12-02-26;10-02-26;06-03-26;13-03-26;06-03-26;28-04-26;28-04-26;;4500;IOLFT26-147;FAK;IN OCEAN;0;0;N
6701767;OLO6;Produccion;80001449-2;0;Contenedor 40 HC;0;;;09-03-26;;;;;;;0;0;0;AIR SEA WORLDWIDE;0;0;N
6701773;OLO6;Transito;MSCU5056117;MSC;Contenedor 40 HC;ASTAOA01532;05-01-26;05-01-26;05-12-25;30-01-26;13-02-26;07-02-26;20-03-26;03-04-26;;0;0;NAC;AIR SEA WORLDWIDE;0;0;N
6701797;OLO6;Transito;BEAU5622998;CMA CGM;Contenedor 40 HC;BJPBL2500094;08-12-25;08-12-25;08-10-25;19-12-25;28-12-25;22-12-25;25-02-26;14-02-26;;4990;IOLFT25-962;FAK;IN OCEAN;0;0;N
6701800;OLO6;Booking;80001450-3;HAPAG LLOYD;Contenedor 40 HC;0;10-03-26;10-03-26;06-03-26;22-03-26;22-03-26;;;;;4535;0;0;AIR SEA WORLDWIDE;0;0;N
6701803;OLO6;Booking;80001450-6;MSC;Contenedor 40 HC;0;10-03-26;10-03-26;06-03-26;22-03-26;22-03-26;;;;;4570;0;0;AIR SEA WORLDWIDE;0;0;N
6701806;OLO6;Booking;80001450-9;0;Contenedor 40 HC;0;11-03-26;11-03-26;06-03-26;10-04-26;10-04-26;;;;;0;0;0;IN OCEAN;0;0;N
6701807;OLO6;Booking;80001450-10;0;Contenedor 40 HC;0;11-03-26;11-03-26;06-03-26;10-04-26;10-04-26;;;;;0;0;0;IN OCEAN;0;0;N
6701808;OLO6;Transito;TCLU9505692;HAPAG LLOYD;Contenedor 40 HC;ASNGB513050;11-12-25;11-12-25;05-12-25;30-12-25;13-01-26;31-12-25;09-02-26;20-02-26;;3420;0;NAC;AIR SEA WORLDWIDE;0;0;N
6701809;OLO6;Transito;BMOU6431970;HAPAG LLOYD;Contenedor 40 HC;ASNGB513053;11-12-25;11-12-25;05-12-25;30-12-25;13-01-26;31-12-25;09-02-26;20-02-26;;3420;0;NAC;AIR SEA WORLDWIDE;0;0;N
6701810;OLO6;Booking;80001450-13;MSC;Contenedor 40 HC;0;10-03-26;10-03-26;06-03-26;30-03-26;30-03-26;;;;;4115;0;0;AIR SEA WORLDWIDE;0;0;N
6701811;OLO6;Booking;80001450-14;MSC;Contenedor 40 HC;0;10-03-26;10-03-26;06-03-26;31-03-26;30-03-26;;;;;4115;0;0;AIR SEA WORLDWIDE;0;0;N
6701813;OLO6;Transito;BEAU4547293;HAPAG LLOYD;Contenedor 40 HC;ASSZX513485;30-12-25;30-12-25;19-12-25;14-01-26;14-01-26;15-01-26;06-03-26;13-03-26;;3720;0;NAC;AIR SEA WORLDWIDE;0;0;N
6701814;OLO6;Transito;HAMU3015966;HAPAG LLOYD;Contenedor 40 HC;ASSZXA00025;05-01-26;06-01-26;19-12-25;29-01-26;29-01-26;05-02-26;20-03-26;20-03-26;;3720;0;NAC;AIR SEA WORLDWIDE;0;0;N
6701815;OLO6;Produccion;80001467-4;0;Contenedor 40 HC;0;;;;;;;;;;0;0;0;0;0;0;N
6701816;OLO6;Produccion;80001467-5;0;Contenedor 40 HC;0;;;;;;;;;;0;0;0;0;0;0;N
6701817;OLO6;Produccion;VTCN600766;0;Contenedor 40 HC;0;;;19-12-25;;;;;;;0;0;0;IN OCEAN;0;0;N
6701818;OLO6;Ingresada;CAAU6328906;CMA CGM;Contenedor 40 HC;BJPBL2500079;11-12-25;11-12-25;03-12-25;16-12-25;23-12-25;16-12-25;17-02-26;03-03-26;01-03-26;4350;IOLFT25-928;FAK;IN OCEAN;0;0;N
6701819;OLO6;Produccion;VTCN600768;0;Contenedor 40 HC;0;;;;;;;;;;0;0;0;0;0;0;N
6701824;OLO6;Transito;MRSU9160454;MAERSK;Contenedor 40 HC;SLHE26010151;30-12-25;30-12-25;03-12-25;21-01-26;28-01-26;22-01-26;09-03-26;09-03-26;;2700;0;NAC;MASTERLINE;0;0;N
6701827;OLO6;Transito;HPCU4368315;0;Contenedor 40 HC;BJPBL2500059;21-11-25;21-11-25;17-11-25;16-12-25;16-12-25;12-12-25;09-02-26;04-02-26;;5350;IOLFT25-911;FAK;IN OCEAN;0;0;N
6701828;OLO6;Transito;CMAU4932337;CMA CGM;Contenedor 45 HC;BJPBL2600038;14-01-26;19-01-26;19-12-25;27-01-26;13-02-26;09-02-26;14-04-26;14-04-26;;3280;IOLFT26-092;FAK;IN OCEAN;0;0;N
6701829;OLO6;Transito;CMAU3862153;CMA CGM;Contenedor 40 HC;BJPBL2600064;20-01-26;20-01-26;19-12-25;04-02-26;11-02-26;09-02-26;14-04-26;14-04-26;;3280;IOLFT26-088;FAK;IN OCEAN;0;0;N
6701831;OLO6;Transito;TCNU5277077;CMA CGM;Contenedor 40ft;HSHA00084986;26-11-25;26-11-25;12-11-25;05-01-26;15-01-26;07-01-26;02-03-26;14-03-26;;3750;0;NAC;SPARX;0;0;N
6701834;OLO6;Produccion;VTCN600773;0;Contenedor 40 HC;0;;;;;;;;;;0;0;0;0;0;0;N
6701835;OLO6;Produccion;VTCN600774;0;Contenedor 40 HC;0;;;;;;;;;;0;0;0;0;0;0;N
6701836;OLO6;Transito;TXGU8791436;CMA CGM;Contenedor 40 HC;BJPBL2500060;21-11-25;21-11-25;17-11-25;09-12-25;16-12-25;12-12-25;09-02-26;04-02-26;;5350;IOLFT25-912;FAK;IN OCEAN;0;0;N
6701837;OLO6;Transito;TIIU7408468;CMA CGM;Contenedor 40 HC;BJPBL2600015;29-12-25;29-12-25;19-12-25;25-01-26;25-01-26;13-01-26;17-03-26;24-03-26;;3800;IOLFT26-024;FAK;IN OCEAN;0;0;N
6701838;OLO6;Produccion;VTCN600777;0;Contenedor 40 HC;0;;;;;;;;;;0;0;0;0;0;0;N
6701839;OLO6;Produccion;0;0;Contenedor 45 HC;0;;;14-08-25;27-03-26;27-03-26;;;;;0;0;0;AIR SEA WORLDWIDE;0;0;N
6701840;OLO6;Ingresada;FANU3739407;HAPAG LLOYD;Contenedor 40 HC;ASSHA512214;26-12-25;26-12-25;05-12-25;01-02-26;05-02-26;09-01-26;23-03-26;23-03-26;03-03-26;3720;0;NAC;AIR SEA WORLDWIDE;0;0;N
6701841;OLO6;Ingresada;FANU1976360;HAPAG LLOYD;Contenedor 40 HC;ASSHA512214A;26-12-25;26-12-25;05-12-25;01-02-26;05-02-26;09-01-26;23-03-26;23-03-26;03-03-26;3720;0;NAC;AIR SEA WORLDWIDE;0;0;N
6701842;OLO6;Produccion;80001470-3;0;Contenedor 40 HC;0;;;23-12-25;;;;;;;0;0;0;AIR SEA WORLDWIDE;0;0;N
6701843;OLO6;Transito;BEAU4588179;HAPAG LLOYD;Contenedor 40 HC;ASSHA512213A;25-12-25;26-12-25;05-12-25;14-01-26;25-02-26;15-02-26;06-03-26;06-03-26;;3820;0;NAC;AIR SEA WORLDWIDE;0;0;N
6701844;OLO6;Transito;HLBU2060873;HAPAG LLOYD;Contenedor 40 HC;ASSHA512213;26-12-25;26-12-25;05-12-25;16-01-26;06-02-26;15-01-26;06-03-26;06-03-26;;3820;0;NAC;AIR SEA WORLDWIDE;0;0;N
6701851;OLO6;Ingresada;UACU5528750;HAPAG LLOYD;Contenedor 40 HC;ASCAN501931;11-12-25;11-12-25;12-11-25;26-12-25;09-01-26;01-01-26;20-02-26;09-03-26;03-03-26;4010;0;NAC;AIR SEA WORLDWIDE;0;0;N
6701852;OLO6;Ingresada;UACU5528750;HAPAG LLOYD;Contenedor 40 HC;ASCAN501930;11-12-25;11-12-25;12-11-25;26-12-25;09-01-26;01-01-26;20-02-26;09-03-26;03-03-26;0;0;NAC;AIR SEA WORLDWIDE;0;0;N
6701853;OLO6;Ingresada;BMOU4531223;HAPAG LLOYD;Contenedor 40 HC;ASCAN501952;15-12-25;15-12-25;12-11-25;29-12-25;12-01-26;01-01-26;20-02-26;09-03-26;03-03-26;3610;0;NAC;AIR SEA WORLDWIDE;0;0;N
6701854;OLO6;Produccion;80001473-U2;0;Contenedor 40 HC;0;;;27-02-26;31-03-26;31-03-26;;;;;0;0;0;AIR SEA WORLDWIDE;0;0;N
6701855;OLO6;Produccion;80001473-U2;0;Contenedor 40 HC;0;;;27-02-26;31-03-26;31-03-26;;;;;0;0;0;AIR SEA WORLDWIDE;0;0;N
6701857;OLO6;Transito;MSDU6162056;MSC;Contenedor 40 HC;ASTAOA00303;05-01-26;05-01-26;19-12-25;16-01-26;30-01-26;24-01-26;03-03-26;03-03-26;;3820;0;NAC;AIR SEA WORLDWIDE;0;0;N
6701858;OLO6;Transito;UETU5678332;MSC;Contenedor 40 HC;ASTAOA00302;05-01-26;05-01-26;19-12-25;16-01-26;30-01-26;23-01-26;03-03-26;03-03-26;;3820;0;NAC;AIR SEA WORLDWIDE;0;0;N
6701859;OLO6;Transito;MEDU8510580;MSC;Contenedor 40 HC;ASTAOA00958;09-01-26;09-01-26;19-12-25;25-01-26;30-01-26;30-01-26;07-03-26;07-03-26;;3820;0;NAC;AIR SEA WORLDWIDE;0;0;N
6701860;OLO6;Transito;MSDU5778197;MSC;Contenedor 40 HC;HSZX00036251;21-01-26;21-01-26;15-01-26;13-02-26;06-03-26;20-02-26;27-03-26;27-03-26;;4650;0;NAC;SPARX;0;0;N
6701861;OLO6;Transito;DFSU7157593;MSC;Contenedor 40 HC;HSZX00036252;21-01-26;21-01-26;15-01-26;13-02-26;06-03-26;20-02-26;27-03-26;27-03-26;;4650;0;NAC;SPARX;0;0;N
6701862;OLO6;Booking;TCNU4702660;CMA CGM;Contenedor 40ft;0;17-02-26;18-02-26;12-02-26;18-03-26;26-03-26;;;;;0;0;0;SPARX;0;0;N
6701863;OLO6;Booking;GCXU6112989;CMA CGM;Contenedor 40ft;0;17-02-26;18-02-26;12-02-26;17-03-26;26-03-26;;;;;0;0;0;SPARX;0;0;N
6701864;OLO6;Transito;ECMU5813417;CMA CGM;Contenedor 40ft;BJPBL2600088;27-01-26;28-01-26;05-12-25;08-02-26;16-02-26;09-02-26;28-04-26;28-04-26;;3430;IOLFT26-106;FAK;IN OCEAN;0;0;N
6701865;OLO6;Transito;ECMU5813417;CMA CGM;Contenedor 40ft;BJPBL2600088;27-01-26;27-01-26;05-12-25;08-02-26;16-02-26;09-02-26;28-04-26;28-04-26;;0;0;0;IN OCEAN;0;0;N
6701870;OLO6;Transito;MEDU4503665;MSC;Contenedor 40ft;ASTNJA00014;29-01-26;29-01-26;26-01-26;08-03-26;22-03-26;10-03-26;17-04-26;17-04-26;;4635;0;NAC;AIR SEA WORLDWIDE;0;0;N
6701871;OLO6;Transito;MRSU4470138;MAERSK;Contenedor 40ft;BJPBL2600123;28-01-26;28-01-26;26-01-26;13-03-26;22-03-26;14-03-26;06-05-26;06-05-26;;5470;0;0;IN OCEAN;0;0;N
6701892;OLO6;Transito;CMAU0688691;CMA CGM;Contenedor 20ft;BJPBL2500016;23-10-25;23-10-25;10-10-25;25-11-25;25-11-25;19-11-25;15-01-26;01-02-26;;5300;IOLFT25-828;FAK;IN OCEAN;0;0;N
6701893;OLO6;Transito;CMAU2175445;CMA CGM;Contenedor 20ft;BJPBL2500016;23-10-25;23-10-25;10-10-25;25-11-25;25-11-25;19-11-25;15-01-26;01-02-26;;5300;IOLFT25-828;FAK;IN OCEAN;0;0;N
6701894;OLO6;Transito;APZU3597711;CMA CGM;Contenedor 20ft;BJPBL2500016;23-10-25;23-10-25;10-10-25;25-11-25;25-11-25;19-11-25;15-01-26;01-02-26;;5300;IOLFT25-828;FAK;IN OCEAN;0;0;N
6701898;OLO6;Transito;CMAU2718326;CMA CGM;Contenedor 20ft;SZSIN25015159;23-10-25;23-10-25;10-10-25;07-11-25;14-11-25;05-11-25;15-01-26;01-02-26;;5550;IOLFT25-772;FAK;IN OCEAN;0;0;N
6701899;OLO6;Transito;TEMU1674630;CMA CGM;Contenedor 20ft;SZSIN25015159;23-10-25;23-10-25;10-10-25;07-11-25;14-11-25;05-11-25;15-01-26;01-02-26;;5550;IOLFT25-772;FAK;IN OCEAN;0;0;N
6701904;OLO6;Transito;CMAU2871891;CMA CGM;Contenedor 20ft;SZSIN25015159;23-10-25;23-10-25;10-10-25;07-11-25;14-11-25;05-11-25;15-01-26;01-02-26;;5550;IOLFT25-772;FAK;IN OCEAN;0;0;N
6701905;OLO6;Transito;ECMU2767792;CMA CGM;Contenedor 20ft;SZSIN25015159;23-10-25;23-10-25;10-10-25;07-11-25;14-11-25;05-11-25;15-01-26;01-02-26;;5550;IOLFT25-772;FAK;IN OCEAN;0;0;N
6701964;OLO6;Transito;TCLU6543507;CMA CGM;Contenedor 40 HC;BJPBL2500052;18-11-25;18-11-25;17-11-25;30-11-25;16-12-25;11-12-25;04-02-26;01-02-26;;4130;IOLFT25-901;FAK;IN OCEAN;0;0;N
6701965;OLO6;Transito;ECMU5268349;CMA CGM;Contenedor 40 HC;BJPBL2500078;21-11-25;21-11-25;17-11-25;08-12-25;22-12-25;16-12-25;17-02-26;17-02-26;;4950;IOLFT25-923;FAK;IN OCEAN;0;0;N
6701966;OLO6;Ingresada;TIIU6179921;CMA CGM;Contenedor 40 HC;BJPBL2600027;29-12-25;29-12-25;17-11-25;11-01-26;25-01-26;13-01-26;13-03-26;13-03-26;01-03-26;3840;IOLFT26-032;FAK;IN OCEAN;0;0;N
6701968;OLO6;Transito;TLLU7713036;CMA CGM;Contenedor 40 HC;HSHA00085536;23-12-25;24-12-25;19-12-25;09-01-26;16-01-26;11-01-26;07-03-26;14-03-26;;3750;0;NAC;SPARX;0;0;N
6701969;OLO6;Transito;TLLU7713036;CMA CGM;Contenedor 40 HC;HSHA00085537;23-12-25;24-12-25;19-12-25;15-01-26;29-01-26;11-01-26;07-03-26;14-03-26;;0;0;NAC;SPARX;0;0;N
6701970;OLO6;Transito;UACU5583356;HAPAG LLOYD;Contenedor 40 HC;ASCANA00122;19-01-26;19-01-26;19-12-25;30-01-26;04-02-26;30-01-26;27-03-26;17-04-26;;4010;0;NAC;AIR SEA WORLDWIDE;0;0;N
6701971;OLO6;Transito;HLXU8536250;HAPAG LLOYD;Contenedor 40 HC;ASCANA00123;19-01-26;19-01-26;19-12-25;04-02-26;11-02-26;31-01-26;27-03-26;17-04-26;;4010;0;NAC;AIR SEA WORLDWIDE;0;0;N
6701972;OLO6;Transito;HLBU2443738;HAPAG LLOYD;Contenedor 40 HC;ASCANA00124;16-01-26;19-01-26;19-12-25;30-01-26;04-02-26;30-01-26;27-03-26;17-04-26;;4010;0;NAC;AIR SEA WORLDWIDE;0;0;N
6701973;OLO6;Booking;80001415-4;0;Contenedor 40ft;0;09-03-26;10-03-26;06-03-26;07-04-26;07-04-26;;;;;0;0;0;SPARX;0;0;N
6701974;OLO6;Booking;80001415-5;0;Contenedor 40 HC;0;09-03-26;10-03-26;06-03-26;07-04-26;07-04-26;;;;;0;0;0;SPARX;0;0;N
6701975;OLO6;Transito;BSIU8067878;CMA CGM;Contenedor 40 HC;HCAN00034449;19-01-26;19-01-26;19-12-25;03-02-26;25-02-26;18-02-26;10-04-26;10-04-26;;4590;0;NAC;SPARX;0;0;N
6701976;OLO6;Transito;TGBU4825330;CMA CGM;Contenedor 40 HC;HCAN00034450;19-01-26;19-01-26;19-12-25;03-02-26;20-02-26;13-02-26;10-04-26;10-04-26;;4590;0;NAC;SPARX;0;0;N
6701977;OLO6;Transito;CMAU8301411;CMA CGM;Contenedor 40ft;HCAN00034447;19-01-26;19-01-26;19-12-25;03-02-26;24-02-26;13-02-26;10-04-26;10-04-26;;4290;0;NAC;SPARX;0;0;N
6701978;OLO6;Booking;80001415-9;0;Contenedor 40 HC;0;09-03-26;10-03-26;06-03-26;07-04-26;07-04-26;;;;;0;0;0;SPARX;0;0;N
6701979;OLO6;Transito;TGCU5175926;HAPAG LLOYD;Contenedor 40ft;HSZX00036262;19-01-26;19-01-26;19-12-25;04-02-26;04-03-26;04-03-26;15-04-26;15-04-26;;4500;0;NAC;SPARX;0;0;N
6701980;OLO6;Transito;TCLU6686196;HAPAG LLOYD;Contenedor 40 HC;HSZX00036254;19-01-26;19-01-26;19-12-25;04-02-26;18-03-26;04-03-26;15-04-26;15-04-26;;4550;0;NAC;SPARX;0;0;N
6701981;OLO6;Transito;FANU3546389;HAPAG LLOYD;Contenedor 40 HC;HSZX00036253;19-01-26;19-01-26;19-12-25;04-02-26;25-02-26;04-03-26;15-04-26;15-04-26;;4500;0;NAC;SPARX;0;0;N
6701982;OLO6;Transito;HAMU3659017;HAPAG LLOYD;Contenedor 40 HC;HHKC00010971;19-01-26;19-01-26;19-12-25;29-01-26;18-03-26;04-03-26;15-04-26;15-04-26;;4500;0;NAC;SPARX;0;0;N
6701983;OLO6;Booking;80001415-14;0;Contenedor 40 HC;0;09-03-26;10-03-26;06-03-26;07-04-26;07-04-26;;;;;0;0;0;SPARX;0;0;N
6701984;OLO6;Booking;80001415-15;0;Contenedor 40 HC;0;09-03-26;10-03-26;06-03-26;07-04-26;07-04-26;;;;;0;0;0;SPARX;0;0;N
6701985;OLO6;Booking;80001415-16;0;Contenedor 40 HC;0;09-03-26;10-03-26;06-03-26;07-04-26;07-04-26;;;;;0;0;0;SPARX;0;0;N
6701986;OLO6;Transito;TIIU6199661;CMA CGM;Contenedor 40 HC;BJPBL2600045;19-01-26;19-01-26;19-12-25;28-01-26;04-02-26;28-01-26;14-04-26;14-04-26;;3530;IOLFT26-062;FAK;IN OCEAN;0;0;N
6701987;OLO6;Transito;TCNU6990293;CMA CGM;Contenedor 40 HC;BJPBL2600044;19-01-26;19-01-26;19-12-25;28-01-26;04-02-26;28-01-26;14-04-26;14-04-26;;3530;IOLFT26-061;FAK;IN OCEAN;0;0;N
6701988;OLO6;Transito;TIIU7010807;CMA CGM;Contenedor 40 HC;BJPBL2600052;16-01-26;16-01-26;19-12-25;28-01-26;07-02-26;02-02-26;12-04-26;12-04-26;;3530;IOLFT26-068;FAK;IN OCEAN;0;0;N
6701989;OLO6;Transito;TIIU7012899;CMA CGM;Contenedor 40 HC;BJPBL2600055;16-01-26;16-01-26;19-12-25;29-01-26;05-02-26;01-02-26;12-04-26;12-04-26;;3530;IOLFT26-070;FAK;IN OCEAN;0;0;N
6701990;OLO6;Booking;80001415-21;CMA CGM;Contenedor 40 HC;0;12-03-26;12-03-26;06-03-26;26-03-26;26-03-26;;;;;5660;0;0;IN OCEAN;0;0;N
6701998;OLO6;Booking;80001479-U1;0;Contenedor 40 HC;0;12-02-26;12-02-26;04-02-26;10-04-26;10-04-26;;;;;2950;0;0;AIR SEA WORLDWIDE;0;0;N
6701999;OLO6;Booking;80001479-U1;0;Contenedor 40 HC;0;12-02-26;12-02-26;04-02-26;10-04-26;10-04-26;;;;;0;0;0;AIR SEA WORLDWIDE;0;0;N
6702000;OLO6;Booking;80001479-3;CMA CGM;Contenedor 40 HC;0;09-02-26;09-02-26;04-02-26;30-03-26;31-03-26;;;;;5460;0;0;IN OCEAN;0;0;N
6702001;OLO6;Transito;UACU4164118;HAPAG LLOYD;Contenedor 20ft;ASSZX512892;10-12-25;10-12-25;05-12-25;14-01-26;14-01-26;15-01-26;06-03-26;13-03-26;;3570;0;NAC;AIR SEA WORLDWIDE;0;0;N
6702002;OLO6;Transito;UACU4164118;HAPAG LLOYD;Contenedor 20ft;ASSZXA00115;10-12-25;10-12-25;05-12-25;14-01-26;28-01-26;15-01-26;06-03-26;13-03-26;;0;0;NAC;AIR SEA WORLDWIDE;0;0;N
6702003;OLO6;Booking;FFAU2312280;MSC;Contenedor 40ft;ASSNZA00033;02-02-26;02-02-26;29-01-26;20-03-26;20-03-26;;;;;2700;0;0;AIR SEA WORLDWIDE;0;0;N
6702004;OLO6;Transito;MRKU6837261;MAERSK;Contenedor 20ft;ASSHAA01276;12-02-26;12-02-26;10-02-26;13-03-26;20-03-26;14-03-26;21-04-26;21-04-26;;4335;0;NAC;AIR SEA WORLDWIDE;0;0;N
6702005;OLO6;Transito;CMAU0298899;CMA CGM;Contenedor 20ft;BJPBL2600114;13-02-26;16-02-26;10-02-26;08-03-26;21-03-26;16-03-26;28-04-26;28-04-26;;0;0;0;IN OCEAN;0;0;N
6702030;OLO6;Ingresada;HAMU3459507;HAPAG LLOYD;Contenedor 40 HC;ASNGB513346;22-12-25;22-12-25;17-12-25;06-01-26;20-01-26;08-01-26;20-02-26;09-03-26;03-03-26;0;0;NAC;AIR SEA WORLDWIDE;0;0;N
6702032;OLO6;Transito;TCNU2944392;CMA CGM;Contenedor 40 HC;BJPBL2600111;09-02-26;09-02-26;03-02-26;06-03-26;13-03-26;06-03-26;28-04-26;28-04-26;;4500;IOLFT26-149;FAK;IN OCEAN;0;0;N
6702033;OLO6;Transito;UACU8582271;HAPAG LLOYD;Contenedor 45 HC;ASNGB513347;22-12-25;22-12-25;17-12-25;12-01-26;22-01-26;15-01-26;18-02-26;19-02-26;;3880;0;NAC;AIR SEA WORLDWIDE;0;0;N
6702034;OLO6;Transito;CMAU8437558;CMA CGM;Contenedor 40 HC;BJPBL2600112;09-02-26;09-02-26;03-02-26;06-03-26;13-03-26;06-03-26;28-04-26;28-04-26;;4500;IOLFT26-148;FAK;IN OCEAN;0;0;N
6702035;OLO6;Transito;TEMU6568842;HAPAG LLOYD;Contenedor 40 HC;ASSZX513486;30-12-25;30-12-25;29-12-25;14-01-26;14-01-26;15-01-26;06-03-26;13-03-26;;3720;0;NAC;AIR SEA WORLDWIDE;0;0;N
6702036;OLO6;Produccion;80001480-2;0;Contenedor 40 HC;0;;;;;;;;;;0;0;0;0;0;0;N
6702037;OLO6;Transito;TRHU7486830;MSC;Contenedor 40 HC;ASSZXA00042;05-01-26;06-01-26;19-12-25;30-01-26;30-01-26;02-02-26;13-03-26;28-03-26;;3720;0;NAC;AIR SEA WORLDWIDE;0;0;N
6702038;OLO6;Transito;HAMU1850852;HAPAG LLOYD;Contenedor 40 HC;ASSZXA00027;05-01-26;06-01-26;19-12-25;29-01-26;04-02-26;05-02-26;20-03-26;20-03-26;;3720;0;NAC;AIR SEA WORLDWIDE;0;0;N
6702039;OLO6;Transito;GCXU6127490;HAPAG LLOYD;Contenedor 40 HC;ASSZX512990;12-12-25;12-12-25;11-12-25;31-12-25;07-01-26;31-12-25;13-02-26;20-02-26;;3320;0;NAC;AIR SEA WORLDWIDE;0;0;N
6702040;OLO6;Produccion;80001480-6;0;Contenedor 40 HC;0;;;;;;;;;;0;0;0;0;0;0;N
6702041;OLO6;Produccion;80001480-7;0;Contenedor 40 HC;0;;;;;;;;;;0;0;0;0;0;0;N
6702042;OLO6;Produccion;80001480-8;0;Contenedor 40 HC;0;;;15-01-26;;;;;;;0;0;0;SPARX;0;0;N
6702043;OLO6;Transito;CMAU9183864;CMA CGM;Contenedor 40 HC;HSZX00036124;08-01-26;08-01-26;06-01-26;17-01-26;27-01-26;18-01-26;13-03-26;13-03-26;;3350;0;NAC;SPARX;0;0;N
6702044;OLO6;Produccion;80001480-10;0;Contenedor 40 HC;0;;;;;;;;;;0;0;0;0;0;0;N
6702045;OLO6;Transito;BEAU4464970;HAPAG LLOYD;Contenedor 40 HC;ASSZX512994;12-12-25;12-12-25;11-12-25;14-01-26;14-01-26;15-01-26;03-03-26;03-03-26;;3880;0;NAC;AIR SEA WORLDWIDE;0;0;N
6702046;OLO6;Produccion;80001480-12;0;Contenedor 40 HC;0;;;15-01-26;;;;;;;0;0;0;SPARX;0;0;N
6702047;OLO6;Booking;80001480-13;0;Contenedor 40 HC;0;05-01-26;06-01-26;19-12-25;01-05-26;01-05-26;;;;;3555;0;0;AIR SEA WORLDWIDE;0;0;N
6702048;OLO6;Produccion;80001480-14;0;Contenedor 40 HC;0;;;15-01-26;;;;;;;0;0;0;SPARX;0;0;N
6702049;OLO6;Produccion;80001480-15;0;Contenedor 40 HC;0;;;15-01-26;;;;;;;0;0;0;SPARX;0;0;N
6702050;OLO6;Transito;BEAU4229780;MSC;Contenedor 40 HC;ASSZX512798;08-12-25;10-12-25;05-12-25;21-12-25;28-12-25;20-12-25;04-02-26;01-02-26;;3555;0;NAC;AIR SEA WORLDWIDE;0;0;N
6702051;OLO6;Produccion;80001480-17;0;Contenedor 40 HC;0;;;;;;;;;;0;0;0;0;0;0;N
6702052;OLO6;Transito;HAMU1613104;HAPAG LLOYD;Contenedor 40 HC;ASSZX512992;12-12-25;12-12-25;11-12-25;31-12-25;07-01-26;31-12-25;18-02-26;03-03-26;;3555;0;NAC;AIR SEA WORLDWIDE;0;0;N
6702053;OLO6;Produccion;80001480-19;0;Contenedor 40 HC;0;;;;;;;;;;0;0;0;0;0;0;N
6702054;OLO6;Produccion;80001480-20;0;Contenedor 40 HC;0;;;;;;;;;;0;0;0;0;0;0;N
6702055;OLO6;Ingresada;HJCU1599196;CMA CGM;Contenedor 40 HC;BJPBL2600006;23-12-25;23-12-25;19-12-25;02-01-26;09-01-26;03-01-26;03-03-26;13-03-26;10-03-26;3870;IOLFT26-011;FAK;AIR SEA WORLDWIDE;0;0;N
6702056;OLO6;Transito;CMAU3901408;CMA CGM;Contenedor 40 HC;BJPBL2600063;21-01-26;21-01-26;19-12-25;04-02-26;18-02-26;09-02-26;14-04-26;14-04-26;;3280;IOLFT26-089;FAK;AIR SEA WORLDWIDE;0;0;N
6702057;OLO6;Produccion;80001480-23;0;Contenedor 40 HC;0;;;19-12-25;;;;;;;0;0;0;IN OCEAN;0;0;N
6702058;OLO6;Produccion;80001480-24;0;Contenedor 40 HC;0;;;;;;;;;;0;0;0;0;0;0;N
6702059;OLO6;Produccion;80001480-25;0;Contenedor 40 HC;0;;;;;;;;;;0;0;0;0;0;0;N
6702060;OLO6;Produccion;80001480-26;0;Contenedor 40 HC;0;;;;;;;;;;0;0;0;0;0;0;N
6702061;OLO6;Ingresada;CMAU9705383;CMA CGM;Contenedor 40 HC;BJPBL2500110;03-12-25;03-12-25;28-11-25;25-12-25;08-01-26;03-01-26;03-03-26;03-03-26;10-03-26;4350;IOLFT25-990;FAK;IN OCEAN;0;0;N
6702062;OLO6;Ingresada;TRHU8980214;CMA CGM;Contenedor 40 HC;BJPBL2500082;03-12-25;03-12-25;28-11-25;15-12-25;17-12-25;16-12-25;17-02-26;03-03-26;01-03-26;4350;IOLFT25-929;FAK;IN OCEAN;0;0;N
6702063;OLO6;Produccion;80001480-29;0;Contenedor 40 HC;0;;;;;;;;;;0;0;0;0;0;0;N
6702064;OLO6;Booking;SHZ7864997;CMA CGM;Contenedor 40 HC;0;20-01-26;20-01-26;09-01-26;01-03-26;29-03-26;;;;;3280;0;0;IN OCEAN;0;0;N
6702065;OLO6;Produccion;80001480-31;0;Contenedor 40 HC;0;;;15-01-26;;;;;;;0;0;0;IN OCEAN;0;0;N
6702066;OLO6;Produccion;80001480-32;0;Contenedor 40 HC;0;;;15-01-26;;;;;;;0;0;0;IN OCEAN;0;0;N
6702067;OLO6;Produccion;80001480-33;0;Contenedor 40 HC;0;;;15-01-26;;;;;;;0;0;0;IN OCEAN;0;0;N
6702068;OLO6;Produccion;80001480-34;0;Contenedor 40 HC;0;;;15-01-26;;;;;;;0;0;0;IN OCEAN;0;0;N
6702069;OLO6;Produccion;80001480-35;0;Contenedor 40 HC;0;;;;;;;;;;0;0;0;0;0;0;N
6702070;OLO6;Produccion;80001480-36;0;Contenedor 40 HC;0;;;;;;;;;;0;0;0;0;0;0;N
6702073;OLO6;Transito;TEMU7974445;MSC;Contenedor 40 HC;HNGB00070727;13-01-26;13-01-26;07-01-26;23-01-26;23-01-26;28-01-26;03-03-26;21-03-26;;3750;0;NAC;SPARX;0;0;N
6702074;OLO6;Booking;80001469-4;HAPAG LLOYD;Contenedor 40 HC;0;03-03-26;03-03-26;24-02-26;17-03-26;24-03-26;;;;;0;0;0;SPARX;0;0;N
6702075;OLO6;Transito;MSDU6443011;HAPAG LLOYD;Contenedor 40 HC;HNGB00070114;20-11-25;20-11-25;13-11-25;28-12-25;11-01-26;30-12-25;04-02-26;04-02-26;;3599;0;NAC;SPARX;0;0;N
6702078;OLO6;Transito;MSMU8857022;MSC;Contenedor 40 HC;HNGB00070138;20-11-25;20-11-25;13-11-25;03-01-26;17-01-26;04-01-26;06-02-26;11-02-26;;3490;0;NAC;SPARX;0;0;N
6702079;OLO6;Booking;80001469-9;HAPAG LLOYD;Contenedor 40 HC;0;27-02-26;02-03-26;24-02-26;25-03-26;25-03-26;;;;;0;0;0;SPARX;0;0;N
6702080;OLO6;Booking;80001469-10;0;Contenedor 40 HC;0;02-03-26;02-03-26;24-02-26;30-03-26;30-03-26;;;;;0;0;0;SPARX;0;0;N
6702081;OLO6;Booking;80001469-11;HAPAG LLOYD;Contenedor 40 HC;0;02-03-26;02-03-26;24-02-26;29-03-26;29-03-26;;;;;0;0;0;SPARX;0;0;N
6702082;OLO6;Produccion;80001469-12;0;Contenedor 40 HC;0;;;;;;;;;;0;0;0;0;0;0;N
6702083;OLO6;Produccion;80001469-13;0;Contenedor 40 HC;0;;;;;;;;;;0;0;0;0;0;0;N
6702084;OLO6;Produccion;80001469-14;0;Contenedor 40 HC;0;;;;;;;;;;0;0;0;0;0;0;N
6702087;OLO6;Transito;CMAU7604687;CMA CGM;Contenedor 40 HC;HNGB00070699;13-01-26;13-01-26;07-01-26;23-01-26;06-02-26;24-01-26;13-03-26;13-03-26;;3350;0;NAC;SPARX;0;0;N
6702088;OLO6;Transito;SELU4232258;CMA CGM;Contenedor 40 HC;HNGB00070700;13-01-26;13-01-26;07-01-26;23-01-26;06-02-26;24-01-26;13-03-26;13-03-26;;3350;0;NAC;SPARX;0;0;N
6702089;OLO6;Ingresada;CMAU6530110;CMA CGM;Contenedor 40 HC;BJPBL2600011;09-12-25;09-12-25;13-11-25;27-12-25;13-01-26;12-01-26;03-03-26;03-03-26;10-03-26;3800;IOLFT26-029;FAK;IN OCEAN;0;0;N
6702090;OLO6;Transito;TRHU8900306;CMA CGM;Contenedor 40 HC;BJPBL2600030;12-01-26;12-01-26;07-01-26;20-01-26;27-01-26;21-01-26;17-03-26;24-03-26;;3500;IOLFT26-048;FAK;IN OCEAN;0;0;N
6702091;OLO6;Booking;TEMU8435176;CMA CGM;Contenedor 40 HC;BJPBL2600120;02-03-26;02-03-26;24-02-26;13-03-26;23-03-26;;;;;0;0;0;IN OCEAN;0;0;N
6702092;OLO6;Produccion;80001469-22;0;Contenedor 40 HC;0;;;;;;;;;;0;0;0;0;0;0;N
6702094;OLO6;Ingresada;FCIU7440932;HAPAG LLOYD;Contenedor 40 HC;ASHCM500719;28-11-25;28-11-25;26-11-25;17-12-25;31-12-25;19-12-25;13-02-26;09-03-26;03-03-26;4325;0;NAC;AIR SEA WORLDWIDE;0;0;N
6702095;OLO6;Ingresada;MRSU6160152;MAERSK;Contenedor 40 HC;DPBL2601FD0001;02-12-25;02-12-25;26-11-25;04-01-26;16-01-26;09-01-26;25-02-26;04-03-26;03-03-26;5125;IOLFT26-020;FAK;IN OCEAN;0;0;N
6702096;OLO6;Booking;80001481-1;HAPAG LLOYD;Contenedor 40 HC;0;06-03-26;06-03-26;04-03-26;25-03-26;25-03-26;;;;;4535;0;0;AIR SEA WORLDWIDE;0;0;N
6702110;OLO6;Transito;SEGU6254505;CMA CGM;Contenedor 40 HC;ASSZX511859;10-11-25;10-11-25;07-11-25;08-12-25;15-12-25;11-12-25;29-01-26;05-02-26;;3555;0;NAC;AIR SEA WORLDWIDE;0;0;N
6702111;OLO6;Transito;CAIU7728290;MSC;Contenedor 40ft;HTAO00015965;10-12-25;10-12-25;12-11-25;26-12-25;16-01-26;06-01-26;20-02-26;14-03-26;;3750;0;NAC;SPARX;0;0;N
6702112;OLO6;Transito;MSNU8631825;MSC;Contenedor 40ft;HTAO00015970;11-12-25;11-12-25;12-11-25;29-12-25;19-01-26;06-01-26;20-02-26;14-03-26;;3750;0;NAC;SPARX;0;0;N
6702123;OLO6;Transito;CAIU9279177;CMA CGM;Contenedor 40 HC;BJPBL2500106;12-12-25;12-12-25;12-11-25;24-12-25;31-12-25;28-12-25;03-03-26;03-03-26;;4130;IOLFT25-975;FAK;IN OCEAN;0;0;N
6702124;OLO6;Transito;TXGU4344110;CMA CGM;Contenedor 40 HC;BJPBL2500107;12-12-25;12-12-25;12-11-25;24-12-25;31-12-25;28-12-25;03-03-26;03-03-26;;4130;IOLFT25-976;FAK;IN OCEAN;0;0;N
6702127;OLO6;Booking;80001490-1;MSC;Contenedor 40 HC;0;09-03-26;10-03-26;09-03-26;31-03-26;31-03-26;;;;;5085;0;0;AIR SEA WORLDWIDE;0;0;N
6702128;OLO6;Transito;HAMU4542215;HAPAG LLOYD;Contenedor 40 HC;ASCANA00017;30-12-25;30-12-25;;30-01-26;25-02-26;26-02-26;17-04-26;17-04-26;;2800;0;NAC;AIR SEA WORLDWIDE;0;0;N
6702129;OLO6;Transito;HAMU4542215;HAPAG LLOYD;Contenedor 40 HC;ASCANA00016;30-12-25;30-12-25;;30-01-26;04-03-26;26-02-26;17-04-26;17-04-26;;0;0;NAC;AIR SEA WORLDWIDE;0;0;N
6702130;OLO6;Transito;FANU1086962;HAPAG LLOYD;Contenedor 40 HC;ASCAN502042;30-12-25;30-12-25;;13-02-26;20-02-26;12-02-26;19-04-26;19-04-26;;3430;0;NAC;AIR SEA WORLDWIDE;0;0;N
6702131;OLO6;Booking;80001490-5;MSC;Contenedor 40 HC;0;09-03-26;10-03-26;;31-03-26;31-03-26;;;;;4695;0;0;0;0;0;N
6702132;OLO6;Transito;MRSU6740377;MAERSK;Contenedor 45ft;BJPBL2600108;16-01-26;16-01-26;;15-02-26;22-02-26;15-02-26;22-04-26;22-04-26;;4800;IOLFT26-105;FAK;IN OCEAN;0;0;N
6702133;OLO6;Booking;80001490-7;0;Contenedor 40 HC;0;11-03-26;11-03-26;;13-04-26;13-04-26;;;;;0;0;0;0;0;0;N
6702135;OLO6;Transito;TGBU5681200;HAPAG LLOYD;Contenedor 40 HC;ASSZX513510;05-01-26;05-01-26;30-12-25;12-01-26;19-01-26;19-01-26;13-03-26;27-03-26;;4050;0;NAC;AIR SEA WORLDWIDE;0;0;N
6702136;OLO6;Transito;SEGU5767904;HAPAG LLOYD;Contenedor 40 HC;ASSZXA00021;05-01-26;05-01-26;30-12-25;12-01-26;19-01-26;19-01-26;13-03-26;13-03-26;;4210;0;NAC;AIR SEA WORLDWIDE;0;0;N
6702137;OLO6;Transito;MSNU8074550;HAPAG LLOYD;Contenedor 40 HC;ASSNZA00027;19-01-26;19-01-26;05-01-26;06-02-26;06-02-26;28-01-26;18-03-26;18-03-26;;4210;0;NAC;AIR SEA WORLDWIDE;0;0;N
6702138;OLO6;Transito;ECMU5779652;CMA CGM;Contenedor 40 HC;BJPBL2600078;27-01-26;27-01-26;05-01-26;06-02-26;13-02-26;04-02-26;14-04-26;14-04-26;;3580;IOLFT26-078;FAK;IN OCEAN;0;0;N
6702139;OLO6;Transito;HAMU2625012;HAPAG LLOYD;Contenedor 40 HC;ASSZXA00937;19-01-26;19-01-26;05-01-26;02-02-26;09-02-26;03-02-26;04-03-26;03-04-26;;2950;0;NAC;AIR SEA WORLDWIDE;0;0;N
6702140;OLO6;Transito;HAMU2625012;HAPAG LLOYD;Contenedor 40 HC;ASSZXA00952;19-01-26;19-01-26;05-01-26;02-02-26;16-02-26;03-02-26;04-03-26;03-04-26;;0;0;NAC;AIR SEA WORLDWIDE;0;0;N
6702141;OLO6;Booking;80001478-U2;0;Contenedor 40 HC;0;17-03-26;17-03-26;26-02-26;01-04-26;01-04-26;;;;;4785;0;0;AIR SEA WORLDWIDE;0;0;N
6702142;OLO6;Booking;80001478-U2;0;Contenedor 40 HC;0;17-03-26;17-03-26;26-02-26;01-04-26;01-04-26;;;;;0;0;0;AIR SEA WORLDWIDE;0;0;N
6702145;OLO6;Transito;TRHU7972071;MSC;Contenedor 40 HC;HNGB00070890;09-01-26;09-01-26;07-01-26;13-02-26;20-02-26;14-02-26;20-03-26;03-04-26;;4650;0;NAC;SPARX;0;0;N
6702146;OLO6;Booking;BRU6702146;0;Contenedor 40 HC;0;09-03-26;10-03-26;06-03-26;15-04-26;14-04-26;;;;;0;0;0;SPARX;0;0;N
6702147;OLO6;Transito;BRU6702147;HAPAG LLOYD;Contenedor 40 HC;HNGB00070697;09-01-26;09-01-26;07-01-26;09-02-26;16-02-26;10-02-26;19-03-26;19-03-26;;3350;0;NAC;SPARX;0;0;N
6702148;OLO6;Booking;BRU6702148;0;Contenedor 40 HC;0;10-03-26;10-03-26;06-03-26;15-04-26;15-04-26;;;;;0;0;0;SPARX;0;0;N
6702149;OLO6;Produccion;BRU6702149;0;Contenedor 40 HC;0;;;;;;;;;;0;0;0;0;0;0;N
6702150;OLO6;Transito;BMOU6577199;CMA CGM;Contenedor 40 HC;HNGB00070658;09-01-26;09-01-26;07-01-26;10-03-26;24-03-26;11-03-26;24-04-26;24-04-26;;4350;0;NAC;SPARX;0;0;N
6702151;OLO6;Booking;BRU6702151;CMA CGM;Contenedor 40 HC;0;09-03-26;10-03-26;06-03-26;08-04-26;08-04-26;;;;;0;0;0;SPARX;0;0;N
6702152;OLO6;Produccion;BRU6702152;0;Contenedor 40 HC;0;;;;;;;;;;0;0;0;0;0;0;N
6702153;OLO6;Transito;TGBU5351338;CMA CGM;Contenedor 40 HC;BJPBL2600079;21-01-26;21-01-26;07-01-26;08-02-26;01-03-26;21-02-26;08-04-26;08-04-26;;3430;IOLFT26-129;FAK;IN OCEAN;0;0;N
6702154;OLO6;Booking;BRU6702154;0;Contenedor 40 HC;0;11-03-26;11-03-26;06-03-26;15-04-26;15-04-26;;;;;0;0;0;IN OCEAN;0;0;N
6702155;OLO6;Produccion;BRU6702155;0;Contenedor 40 HC;0;;;;;;;;;;0;0;0;0;0;0;N
6702156;OLO6;Transito;CMAU3507230;CMA CGM;Contenedor 40 HC;BJPBL2500053;26-11-25;26-11-25;;30-11-25;16-12-25;11-12-25;04-02-26;01-02-26;;4130;IOLFT25-907;FAK;0;0;0;N
6702157;OLO6;Produccion;80001506-2;0;Contenedor 40 HC;0;;;06-03-26;;;;;;;0;0;0;IN OCEAN;0;0;N
6702158;OLO6;Transito;CAIU4905447;MSC;Contenedor 40 HC;HNGB00070949;28-01-26;28-01-26;19-12-25;14-02-26;21-02-26;14-02-26;20-03-26;03-04-26;;4650;0;NAC;SPARX;0;0;N
6702159;OLO6;Transito;TLLU7586693;MSC;Contenedor 40 HC;HNGB00070950;27-01-26;28-01-26;19-12-25;14-02-26;21-02-26;14-02-26;20-03-26;12-04-26;;4650;0;NAC;SPARX;0;0;N
6702160;OLO6;Booking;80001476-3;HAPAG LLOYD;Contenedor 40 HC;0;09-03-26;10-03-26;15-01-26;31-03-26;31-03-26;;;;;0;0;0;SPARX;0;0;N
6702161;OLO6;Booking;80001476-4;0;Contenedor 40 HC;0;13-03-26;16-03-26;11-02-26;15-04-26;15-04-26;;;;;0;0;0;SPARX;0;0;N
6702162;OLO6;Produccion;80001476-5;0;Contenedor 40 HC;0;;;;;;;;;;0;0;0;0;0;0;N
6702163;OLO6;Transito;TIIU5376150;CMA CGM;Contenedor 40 HC;HNGB00070945;28-01-26;28-01-26;19-12-25;11-02-26;11-03-26;03-03-26;24-04-26;24-04-26;;4350;0;NAC;SPARX;0;0;N
6702164;OLO6;Transito;TCLU1527308;CMA CGM;Contenedor 40 HC;HNGB00070946;28-01-26;28-01-26;19-12-25;11-02-26;11-03-26;03-03-26;24-04-26;24-04-26;;4350;0;NAC;SPARX;0;0;N
6702165;OLO6;Booking;80001476-8;CMA CGM;Contenedor 40 HC;0;09-03-26;10-03-26;15-01-26;24-03-26;24-03-26;;;;;0;0;0;SPARX;0;0;N
6702166;OLO6;Produccion;80001476-9;0;Contenedor 40 HC;0;;;;;;;;;;0;0;0;0;0;0;N
6702167;OLO6;Transito;HAMU5006705;HAPAG LLOYD;Contenedor 40 HC;HNGB00071007;27-01-26;28-01-26;19-12-25;09-02-26;24-02-26;10-02-26;19-03-26;19-03-26;;3350;0;NAC;SPARX;0;0;N
6702168;OLO6;Booking;80001476-11;HAPAG LLOYD;Contenedor 40 HC;0;27-02-26;02-03-26;19-12-25;29-03-26;29-03-26;;;;;0;0;0;SPARX;0;0;N
6702169;OLO6;Booking;80001476-12;0;Contenedor 40 HC;0;06-03-26;06-03-26;15-01-26;02-04-26;02-04-26;;;;;0;0;0;SPARX;0;0;N
6702170;OLO6;Produccion;80001476-13;0;Contenedor 40 HC;0;;;11-02-26;;;;;;;0;0;0;SPARX;0;0;N
6702171;OLO6;Produccion;80001476-14;0;Contenedor 40 HC;0;;;;;;;;;;0;0;0;0;0;0;N
6702172;OLO6;Transito;TGHU6935385;CMA CGM;Contenedor 40 HC;BJPBL2600084;27-01-26;27-01-26;19-12-25;09-02-26;02-03-26;21-02-26;11-04-26;11-04-26;;3430;IOLFT26-126;FAK;IN OCEAN;0;0;N
6702173;OLO6;Booking;TCNU4760007;CMA CGM;Contenedor 40 HC;BJPBL2600124;02-03-26;02-03-26;19-12-25;13-03-26;23-03-26;;;;;0;0;0;IN OCEAN;0;0;N
6702174;OLO6;Booking;TCLU9255931;CMA CGM;Contenedor 40 HC;BJPBL2600125;02-03-26;02-03-26;19-12-25;13-03-26;23-03-26;;;;;0;0;0;IN OCEAN;0;0;N
6702175;OLO6;Booking;SEGU4616122;CMA CGM;Contenedor 40 HC;BJPBL2600126;02-03-26;02-03-26;19-12-25;13-03-26;23-03-26;;;;;0;0;0;IN OCEAN;0;0;N
6702176;OLO6;Booking;80001476-19;CMA CGM;Contenedor 40 HC;0;11-03-26;11-03-26;15-01-26;22-03-26;22-03-26;;;;;5460;0;0;IN OCEAN;0;0;N
6702177;OLO6;Booking;80001476-20;0;Contenedor 40 HC;0;11-03-26;11-03-26;15-01-26;10-04-26;10-04-26;;;;;5460;0;0;IN OCEAN;0;0;N
6702178;OLO6;Booking;80001476-21;0;Contenedor 40 HC;0;11-03-26;11-03-26;15-01-26;27-03-26;27-03-26;;;;;5460;0;0;IN OCEAN;0;0;N
6702179;OLO6;Booking;80001476-22;0;Contenedor 40 HC;0;11-03-26;11-03-26;15-01-26;27-03-26;27-03-26;;;;;5460;0;0;IN OCEAN;0;0;N
6702180;OLO6;Produccion;80001476-23;0;Contenedor 40 HC;0;;;11-02-26;;;;;;;0;0;0;IN OCEAN;0;0;N
6702181;OLO6;Produccion;80001476-24;0;Contenedor 40 HC;0;;;11-02-26;;;;;;;0;0;0;IN OCEAN;0;0;N
6702182;OLO6;Produccion;80001476-25;0;Contenedor 40 HC;0;;;11-02-26;;;;;;;0;0;0;IN OCEAN;0;0;N
6702183;OLO6;Produccion;80001476-26;0;Contenedor 40 HC;0;;;;;;;;;;0;0;0;0;0;0;N
6702184;OLO6;Produccion;80001476-27;0;Contenedor 40 HC;0;;;;;;;;;;0;0;0;0;0;0;N
6702185;OLO6;Produccion;80001476-28;0;Contenedor 40 HC;0;;;;;;;;;;0;0;0;0;0;0;N
6702186;OLO6;Transito;HAMU2056488;HAPAG LLOYD;Contenedor 40 HC;ASNGBA01160;28-01-26;28-01-26;13-01-26;09-03-26;16-03-26;09-03-26;24-04-26;24-04-26;;4535;0;NAC;AIR SEA WORLDWIDE;0;0;N
6702187;OLO6;Transito;TCNU5038663;CMA CGM;Contenedor 40 HC;HNGB00070948;27-01-26;01-03-26;13-01-26;10-03-26;24-03-26;11-03-26;24-04-26;24-04-26;;4360;0;NAC;SPARX;0;0;N
6702188;OLO6;Transito;HAMU1244069;HAPAG LLOYD;Contenedor 40 HC;ASNGBA01170;27-01-26;27-01-26;13-01-26;08-02-26;13-03-26;14-03-26;24-04-26;24-04-26;;4335;0;NAC;AIR SEA WORLDWIDE;0;0;N
6702189;OLO6;Transito;HAMU1244069;HAPAG LLOYD;Contenedor 40 HC;ASNGBA01172;27-01-26;27-01-26;13-01-26;08-02-26;20-03-26;14-03-26;24-04-26;24-04-26;;0;0;NAC;AIR SEA WORLDWIDE;0;0;N
6702190;OLO6;Transito;TCLU5567377;HAPAG LLOYD;Contenedor 40 HC;ASSHAA00264;12-01-26;12-01-26;05-12-25;06-02-26;18-02-26;13-02-26;27-03-26;27-03-26;;3720;0;NAC;AIR SEA WORLDWIDE;0;0;N
6702191;OLO6;Transito;GESU6162317;HAPAG LLOYD;Contenedor 40 HC;ASSHAA00655;22-01-26;22-01-26;19-01-26;11-02-26;27-02-26;26-02-26;10-04-26;10-04-26;;2700;0;NAC;AIR SEA WORLDWIDE;0;0;N
6702192;OLO6;Booking;80001507-1;MSC;Contenedor 40ft;0;06-03-26;06-03-26;12-01-26;05-04-26;22-03-26;;;;;0;0;0;SPARX;0;0;N
6702193;OLO6;Booking;80001507-2;0;Contenedor 40ft;0;06-03-26;06-03-26;12-01-26;05-04-26;05-04-26;;;;;0;0;0;SPARX;0;0;N
6702194;OLO6;Booking;80001507-3;0;Contenedor 40ft;0;06-03-26;06-03-26;12-01-26;13-03-26;27-03-26;;;;;0;0;0;SPARX;0;0;N
6702195;OLO6;Booking;80001507-4;CMA CGM;Contenedor 40ft;0;06-03-26;06-03-26;12-01-26;02-04-26;02-04-26;;;;;0;0;0;SPARX;0;0;N
6702196;OLO6;Transito;TGBU5917615;HAPAG LLOYD;Contenedor 40 HC;ASSHAA00150;08-01-26;08-01-26;05-12-25;06-02-26;13-02-26;05-02-26;16-03-26;16-03-26;;3320;0;NAC;AIR SEA WORLDWIDE;0;0;N
6702197;OLO6;Transito;ECMU4899714;CMA CGM;Contenedor 40 HC;BJPBL2600067;22-01-26;22-01-26;19-01-26;04-02-26;20-02-26;13-02-26;19-04-26;19-04-26;;3280;IOLFT26-121;FAK;IN OCEAN;0;0;N
6702200;OLO6;Transito;CMAU5976350;CMA CGM;Contenedor 40 HC;HNGB00070351;17-12-25;17-12-25;10-12-25;06-01-26;14-01-26;07-01-26;20-02-26;20-02-26;;3350;0;NAC;SPARX;0;0;N
6702201;OLO6;Transito;TIIU6180440;CMA CGM;Contenedor 40 HC;HNGB00070318;17-12-25;17-12-25;10-12-25;14-01-26;31-01-26;21-01-26;27-02-26;27-02-26;;3350;0;NAC;SPARX;0;0;N
6702202;OLO6;Transito;SEKU5958818;CMA CGM;Contenedor 40 HC;HNGB00070426;17-12-25;17-12-25;10-12-25;21-01-26;28-01-26;24-01-26;13-03-26;13-03-26;;3350;0;NAC;SPARX;0;0;N
6702203;OLO6;Transito;UASU1006574;HAPAG LLOYD;Contenedor 40 HC;ASNGBA00932;22-01-26;22-01-26;19-12-25;08-02-26;01-03-26;20-02-26;27-03-26;27-03-26;;2700;0;NAC;AIR SEA WORLDWIDE;0;0;N
6702204;OLO6;Transito;UASU1006574;HAPAG LLOYD;Contenedor 40 HC;ASNGBA00933;22-01-26;22-01-26;19-12-25;08-02-26;01-03-26;20-02-26;27-03-26;27-03-26;;0;0;NAC;AIR SEA WORLDWIDE;0;0;N
6702209;OLO6;Transito;UETU6184632;CMA CGM;Contenedor 40 HC;BJPBL2600010;23-12-25;23-12-25;19-12-25;07-01-26;14-01-26;13-01-26;13-03-26;27-03-26;;3800;IOLFT26-023;FAK;IN OCEAN;0;0;N
6702210;OLO6;Transito;BEAU4229780;MSC;Contenedor 40 HC;ASSZX512798;08-12-25;10-12-25;15-12-25;21-12-25;28-12-25;20-12-25;04-02-26;16-02-26;;3555;0;NAC;AIR SEA WORLDWIDE;0;0;N
6702211;OLO6;Produccion;80001480-20;0;0;0;;;;;;;;;;0;0;0;0;0;0;N
6702212;OLO6;Produccion;BRU6702212;0;Contenedor 40 HC;0;;;;;;;;;;0;0;0;0;0;0;N
6702213;OLO6;Transito;TIIU7408468;CMA CGM;Contenedor 40 HC;BJPBL2600015;29-12-25;29-12-25;19-12-25;25-01-26;25-01-26;13-01-26;17-03-26;24-03-26;;0;IOLFT26-024;FAK;IN OCEAN;0;0;N
6702214;OLO6;Transito;MEDU7016784;MSC;Contenedor 40 HC;ASTAO513777;14-11-25;14-11-25;10-11-25;28-11-25;28-11-25;05-12-25;15-01-26;01-02-26;;3645;0;NAC;AIR SEA WORLDWIDE;0;0;N
6702215;OLO6;Transito;MSBU6739243;MSC;Contenedor 40 HC;ASTAO513778;14-11-25;14-11-25;10-11-25;28-11-25;28-11-25;05-12-25;15-01-26;01-02-26;;3645;0;NAC;AIR SEA WORLDWIDE;0;0;N
6702216;OLO6;Transito;UETU8002280;MAERSK;Contenedor 40ft;NGBE08938;22-01-26;22-01-26;15-01-26;17-02-26;10-03-26;05-03-26;16-04-26;16-04-26;;2629;0;FAK;DHL;0;0;N
6702217;OLO6;Produccion;80001497-2;0;Contenedor 40ft;0;;;;;;;;;;0;0;0;0;0;0;N
6702218;OLO6;Transito;CAIU8413194;CMA CGM;Contenedor 40 HC;HNGB00070864;22-01-26;22-01-26;15-01-26;11-02-26;11-03-26;03-03-26;17-04-26;24-04-26;;4350;0;NAC;SPARX;0;0;N
6702219;OLO6;Produccion;80001497-4;0;Contenedor 40 HC;0;;;;;;;;;;0;0;0;0;0;0;N
6702220;OLO6;Produccion;80001497-5;0;Contenedor 40 HC;0;;;;;;;;;;0;0;0;0;0;0;N
6702221;OLO6;Transito;MAGU5497609;CMA CGM;Contenedor 40 HC;BJPBL2600103;21-01-26;27-01-26;15-01-26;16-02-26;02-03-26;21-02-26;10-04-26;10-04-26;;3430;IOLFT26-134;FAK;IN OCEAN;0;0;N
6702222;OLO6;Transito;MRKU6234627;MAERSK;Contenedor 40 HC;NGBE12503;22-01-26;22-01-26;15-01-26;17-02-26;10-03-26;05-03-26;16-04-26;16-04-26;;2629;0;0;DHL;0;0;N
6702223;OLO6;Transito;MRKU6234627;MAERSK;Contenedor 40 HC;NGBE08947;22-01-26;22-01-26;15-01-26;17-02-26;10-03-26;05-03-26;16-04-26;16-04-26;;0;0;0;DHL;0;0;N
6702224;OLO6;Produccion;80001497-U1;0;Contenedor 40 HC;0;;;;;;;;;;0;0;0;0;0;0;N
6702225;OLO6;Produccion;80001497-U1;0;Contenedor 40 HC;0;;;;;;;;;;0;0;0;0;0;0;N
6702226;OLO6;Produccion;80001497-U1;0;Contenedor 40 HC;0;;;;;;;;;;0;0;0;0;0;0;N
6702227;OLO6;Produccion;80001514-U1;0;Contenedor 40ft;0;;;22-01-26;;;;;;;0;0;0;AIR SEA WORLDWIDE;0;0;N
6702228;OLO6;Produccion;80001514-U1;0;Contenedor 40ft;0;;;22-01-26;;;;;;;0;0;0;AIR SEA WORLDWIDE;0;0;N
6702229;OLO6;Produccion;80001514-U2;0;Contenedor 40ft;0;;;;;;;;;;0;0;0;0;0;0;N
6702230;OLO6;Produccion;80001514-U2;0;Contenedor 40ft;0;;;;;;;;;;0;0;0;0;0;0;N
6702232;OLO6;Transito;TCNU7189680;CMA CGM;Contenedor 40 HC;BJPBL2500089;12-11-25;12-11-25;10-11-25;19-12-25;28-12-25;22-12-25;25-02-26;17-02-26;;4990;IOLFT25-966;FAK;IN OCEAN;0;0;N
6702234;OLO6;Produccion;80001515-U1;0;Contenedor 40 HC;0;;;13-01-26;24-03-26;24-03-26;;;;;0;0;0;AIR SEA WORLDWIDE;0;0;N
6702235;OLO6;Produccion;80001515-U1;0;Contenedor 40 HC;0;;;13-01-26;24-03-26;24-03-26;;;;;0;0;0;AIR SEA WORLDWIDE;0;0;N
6702236;OLO6;Produccion;80001515-U2;0;Contenedor 40 HC;0;;;06-03-26;;;;;;;0;0;0;AIR SEA WORLDWIDE;0;0;N
6702237;OLO6;Produccion;80001515-U2;0;Contenedor 40 HC;0;;;06-03-26;;;;;;;0;0;0;AIR SEA WORLDWIDE;0;0;N
6702238;OLO6;Produccion;0;0;0;0;;;;11-03-26;01-04-26;;;;;0;0;0;0;0;0;N
6702239;OLO6;Booking;80001513-1;HAPAG LLOYD;Contenedor 40ft;0;19-01-26;19-01-26;15-01-26;27-02-26;24-03-26;;;;;0;0;0;SPARX;0;0;N
6702240;OLO6;Transito;CMAU8511207;CMA CGM;Contenedor 40ft;BJPBL2600093;27-01-26;27-01-26;15-01-26;16-02-26;02-03-26;21-02-26;10-04-26;10-04-26;;3430;0;FAK;IN OCEAN;0;0;N
6702241;OLO6;Transito;CMAU4416496;CMA CGM;Contenedor 40ft;HNGB00070814;19-01-26;19-01-26;15-01-26;10-03-26;24-03-26;11-03-26;24-04-26;24-04-26;;4350;0;NAC;SPARX;0;0;N
6702242;OLO6;Transito;HAMU3631642;HAPAG LLOYD;Contenedor 40 HC;ASNGBA00743;19-01-26;19-01-26;14-01-26;15-02-26;27-02-26;20-02-26;03-04-26;03-04-26;;3320;0;NAC;AIR SEA WORLDWIDE;0;0;N
6702243;OLO6;Transito;HAMU3631642;HAPAG LLOYD;Contenedor 40 HC;ASNGBA00744;19-01-26;19-01-26;14-01-26;15-02-26;27-02-26;20-02-26;03-04-26;03-04-26;;0;0;NAC;AIR SEA WORLDWIDE;0;0;N
6702244;OLO6;Transito;TCNU6032000;CMA CGM;Contenedor 40ft;HTAO00016037;23-12-25;23-12-25;22-12-25;14-01-26;04-02-26;24-01-26;07-03-26;14-03-26;;3750;0;NAC;SPARX;0;0;N
6702245;OLO6;Transito;HAMU4999270;HAPAG LLOYD;Contenedor 40 HC;ASNGB513604;29-12-25;29-12-25;24-12-25;08-02-26;20-02-26;20-02-26;27-03-26;27-03-26;;2700;0;NAC;AIR SEA WORLDWIDE;0;0;N
6702246;OLO6;Transito;HLBU1304229;HAPAG LLOYD;Contenedor 40 HC;ASNGB513657;29-12-25;29-12-25;24-12-25;09-02-26;20-02-26;19-02-26;26-03-26;26-03-26;;3320;0;NAC;AIR SEA WORLDWIDE;0;0;N
6702247;OLO6;Transito;HAMU2296344;HAPAG LLOYD;Contenedor 40 HC;ASNGB513658;29-12-25;29-12-25;24-12-25;15-02-26;20-02-26;19-02-26;26-03-26;26-03-26;;3320;0;NAC;AIR SEA WORLDWIDE;0;0;N
6702248;OLO6;Transito;HAMU5052254;HAPAG LLOYD;Contenedor 40 HC;ASNGB513659;29-12-25;29-12-25;24-12-25;06-02-26;20-02-26;14-02-26;24-03-26;24-03-26;;3130;0;NAC;AIR SEA WORLDWIDE;0;0;N
6702249;OLO6;Transito;HAMU4471810;HAPAG LLOYD;Contenedor 40 HC;ASNGB513660;25-12-25;20-01-26;24-12-25;08-02-26;20-02-26;20-02-26;27-03-26;27-03-26;;2700;0;NAC;AIR SEA WORLDWIDE;0;0;N
6702250;OLO6;Transito;HAMU4471810;HAPAG LLOYD;Contenedor 40 HC;ASNGBA01464;25-12-25;20-01-26;24-12-25;08-02-26;27-02-26;20-02-26;27-03-26;27-03-26;;0;0;NAC;AIR SEA WORLDWIDE;0;0;N
6702251;OLO6;Ingresada;MSKU7305033;MAERSK;Contenedor 20ft;SLHE26010144;26-12-25;26-12-25;22-12-25;22-01-26;29-01-26;22-01-26;10-03-26;09-03-26;09-03-26;3775;0;NAC;MASTERLINE;0;0;N
6702252;OLO6;Ingresada;TCKU1745302;MAERSK;Contenedor 20ft;SLHE26010144;26-12-25;26-12-25;22-12-25;22-01-26;29-01-26;22-01-26;10-03-26;09-03-26;09-03-26;3775;0;NAC;MASTERLINE;0;0;N
6702253;OLO6;Ingresada;MRKU7882537;MAERSK;Contenedor 20ft;SLHE26010144;26-12-25;26-12-25;22-12-25;22-01-26;29-01-26;22-01-26;10-03-26;09-03-26;09-03-26;3775;0;NAC;MASTERLINE;0;0;N
6702254;OLO6;Ingresada;HASU1033181;MAERSK;Contenedor 20ft;SLHE26010100;26-12-25;26-12-25;22-12-25;10-01-26;24-01-26;11-01-26;24-02-26;09-03-26;09-03-26;3805;0;NAC;MASTERLINE;0;0;N
6702255;OLO6;Ingresada;MRKU7927312;MAERSK;Contenedor 20ft;SLHE26010100;26-12-25;26-12-25;22-12-25;10-01-26;24-01-26;11-01-26;24-02-26;09-03-26;09-03-26;3805;0;NAC;MASTERLINE;0;0;N
6702256;OLO6;Ingresada;MSKU4176441;MAERSK;Contenedor 20ft;SLHE26010100;26-12-25;26-12-25;22-12-25;10-01-26;17-01-26;11-01-26;24-02-26;09-03-26;09-03-26;3805;0;NAC;MASTERLINE;0;0;N
6702257;OLO6;Transito;MSKU5008437;MAERSK;Contenedor 20ft;APS20260100395;26-12-25;05-01-26;;23-01-26;30-01-26;23-01-26;09-03-26;09-03-26;;2895;0;NAC;0;0;0;N
6702258;OLO6;Transito;MRKU7411157;MAERSK;Contenedor 20ft;APS20260100395;26-12-25;05-01-26;;23-01-26;30-01-26;23-01-26;09-03-26;09-03-26;;2895;0;NAC;0;0;0;N
6702259;OLO6;Transito;MRKU8778810;MAERSK;Contenedor 20ft;APS20260100395;26-12-25;05-01-26;;23-01-26;30-01-26;23-01-26;09-03-26;09-03-26;;2895;0;NAC;0;0;0;N
6702260;OLO6;Transito;MRKU6538996;MAERSK;Contenedor 20ft;APS20260100395;26-12-25;05-01-26;;23-01-26;30-01-26;23-01-26;09-03-26;09-03-26;;2895;0;NAC;0;0;0;N
6702261;OLO6;Transito;MSKU5512073;MAERSK;Contenedor 20ft;APS20260100396;26-12-25;05-01-26;;23-01-26;23-01-26;23-01-26;09-03-26;09-03-26;;2895;0;NAC;WIGO;0;0;N
6702262;OLO6;Transito;TGHU1727049;MAERSK;Contenedor 20ft;APS20260100396;26-12-25;05-01-26;;23-01-26;23-01-26;23-01-26;09-03-26;09-03-26;;2895;0;NAC;WIGO;0;0;N
6702263;OLO6;Transito;MSKU5723420;MAERSK;Contenedor 20ft;APS20260100396;26-12-25;05-01-26;;23-01-26;23-01-26;23-01-26;09-03-26;09-03-26;;2895;0;NAC;WIGO;0;0;N
6702264;OLO6;Transito;CAAU2418880;MAERSK;Contenedor 20ft;APS20260100113;26-12-25;05-01-26;;06-01-26;13-01-26;08-01-26;23-02-26;23-02-26;;2895;0;NAC;WIGO;0;0;N
6702265;OLO6;Transito;MRSU0612450;MAERSK;Contenedor 20ft;APS20260100113;26-12-25;05-01-26;;06-01-26;13-01-26;08-01-26;23-02-26;23-02-26;;2895;0;NAC;0;0;0;N
6702266;OLO6;Transito;TCLU3305418;MAERSK;Contenedor 20ft;APS20260100113;26-12-25;05-01-26;;06-01-26;13-01-26;08-01-26;23-02-26;23-02-26;;2895;0;NAC;0;0;0;N
6702267;OLO6;Transito;TLLU2216037;MAERSK;Contenedor 20ft;APS20260100113;26-12-25;05-01-26;;13-01-26;13-01-26;08-01-26;23-02-26;23-02-26;;2895;0;NAC;0;0;0;N
6702268;OLO6;Transito;TLLU2315364;MAERSK;Contenedor 20ft;SLHE26010064;26-12-25;26-12-25;;06-01-26;14-01-26;08-01-26;23-02-26;02-03-26;;2850;0;NAC;0;0;0;N
6702269;OLO6;Transito;SUDU1944299;MAERSK;Contenedor 20ft;SLHE26010064;26-12-25;26-12-25;;06-01-26;14-01-26;08-01-26;23-02-26;02-03-26;;2850;0;NAC;0;0;0;N
6702270;OLO6;Ingresada;PONU2044786;MAERSK;Contenedor 20ft;SLHE2601164B;26-12-25;26-12-25;;06-01-26;14-01-26;08-01-26;23-02-26;09-03-26;10-03-26;2850;0;NAC;0;0;0;N
6702271;OLO6;Transito;TEMU0198611;MAERSK;Contenedor 20ft;SLHE26010064;26-12-25;26-12-25;;06-01-26;14-01-26;08-01-26;23-02-26;02-03-26;;2850;0;NAC;0;0;0;N
6702272;OLO6;Transito;MRKU7107859;MAERSK;Contenedor 20ft;SLHE26010071;26-12-25;26-12-25;;06-01-26;14-01-26;08-01-26;23-02-26;02-03-26;;2850;0;NAC;0;0;0;N
6702273;OLO6;Transito;MRKU8430697;MAERSK;Contenedor 20ft;SLHE26010071;26-12-25;26-12-25;;06-01-26;14-01-26;08-01-26;23-02-26;02-03-26;;2850;0;NAC;0;0;0;N
6702274;OLO6;Transito;MRKU6976170;MAERSK;Contenedor 20ft;SLHE26010065;26-12-25;26-12-25;;08-01-26;15-01-26;08-01-26;23-02-26;02-03-26;;2850;0;NAC;0;0;0;N
6702275;OLO6;Transito;CRSU1482393;MAERSK;Contenedor 20ft;SLHE26010071;26-12-25;26-12-25;;06-01-26;14-01-26;08-01-26;23-02-26;02-03-26;;2850;0;NAC;0;0;0;N
6702276;OLO6;Transito;TLLU2434620;MAERSK;Contenedor 20ft;SLHE26010065;26-12-25;26-12-25;;08-01-26;15-01-26;08-01-26;23-02-26;02-03-26;;2850;0;NAC;0;0;0;N
6702277;OLO6;Ingresada;MSBU3841098;MSC;Contenedor 20ft;SLHE26010027;26-12-25;26-12-25;22-12-25;07-01-26;07-01-26;31-12-25;25-02-26;21-02-26;12-03-26;4815;0;NAC;MASTERLINE;0;0;N
6702278;OLO6;Ingresada;MSBU3836574;MSC;Contenedor 20ft;SLHE26010027;26-12-25;26-12-25;22-12-25;07-01-26;07-01-26;31-12-25;25-02-26;21-02-26;12-03-26;4815;0;NAC;MASTERLINE;0;0;N
6702279;OLO6;Ingresada;MSBU3836548;MSC;Contenedor 20ft;SLHE26010027;26-12-25;26-12-25;22-12-25;07-01-26;07-01-26;31-12-25;25-02-26;21-02-26;12-03-26;4815;0;NAC;MASTERLINE;0;0;N
6702280;OLO6;Ingresada;MSBU3836450;MSC;Contenedor 20ft;SLHE26010027;26-12-25;26-12-25;22-12-25;07-01-26;07-01-26;31-12-25;25-02-26;21-02-26;12-03-26;4815;0;NAC;MASTERLINE;0;0;N
6702281;OLO6;Ingresada;MSBU3836255;MSC;Contenedor 20ft;SLHE26010028;26-12-25;26-12-25;22-12-25;31-12-25;31-12-25;31-12-25;24-02-26;21-02-26;12-03-26;4815;0;NAC;MASTERLINE;0;0;N
6702282;OLO6;Ingresada;MSBU3837122;MSC;Contenedor 20ft;SLHE26010028;26-12-25;26-12-25;22-12-25;31-12-25;31-12-25;31-12-25;24-02-26;21-02-26;12-03-26;4815;0;NAC;MASTERLINE;0;0;N
6702283;OLO6;Ingresada;MSBU3840867;MSC;Contenedor 20ft;SLHE26010028;26-12-25;26-12-25;22-12-25;31-12-25;31-12-25;31-12-25;24-02-26;21-02-26;12-03-26;4815;0;NAC;MASTERLINE;0;0;N
6702284;OLO6;Ingresada;MSBU3829430;MSC;Contenedor 20ft;SLHE26010028;26-12-25;26-12-25;22-12-25;31-12-25;31-12-25;31-12-25;24-02-26;21-02-26;12-03-26;4815;0;NAC;MASTERLINE;0;0;N
6702285;OLO6;Ingresada;MSBU3840532;MSC;Contenedor 20ft;SLHE26010030;26-12-25;26-12-25;22-12-25;11-01-26;18-01-26;08-01-26;03-03-26;04-03-26;12-03-26;4815;0;NAC;MASTERLINE;0;0;N
6702286;OLO6;Ingresada;MEDU5031326;MSC;Contenedor 20ft;SLHE26010030;26-12-25;26-12-25;22-12-25;11-01-26;18-01-26;08-01-26;03-03-26;04-03-26;12-03-26;4815;0;NAC;MASTERLINE;0;0;N
6702287;OLO6;Ingresada;FTAU1518519;MSC;Contenedor 20ft;SLHE26010030;26-12-25;26-12-25;22-12-25;11-01-26;18-01-26;08-01-26;03-03-26;04-03-26;12-03-26;4815;0;NAC;MASTERLINE;0;0;N
6702288;OLO6;Ingresada;MSBU3842854;MSC;Contenedor 20ft;SLHE26010029;26-12-25;26-12-25;22-12-25;31-12-25;14-01-26;31-12-25;25-02-26;21-02-26;12-03-26;4815;0;NAC;MASTERLINE;0;0;N
6702289;OLO6;Ingresada;MSBU3844482;MSC;Contenedor 20ft;SLHE26010029;26-12-25;26-12-25;22-12-25;31-12-25;07-01-26;31-12-25;25-02-26;21-02-26;12-03-26;4815;0;NAC;MASTERLINE;0;0;N
6702290;OLO6;Ingresada;MSBU3836039;MSC;Contenedor 20ft;SLHE26010029;26-12-25;26-12-25;22-12-25;31-12-25;07-01-26;31-12-25;25-02-26;21-02-26;12-03-26;4815;0;NAC;MASTERLINE;0;0;N
6702291;OLO6;Ingresada;MSBU3844184;MSC;Contenedor 20ft;SLHE26010029;26-12-25;26-12-25;22-12-25;31-12-25;07-01-26;31-12-25;25-02-26;21-02-26;12-03-26;4815;0;NAC;MASTERLINE;0;0;N
6702292;OLO6;Transito;MRKU9724485;MAERSK;Contenedor 20ft;BJPBL2600042;07-01-26;07-01-26;22-12-25;22-01-26;01-02-26;25-01-26;18-03-26;18-03-26;;3880;IOLFT26-060;FAK;IN OCEAN;0;0;N
6702293;OLO6;Transito;ONEU6090820;ONE;LCL;ASNGB513493;30-12-25;30-12-25;05-12-25;29-01-26;05-02-26;29-01-26;06-03-26;13-03-26;;978,96;0;NAC;AIR SEA WORLDWIDE;0;0;N
6702295;OLO6;Booking;80001517-1;HAPAG LLOYD;Contenedor 40 HC;0;29-01-26;30-01-26;08-01-26;18-03-26;23-03-26;;;;;3720;0;0;AIR SEA WORLDWIDE;0;0;N
6702296;OLO6;Transito;TCNU1787323;HAPAG LLOYD;Contenedor 40 HC;ASSHAA00253;12-01-26;12-01-26;08-01-26;11-02-26;27-02-26;26-02-26;03-04-26;03-04-26;;2700;0;NAC;AIR SEA WORLDWIDE;0;0;N
6702304;OLO6;Transito;HLBU2295076;HAPAG LLOYD;Contenedor 20ft;ASSZXA00724;26-01-26;26-01-26;21-01-26;05-02-26;19-02-26;04-02-26;03-04-26;17-04-26;;2975;0;NAC;AIR SEA WORLDWIDE;0;0;N
6702305;OLO6;Transito;MSKU5104127;CMA CGM;Contenedor 20ft;BJPBL2600106;27-01-26;27-01-26;21-01-26;06-02-26;13-02-26;11-02-26;08-04-26;08-04-26;;4430;IOLFT26-098;FAK;IN OCEAN;0;0;N
6702306;OLO6;Booking;VTCN600806;0;Contenedor 40 HC;0;18-03-26;18-03-26;16-01-26;02-04-26;02-04-26;;;;;0;0;0;AIR SEA WORLDWIDE;0;0;N
6702307;OLO6;Booking;VTCN600806;0;Contenedor 40 HC;0;18-03-26;18-03-26;16-01-26;02-04-26;02-04-26;;;;;0;0;0;DHL;0;0;N
6702308;OLO6;Transito;UETU7439790;CMA CGM;Contenedor 40 HC;BJPBL2600109;10-02-26;10-02-26;16-01-26;06-03-26;13-03-26;06-03-26;28-04-26;28-04-26;;4500;IOLFT26-150;FAK;IN OCEAN;0;0;N
6702309;OLO6;Produccion;80001519-1;0;Contenedor 40 HC;0;;;;;;;;;;0;0;0;0;0;0;N
6702310;OLO6;Booking;80001519-2;CMA CGM;Contenedor 40 HC;0;12-03-26;12-03-26;09-03-26;22-03-26;22-03-26;;;;;5460;0;0;IN OCEAN;0;0;N
6702311;OLO6;Booking;80001520-1;0;Contenedor 40 HC;0;09-03-26;10-03-26;09-03-26;07-04-26;07-04-26;;;;;0;0;0;SPARX;0;0;N
6702315;OLO6;Booking;FANU 3639250;HAPAG LLOYD;Contenedor 40ft;HNGB00071348;17-02-26;19-02-26;11-02-26;22-03-26;22-03-26;;;;;0;0;0;SPARX;0;0;N
6702316;OLO6;Transito;CAIU7144932;MSC;Contenedor 40 HC;HNGB00070893;16-01-26;16-01-26;17-12-25;06-02-26;13-02-26;09-02-26;13-03-26;28-03-26;;3150;0;NAC;SPARX;0;0;N
6702317;OLO6;Transito;MSDU5816126;MSC;Contenedor 40 HC;HNGB00070888;16-01-26;16-01-26;17-12-25;06-02-26;13-02-26;09-02-26;13-03-26;28-03-26;;3150;0;NAC;SPARX;0;0;N
6702318;OLO6;Booking;80001484-33;0;Contenedor 40ft;0;17-02-26;18-02-26;11-02-26;19-03-26;02-04-26;;;;;0;0;0;SPARX;0;0;N
6702321;OLO6;Booking;80001484-36;CMA CGM;Contenedor 40 HC;0;17-02-26;19-02-26;11-02-26;25-03-26;25-03-26;;;;;0;0;0;SPARX;0;0;N
6702322;OLO6;Booking;80001484-37;CMA CGM;Contenedor 40 HC;0;17-02-26;19-02-26;11-02-26;25-03-26;25-03-26;;;;;0;0;0;SPARX;0;0;N
6702323;OLO6;Transito;MRKU0501351;MAERSK;Contenedor 40ft;SLHE26020062;14-01-26;14-01-26;17-12-25;03-02-26;18-02-26;11-02-26;23-03-26;30-03-26;;2000;0;NAC;MASTERLINE;0;0;N
6702324;OLO6;Booking;80001484-39;MAERSK;Contenedor 20ft;0;14-01-26;22-01-26;17-12-25;31-03-26;31-03-26;;;;;0;0;0;MASTERLINE;0;0;N
6702327;OLO6;Booking;80001484-42;0;Contenedor 40 HC;0;17-02-26;19-02-26;11-02-26;18-03-26;01-04-26;;;;;0;0;0;SPARX;0;0;N
6702328;OLO6;Booking;80001484-43;0;Contenedor 40 HC;0;17-02-26;19-02-26;11-02-26;18-03-26;01-04-26;;;;;0;0;0;SPARX;0;0;N
6702329;OLO6;Transito;BEAU4273865;MSC;Contenedor 40 HC;HNGB00070802;16-01-26;16-01-26;17-12-25;01-02-26;15-02-26;01-02-26;09-03-26;09-03-26;;3350;0;NAC;SPARX;0;0;N
6702330;OLO6;Booking;80001484-45;HAPAG LLOYD;Contenedor 40ft;0;17-02-26;19-02-26;11-02-26;23-03-26;23-03-26;;;;;0;0;0;SPARX;0;0;N
6702333;OLO6;Booking;FSCU7285049;CMA CGM;Contenedor 40 HC;BJPBL2600122;12-02-26;12-02-26;11-02-26;13-03-26;23-03-26;;;;;0;0;0;IN OCEAN;0;0;N
6702334;OLO6;Ingresada;CMAU8794391;CMA CGM;Contenedor 40 HC;BJPBL2600020;29-12-25;29-12-25;17-12-25;11-01-26;25-01-26;13-01-26;13-03-26;13-03-26;01-03-26;3840;IOLFT26-035;FAK;IN OCEAN;0;0;N
6702335;OLO6;Booking;80001484-51;CMA CGM;Contenedor 40 HC;0;13-03-26;13-03-26;11-02-26;22-03-26;22-03-26;;;;;5460;0;0;IN OCEAN;0;0;N
6702336;OLO6;Ingresada;SEGU5179285;CMA CGM;Contenedor 40 HC;BJPBL2600021;29-12-25;29-12-25;17-12-25;11-01-26;25-01-26;13-01-26;13-03-26;13-03-26;01-03-26;3840;IOLFT26-034;FAK;IN OCEAN;0;0;N
6702337;OLO6;Transito;TCKU6378067;CMA CGM;Contenedor 40 HC;BJPBL2600066;21-01-26;21-01-26;17-12-25;03-02-26;18-02-26;17-02-26;23-04-26;23-04-26;;3430;IOLFT26-114;FAK;IN OCEAN;0;0;N
6702338;OLO6;Transito;BEAU4656988;CMA CGM;Contenedor 40 HC;BJPBL2600065;21-01-26;21-01-26;17-12-25;03-02-26;24-02-26;17-02-26;23-04-26;23-04-26;;3430;IOLFT26-118;FAK;IN OCEAN;0;0;N
6702339;OLO6;Booking;80001484-56;CMA CGM;Contenedor 40 HC;0;12-02-26;12-02-26;11-02-26;22-04-26;22-04-26;;;;;0;0;0;IN OCEAN;0;0;N
6702340;OLO6;Transito;MSDU8377053;MSC;Contenedor 40 HC;ASTAO515628;15-12-25;15-12-25;10-12-25;02-01-26;18-01-26;11-01-26;20-02-26;14-03-26;;3720;0;NAC;AIR SEA WORLDWIDE;0;0;N
6702341;OLO6;Transito;TCLU5365967;MSC;Contenedor 40 HC;ASTAO515632;15-12-25;15-12-25;10-12-25;02-01-26;18-01-26;11-01-26;20-02-26;14-03-26;;3720;0;NAC;AIR SEA WORLDWIDE;0;0;N
6702342;OLO6;Booking;80001518-3;MSC;Contenedor 40 HC;0;04-03-26;04-03-26;02-03-26;07-04-26;27-03-26;;;;;4535;0;0;AIR SEA WORLDWIDE;0;0;N
6702343;OLO6;Booking;80001518-4;MSC;Contenedor 40 HC;0;04-03-26;04-03-26;02-03-26;07-04-26;27-03-26;;;;;4535;0;0;AIR SEA WORLDWIDE;0;0;N
6702344;OLO6;Booking;80001518-5;MSC;Contenedor 40 HC;0;04-03-26;04-03-26;02-03-26;07-04-26;27-03-26;;;;;4535;0;0;AIR SEA WORLDWIDE;0;0;N
6702345;OLO6;Transito;TRHU7582860;MSC;Contenedor 40 HC;ASTAO515617;16-12-25;16-12-25;10-12-25;04-01-26;16-01-26;11-01-26;14-02-26;14-02-26;;3820;0;NAC;AIR SEA WORLDWIDE;0;0;N
6702346;OLO6;Transito;TIIU4269923;MSC;Contenedor 40 HC;ASTAO515614;16-12-25;16-12-25;10-12-25;04-01-26;18-01-26;11-01-26;14-02-26;14-02-26;;3820;0;NAC;AIR SEA WORLDWIDE;0;0;N
6702347;OLO6;Booking;80001518-8;MSC;Contenedor 40 HC;0;04-03-26;04-03-26;02-03-26;29-03-26;29-03-26;;;;;4115;0;0;AIR SEA WORLDWIDE;0;0;N
6702348;OLO6;Booking;80001518-9;0;Contenedor 40 HC;0;04-03-26;04-03-26;02-03-26;07-04-26;07-04-26;;;;;4115;0;0;AIR SEA WORLDWIDE;0;0;N
6702349;OLO6;Transito;CAIU9947770;MSC;Contenedor 40 HC;ASTAO515630;15-12-25;15-12-25;10-12-25;02-01-26;18-01-26;11-01-26;05-02-26;09-02-26;;3880;0;NAC;AIR SEA WORLDWIDE;0;0;N
6702350;OLO6;Booking;80001518-11;MSC;Contenedor 40 HC;0;04-03-26;04-03-26;02-03-26;27-03-26;27-03-26;;;;;4570;0;0;AIR SEA WORLDWIDE;0;0;N
6702352;OLO6;Booking;80001518-13;0;Contenedor 40 HC;0;12-03-26;12-03-26;02-03-26;26-03-26;26-03-26;;;;;0;0;0;IN OCEAN;0;0;N
6702353;OLO6;Transito;HLBU1837125;HAPAG LLOYD;Contenedor 40ft;ASSNZA00016;12-01-26;12-01-26;09-01-26;29-01-26;11-02-26;07-02-26;20-03-26;20-03-26;;3720;0;NAC;AIR SEA WORLDWIDE;0;0;N
6702354;OLO6;Booking;DFSU6662482;HAPAG LLOYD;Contenedor 40 HC;ASNGBA01240;30-01-26;30-01-26;26-01-26;22-03-26;22-03-26;;;;;3720;0;0;AIR SEA WORLDWIDE;0;0;N
6702355;OLO6;Booking;HAMU2321350;HAPAG LLOYD;Contenedor 40ft;ASNGBA01238;30-01-26;30-01-26;26-01-26;22-03-26;22-03-26;;;;;3720;0;0;AIR SEA WORLDWIDE;0;0;N
6702356;OLO6;Booking;PIDU4405870;PIL;Contenedor 40ft;HTAO00016284;29-01-26;29-01-26;12-01-26;06-03-26;21-03-26;;;;;0;0;0;SPARX;0;0;N
6702357;OLO6;Booking;GAOU7197232;PIL;Contenedor 40ft;HTAO00016285;29-01-26;29-01-26;12-01-26;06-03-26;20-03-26;;;;;0;0;0;SPARX;0;0;N
6702358;OLO6;Booking;PCIU9142053;PIL;Contenedor 40ft;HTAO00016286;29-01-26;29-01-26;12-01-26;16-03-26;20-03-26;;;;;0;0;0;SPARX;0;0;N
6702359;OLO6;Booking;GCXU5181141;PIL;Contenedor 40ft;HTAO00016288;03-02-26;03-02-26;12-01-26;16-03-26;20-03-26;;;;;0;0;0;SPARX;0;0;N
6702360;OLO6;Transito;XHCU5372011;CMA CGM;Contenedor 40ft;HTAO00016020;22-12-25;22-12-25;16-12-25;19-01-26;02-02-26;20-01-26;20-02-26;20-02-26;;3350;0;NAC;SPARX;0;0;N
6702361;OLO6;Transito;ECMU4880391;CMA CGM;Contenedor 40ft;HTAO00016019;22-12-25;22-12-25;16-12-25;19-01-26;02-02-26;20-01-26;20-02-26;20-02-26;;3350;0;NAC;SPARX;0;0;N
6702362;OLO6;Booking;TCKU6398340;CMA CGM;Contenedor 40ft;TAO00016250;29-01-26;29-01-26;12-01-26;06-03-26;26-03-26;;;;;0;0;0;SPARX;0;0;N
6702363;OLO6;Booking;80001521-8;CMA CGM;Contenedor 40ft;0;05-03-26;05-03-26;12-01-26;19-03-26;26-03-26;;;;;0;0;0;SPARX;0;0;N
6702364;OLO6;Booking;TLLU4539147;CMA CGM;Contenedor 40ft;HTAO00016251;29-01-26;29-01-26;12-01-26;06-03-26;21-03-26;;;;;0;0;0;SPARX;0;0;N
6702365;OLO6;Booking;80001521-10;CMA CGM;Contenedor 40ft;0;03-02-26;03-02-26;12-01-26;15-03-26;22-03-26;;;;;0;0;0;SPARX;0;0;N
6702366;OLO6;Transito;CAAU4690120;CMA CGM;Contenedor 40ft;HTAO00016018;22-12-25;22-12-25;16-12-25;19-01-26;02-02-26;20-01-26;20-02-26;20-02-26;;3350;0;NAC;SPARX;0;0;N
6702367;OLO6;Booking;CMAU6516299;CMA CGM;Contenedor 40ft;HTAO00016249;29-01-26;29-01-26;12-01-26;06-03-26;26-03-26;;;;;0;0;0;SPARX;0;0;N
6702368;OLO6;Transito;HAMU4076354;HAPAG LLOYD;Contenedor 40ft;HTAO00016279;29-01-26;29-01-26;12-01-26;24-02-26;17-03-26;01-03-26;02-04-26;02-04-26;;4500;0;NAC;SPARX;0;0;N
6702369;OLO6;Transito;FDCU0191571;HAPAG LLOYD;Contenedor 40ft;HTAO00016280;29-01-26;29-01-26;12-01-26;24-02-26;17-03-26;01-03-26;02-04-26;02-04-26;;4500;0;NAC;SPARX;0;0;N
6702370;OLO6;Transito;HAMU3998005;HAPAG LLOYD;Contenedor 40ft;HTAO00016281;29-01-26;29-01-26;12-01-26;24-02-26;10-03-26;01-03-26;02-04-26;02-04-26;;4500;0;NAC;SPARX;0;0;N
6702371;OLO6;Transito;HAMU3514522;HAPAG LLOYD;Contenedor 40ft;HTAO00016282;29-01-26;29-01-26;12-01-26;24-02-26;10-03-26;01-03-26;02-04-26;02-04-26;;4500;0;NAC;SPARX;0;0;N
6702372;OLO6;Transito;FANU1723757;HAPAG LLOYD;Contenedor 40ft;HTAO00016266;03-02-26;03-02-26;12-01-26;05-03-26;19-03-26;01-03-26;02-04-26;02-04-26;;4500;0;NAC;SPARX;0;0;N
6702373;OLO6;Ingresada;DFSU6701315;CMA CGM;Contenedor 20ft;BJPBL2600018;30-12-25;30-12-25;16-12-25;09-01-26;30-01-26;20-01-26;17-03-26;17-03-26;10-03-26;4130;0;FAK;IN OCEAN;0;0;N
6702374;OLO6;Produccion;80001521-19;0;Contenedor 20ft;0;;;12-01-26;13-03-26;03-04-26;;;;;0;0;0;IN OCEAN;0;0;N
6702375;OLO6;Produccion;80001521-20;0;Contenedor 20ft;0;;;12-01-26;13-03-26;03-04-26;;;;;0;0;0;IN OCEAN;0;0;N
6702376;OLO6;Transito;UACU8439091;HAPAG LLOYD;Contenedor 40ft;ASNGBA00621;16-01-26;19-01-26;14-01-26;03-02-26;10-02-26;05-02-26;20-03-26;20-03-26;;2700;0;NAC;AIR SEA WORLDWIDE;0;0;N
6702377;OLO6;Ingresada;APHU7207531;CMA CGM;Contenedor 40 HC;BJPBL2600017;29-12-25;29-12-25;22-12-25;09-01-26;23-01-26;20-01-26;17-03-26;17-03-26;10-03-26;4130;IOLFT26-054;FAK;IN OCEAN;0;0;N
6702378;OLO6;Transito;FCIU7182695;CMA CGM;Contenedor 40 HC;BJPBL2600085;27-01-26;27-01-26;16-01-26;08-02-26;28-02-26;21-02-26;10-04-26;10-04-26;;3430;IOLFT26-123;FAK;IN OCEAN;0;0;N
6702379;OLO6;Transito;ECMU5742571;CMA CGM;Contenedor 40 HC;BJPBL2600085;27-01-26;27-01-26;16-01-26;08-02-26;28-02-26;21-02-26;10-04-26;10-04-26;;3430;IOLFT26-123;FAK;IN OCEAN;0;0;N
6702380;OLO6;Transito;FSCU7123710;CMA CGM;Contenedor 40 HC;BJPBL2600085;27-01-26;27-01-26;16-01-26;08-02-26;28-02-26;21-02-26;10-04-26;10-04-26;;3430;IOLFT26-123;FAK;IN OCEAN;0;0;N
6702381;OLO6;Transito;FBLU0055496;CMA CGM;Contenedor 40 HC;BJPBL2600085;27-01-26;27-01-26;16-01-26;08-02-26;28-02-26;21-02-26;10-04-26;10-04-26;;3430;IOLFT26-123;FAK;IN OCEAN;0;0;N
6702382;OLO6;Booking;80001487-5;0;Contenedor 40 HC;0;12-03-26;12-03-26;;15-04-26;15-04-26;;;;;0;0;0;0;0;0;N
6702383;OLO6;Booking;80001487-6;0;Contenedor 40ft;0;12-03-26;12-03-26;;15-04-26;15-04-26;;;;;0;0;0;0;0;0;N
6702384;OLO6;Booking;80001487-7;0;Contenedor 40ft;0;12-03-26;12-03-26;;15-04-26;15-04-26;;;;;0;0;0;0;0;0;N
6702385;OLO6;Transito;CAIU8720668;MSC;Contenedor 40 HC;HNGB00070891;20-01-26;22-01-26;16-01-26;05-02-26;19-02-26;09-02-26;13-03-26;28-03-26;;4650;0;NAC;SPARX;0;0;N
6702386;OLO6;Transito;TGBU5536440;MSC;Contenedor 40 HC;HNGB00070892;20-01-26;22-01-26;16-01-26;05-02-26;20-02-26;14-02-26;20-03-26;03-04-26;;4650;0;NAC;SPARX;0;0;N
6702387;OLO6;Booking;80001487-10;CMA CGM;Contenedor 40 HC;0;05-03-26;05-03-26;;12-04-26;31-03-26;;;;;0;0;0;0;0;0;N
6702388;OLO6;Transito;CMAU7057194;CMA CGM;Contenedor 40 HC;HNGB00070860;21-01-26;21-01-26;16-01-26;15-02-26;24-02-26;15-02-26;03-04-26;03-04-26;;4490;0;NAC;SPARX;0;0;N
6702389;OLO6;Booking;80001487-12;CMA CGM;Contenedor 40ft;0;05-03-26;05-03-26;;08-04-26;08-04-26;;;;;0;0;0;0;0;0;N
6702390;OLO6;Transito;MEDU7532672;MSC;Contenedor 40 HC;HNGB00070895;20-01-26;22-01-26;16-01-26;09-02-26;23-02-26;10-02-26;18-03-26;18-03-26;;3350;0;NAC;SPARX;0;0;N
6702391;OLO6;Transito;GLDU7682990;MSC;Contenedor 40ft;HNGB00070896;22-01-26;22-01-26;16-01-26;09-02-26;23-02-26;10-02-26;18-03-26;18-03-26;;3350;0;NAC;SPARX;0;0;N
6702392;OLO6;Booking;80001487-15;HAPAG LLOYD;Contenedor 40ft;0;05-03-26;05-03-26;;08-04-26;29-03-26;;;;;0;0;0;0;0;0;N
6702393;OLO6;Transito;MSDU4649430;MSC;Contenedor 40ft;ASXMGA00033;10-02-26;10-02-26;02-02-26;18-03-26;18-03-26;;;;;2950;0;0;AIR SEA WORLDWIDE;0;0;N
6702394;OLO6;Booking;MSDU4649430;MSC;Contenedor 40ft;ASXMGA00031;10-02-26;10-02-26;02-02-26;18-03-26;25-03-26;;;;;0;0;0;AIR SEA WORLDWIDE;0;0;N
6702395;OLO6;Produccion;80001522-U2;0;Contenedor 40ft;0;;;17-03-26;;;;;;;0;0;0;AIR SEA WORLDWIDE;0;0;N
6702396;OLO6;Produccion;80001522-U2;0;Contenedor 40ft;0;;;17-03-26;;;;;;;0;0;0;AIR SEA WORLDWIDE;0;0;N
6702400;OLO6;Transito;TEMU8296471;MSC;Contenedor 40 HC;ASTAO515317;17-12-25;17-12-25;15-12-25;26-12-25;16-01-26;08-01-26;30-01-26;09-02-26;;3555;0;NAC;AIR SEA WORLDWIDE;0;0;N
6702401;OLO6;Booking;80001484-45;HAPAG LLOYD;Contenedor 40ft;0;17-02-26;19-02-26;11-02-26;23-03-26;23-03-26;;;;;0;0;0;SPARX;0;0;N
6702402;OLO6;Transito;FCIU5403903;CMA CGM;Contenedor 20ft;BJPBL2600115;09-02-26;09-02-26;;10-03-26;17-03-26;09-03-26;28-04-26;28-04-26;;5095;IOLFT26-164;FAK;IN OCEAN;0;0;N
6702403;OLO6;Transito;TGHU6228417;HAPAG LLOYD;Contenedor 40ft;ASSHAA00138;08-01-26;08-01-26;06-01-26;06-02-26;18-02-26;13-02-26;27-03-26;27-03-26;;2700;0;NAC;AIR SEA WORLDWIDE;0;0;N
6702404;OLO6;Transito;TGHU6228417;HAPAG LLOYD;Contenedor 40ft;ASSHAA00138A;08-01-26;08-01-26;06-01-26;06-02-26;18-02-26;13-02-26;27-03-26;27-03-26;;0;0;NAC;AIR SEA WORLDWIDE;0;0;N
6702405;OLO6;Transito;FANU3752815;HAPAG LLOYD;Contenedor 40ft;ASSHAA00137;08-01-26;08-01-26;06-01-26;06-02-26;18-02-26;13-02-26;27-03-26;27-03-26;;3720;0;NAC;AIR SEA WORLDWIDE;0;0;N
6702406;OLO6;Transito;SLSU8028068;HAPAG LLOYD;Contenedor 40 HC;ASHCMA00119;22-01-26;22-01-26;15-01-26;08-02-26;22-02-26;11-02-26;10-04-26;24-04-26;;3700;0;NAC;AIR SEA WORLDWIDE;0;0;N
6702407;OLO6;Transito;CXDU1103576;MSC;Contenedor 40 HC;DPBL2602FD0001A;22-01-26;22-01-26;15-01-26;07-02-26;14-02-26;09-02-26;03-04-26;03-04-26;;4250;IOLFT26-102;FAK;IN OCEAN;0;0;N
6702408;OLO6;Transito;CXDU1103576;MSC;Contenedor 40 HC;DPBL2602FD0001B;22-01-26;22-01-26;15-01-26;07-02-26;14-02-26;09-02-26;03-04-26;03-04-26;;0;IOLFT26-102;FAK;IN OCEAN;0;0;N
6702409;OLO6;Transito;MSNU7364827;MSC;Contenedor 40 HC;DPBL2603FD0001;26-02-26;26-02-26;10-02-26;12-03-26;19-03-26;14-03-26;01-05-26;01-05-26;;0;0;0;IN OCEAN;0;0;N
6702410;OLO6;Booking;VTCN600811;HAPAG LLOYD;Contenedor 20ft;0;11-03-26;11-03-26;09-03-26;01-04-26;01-04-26;;;;;4335;0;0;AIR SEA WORLDWIDE;0;0;N
6702411;OLO6;Booking;VTCN600811;HAPAG LLOYD;Contenedor 20ft;0;11-03-26;11-03-26;09-03-26;01-04-26;01-04-26;;;;;0;0;0;AIR SEA WORLDWIDE;0;0;N
6702413;OLO6;Produccion;0;0;0;0;;;;;;;;;;0;0;0;0;0;0;N
6702414;OLO6;Produccion;0;0;0;0;;;;;;;;;;0;0;0;0;0;0;N
6702418;OLO6;Produccion;0;0;0;0;;;;;;;;;;0;0;0;0;0;0;N
6702419;OLO6;Produccion;0;0;0;0;;;;;;;;;;0;0;0;0;0;0;N
6702420;OLO6;Transito;BMOU6954306;MSC;Contenedor 40 HC;ASTAOA00307;05-01-26;05-01-26;29-12-25;16-01-26;23-01-26;23-01-26;02-02-26;21-03-26;;3729;0;NAC;AIR SEA WORLDWIDE;0;0;N
6702421;OLO6;Transito;UETU6633780;CMA CGM;Contenedor 40 HC;ASTAOA00305;05-01-26;05-01-26;29-12-25;19-01-26;23-01-26;23-01-26;27-02-26;21-03-26;;3720;0;NAC;AIR SEA WORLDWIDE;0;0;N
6702422;OLO6;Transito;MEDU7104993;MSC;Contenedor 40 HC;ASTAOA00306;05-01-26;05-01-26;29-12-25;16-01-26;23-01-26;23-01-26;27-02-26;21-03-26;;3720;0;NAC;AIR SEA WORLDWIDE;0;0;N
6702423;OLO6;Transito;FFAU5543702;MSC;Contenedor 40 HC;ASTAOA00301;05-01-26;05-01-26;29-12-25;16-01-26;03-02-26;24-01-26;03-03-26;03-03-26;;3820;0;NAC;AIR SEA WORLDWIDE;0;0;N
6702424;OLO6;Transito;CAAU5589839;MSC;Contenedor 40 HC;ASTAOA00757;05-01-26;05-01-26;29-12-25;25-01-26;08-02-26;30-01-26;07-03-26;07-03-26;;3820;0;NAC;AIR SEA WORLDWIDE;0;0;N
6702425;OLO6;Transito;CMAU3954223;CMA CGM;Contenedor 40 HC;BJPBL2600098;27-01-26;30-01-26;29-12-25;13-02-26;06-03-26;01-03-26;14-04-26;14-04-26;;3430;IOLFT26-145;FAK;IN OCEAN;0;0;N
6702426;OLO6;Produccion;0;0;0;0;;;;;;;;;;0;0;0;0;0;0;N
6702427;OLO6;Transito;TGHU5197353;ZIM LINES;Contenedor 40 HC;ZIMUGOA1088826;27-02-26;27-02-26;;06-03-26;06-03-26;;;;;5800,26;0;0;DEFINIDO POR EL PROVEEDOR;0;0;N
6702431;OLO6;Transito;APHU7090677;CMA CGM;Contenedor 40 HC;HNGB00070967;27-01-26;28-01-26;23-01-26;11-02-26;25-02-26;15-02-26;03-04-26;03-04-26;;4490;0;NAC;SPARX;0;0;N
6702432;OLO6;Transito;TRHU7168124;CMA CGM;Contenedor 40 HC;HNGB00071128;27-01-26;29-01-26;23-01-26;04-03-26;11-03-26;03-03-26;16-04-26;16-04-26;;4350;0;NAC;SPARX;0;0;N
6702433;OLO6;Booking;80001533-3;CMA CGM;Contenedor 40 HC;0;26-02-26;26-02-26;12-02-26;25-03-26;25-03-26;;;;;0;0;0;SPARX;0;0;N
6702434;OLO6;Booking;80001533-4;CMA CGM;Contenedor 40 HC;0;26-02-26;26-02-26;04-03-26;01-04-26;01-04-26;;;;;0;0;0;SPARX;0;0;N
6702435;OLO6;Booking;80001533-5;CMA CGM;Contenedor 40 HC;0;06-03-26;06-03-26;04-03-26;31-03-26;31-03-26;;;;;0;0;0;SPARX;0;0;N
6702436;OLO6;Booking;80001533-6;CMA CGM;Contenedor 40 HC;0;06-03-26;06-03-26;04-03-26;31-03-26;31-03-26;;;;;0;0;0;SPARX;0;0;N
6702437;OLO6;Booking;80001533-7;CMA CGM;Contenedor 40 HC;0;06-03-26;06-03-26;04-03-26;08-04-26;08-04-26;;;;;0;0;0;SPARX;0;0;N
6702442;OLO6;Produccion;0;0;0;0;;;;12-03-26;02-04-26;;;;;0;0;0;0;0;0;N
6702444;OLO6;Produccion;0;0;0;0;;;;;;;;;;0;0;0;0;0;0;N
6702445;OLO6;Produccion;VTCN600819;0;Contenedor 20ft;0;;;;;;;;;;0;0;0;0;0;0;N
6702446;OLO6;Produccion;VTCN600820;0;Contenedor 40 HC;0;;;;;;;;;;0;0;0;0;0;0;N
6702447;OLO6;Produccion;0;0;0;0;;;;;;;;;;0;0;0;0;0;0;N
6702450;OLO6;Transito;0;0;0;6702450;;;;;;;;;;0;0;0;0;0;0;N
6702451;OLO6;Transito;0;0;0;6702451;;;;;;;;;;0;0;0;0;0;0;N
6702452;OLO6;Transito;0;0;0;6702452;;;;;;;;;;0;0;0;0;0;0;N
6702453;OLO6;Produccion;80001535-1;0;LCL;0;;;06-03-26;;;;;;;0;0;0;AIR SEA WORLDWIDE;0;0;N
6702454;OLO6;Produccion;80001535-2;0;LCL;0;;;06-03-26;;;;;;;0;0;0;AIR SEA WORLDWIDE;0;0;N
6702455;OLO6;Transito;FSCU8547631;ONE;Contenedor 40 HC;PCL-269812-01;13-02-26;17-02-26;16-02-26;03-03-26;10-03-26;04-03-26;03-04-26;03-04-26;;4190;IOLFT26-144;FAK;IN OCEAN;0;0;N
6702456;OLO6;Transito;FFAU6748498;ONE;Contenedor 40 HC;PCL-269812-01;13-02-26;17-02-26;16-02-26;03-03-26;10-03-26;04-03-26;03-04-26;03-04-26;;4190;IOLFT26-144;FAK;IN OCEAN;0;0;N
6702457;OLO6;Transito;ONEU0279205;ONE;Contenedor 40 HC;PCL-269812-01;13-02-26;17-02-26;16-02-26;03-03-26;10-03-26;04-03-26;03-04-26;03-04-26;;4190;IOLFT26-144;FAK;IN OCEAN;0;0;N
6702458;OLO6;Transito;GCXU5269720;ONE;Contenedor 40 HC;PCL-269812-01;13-02-26;17-02-26;16-02-26;03-03-26;10-03-26;04-03-26;03-04-26;03-04-26;;4190;IOLFT26-144;FAK;IN OCEAN;0;0;N
6702459;OLO6;Transito;ONEU6094256;ONE;Contenedor 40 HC;PCL-269812-01;13-02-26;17-02-26;16-02-26;03-03-26;10-03-26;04-03-26;03-04-26;03-04-26;;4190;IOLFT26-144;FAK;IN OCEAN;0;0;N
6702460;OLO6;Booking;0;ONE;Contenedor 40 HC;0;04-03-26;04-03-26;16-02-26;17-03-26;24-03-26;;;;;4190;0;0;IN OCEAN;0;0;N
6702461;OLO6;Booking;0;ONE;Contenedor 40 HC;0;04-03-26;04-03-26;16-02-26;17-03-26;24-03-26;;;;;4190;0;0;IN OCEAN;0;0;N
6702462;OLO6;Booking;0;ONE;Contenedor 40 HC;0;04-03-26;04-03-26;16-02-26;17-03-26;24-03-26;;;;;4190;0;0;IN OCEAN;0;0;N
6702464;OLO6;Produccion;80001467-4;0;Contenedor 40 HC;0;;;;;;;;;;0;0;0;0;0;0;N
6702465;OLO6;Produccion;VTCN600821;0;Contenedor 40 HC;0;;;;;;;;;;0;0;0;0;0;0;N
6702466;OLO6;Produccion;VTCN600821;0;Contenedor 40 HC;0;;;;;;;;;;0;0;0;0;0;0;N
6702467;OLO6;Produccion;VTCN600822;0;Contenedor 40 HC;0;;;;;;;;;;0;0;0;0;0;0;N
6702468;OLO6;Produccion;VTCN600822;0;Contenedor 40 HC;0;;;;;;;;;;0;0;0;0;0;0;N
6702469;OLO6;Produccion;VTCN600823;0;Contenedor 40 HC;0;;;;;;;;;;0;0;0;0;0;0;N
6702470;OLO6;Produccion;VTCN600824;0;Contenedor 40 HC;0;;;;;;;;;;0;0;0;0;0;0;N
6702471;OLO6;Produccion;VTCN600825;0;Contenedor 40 HC;0;;;;;;;;;;0;0;0;0;0;0;N
6702472;OLO6;Produccion;VTCN600826;0;Contenedor 40 HC;0;;;;;;;;;;0;0;0;0;0;0;N
6702473;OLO6;Produccion;VTCN600827;0;Contenedor 40 HC;0;;;;;;;;;;0;0;0;0;0;0;N
6702474;OLO6;Produccion;VTCN600828;0;Contenedor 40 HC;0;;;;;;;;;;0;0;0;0;0;0;N
6702475;OLO6;Produccion;VTCN600828;0;Contenedor 40 HC;0;;;;;;;;;;0;0;0;0;0;0;N
6702476;OLO6;Produccion;VTCN600829;0;Contenedor 40 HC;0;;;;;;;;;;0;0;0;0;0;0;N
6702477;OLO6;Produccion;VTCN600830;0;Contenedor 40 HC;0;;;;;;;;;;0;0;0;0;0;0;N
6702482;OLO6;Transito;VTCN600831;0;Contenedor 40 HC;BJPBL2600017-1;;;;;;;;;;0;0;0;0;0;0;N
6702484;OLO6;Produccion;VTCN600832;0;Contenedor 40 HC;0;;;;;;;;;;0;0;0;0;0;0;N
6702485;OLO6;Produccion;VTCN600832;0;Contenedor 40 HC;0;;;;;;;;;;0;0;0;0;0;0;N
6702487;OLO6;Produccion;VTCN600833;0;Contenedor 20ft;0;;;;;;;;;;0;0;0;0;0;0;N
6702488;OLO6;Produccion;VTCN600834;0;Contenedor 20ft;0;;;;;;;;;;0;0;0;0;0;0;N
6702489;OLO6;Produccion;80001534-1;0;Contenedor 20ft;0;;;17-03-26;;;;;;;0;0;0;SPARX;0;0;N
6702490;OLO6;Produccion;80001534-2;0;Contenedor 20ft;0;;;17-03-26;;;;;;;0;0;0;SPARX;0;0;N
6702491;OLO6;Produccion;80001534-3;0;Contenedor 20ft;0;;;17-03-26;;;;;;;0;0;0;SPARX;0;0;N
6702492;OLO6;Produccion;80001534-4;0;Contenedor 20ft;0;;;17-03-26;;;;;;;0;0;0;SPARX;0;0;N
6702493;OLO6;Produccion;80001534-5;0;Contenedor 20ft;0;;;17-03-26;;;;;;;0;0;0;IN OCEAN;0;0;N
6702495;OLO6;Produccion;VTCN600836;0;Contenedor 40 HC;0;;;;;;;;;;0;0;0;0;0;0;N
6702496;OLO6;Produccion;VTCN600837;0;Contenedor 40 HC;0;;;;;;;;;;0;0;0;0;0;0;N
6702497;OLO6;Produccion;VTCN600808;0;Contenedor 40 HC;0;;;;;;;;;;0;0;0;0;0;0;N
6702498;OLO6;Produccion;VTCN600835;0;Contenedor 40 HC;0;;;;;;;;;;0;0;0;0;0;0;N
6702499;OLO6;Produccion;0;0;0;0;;;;;;;;;;0;0;0;0;0;0;N
6702500;OLO6;Produccion;VTCN600838;0;Contenedor 20ft;0;;;;;;;;;;0;0;0;0;0;0;N
6702501;OLO6;Produccion;VTCN600839;0;Contenedor 20ft;0;;;;;;;;;;0;0;0;0;0;0;N
6702506;OLO6;Produccion;VTCN600840;0;Contenedor 40 HC;0;;;;;;;;;;0;0;0;0;0;0;N
6702507;OLO6;Produccion;0;0;0;0;;;;;;;;;;0;0;0;0;0;0;N
6702508;OLO6;Produccion;0;0;0;0;;;;;;;;;;0;0;0;0;0;0;N
6702509;OLO6;Produccion;0;0;0;0;;;;;;;;;;0;0;0;0;0;0;N
6702510;OLO6;Produccion;0;0;0;0;;;;;;;;;;0;0;0;0;0;0;N
6702511;OLO6;Produccion;80001538-1;0;LCL;0;;;;;;;;;;0;0;0;0;0;0;N
6702512;OLO6;Produccion;80001542-U1;0;Contenedor 20ft;0;;;;;;;;;;0;0;0;0;0;0;N
6702513;OLO6;Produccion;80001542-U1;0;Contenedor 20ft;0;;;;;;;;;;0;0;0;0;0;0;N
7000000;OLO7;Transito;0;0;0;NGBS25385993;;;;;;;;;;0;0;0;0;0;0;N
7000001;OLO7;Transito;0;0;0;TAOS25158339;06-03-25;21-03-25;;29-03-25;29-03-25;;;;;0;0;0;0;0;0;N
7000006;OLO7;Transito;0;0;0;HCAN00031974;;;;;;;;;;0;0;0;0;0;0;N
7000007;OLO7;Transito;0;0;0;1,49501E+11;;;;;;;;;;0;0;0;0;0;0;N
7000012;OLO7;Transito;0;0;0;TNJ250000658;;;;;;;;;;0;0;0;0;0;0;N
7000013;OLO7;Transito;0;0;0;HNGB00066121;;;;;;;;;;0;0;0;0;0;0;N
7000026;OLO7;Transito;0;MSC;Contenedor 40 HC;177FBXBXA4878;08-04-25;05-06-25;;15-06-25;15-06-25;;;;;0;0;0;0;0;0;N
7000028;OLO7;Transito;0;MSC;Contenedor 40 HC;177FBXBXA4879;08-04-25;05-06-25;;15-06-25;15-06-25;;;;;0;0;0;0;0;0;N
7000043;OLO7;Transito;HPCU5092854;PIL;0;NGBS25409689;10-12-25;15-01-26;;01-02-26;04-02-26;;23-03-26;01-03-26;;0;0;0;0;0;0;N
7000071;OLO7;Transito;0;MAERSK;Contenedor 40 HC;285375432;22-09-25;26-11-25;;06-12-25;07-12-25;;19-01-26;;;0;0;0;0;0;0;N
7000073;OLO7;Transito;0;0;0;7000073;;;;;;;;;;0;0;0;0;0;0;N
7000099;OLO7;Transito;0;0;0;TAOS25162286;;;;;;;;;;0;0;0;0;0;0;N
7000105;OLO7;Transito;0;CMA CGM;Contenedor 40 HC;QGD2211091;14-08-25;04-09-25;;20-09-25;20-09-25;;;;;0;0;0;SPARX;0;0;N
7000109;OLO7;Transito;0;0;0;1,40558E+11;;;;;;;;;;0;0;0;0;0;0;N
7000112;OLO7;Transito;0;CMA CGM;0;QGD2215227;25-08-25;08-09-25;;27-09-25;04-10-25;;;;;0;0;0;SPARX;0;0;N
7000121;OLO7;Transito;0;0;0;TAOS25163190;;;;;;;;;;0;0;0;0;0;0;N
7000122;OLO7;Transito;0;0;0;HNGB00069194;23-09-25;09-10-25;;18-10-25;22-10-25;;;;;0;0;0;SPARX;0;0;N
7000128;OLO7;Transito;0;CMA CGM;0;QGD2364810;27-10-25;27-11-25;;30-11-25;20-12-25;;02-02-26;10-02-26;;0;0;0;SPARX;0;0;N
7000129;OLO7;Produccion;0;MAERSK;0;264809849;08-12-25;30-12-25;;24-01-26;21-03-26;;01-03-26;01-02-26;;0;0;0;SPARX;0;0;N
7000130;OLO7;Produccion;0;0;0;0;;;;;;;;;;0;0;0;0;0;0;N
7000133;OLO7;Produccion;0;0;0;0;;;;;;;;;;0;0;0;0;0;0;N
7000135;OLO7;Transito;0;CMA CGM;0;QGD2459348;03-12-25;12-12-25;;21-12-25;20-12-25;;;;;0;0;0;SPARX;0;0;N
7000136;OLO7;Produccion;0;0;0;0;;;;;;;;;;0;0;0;0;0;0;N
7000138;OLO7;Transito;0;CMA CGM;0;QGD2513800;08-12-25;29-12-25;;20-01-26;30-01-26;;09-03-26;01-02-26;;0;0;0;SPARX;0;0;N
7000140;OLO7;Transito;0;CMA CGM;0;QGD2574590;14-11-25;21-01-26;;03-02-26;06-02-26;;16-03-26;01-03-26;;0;0;0;SPARX;0;0;N
7000141;OLO7;Booking;0;CMA CGM;0;QGD2678390,;14-01-26;09-03-26;;28-03-26;28-03-26;;;;;0;0;0;SPARX;0;0;N
7000142;OLO7;Produccion;0;0;0;0;;;;;;;;;;0;0;0;0;0;0;N
7000144;OLO7;Transito;0;MAERSK;0;264106306;30-12-25;31-12-25;;31-01-26;03-02-26;;08-03-26;08-03-26;;0;0;0;SPARX;0;0;N
7000146;OLO7;Produccion;0;0;0;0;;;;;;;;;;0;0;0;0;0;0;N
7000147;OLO7;Produccion;0;0;0;0;;;;;;;;;;0;0;0;0;0;0;N
7000148;OLO7;Produccion;0;0;0;0;;;;;;;;;;0;0;0;0;0;0;N
7000150;OLO7;Transito;0;0;0;TAOS25167310;06-11-25;;;07-02-26;07-02-26;;19-03-26;19-03-26;;0;0;0;0;0;0;N
7000152;OLO7;Produccion;0;0;0;0;;;;;;;;;;0;0;0;0;0;0;N
7000155;OLO7;Transito;0;0;0;TAOS25164638;;;;;;;;;;0;0;0;0;0;0;N
7000157;OLO7;Transito;0;0;0;TAOS25164264;;;;;;;;;;0;0;0;0;0;0;N
7000163;OLO7;Produccion;0;MAERSK;0;263864227;08-12-25;06-01-26;;02-02-26;30-03-26;;20-03-26;20-03-26;;0;0;0;SPARX;0;0;N
7000165;OLO7;Booking;0;MAERSK;0;0;08-12-25;16-12-25;;;;;;;;0;0;0;0;0;0;N
7000166;OLO7;Produccion;0;0;0;0;;;;;;;;;;0;0;0;0;0;0;N
7000168;OLO7;Produccion;0;0;0;0;;;;;;;;;;0;0;0;0;0;0;N
7000169;OLO7;Transito;0;CMA CGM;0;QGD2503365;27-10-25;12-11-25;;23-12-25;12-01-26;;18-02-26;18-02-26;;0;0;0;SPARX;0;0;N
7000172;OLO7;Transito;0;CMA CGM;0;QGD2475018;08-12-25;15-12-25;;27-12-25;28-12-25;;;;;0;0;0;SPARX;0;0;N
7000174;OLO7;Transito;0;MAERSK;0;264809633;08-12-25;16-12-25;;10-01-26;17-01-26;;25-02-26;04-03-26;;0;0;0;SPARX;0;0;N
7000176;OLO7;Transito;0;CMA CGM;0;QGD2612552;23-01-26;02-02-26;;13-02-26;15-02-26;;25-03-26;25-03-26;;0;0;0;SPARX;0;0;N
7000177;OLO7;Transito;0;MAERSK;0;265853644;23-01-26;30-01-26;;21-02-26;20-02-26;;08-04-26;06-05-26;;0;0;0;SPARX;0;0;N
7000178;OLO7;Produccion;0;0;0;0;;;;;;;;;;0;0;0;0;0;0;N
7000179;OLO7;Produccion;0;0;0;0;;;;;;;;;;0;0;0;0;0;0;N
7000180;OLO7;Transito;0;MAERSK;0;264809845;08-12-25;29-01-26;;17-01-26;17-01-26;;06-03-26;06-03-26;;0;0;0;SPARX;0;0;N
7000181;OLO7;Produccion;0;CMA CGM;0;QGD2632587;30-12-25;09-03-26;;20-03-26;27-03-26;;;;;0;0;0;SPARX;0;0;N
7000182;OLO7;Booking;0;EVERGREEN;Contenedor 40 HC;1,40658E+11;30-12-25;17-03-26;;14-04-26;14-04-26;;23-05-26;23-05-26;;0;0;0;SPARX;0;0;N
7000191;OLO7;Transito;0;0;0;262348282;11-11-25;15-12-25;;22-12-25;05-01-26;;;04-02-26;;0;0;0;0;0;0;N
7000192;OLO7;Transito;0;MAERSK;0;263130624;11-11-25;15-12-25;;22-12-25;05-01-26;;;04-02-26;;0;0;0;0;0;0;N
7000194;OLO7;Transito;ECMU4884735;CMA CGM;Contenedor 40 HC;BJPBL2500103;12-12-25;16-12-25;;24-12-25;25-12-25;28-12-25;03-03-26;03-03-26;;4130;IOLFT25-972;FAK;IN OCEAN;0;0;N
7000197;OLO7;Transito;0;CMA CGM;Contenedor 40 HC;NGP3139781;27-11-25;08-12-25;;25-12-25;07-01-26;;09-02-26;16-02-26;;0;0;0;SPARX;0;0;N
7000203;OLO7;Booking;0;CMA CGM;Contenedor 20ft;0;19-12-25;23-12-25;;12-03-26;26-03-26;;;;;0;0;0;IN OCEAN;0;0;N
7000204;OLO7;Booking;0;CMA CGM;Contenedor 20ft;0;19-12-25;23-12-25;;12-03-26;26-03-26;;;;;0;0;0;IN OCEAN;0;0;N
7000205;OLO7;Produccion;0;0;0;0;;;;;;;;;;0;0;0;0;0;0;N
7000207;OLO7;Transito;0;0;0;177SJNJNA50745V.;;;;;;;;;;0;0;0;0;0;0;N
7000213;OLO7;Ingresada;TLLU7712683;CMA CGM;Contenedor 40 HC;BJPBL2600023;18-12-25;26-12-25;18-12-25;13-01-26;20-01-26;13-01-26;13-03-26;17-03-26;17-03-26;4230;IOLFT26-043;FAK;IN OCEAN;0;0;N
7000214;OLO7;Transito;CMAU7613101;CMA CGM;Contenedor 40 HC;BJPBL2600132;02-03-26;02-03-26;;17-03-26;22-03-26;14-03-26;12-05-26;12-05-26;;0;0;0;0;0;0;N
7000218;OLO7;Ingresada;SEKU5744380;CMA CGM;Contenedor 40 HC;BJPBL2600022;30-12-25;05-01-26;;13-01-26;20-01-26;13-01-26;13-03-26;17-03-26;17-03-26;4230;IOLFT26-042;FAK;IN OCEAN;0;0;N
7000222;OLO7;Produccion;0;0;0;0;;;;;;;;;;0;0;0;0;0;0;N
7000224;OLO7;Transito;0;EVERGREEN;0;1,485E+11;26-11-25;03-12-25;;01-01-26;01-01-26;;;;;0;0;0;SPARX;0;0;N
7000225;OLO7;Transito;0;CMA CGM;0;CHN2918815;28-11-25;03-12-25;;25-12-25;24-12-25;;09-02-26;29-12-26;;0;0;0;SPARX;0;0;N
7000227;OLO7;Produccion;0;0;0;0;22-12-25;;;;;;;;;0;0;0;DHL;0;0;N
7000228;OLO7;Produccion;0;0;0;0;;;;;;;;;;0;0;0;0;0;0;N
7000234;OLO7;Produccion;0;0;0;0;20-01-26;;;;;;;;;0;0;0;0;0;0;N
7000236;OLO7;Produccion;0;0;0;0;;;;;;;;;;0;0;0;0;0;0;N
7000239;OLO7;Transito;0;COSCO;0;6439302710;12-11-25;18-12-25;;30-12-25;01-01-26;;07-02-26;07-02-26;;0;0;0;0;0;0;N
7000244;OLO7;Transito;0;MAERSK;0;S21XMN2604001;31-12-25;23-01-26;;04-01-26;04-02-26;;17-03-26;01-03-26;;0;0;0;AGUNSA;0;0;N
7000245;OLO7;Produccion;0;0;0;FCR S21XMN2605005;04-02-26;10-03-26;;25-03-26;25-03-26;;09-05-26;01-04-26;;0;0;0;0;0;0;N
7000251;OLO7;Transito;0;CMA CGM;0;NGP3139781;27-11-25;08-12-25;;25-12-25;03-01-26;;29-12-25;16-02-26;;0;0;0;SPARX;0;0;N
7000252;OLO7;Transito;0;EVERGREEN;0;EGLV143566641187;08-12-25;16-12-25;;31-12-25;05-01-26;;04-02-26;04-02-26;;0;0;0;SPARX;0;0;N
7000255;OLO7;Transito;0;MSC;0;177PNZNZN09E46A;09-12-25;15-12-25;;19-01-26;28-01-26;;;;;0;0;0;0;0;0;N
7000262;OLO7;Transito;0;0;0;263478276;24-11-25;23-12-25;;28-12-25;01-01-26;;16-02-26;23-02-26;;0;0;0;0;0;0;N
7000263;OLO7;Produccion;0;MAERSK;0;266402855;06-02-26;09-03-26;;15-03-26;30-03-26;;11-05-26;01-04-26;;0;0;0;0;0;0;N
7000264;OLO7;Produccion;0;0;0;0;;;;;;;;;;0;0;0;0;0;0;N
7000266;OLO7;Transito;0;CMA CGM;0;NGP3139781;27-11-25;08-12-25;;25-12-25;03-01-26;;09-02-26;16-02-26;;0;0;0;SPARX;0;0;N
7000269;OLO7;Transito;TCNU3975762;CMA CGM;Contenedor 40 HC;BJPBL2600086;21-01-26;27-01-26;;08-02-26;21-02-26;21-02-26;11-04-26;11-04-26;;3430;IOLFT26-125;FAK;IN OCEAN;0;0;N
7000270;OLO7;Transito;FCIU7319670;CMA CGM;0;HSHA00086375;30-12-25;08-01-26;;01-02-26;19-02-26;;17-04-26;17-04-26;;0;0;0;SPARX;0;0;N
7000271;OLO7;Produccion;0;0;0;0;22-01-26;;;;;;;;;0;0;0;0;0;0;N
7000272;OLO7;Transito;MNBU0089239;0;0;HNGB00070372;11-12-25;15-12-25;;31-12-25;31-12-25;;01-02-26;01-02-26;;0;0;0;SPARX;0;0;N
7000277;OLO7;Transito;0;MAERSK;0;264213338;05-01-26;09-01-26;;22-01-26;06-02-26;;08-03-26;08-03-26;;0;0;0;SPARX;0;0;N
7000278;OLO7;Transito;0;MAERSK;0;264809582;08-12-25;15-12-25;;03-01-26;03-01-26;;08-02-26;08-02-26;;0;0;0;SPARX;0;0;N
7000279;OLO7;Transito;0;EVERGREEN;0;1,40558E+11;08-12-25;19-12-25;;03-01-26;03-01-26;;11-02-26;18-02-26;;0;0;0;SPARX;0;0;N
7000280;OLO7;Transito;CMAU6144988;CMA CGM;Contenedor 40 HC;GYELAG26009;03-02-26;03-02-26;;18-02-26;23-02-26;14-02-26;08-03-26;08-03-26;;2700;0;FAK;CARGOCORP;0;0;N
7000281;OLO7;Transito;CMAU7825116;CMA CGM;Contenedor 40 HC;GYELAG26009;03-02-26;03-02-26;;18-02-26;04-03-26;14-02-26;08-03-26;08-03-26;;2700;0;FAK;CARGOCORP;0;0;N
7000282;OLO7;Transito;CMAU7689128;CMA CGM;Contenedor 40 HC;GYELAG26009;03-02-26;03-02-26;;18-02-26;04-03-26;14-02-26;08-03-26;08-03-26;;2700;0;FAK;CARGOCORP;0;0;N
7000283;OLO7;Transito;CMAU6489845;CMA CGM;Contenedor 40 HC;GYELAG26009;03-02-26;03-02-26;;18-02-26;04-03-26;14-02-26;08-03-26;08-03-26;;2700;0;FAK;CARGOCORP;0;0;N
7000284;OLO7;Transito;CMAU4297150;CMA CGM;Contenedor 40 HC;GYELAG26009;03-02-26;03-02-26;;18-02-26;04-03-26;14-02-26;08-03-26;08-03-26;;2700;0;FAK;CARGOCORP;0;0;N
7000285;OLO7;Transito;APHU7249990;CMA CGM;Contenedor 40 HC;GYELAG26009;03-02-26;03-02-26;;14-02-26;14-02-26;14-02-26;08-03-26;08-03-26;;2700;0;FAK;CARGOCORP;0;0;N
7000286;OLO7;Produccion;0;0;0;0;;;;29-03-26;29-03-26;;;;;0;0;0;0;0;0;N
7000287;OLO7;Produccion;0;0;0;0;;;;29-03-26;29-03-26;;;;;0;0;0;0;0;0;N
7000288;OLO7;Produccion;0;0;0;0;;;;29-03-26;29-03-26;;;;;0;0;0;0;0;0;N
7000289;OLO7;Produccion;0;0;0;0;;;;29-03-26;29-03-26;;;;;0;0;0;0;0;0;N
7000290;OLO7;Booking;0;0;0;0;;;;29-03-26;29-03-26;;;;;0;0;0;0;0;0;N
7000291;OLO7;Transito;MNBU4115362;MAERSK;0;277629520;07-01-26;13-01-26;;10-02-26;20-02-26;;23-03-26;23-03-26;;0;0;0;SPARX;0;0;N
7000292;OLO7;Transito;MNBU3651864;MAERSK;0;HNGB00070837;08-12-25;12-12-25;;21-01-26;10-02-26;;12-03-26;15-03-27;;0;0;0;SPARX;0;0;N
7000293;OLO7;Produccion;0;0;0;0;30-12-25;;;;;;;;;0;0;0;SPARX;0;0;N
7000294;OLO7;Produccion;0;MSC;0;0;09-03-26;11-03-26;;25-03-26;25-03-26;;09-05-26;01-04-26;;0;0;0;0;0;0;N
7000295;OLO7;Transito;0;MAERSK;0;264213006;05-01-26;09-01-26;;15-01-26;16-01-26;;22-02-26;22-02-26;;0;0;0;0;0;0;N
7000296;OLO7;Transito;TEMU7651817;HAPAG LLOYD;0;HLCUNG12601TQXQ3;28-01-26;09-02-26;;08-03-26;13-03-26;;01-04-26;05-04-26;;0;0;0;DHL;0;0;N
7000297;OLO7;Transito;0;EVERGREEN;0;1,40658E+11;30-01-26;26-02-26;;14-02-26;18-02-26;;21-03-26;28-03-26;;0;0;0;0;0;0;N
7000303;OLO7;Transito;0;MSC;0;177BHPHPA4156;18-12-25;25-12-25;;02-01-26;11-01-26;;14-02-26;15-02-26;;0;0;0;0;0;0;N
7000304;OLO7;Produccion;0;MSC;0;0;06-03-26;10-03-26;;03-04-26;03-04-26;;;;;0;0;0;SPARX;0;0;N
7000305;OLO7;Transito;0;EVERGREEN;0;1,406E+11;24-12-25;06-01-26;;24-01-26;30-01-26;;03-03-26;10-03-26;;0;0;0;0;0;0;N
7000306;OLO7;Transito;0;MAERSK;0;1,43661E+11;14-01-26;22-01-26;;14-02-26;20-02-26;;17-03-26;30-03-26;;0;0;0;0;0;0;N
7000307;OLO7;Transito;0;MAERSK;0;EGLV143661435432..;14-01-26;22-01-26;;14-02-26;20-02-26;;17-03-26;24-03-26;;0;0;0;0;0;0;N
7000308;OLO7;Transito;0;MSC;0;177SSHSHA11510V;07-01-26;09-01-26;;16-01-26;05-02-26;;27-02-26;25-03-26;;0;0;0;0;0;0;N
7000309;OLO7;Produccion;0;MSC;0;177SSHSHA12203V;05-03-26;19-03-26;;20-03-26;27-03-26;;;;;0;0;0;0;0;0;N
7000311;OLO7;Booking;0;EVERGREEN;0;1,40504E+11;18-12-25;30-12-25;;;;;;;;0;0;0;0;0;0;N
7000312;OLO7;Transito;0;EVERGREEN;0;1,42552E+11;18-12-25;25-12-25;;24-01-26;02-02-26;;24-02-26;03-03-26;;0;0;0;0;0;0;N
7000314;OLO7;Transito;0;0;0;HNGB00071017;14-01-26;20-01-26;;08-02-26;20-02-26;;14-03-26;23-03-26;;0;0;0;SPARX;0;0;N
7000315;OLO7;Transito;0;EVERGREEN;0;1,406E+11;19-01-26;21-01-26;;02-02-26;04-02-26;;10-03-26;17-03-26;;0;0;0;0;0;0;N
7000316;OLO7;Produccion;0;EVERGREEN;0;0;08-03-26;18-03-26;;10-04-26;10-04-26;;27-05-26;27-05-26;;0;0;0;SPARX;0;0;N
7000319;OLO7;Produccion;0;0;0;0;06-03-26;;;;;;;;;0;0;0;SPARX;0;0;N
7000320;OLO7;Produccion;0;0;0;0;08-03-26;;;;;;;;;0;0;0;SPARX;0;0;N
7000321;OLO7;Produccion;0;0;0;0;08-03-26;;;;;;;;;0;0;0;SPARX;0;0;N
7000322;OLO7;Produccion;0;0;0;0;;;;;;;;;;0;0;0;0;0;0;N
7000323;OLO7;Transito;0;MAERSK;0;TNJ260000343;28-01-26;03-02-26;;13-02-26;16-02-26;;23-03-26;06-04-26;;0;0;0;0;0;0;N
7000324;OLO7;Produccion;0;0;0;0;;;;;;;;;;0;0;0;SPARX;0;0;N
7000325;OLO7;Produccion;0;0;0;0;;;;;;;;;;0;0;0;0;0;0;N
7000326;OLO7;Produccion;0;0;0;0;;;;;;;;;;0;0;0;0;0;0;N
7000327;OLO7;Produccion;0;0;0;0;13-03-26;;;;;;;;;0;0;0;SPARX;0;0;N
7000328;OLO7;Produccion;0;0;0;0;;;;;;;;;;0;0;0;0;0;0;N
7000329;OLO7;Produccion;0;0;0;0;;;;;;;;;;0;0;0;0;0;0;N
7000332;OLO7;Produccion;0;0;0;0;;;;;;;;;;0;0;0;0;0;0;N
7000333;OLO7;Produccion;0;0;0;0;;;;;;;;;;0;0;0;0;0;0;N
7000334;OLO7;Produccion;0;0;0;0;;;;;;;;;;0;0;0;0;0;0;N
7000335;OLO7;Produccion;0;0;0;0;13-03-26;;;;;;;;;0;0;0;0;0;0;N
7000336;OLO7;Transito;0;0;0;265853644.;;;;;;;;;;0;0;0;0;0;0;N
7000338;OLO7;Produccion;0;0;0;0;;;;;;;;;;0;0;0;0;0;0;N
7000339;OLO7;Produccion;0;0;0;0;;;;;;;;;;0;0;0;0;0;0;N
7000340;OLO7;Produccion;0;0;0;0;;;;;;;;;;0;0;0;0;0;0;N
7000341;OLO7;Produccion;0;0;0;0;;;;;;;;;;0;0;0;0;0;0;N
7000342;OLO7;Produccion;0;0;0;0;;;;;;;;;;0;0;0;0;0;0;N
7000343;OLO7;Produccion;0;0;0;0;;;;;;;;;;0;0;0;0;0;0;N
7000344;OLO7;Produccion;0;0;0;0;;;;;;;;;;0;0;0;0;0;0;N
7000347;OLO7;Produccion;0;0;0;0;08-03-26;;;;;;;;;0;0;0;SPARX;0;0;N
7000348;OLO7;Produccion;0;0;0;0;;;;;;;;;;0;0;0;0;0;0;N
7000349;OLO7;Produccion;0;0;0;0;;;;;;;;;;0;0;0;0;0;0;N
7000350;OLO7;Produccion;0;0;0;0;;;;;;;;;;0;0;0;0;0;0;N
7000351;OLO7;Produccion;0;0;0;0;;;;;;;;;;0;0;0;0;0;0;N
7000352;OLO7;Produccion;0;0;0;0;;;;;;;;;;0;0;0;0;0;0;N
7000353;OLO7;Produccion;0;0;0;0;;;;;;;;;;0;0;0;0;0;0;N
7000354;OLO7;Produccion;0;0;0;0;;;;;;;;;;0;0;0;0;0;0;N
7000355;OLO7;Produccion;0;0;0;0;;;;;;;;;;0;0;0;0;0;0;N
7000358;OLO7;Produccion;0;0;0;0;06-03-26;;;;;;;;;0;0;0;SPARX;0;0;N
7000359;OLO7;Produccion;0;0;0;0;;;;;;;;;;0;0;0;0;0;0;N
7000360;OLO7;Produccion;0;0;0;0;;;;;;;;;;0;0;0;0;0;0;N
7000361;OLO7;Produccion;0;0;0;0;;;;;;;;;;0;0;0;0;0;0;N
7000362;OLO7;Produccion;0;0;0;0;;;;;;;;;;0;0;0;0;0;0;N
7000363;OLO7;Produccion;0;0;0;0;;;;;;;;;;0;0;0;0;0;0;N
7000364;OLO7;Produccion;0;0;0;0;;;;;;;;;;0;0;0;0;0;0;N
7000365;OLO7;Produccion;0;0;0;0;;;;;;;;;;0;0;0;0;0;0;N
7000366;OLO7;Produccion;0;0;0;0;;;;;;;;;;0;0;0;0;0;0;N
7000367;OLO7;Produccion;0;0;0;0;;;;;;;;;;0;0;0;0;0;0;N
7000368;OLO7;Produccion;0;0;Contenedor 40 HC;0;07-03-26;;;;;;;;;0;0;0;DHL;0;0;N
7000369;OLO7;Produccion;0;0;Contenedor 40 HC;0;07-03-26;;;;;;;;;0;0;0;DHL;0;0;N
7000370;OLO7;Produccion;0;0;0;0;;;;;;;;;;0;0;0;0;0;0;N
7000371;OLO7;Produccion;0;0;0;0;;;;;;;;;;0;0;0;0;0;0;N
7000372;OLO7;Produccion;0;0;0;0;;;;;;;;;;0;0;0;0;0;0;N
7000373;OLO7;Produccion;0;0;0;0;;;;;;;;;;0;0;0;0;0;0;N
7000374;OLO7;Produccion;0;0;0;0;;;;;;;;;;0;0;0;0;0;0;N
7000375;OLO7;Produccion;0;0;0;0;;;;;;;;;;0;0;0;0;0;0;N
7000376;OLO7;Produccion;0;0;0;0;;;;;;;;;;0;0;0;0;0;0;N