ORDER_NUMBER;VENDOR_ID;VENDOR_NAME;RETAIL_GROUP;EMISION_DATE_PO;ROUTE_LABEL;TOTAL_AMOUNT;CURRENCY;CATEGORY;INCOTERMS;LOGISTICS_INCOTERM;PRICE_INCOTERM;DEPARTURE_PORT_ID;ARRIVAL_PORT_ID;DATE_THEORICAL_LOAD;DATE_CARGA_PO;CASE_NUMBER_FILE;CONSOLIDATOR_NAME;CUSTOMS_DUA;RECEIPT_NOTE;RECEIPT_NOTE_DATE;FACTORY_PROFORMA_NUMBER;INVOICE;INVOICE_AMOUNT;APPLY_TECHNICAL_NOTE;APPLIES_TLC;REASON;CUSTOMER_TYPE;TRADING_COMPANY;Estado o Etapa;Contenedor;Naviera;Tipo de contenedor;Documento de transito;Solicitud de booking;Autorizacion de booking;Fecha de asignacion de agente de carga;ETD inicial;ETD variable;ATD;ETA Inicial;ETA Variable;ATA;Monto de flete;Factura de flete;Tipo de tarifa;Proveedor de servicio;Ingreso a AF;Salida de Almacen fiscal;Usa Almacen fiscal
1103956;9;LUMICENTRO INTERNACIONAL, INC                              ;71;2025-12-11;Directo CR - FERRETERIA EPA, S.A.;116815,91;USD;<null>;FOB  ;FOB  ;FOB  ;66;125;2026-03-01;2026-03-01;<null>;HARMONY (Dropship CR);<null>;<null>;<null>;21040;<null>;<null>;true;true;CNY;EPA;OLO1;Produccion;735-23;0;Contenedor 40 HC;0;;;04/03/2026;;;;;;;0;0;0;AIR SEA WORLDWIDE;0;0;N
1103957;9;LUMICENTRO INTERNACIONAL, INC                              ;71;2025-12-11;Directo CR - FERRETERIA EPA, S.A.;58932,02;USD;<null>;FOB  ;FOB  ;FOB  ;66;125;2026-03-01;2026-03-01;<null>;HARMONY (Dropship CR);<null>;<null>;<null>;21041;<null>;<null>;true;true;CNY;EPA;OLO1;Produccion;735-24;0;Contenedor 40 HC;0;;;04/03/2026;;;;;;;0;0;0;AIR SEA WORLDWIDE;0;0;N
1103958;9;LUMICENTRO INTERNACIONAL, INC                              ;71;2025-12-11;Directo CR - FERRETERIA EPA, S.A.;64371,82;USD;<null>;FOB  ;FOB  ;FOB  ;66;125;2026-03-01;2026-03-01;<null>;HARMONY (Dropship CR);<null>;<null>;<null>;21042;<null>;<null>;true;true;CNY;EPA;OLO1;Produccion;735-25;0;Contenedor 40 HC;0;;;04/03/2026;;;;;;;0;0;0;AIR SEA WORLDWIDE;0;0;N
1103959;9;LUMICENTRO INTERNACIONAL, INC                              ;71;2025-12-11;Directo CR - FERRETERIA EPA, S.A.;39393,89;USD;<null>;FOB  ;FOB  ;FOB  ;66;125;2026-03-01;2026-03-01;<null>;HARMONY (Dropship CR);<null>;<null>;<null>;21043;<null>;<null>;true;true;CNY;EPA;OLO1;Produccion;735-26;0;Contenedor 40 HC;0;;;04/03/2026;;;;;;;0;0;0;AIR SEA WORLDWIDE;0;0;N
1103960;9;LUMICENTRO INTERNACIONAL, INC                              ;71;2025-12-11;Directo CR - FERRETERIA EPA, S.A.;45090,87;USD;<null>;FOB  ;FOB  ;FOB  ;66;125;2026-03-01;2026-03-01;<null>;HARMONY (Dropship CR);<null>;<null>;<null>;21044;<null>;<null>;true;true;CNY;EPA;OLO1;Produccion;735-27;0;Contenedor 40 HC;0;;;04/03/2026;;;;;;;0;0;0;AIR SEA WORLDWIDE;0;0;N
1103961;9;LUMICENTRO INTERNACIONAL, INC                              ;71;2025-12-11;Directo CR - FERRETERIA EPA, S.A.;52315,15;USD;<null>;FOB  ;FOB  ;FOB  ;66;125;2026-03-01;2026-03-01;<null>;HARMONY (Dropship CR);<null>;<null>;<null>;21045;<null>;<null>;true;true;CNY;EPA;OLO1;Booking;735-28;MSC;Contenedor 40 HC;0;09-03-26;09-03-26;04/03/2026;31-03-26;31-03-26;;;;;5085;0;0;AIR SEA WORLDWIDE;0;0;N
1103962;9;LUMICENTRO INTERNACIONAL, INC                              ;71;2025-12-11;Directo CR - FERRETERIA EPA, S.A.;61729,27;USD;<null>;FOB  ;FOB  ;FOB  ;66;125;2026-03-01;2026-03-01;<null>;HARMONY (Dropship CR);<null>;<null>;<null>;21046;<null>;<null>;true;true;CNY;EPA;OLO1;Produccion;735-29;0;Contenedor 40 HC;0;;;04/03/2026;;;;;;;0;0;0;AIR SEA WORLDWIDE;0;0;N
1103963;9;LUMICENTRO INTERNACIONAL, INC                              ;71;2025-12-11;Directo CR - FERRETERIA EPA, S.A.;84764,23;USD;<null>;FOB  ;FOB  ;FOB  ;66;125;2026-03-01;2026-03-01;<null>;HARMONY (Dropship CR);<null>;<null>;<null>;21047;<null>;<null>;true;true;CNY;EPA;OLO1;Produccion;735-30;0;Contenedor 40 HC;0;;;04/03/2026;;;;;;;0;0;0;AIR SEA WORLDWIDE;0;0;N
1103964;9;LUMICENTRO INTERNACIONAL, INC                              ;71;2025-12-11;ZF - OVERSEAS LOGISTICS OPERATIONS;41267,48;USD;<null>;FOB  ;DAP  ;DAP  ;66;122;2026-03-01;2026-03-01;<null>;HARMONY (ZF);<null>;<null>;<null>;21048;<null>;<null>;true;false;CNY;EPA;OLO1;Produccion;735-31;0;Contenedor 40 HC;0;;;04/03/2026;;;;;;;0;0;0;AIR SEA WORLDWIDE;0;0;N
1103965;9;LUMICENTRO INTERNACIONAL, INC                              ;71;2025-12-11;ZF - OVERSEAS LOGISTICS OPERATIONS;53152,13;USD;<null>;FOB  ;<null>;<null>;66;122;2026-03-01;2026-03-01;<null>;HARMONY (ZF);<null>;<null>;<null>;21049;<null>;<null>;true;false;CNY;EPA;OLO1;Produccion;735-32;0;Contenedor 40 HC;0;;;04/03/2026;;;;;;;0;0;0;AIR SEA WORLDWIDE;0;0;N
1103966;9;LUMICENTRO INTERNACIONAL, INC                              ;71;2025-12-11;ZF - OVERSEAS LOGISTICS OPERATIONS;45484,57;USD;<null>;FOB  ;DAP  ;DAP  ;66;122;2026-03-01;2026-03-01;<null>;HARMONY (ZF);<null>;<null>;<null>;21050;<null>;<null>;true;false;CNY;EPA;OLO1;Produccion;735-33;0;Contenedor 40 HC;0;;;04/03/2026;;;;;;;0;0;0;AIR SEA WORLDWIDE;0;0;N
1103967;9;LUMICENTRO INTERNACIONAL, INC                              ;71;2025-12-11;ZF - OVERSEAS LOGISTICS OPERATIONS;27030,71;USD;<null>;FOB  ;DAP  ;DAP  ;66;122;2026-03-01;2026-03-01;<null>;HARMONY (ZF);<null>;<null>;<null>;21051;<null>;<null>;true;false;CNY;EPA;OLO1;Produccion;735-34;0;Contenedor 40 HC;0;;;04/03/2026;;;;;;;0;0;0;AIR SEA WORLDWIDE;0;0;N
1103968;9;LUMICENTRO INTERNACIONAL, INC                              ;71;2025-12-11;Directo GT - FERRETERIA EPA, S.A. (Guatemala);49736,10;USD;<null>;FOB  ;FOB  ;FOB  ;66;127;2026-03-01;2026-03-01;<null>;HARMONY (Dropship GT);<null>;<null>;<null>;21052;<null>;<null>;true;false;CNY;EPA;OLO1;Produccion;735-35;0;Contenedor 40 HC;0;;;04/03/2026;;;;;;;0;0;0;SPARX;0;0;N
1103969;9;LUMICENTRO INTERNACIONAL, INC                              ;71;2025-12-11;Directo GT - FERRETERIA EPA, S.A. (Guatemala);55912,05;USD;<null>;FOB  ;FOB  ;FOB  ;66;127;2026-03-01;2026-03-01;<null>;HARMONY (Dropship GT);<null>;<null>;<null>;21053;<null>;<null>;true;false;CNY;EPA;OLO1;Produccion;735-36;0;Contenedor 40 HC;0;;;04/03/2026;;;;;;;0;0;0;SPARX;0;0;N
1103970;9;LUMICENTRO INTERNACIONAL, INC                              ;71;2025-12-11;Directo GT - FERRETERIA EPA, S.A. (Guatemala);47602,38;USD;<null>;FOB  ;FOB  ;FOB  ;66;127;2026-03-01;2026-03-01;<null>;HARMONY (Dropship GT);<null>;<null>;<null>;21054;<null>;<null>;true;false;CNY;EPA;OLO1;Produccion;735-37;0;Contenedor 40 HC;0;;;04/03/2026;26-03-26;26-03-26;;;;;0;0;0;SPARX;0;0;N
1103971;9;LUMICENTRO INTERNACIONAL, INC                              ;71;2025-12-11;Directo GT - FERRETERIA EPA, S.A. (Guatemala);47573,99;USD;<null>;FOB  ;FOB  ;FOB  ;66;127;2026-03-01;2026-03-01;<null>;HARMONY (Dropship GT);<null>;<null>;<null>;21055;<null>;<null>;true;false;CNY;EPA;OLO1;Produccion;735-38;0;Contenedor 40 HC;0;;;04/03/2026;;;;;;;0;0;0;SPARX;0;0;N
1103972;9;LUMICENTRO INTERNACIONAL, INC                              ;71;2025-12-11;Directo GT - FERRETERIA EPA, S.A. (Guatemala);37114,94;USD;<null>;FOB  ;FOB  ;FOB  ;66;127;2026-03-01;2026-03-01;<null>;HARMONY (Dropship GT);<null>;<null>;<null>;21056;<null>;<null>;true;false;CNY;EPA;OLO1;Produccion;735-39;0;Contenedor 40 HC;0;;;04/03/2026;;;;;;;0;0;0;SPARX;0;0;N
1103973;9;LUMICENTRO INTERNACIONAL, INC                              ;71;2025-12-11;Directo GT - FERRETERIA EPA, S.A. (Guatemala);57194,00;USD;<null>;FOB  ;FOB  ;FOB  ;66;127;2026-03-01;2026-03-01;<null>;HARMONY (Dropship GT);<null>;<null>;<null>;21057;<null>;<null>;true;false;CNY;EPA;OLO1;Booking;735-40;0;Contenedor 40 HC;0;09-03-26;10-03-26;04/03/2026;15-04-26;15-04-26;;;;;0;0;0;SPARX;0;0;N
1103974;9;LUMICENTRO INTERNACIONAL, INC                              ;71;2025-12-11;Directo GT - FERRETERIA EPA, S.A. (Guatemala);82498,38;USD;<null>;FOB  ;FOB  ;FOB  ;66;127;2026-03-08;2026-03-08;<null>;HARMONY (Dropship GT);<null>;<null>;<null>;21058;<null>;<null>;true;false;CNY;EPA;OLO1;Produccion;735-41;0;Contenedor 40 HC;0;;;04/03/2026;;;;;;;0;0;0;SPARX;0;0;N
1103975;9;LUMICENTRO INTERNACIONAL, INC                              ;71;2025-12-11;ZF - FERRETERIA EPA, C.A.;146734,99;USD;<null>;FOB  ;FOB  ;<null>;66;116;2026-03-01;2026-03-01;<null>;HARMONY (ZF);<null>;<null>;<null>;21059;<null>;<null>;false;false;CNY;EPA;OLO1;Produccion;735-42;0;Contenedor 40 HC;0;;;04/03/2026;;;;;;;0;0;0;AIR SEA WORLDWIDE;0;0;N
1103976;9;LUMICENTRO INTERNACIONAL, INC                              ;71;2025-12-11;Directo VE - FERRETERIA EPA, C.A.;58695,59;USD;<null>;FOB  ;CIF  ;FOB  ;66;116;2026-03-01;2026-03-01;<null>;Harmony (Drop Ship EPA VE);<null>;<null>;<null>;21060;<null>;<null>;true;false;CNY;EPA;OLO1;Produccion;735-43;CMA CGM;Contenedor 40 HC;0;11-03-26;11-03-26;04/03/2026;26-03-26;26-03-26;;;;;5660;0;0;IN OCEAN;0;0;N
1103977;9;LUMICENTRO INTERNACIONAL, INC                              ;71;2025-12-11;Directo VE - FERRETERIA EPA, C.A.;48540,10;USD;<null>;FOB  ;FOB  ;<null>;66;116;2026-03-01;2026-03-01;<null>;Harmony (Drop Ship EPA VE);<null>;<null>;<null>;21061;<null>;<null>;false;false;CNY;EPA;OLO1;Produccion;735-44;0;Contenedor 40 HC;0;;;04/03/2026;;;;;;;0;0;0;IN OCEAN;0;0;N
1103978;9;LUMICENTRO INTERNACIONAL, INC                              ;71;2025-12-11;Directo VE - FERRETERIA EPA, C.A.;62305,60;USD;<null>;FOB  ;FOB  ;FOB  ;66;116;2026-03-01;2026-03-01;<null>;Harmony (Drop Ship EPA VE);<null>;<null>;<null>;21062;<null>;<null>;true;false;CNY;EPA;OLO1;Produccion;735-45;0;Contenedor 40 HC;0;;;04/03/2026;;;;;;;0;0;0;IN OCEAN;0;0;N
1103979;9;LUMICENTRO INTERNACIONAL, INC                              ;71;2025-12-11;Directo VE - FERRETERIA EPA, C.A.;30327,12;USD;<null>;FOB  ;FOB  ;FOB  ;66;116;2026-03-01;2026-03-01;<null>;Harmony (Drop Ship EPA VE);<null>;<null>;<null>;21063;<null>;<null>;true;false;CNY;EPA;OLO1;Produccion;735-46;0;Contenedor 40 HC;0;;;04/03/2026;;;;;;;0;0;0;IN OCEAN;0;0;N
1103980;9;LUMICENTRO INTERNACIONAL, INC                              ;71;2025-12-11;Directo VE - FERRETERIA EPA, C.A.;42871,06;USD;<null>;FOB  ;CIF  ;FOB  ;66;116;2026-03-01;2026-03-01;<null>;Harmony (Drop Ship EPA VE);<null>;<null>;<null>;21064;<null>;<null>;true;false;CNY;EPA;OLO1;Booking;APZU4730480;CMA CGM;Contenedor 40 HC;BJPBL2600133;11-03-26;11-03-26;04/03/2026;18-03-26;25-03-26;;;;;5660;0;0;IN OCEAN;0;0;N
1103981;9;LUMICENTRO INTERNACIONAL, INC                              ;71;2025-12-11;Directo VE - FERRETERIA EPA, C.A.;33048,68;USD;<null>;FOB  ;FOB  ;FOB  ;66;116;2026-03-01;2026-03-01;<null>;Harmony (Drop Ship EPA VE);<null>;<null>;<null>;21065;<null>;<null>;true;false;CNY;EPA;OLO1;Produccion;735-48;0;Contenedor 40 HC;0;;;04/03/2026;;;;;;;0;0;0;IN OCEAN;0;0;N
1103982;9;LUMICENTRO INTERNACIONAL, INC                              ;71;2025-12-11;Directo VE - FERRETERIA EPA, C.A.;58900,60;USD;<null>;FOB  ;CIF  ;FOB  ;66;116;2026-03-01;2026-03-01;<null>;Harmony (Drop Ship EPA VE);<null>;<null>;<null>;21066;<null>;<null>;true;false;CNY;EPA;OLO1;Booking;735-49;CMA CGM;Contenedor 40 HC;0;11-03-26;11-03-26;04/03/2026;31-03-26;31-03-26;;;;;5660;0;0;IN OCEAN;0;0;N
1103983;9;LUMICENTRO INTERNACIONAL, INC                              ;71;2025-12-11;Directo VE - FERRETERIA EPA, C.A.;45578,97;USD;<null>;FOB  ;FOB  ;FOB  ;66;116;2026-03-01;2026-03-01;<null>;Harmony (Drop Ship EPA VE);<null>;<null>;<null>;21067;<null>;<null>;true;false;CNY;EPA;OLO1;Produccion;735-50;0;Contenedor 40 HC;0;;;04/03/2026;;;;;;;0;0;0;IN OCEAN;0;0;N
1103984;9;LUMICENTRO INTERNACIONAL, INC                              ;71;2025-12-11;Directo VE - FERRETERIA EPA, C.A.;48780,42;USD;<null>;FOB  ;CIF  ;FOB  ;66;116;2026-03-01;2026-03-01;<null>;Harmony (Drop Ship EPA VE);<null>;<null>;<null>;21068;<null>;<null>;true;false;CNY;EPA;OLO1;Booking;735-51;CMA CGM;Contenedor 40 HC;0;11-03-26;11-03-26;04/03/2026;26-03-26;26-03-26;;;;;5660;0;0;IN OCEAN;0;0;N
1103985;9;LUMICENTRO INTERNACIONAL, INC                              ;71;2025-12-11;Directo VE - FERRETERIA EPA, C.A.;57097,91;USD;<null>;FOB  ;FOB  ;FOB  ;66;116;2026-03-01;2026-03-01;<null>;Harmony (Drop Ship EPA VE);<null>;<null>;<null>;21069;<null>;<null>;true;false;CNY;EPA;OLO1;Produccion;735-52;0;Contenedor 40 HC;0;;;04/03/2026;;;;;;;0;0;0;IN OCEAN;0;0;N
1103986;9;LUMICENTRO INTERNACIONAL, INC                              ;71;2025-12-11;Directo VE - FERRETERIA EPA, C.A.;61738,35;USD;<null>;FOB  ;CIF  ;FOB  ;66;116;2026-03-01;2026-03-01;<null>;Harmony (Drop Ship EPA VE);<null>;<null>;<null>;21070;<null>;<null>;true;false;CNY;EPA;OLO1;Booking;735-53;0;Contenedor 40 HC;0;11-03-26;11-03-26;04/03/2026;27-03-26;27-03-26;;;;;5460;0;0;IN OCEAN;0;0;N
1103987;9;LUMICENTRO INTERNACIONAL, INC                              ;71;2025-12-11;Directo VE - FERRETERIA EPA, C.A.;71932,40;USD;<null>;FOB  ;CIF  ;FOB  ;66;116;2026-03-01;2026-03-01;<null>;Harmony (Drop Ship EPA VE);<null>;<null>;<null>;21071;<null>;<null>;true;false;CNY;EPA;OLO1;Booking;735-54;CMA CGM;Contenedor 40 HC;0;11-03-26;11-03-26;04/03/2026;22-03-26;22-03-26;;;;;5460;0;0;IN OCEAN;0;0;N
1103988;9;LUMICENTRO INTERNACIONAL, INC                              ;71;2025-12-11;Directo VE - FERRETERIA EPA, C.A.;74735,36;USD;<null>;FOB  ;CIF  ;FOB  ;66;116;2026-03-01;2026-03-01;<null>;Harmony (Drop Ship EPA VE);<null>;<null>;<null>;21072;<null>;<null>;true;false;CNY;EPA;OLO1;Booking;735-55;CMA CGM;Contenedor 40 HC;0;11-03-26;11-03-26;04/03/2026;22-03-26;22-03-26;;;;;5460;0;0;IN OCEAN;0;0;N
1103989;9;LUMICENTRO INTERNACIONAL, INC                              ;71;2025-12-11;ZF - OVERSEAS LOGISTICS OPERATIONS;3343,66;USD;<null>;FOB  ;<null>;<null>;66;125;2026-01-08;2026-01-08;<null>;HARMONY (ZF);<null>;<null>;<null>;21073;<null>;<null>;false;false;CNY;EPA;OLO1;Produccion;735-56;0;Contenedor 40 HC;0;;;14/01/2026;;;;;;;0;0;0;AIR SEA WORLDWIDE;0;0;N
1103990;9;LUMICENTRO INTERNACIONAL, INC                              ;71;2025-12-11;ZF - OVERSEAS LOGISTICS OPERATIONS;43917,12;USD;<null>;FOB  ;CIF  ;CIF  ;66;125;2026-01-08;2026-01-08;<null>;HARMONY (ZF);<null>;<null>;<null>;21073;<null>;<null>;true;false;CNY;EPA;OLO1;Booking;735-U1;HAPAG LLOYD;Contenedor 40 HC;0;09-03-26;10-03-26;14/01/2026;23-03-26;23-03-26;;;;;5085;0;0;AIR SEA WORLDWIDE;0;0;N
1103991;9;LUMICENTRO INTERNACIONAL, INC                              ;71;2025-12-11;ZF - OVERSEAS LOGISTICS OPERATIONS;81733,49;USD;<null>;FOB  ;CPT  ;CPT  ;66;125;2026-01-08;2026-01-08;<null>;HARMONY (ZF);<null>;<null>;<null>;21076;<null>;<null>;true;false;CNY;EPA;OLO1;Produccion;735-58;0;Contenedor 40 HC;0;;;14/01/2026;;;;;;;0;0;0;AIR SEA WORLDWIDE;0;0;N
1103992;9;LUMICENTRO INTERNACIONAL, INC                              ;71;2025-12-11;ZF - OVERSEAS LOGISTICS OPERATIONS;26851,30;USD;<null>;FOB  ;DAP  ;DAP  ;66;125;2026-01-08;2026-01-08;<null>;HARMONY (ZF);<null>;<null>;<null>;21074;<null>;<null>;true;false;CNY;EPA;OLO1;Produccion;735-59;0;Contenedor 40 HC;0;;;14/01/2026;;;;;;;0;0;0;AIR SEA WORLDWIDE;0;0;N
1104003;198;GBR CORPORATION LTD.                                       ;76;2026-01-05;Directo VE - FEBECA C.A. ;90992,70;USD;<null>;FOB  ;CIF  ;FOB  ;71;116;2026-01-31;2026-01-31;5094;Harmony (Drop Ship FEBECA VE);-- N/A --;7501;2026-03-05;FEB251013-01;0001-223454;90992,70;false;false;PEDIDO COMPRA;Febeca;OLO1;Transito;TCKU7141249;CMA CGM;Contenedor 40 HC;BJLAG2600105;21-01-26;21-01-26;06/01/2026;15-02-26;08-03-26;21-02-26;08-04-26;08-04-26;;4080;IOLFT26-131;FAK;IN OCEAN;0;0;N
1104004;198;GBR CORPORATION LTD.                                       ;76;2026-01-05;Directo VE - FEBECA C.A. ;48899,20;USD;<null>;FOB  ;CIF  ;FOB  ;71;116;2026-01-31;2026-01-31;5101;Harmony (Drop Ship FEBECA VE);-- N/A --;7503;2026-03-06;FEB251013-02;0001-223442;48899,20;false;false;PEDIDO COMPRA;Febeca;OLO1;Transito;BMOU4337244;CMA CGM;Contenedor 40 HC;BJLAG2600092;21-01-26;21-01-26;06/01/2026;08-02-26;02-03-26;21-02-26;08-04-26;08-04-26;;3430;IOLFT26-130;FAK;IN OCEAN;0;0;N
1104005;198;GBR CORPORATION LTD.                                       ;76;2026-01-05;Directo VE - FEBECA C.A. ;43931,00;USD;<null>;FOB  ;CIF  ;FOB  ;71;116;2026-01-31;2026-01-31;5088;Harmony (Drop Ship FEBECA VE);-- N/A --;7488;2026-03-03;FEB251013-03;0001-223467;43931,00;false;false;PEDIDO COMPRA;Febeca;OLO1;Transito;BEAU4580305;CMA CGM;Contenedor 40 HC;BJLAG2600100;21-01-26;21-01-26;06/01/2026;16-02-26;02-03-26;21-02-26;08-04-26;08-04-26;;3430;IOLFT26-124;FAK;IN OCEAN;0;0;N
1104006;198;GBR CORPORATION LTD.                                       ;76;2026-01-05;Directo VE - FEBECA C.A. ;27307,50;USD;<null>;FOB  ;CIF  ;<null>;71;116;2026-01-31;2026-01-31;5039;Harmony (Drop Ship FEBECA VE);-- N/A --;7440;2026-02-09;FEB251013-04;0001-223397;27307,50;false;false;PEDIDO COMPRA;Febeca;OLO1;Transito;SEGU1192000;CMA CGM;Contenedor 40 HC;BJLAG2600053;21-01-26;21-01-26;06/01/2026;27-01-26;03-02-26;02-02-26;27-03-26;27-03-26;;3380;IOLFT26-067;FAK;IN OCEAN;0;0;N
1104007;198;GBR CORPORATION LTD.                                       ;76;2026-01-05;Directo VE - FEBECA C.A. ;100061,00;USD;<null>;FOB  ;FOB  ;<null>;71;116;2026-01-31;2026-01-31;5092;Harmony (Drop Ship FEBECA VE);-- N/A --;7509;2026-03-06;FEB251013-05;0001-223438;100061,00;false;false;PEDIDO COMPRA;Febeca;OLO1;Transito;DFSU7686998;CMA CGM;Contenedor 40 HC;BJLAG2600091;21-01-26;21-01-26;06/01/2026;15-02-26;01-03-26;21-02-26;08-04-26;08-04-26;;3430;IOLFT26-128;FAK;IN OCEAN;0;0;N
1104009;198;GBR CORPORATION LTD.                                       ;76;2026-01-05;Directo VE - FEBECA C.A. ;51629,96;USD;<null>;FOB  ;FOB  ;<null>;71;116;2026-01-31;2026-01-31;5096;Harmony (Drop Ship FEBECA VE);-- N/A --;7502;2026-03-05;FEB251013-07;0001-223459;51629,86;false;false;PEDIDO COMPRA;Febeca;OLO1;Transito;BMOU6719061;CMA CGM;Contenedor 40 HC;BJLAG2600104;21-01-26;21-01-26;06/01/2026;21-02-26;28-02-26;21-02-26;08-04-26;08-04-26;;4080;IOLFT26-140;FAK;IN OCEAN;0;0;N
1104010;198;GBR CORPORATION LTD.                                       ;76;2026-01-05;Directo VE - FEBECA C.A. ;66698,30;USD;<null>;FOB  ;FOB  ;<null>;71;116;2026-01-31;2026-01-31;5091;Harmony (Drop Ship FEBECA VE);-- N/A --;7510;2026-03-06;FEB251013-08;0001-223427;66698,30;false;false;PEDIDO COMPRA;Febeca;OLO1;Transito;ECMU5742904;CMA CGM;Contenedor 40 HC;BJLAG2600083;21-01-26;21-01-26;06/01/2026;08-02-26;01-03-26;21-02-26;08-04-26;08-04-26;;3430;IOLFT26-127;FAK;IN OCEAN;0;0;N
1104011;198;GBR CORPORATION LTD.                                       ;76;2026-01-05;Directo VE - FEBECA C.A. ;48395,40;USD;<null>;FOB  ;CIF  ;FOB  ;71;116;2026-01-31;2026-01-31;5098;Harmony (Drop Ship FEBECA VE);-- N/A --;7499;2026-03-05;FEB251013-09;0001-223444;48395,40;false;false;PEDIDO COMPRA;Febeca;OLO1;Transito;CMAU5856822;CMA CGM;Contenedor 40 HC;BJLAG2600102;22-01-26;22-01-26;06/01/2026;16-02-26;02-03-26;21-02-26;08-04-26;08-04-26;;4080;IOLFT26-139;FAK;IN OCEAN;0;0;N
1104012;198;GBR CORPORATION LTD.                                       ;76;2026-01-05;Directo VE - FEBECA C.A. ;35098,80;USD;<null>;FOB  ;CIF  ;FOB  ;71;116;2026-01-31;2026-01-31;5098;Harmony (Drop Ship FEBECA VE);-- N/A --;7500;2026-03-05;FEB251013-10;0001-223445;35098,80;false;false;PEDIDO COMPRA;Febeca;OLO1;Transito;TCNU3562476;CMA CGM;Contenedor 40 HC;BJLAG2600102;22-01-26;22-01-26;06/01/2026;16-02-26;09-03-26;05-03-26;08-04-26;08-04-26;;4080;IOLFT26-139;FAK;IN OCEAN;0;0;N
1104013;198;GBR CORPORATION LTD.                                       ;76;2026-01-05;Directo VE - FEBECA C.A. ;32733,20;USD;<null>;FOB  ;CIF  ;FOB  ;71;116;2026-01-31;2026-01-31;<null>;Harmony (Drop Ship FEBECA VE);<null>;<null>;<null>;FEB251013-11;<null>;<null>;false;false;PEDIDO COMPRA;Febeca;OLO1;Transito;UETU6825802;MAERSK;Contenedor 40 HC;BJLAG2600121;16-01-26;16-01-26;06/01/2026;13-02-26;19-03-26;14-03-26;18-05-26;18-05-26;;6135;0;0;IN OCEAN;0;0;N
1104014;198;GBR CORPORATION LTD.                                       ;76;2026-01-05;Directo VE - FEBECA C.A. ;73249,20;USD;<null>;FOB  ;CIF  ;FOB  ;71;116;2026-01-31;2026-01-31;5059;Harmony (Drop Ship FEBECA VE);-- N/A --;7459;2026-02-17;FEB251013-12;0001-223388;73249,20;false;false;PEDIDO COMPRA;Febeca;OLO1;Transito;TCNU4202983;CMA CGM;Contenedor 40 HC;BJPBL2600041;16-01-26;16-01-26;06/01/2026;25-01-26;22-02-26;02-02-26;08-04-26;08-04-26;;3430;IOLFT26-065;FAK;IN OCEAN;0;0;N
1104017;85;BESTWAY ENTERPRISE COMPANY LIMITED                         ;78;2026-01-06;Directo GT - FERRETERIA EPA, S.A. (Guatemala);20522,00;USD;<null>;FOB  ;FOB  ;FOB  ;91;127;2026-02-14;2026-02-14;5100;HARMONY (Dropship GT);-- N/A --;7493;2026-03-05;SC #100178057;2026MHK-02538;20522,00;false;false;PEDIDO COMPRA;EPA;OLO1;Transito;GCXU2493589;HAPAG LLOYD;Contenedor 20ft;HSHA00086053;21-01-26;21-01-26;07/01/2026;03-03-26;10-03-26;04-03-26;01-04-26;01-04-26;;4500;0;NAC;SPARX;0;0;N
1104018;191;DISTRIVALTO USA INC                                        ;74;2026-01-12;Directo CR - FERRETERIA EPA, S.A.;23739,00;USD;<null>;FOB  ;FOB  ;FOB  ;71;125;2026-01-23;2026-01-23;5047;HARMONY (Dropship CR);-- N/A --;7448;2026-02-11;PI 1105269;55047;23739,00;false;true;PEDIDO COMPRA;EPA;OLO1;Transito;HAMU3582430;HAPAG LLOYD;Contenedor 40 HC;ASNGBA00628;19-01-26;19-01-26;15/01/2026;03-02-26;17-02-26;05-02-26;13-03-26;20-03-26;;2700;0;NAC;AIR SEA WORLDWIDE;0;0;N
1104021;85;BESTWAY ENTERPRISE COMPANY LIMITED                         ;78;2026-01-23;Directo VE - FEBECA C.A. ;40691,75;USD;<null>;FOB  ;FOB  ;FOB  ;91;121;2026-04-10;2026-04-10;<null>;Harmony (Drop Ship FEBECA VE);<null>;<null>;<null>;100178058;<null>;<null>;false;false;PEDIDO COMPRA;Febeca;OLO1;Produccion;VTCN100718;0;Contenedor 40 HC;0;;;17/03/2026;;;;;;;0;0;0;IN OCEAN;0;0;N
1104026;203;BETTER CHOICE LTD (TOALLAS)                                ;74;2026-01-29;ZF - OVERSEAS LOGISTICS OPERATIONS;62744,76;USD;<null>;FOB  ;<null>;<null>;168;125;2026-04-05;2026-04-05;<null>;HARMONY (ZF);<null>;<null>;<null>;1x40 HC - Ene 26;<null>;<null>;true;false;PEDIDO COMPRA;EPA;OLO1;Produccion;759-1;0;Contenedor 40 HC;0;;;;;;;;;;0;0;0;0;0;0;N
1104028;198;GBR CORPORATION LTD.                                       ;76;2026-02-20;ZF - OVERSEAS LOGISTICS OPERATIONS;75172,50;USD;<null>;FOB  ;FOB  ;FOB  ;71;125;2026-02-21;2026-02-21;5080;HARMONY (ZF);;<null>;<null>;Sust PO 1103930;0001-223345-;75172,50;false;false;C/ FACTURA;EPA;OLO1;Transito;CAIU9662550;CMA CGM;Contenedor 40 HC;BJPBL2600014;29-12-25;29-12-25;12/12/2025;06-01-26;13-01-26;12-01-26;07-03-26;07-03-26;;3800;0;0;IN OCEAN;0;0;N
1104030;212;COSCORP HONG KONG LIMITED                                  ;75;2026-02-23;Directo SV - FERRETERIA EPA, S.A. DE C.V.;18847,00;USD;<null>;FOB  ;FOB  ;<null>;108;122;2026-04-27;2026-04-27;<null>;HARMONY (Dropship SV);<null>;<null>;<null>;Cont #1 SV Feb 26;<null>;<null>;false;false;PEDIDO COMPRA;EPA;OLO1;Produccion;766-1;0;Contenedor 40 HC;0;;;;;;;;;;0;0;0;0;0;0;N
1104031;212;COSCORP HONG KONG LIMITED                                  ;75;2026-02-23;Directo SV - FERRETERIA EPA, S.A. DE C.V.;18847,00;USD;<null>;FOB  ;FOB  ;<null>;108;122;2026-06-08;2026-06-08;<null>;HARMONY (Dropship SV);<null>;<null>;<null>;Cont #2 SV Feb 26;<null>;<null>;false;false;PEDIDO COMPRA;EPA;OLO1;Produccion;766-2;0;Contenedor 40 HC;0;;;;;;;;;;0;0;0;0;0;0;N
1104033;32;LUMICENTRO INTERNACIONAL S.A. - PANAMA                     ;73;2026-02-25;Directo CR - FERRETERIA EPA, S.A.;5127,98;USD;<null>;FOB  ;FOB  ;FCA  ;25;125;2026-02-26;2026-02-26;5089;HARMONY (Dropship CR);-- N/A --;7486;2026-03-03;2045369;207507;5127,98;true;false;PEDIDO COMPRA;EPA;OLO1;Transito;765-1;0;LCL;1104033;;;;21-03-26;21-03-26;;;;;0;0;0;0;0;0;N
1104034;32;LUMICENTRO INTERNACIONAL S.A. - PANAMA                     ;73;2026-02-25;Directo SV - FERRETERIA EPA, S.A. DE C.V.;3726,77;USD;<null>;FOB  ;FOB  ;FCA  ;25;122;2026-03-03;2026-03-03;5090;HARMONY (Dropship SV);-- N/A --;7487;2026-03-03;2045370;207508;3726,77;true;false;PEDIDO COMPRA;EPA;OLO1;Transito;765-2;0;LCL;1104034;;;;21-03-26;21-03-26;;;;;0;0;0;0;0;0;N
1104035;32;LUMICENTRO INTERNACIONAL S.A. - PANAMA                     ;73;2026-02-25;Directo GT - FERRETERIA EPA, S.A. (Guatemala);5316,44;USD;<null>;FOB  ;FOB  ;FCA  ;25;127;2026-02-26;2026-02-26;5084;HARMONY (Dropship GT);-- N/A --;7483;2026-03-02;2045371;207509;5316,44;true;false;PEDIDO COMPRA;EPA;OLO1;Transito;765-3;0;LCL;1104035;;;;21-03-26;21-03-26;;;;;0;0;0;0;0;0;N
1104036;32;LUMICENTRO INTERNACIONAL S.A. - PANAMA                     ;73;2026-02-25;Directo VE - FERRETERIA EPA, C.A.;2405,18;USD;<null>;FOB  ;FOB  ;FCA  ;25;116;2026-03-26;2026-03-26;5085;Harmony (Drop Ship EPA VE);-- N/A --;7484;2026-03-02;2045405;207510;2405,18;true;false;PEDIDO COMPRA;EPA;OLO1;Transito;1104036;0;LCL;1104036;;;;20-03-26;20-03-26;;;;;0;0;0;0;0;0;N
1104038;29;LUMICENTRO INTERNACIONAL, INC ;73;2026-03-03;Directo CR - FERRETERIA EPA, S.A.;70242,37;USD;<null>;FOB  ;FOB  ;FOB  ;71;125;2026-03-03;2026-03-03;5106;HARMONY (Dropship CR);-- N/A --;7508;2026-03-06;S 1103868 uso interno;15608-;70242,37;true;true;C/ FACTURA;EPA;OLO1;Transito;HAMU2275017;HAPAG LLOYD;Contenedor 40 HC;ASCANA00009;05-01-26;05-01-26;22/12/2025;27-01-26;10-02-26;29-01-26;27-03-26;27-03-26;;4010;0;NAC;AIR SEA WORLDWIDE;0;0;N
1104040;198;GBR CORPORATION LTD.                                       ;76;2026-03-16;Directo VE - FEBECA C.A. ;59811,57;USD;<null>;FOB  ;CIF  ;FOB  ;71;121;2026-03-14;2026-03-14;<null>;Harmony (Drop Ship FEBECA VE);<null>;<null>;<null>;GBR;<null>;<null>;false;false;C/ FACTURA;Febeca;OLO1;Booking;VTCN100722;0;Contenedor 40 HC;0;13-03-26;17-03-26;;08-04-26;08-04-26;;;;;0;0;0;0;0;0;N
4106637;532;ARTEVASI S.A.                                              ;81;2025-02-21;GL SV - FERRETERIA EPA, S.A. DE C.V.;10417,15;EUR;<null>;FOB  ;FOB  ;FOB  ;173;118;2025-03-15;2025-03-15;6280;GLOBALOR LTD (Zona Franca SV);-- N/A --;20532;2025-02-24;PO PARA USO INTERNO, 4105766;FA20241222, FA202416753;10433,46;false;false;C/ FACTURA;EPA;OLO4;Transito;VTCN400463;0;Contenedor 40 HC;LEIACA2024323.;;;;;;;;;;0;0;0;0;0;0;N
4106641;532;ARTEVASI S.A.                                              ;81;2025-02-21;GL SV - FERRETERIA EPA, S.A. DE C.V.;9281,15;EUR;<null>;FOB  ;FOB  ;FOB  ;173;118;2025-03-15;2025-03-15;6280;GLOBALOR LTD (Zona Franca SV);-- N/A --;20533;2025-02-24;PO PARA USO INTERNO 4105767;FA20241223, FA202416754;9310,19;false;false;C/ FACTURA;EPA;OLO4;Transito;VTCN400463;0;Contenedor 40 HC;LEIACA2024323.;;;;;;;;;;0;0;0;0;0;0;N
4106774;532;ARTEVASI S.A.                                              ;84;2025-03-11;Directo SV - FERRETERIA EPA, S.A. DE C.V.;12,00;EUR;<null>;FOB  ;FOB  ;FOB  ;173;118;2025-04-04;2025-04-04;6304;GLOBALOR LTD (Dropship SV);-- N/A --;20566;2025-03-11;PO para uso interno;FA202416753--;12,00;false;false;C/ FACTURA;EPA;OLO4;Transito;0;0;0;LEIACA2024323..;;;;;;;;;;0;0;0;0;0;0;N
4106819;352;PLASTICOS MQ                                               ;88;2025-03-26;Directo VE - CONSORCIO FERRETERO DE SAN JOSE, S.A.;23031,62;USD;<null>;FOB  ;FOB  ;FOB  ;116;117;2025-04-21;2025-04-21;6352;GLOBALOR LTD (Drop Ship FEBECA VE);-- N/A --;20668;2025-04-21;4106819;EXP1113;23031,62;false;true;PEDIDO COMPRA;EPA;OLO4;Transito;VTCN400534;0;Contenedor 40 HC;PO 4106819;;;;23-04-25;23-04-25;;;;;0;0;0;0;0;0;N
4106902;3886;PLASTICOS RIMAX SAS;83;2025-04-21;Directo VE - FERRETERIA EPA, C.A.;24231,82;USD;<null>;FOB  ;FOB  ;CIP  ;17;180;2025-05-27;2025-05-27;6445;GLOBALOR LTD (Drop Ship EPA VE);-- N/A --;20824;2025-06-05;PIVE Abril25;YBE878022;24231,82;false;true;PEDIDO COMPRA;EPA;OLO4;Transito;40001194-4;0;Contenedor 40 HC;PO 4106902;;;;24-06-25;24-06-25;;;;;0;0;0;DEFINIDO POR EL PROVEEDOR;0;0;N
4106918;519;SPECTRUM BRANDS, INC -ELECTRODOMESTICOS                    ;81;2025-05-06;Directo SV - FERRETERIA EPA, S.A. DE C.V.;10756,13;USD;<null>;FCA  ;FCA  ;FCA  ;112;123;2025-05-30;2025-05-30;<null>;GLOBALOR LTD (Dropship SV);<null>;<null>;<null>;Pedido El Salvador;<null>;<null>;false;false;PEDIDO COMPRA;EPA;OLO4;Produccion;40001178-2;0;Contenedor 20ft;0;;;19/08/2025;13-09-25;22-03-26;;;;;0;0;0;AIR SEA WORLDWIDE;0;0;N
4107007;12;BLACK & DECKER US INC (BONDED)                             ;86;2025-06-09;Directo VE - FERRETERIA EPA, C.A.;1200,27;USD;<null>;FCA  ;FCA  ;<null>;65;121;2025-06-10;2025-06-10;<null>;GLOBALOR LTD (Drop Ship EPA VE);<null>;<null>;<null>;Mayo;<null>;<null>;false;false;C/ FACTURA;EPA;OLO4;Produccion;VTCN400569;0;LCL;0;;;;04-07-25;03-04-26;;;;;0;0;0;0;0;0;N
4107042;12;BLACK & DECKER US INC (BONDED)                             ;86;2025-06-30;ZF - OVERSEAS LOGISTICS OPERATIONS;1480,80;USD;<null>;FCA  ;<null>;<null>;65;121;2025-07-01;2025-07-01;<null>;GLOBALOR LTD (ZF);<null>;<null>;<null>;FOC;<null>;<null>;false;false;C/ FACTURA;EPA;OLO4;Produccion;VTCN400586;0;LCL;0;;;;03-08-25;22-03-26;;;;;0;0;0;0;0;0;N
4107173;32;CLEVA INTERNATIONAL TRADING LIMITED;84;2025-08-11;ZF - OVERSEAS LOGISTICS OPERATIONS;11855,86;USD;<null>;FOB  ;FOB  ;FOB  ;92;126;2025-11-07;2025-11-07;6768;GLOBALOR LTD (ZF);;<null>;<null>;1x40 - VE - ZF;CIT2503483;11855,86;false;false;PEDIDO COMPRA;EPA;OLO4;Alm. Fiscal;FDCU0126658;HAPPAG;Contenedor 40ft;ASSHA509643A;10-10-25;10-10-25;25/09/2025;08-11-25;22-11-25;01-11-25;30-12-25;17-02-26;;1510;SJOTS0006377;NAC;AIR SEA WORLDWIDE;30-12-25;0;Y
4107272;117;NEW SPACE (SHANGHAI);84;2025-09-08;Directo VE - FERRETERIA EPA, C.A.;92544,86;USD;<null>;FOB  ;CIF  ;FOB  ;92;117;2025-11-28;2025-11-28;6923;GLOBALOR LTD (Drop Ship EPA VE);-- N/A --;21559;2026-01-27;NS-180-VZ;FC3653;92544,86;true;false;MIXTO;EPA;OLO4;Transito;TCNU7095301;CMA CGM;Contenedor 40 HC;BJPBL2600032;08-01-26;08-01-26;05/12/2025;20-01-26;27-01-26;22-01-26;17-03-26;26-03-26;;3630;IOLFT26-047;FAK;IN OCEAN;0;0;N
4107317;551;SHEFFA INTERNACIONAL LLC                                   ;83;2025-09-26;ZF - OVERSEAS LOGISTICS OPERATIONS;43240,20;USD;<null>;FOB  ;FOB  ;FOB  ;92;131;2025-12-25;2025-12-25;6905;GLOBALOR LTD (ZF);52026161518;21707;2026-03-11;PI2 Sept;244;43240,20;true;false;CNY;EPA;OLO4;Ingresada;HAMU5066582;HAPPAG;Contenedor 40ft;ASNGB513080;12-12-25;12-12-25;10/12/2025;06-01-26;20-01-26;08-01-26;20-02-26;09-03-26;03-03-26;3720;0;NAC;AIR SEA WORLDWIDE;0;0;N
4107319;319;EINHELL (WAREHOUSE AMERICA);86;2025-09-30;ZF - OVERSEAS LOGISTICS OPERATIONS;70798,88;USD;<null>;EXW  ;<null>;<null>;26;121;2025-10-03;2025-10-03;6749;GLOBALOR LTD (ZF);;<null>;<null>;GL-COSTARICA-03;7378614;70798,88;true;false;PEDIDO COMPRA;EPA;OLO4;Produccion;VTCN400639;0;LCL;4107319;;;;28-11-25;03-04-26;;;;;0;0;0;0;0;0;N
4107328;377;IDEAS PROMOCIONALES, C.A.                                  ;84;2025-10-15;ZF - FERRETERIA EPA, S.A. DE C.V.;192465,25;USD;<null>;FOB  ;FOB  ;EXW  ;94;126;2025-12-19;2025-12-19;<null>;GLOBALOR LTD (ZF);<null>;<null>;<null>;SV+VE+ZF;<null>;<null>;true;false;PEDIDO COMPRA;EPA;OLO4;Booking;FANU3624100;HAPPAG;Contenedor 40 HC;ASNGBA01613;10-02-26;10-02-26;19/12/2025;22-02-26;22-03-26;;;;;2950;0;0;AIR SEA WORLDWIDE;0;0;N
4107329;377;IDEAS PROMOCIONALES, C.A.                                  ;84;2025-10-15;Directo CR - FERRETERIA EPA, S.A.;159237,25;USD;<null>;FOB  ;FOB  ;FOB  ;94;126;2025-12-30;2025-12-30;7047;GLOBALOR LTD (Dropship CR);-- N/A --;<null>;<null>;Costa Rica 1x40;<null>;<null>;true;true;PEDIDO COMPRA;EPA;OLO4;Transito;HAMU1533570;HAPPAG;Contenedor 40 HC;ASNGBA01610;30-01-26;30-01-26;15/01/2026;15-03-26;22-03-26;16-03-26;01-05-26;01-05-26;;4535;0;NAC;AIR SEA WORLDWIDE;0;0;N
4107330;377;IDEAS PROMOCIONALES, C.A.                                  ;84;2025-10-15;Directo CR - FERRETERIA EPA, S.A.;67562,00;USD;<null>;FOB  ;FOB  ;FOB  ;94;126;2025-11-30;2025-11-30;7046;GLOBALOR LTD (Dropship CR);-- N/A --;<null>;<null>;Costa Rica 1x20;<null>;<null>;true;true;PEDIDO COMPRA;EPA;OLO4;Transito;CAIU6617373;HAPPAG;Contenedor 20ft;ASNGBA01611;10-02-26;10-02-26;05/12/2025;15-03-26;22-03-26;16-03-26;01-05-26;01-05-26;;4335;0;NAC;AIR SEA WORLDWIDE;0;0;N
4107365;216;MAJIC PRODUCTS, INC (ASIA)                                 ;83;2025-10-14;Directo VE - FERRETERIA EPA, C.A.;39048,20;USD;<null>;FOB  ;CIF  ;FOB  ;72;117;2025-10-28;2025-10-28;6858;GLOBALOR LTD (Drop Ship EPA VE);-- N/A --;21473;2025-12-23;22985;22985;39048,20;false;false;CNY;EPA;OLO4;Transito;CMAU7273064;CMA CGM;Contenedor 40 HC;BJPBL2500073;21-11-25;21-11-25;03/11/2025;08-12-25;15-12-25;11-12-25;04-02-26;05-02-26;;4950;IOLFT25-927;FAK;IN OCEAN;0;0;N
4107366;216;MAJIC PRODUCTS, INC (ASIA)                                 ;83;2025-10-14;Directo VE - FERRETERIA EPA, C.A.;49424,76;USD;<null>;FOB  ;CIF  ;FOB  ;72;117;2025-10-28;2025-10-28;6859;GLOBALOR LTD (Drop Ship EPA VE);-- N/A --;21474;2025-12-23;22986;22986;49424,76;true;false;CNY;EPA;OLO4;Transito;CMAU4824965;CMA CGM;Contenedor 40 HC;BJPBL2500072;21-11-25;21-11-25;03/11/2025;08-12-25;15-12-25;11-12-25;04-02-26;05-02-26;;4950;IOLFT25-924;FAK;IN OCEAN;0;0;N
4107369;216;MAJIC PRODUCTS, INC (ASIA)                                 ;83;2025-10-14;Directo VE - FERRETERIA EPA, C.A.;55011,56;USD;<null>;FOB  ;FOB  ;FOB  ;72;117;2025-10-28;2025-10-28;6838;GLOBALOR LTD (Drop Ship EPA VE);-- N/A --;21455;2025-12-17;22987;22987;55011,56;true;false;CNY;EPA;OLO4;Transito;TCLU1492243;CMA CGM;Contenedor 40 HC;BJPBL2500074;21-11-25;21-11-25;03/11/2025;08-12-25;15-12-25;11-12-25;04-02-26;05-02-26;;4950;IOLFT25-906;FAK;IN OCEAN;0;0;N
4107374;377;IDEAS PROMOCIONALES, C.A.                                  ;84;2025-10-15;Directo GT - FERRETERIA EPA, S.A. (Guatemala);95263,75;USD;<null>;FOB  ;FOB  ;FOB  ;94;128;2025-12-19;2025-12-19;<null>;GLOBALOR LTD (Dropship GT);<null>;<null>;<null>;Guatemala 1x20;<null>;<null>;true;false;PEDIDO COMPRA;EPA;OLO4;Booking;MEDU2508863;MSC;Contenedor 20ft;ASNGBA01612;10-02-26;13-02-26;19/12/2025;15-03-26;22-03-26;;;;;0;0;0;AIR SEA WORLDWIDE;0;0;N
4107379;389;BLACK AND DECKER (CHINA) INC. (CAJAS STANLEY)              ;86;2025-10-20;ZF - OVERSEAS LOGISTICS OPERATIONS;25320,60;USD;<null>;FOB  ;<null>;<null>;112;126;2026-01-31;2026-01-31;<null>;GLOBALOR LTD (ZF);<null>;<null>;<null>;8000267835;<null>;<null>;false;false;PEDIDO COMPRA;EPA;OLO4;Produccion;VTCN400657;0;Contenedor 20ft;0;;;;;;;;;;0;0;0;0;0;0;N
4107387;351;HUMEX, S.A.(ESPAÑA)                                        ;89;2025-10-22;Directo GT - FERRETERIA EPA, S.A. (Guatemala);10,00;USD;<null>;FOB  ;FOB  ;<null>;10;118;2025-10-26;2025-10-26;<null>;GLOBALOR LTD (Dropship GT);<null>;<null>;<null>;GT;<null>;<null>;false;true;C/ FACTURA;EPA;OLO4;Produccion;40001323-2;0;0;0;;;;16-11-25;22-03-26;;;;;0;0;0;0;0;0;N
4107388;351;HUMEX, S.A.(ESPAÑA)                                        ;89;2025-10-22;ZF - OVERSEAS LOGISTICS OPERATIONS;28,00;USD;<null>;FOB  ;<null>;<null>;10;118;2025-10-29;2025-10-29;<null>;GLOBALOR LTD (ZF);<null>;<null>;<null>;ZF;<null>;<null>;false;false;C/ FACTURA;EPA;OLO4;Produccion;40001323-1;0;0;0;;;;16-11-25;22-03-26;;;;;0;0;0;0;0;0;N
4107399;309;KOOPMAN INTERNATIONAL BV                                   ;88;2025-10-30;Directo CR - FERRETERIA EPA, S.A.;26752,72;EUR;<null>;FOB  ;FOB  ;FOB  ;83;131;2025-12-15;2025-12-15;6997;GLOBALOR LTD (Dropship CR);-- N/A --;21653;2026-02-19;Proforma Draft 1_Costa Rica;2880501, 2880502;26752,72;false;false;PEDIDO COMPRA;EPA;OLO4;Transito;CMAU8639456;HAPPAG;Contenedor 40 HC;DEHA26022061;29-01-26;29-01-26;03/11/2025;14-02-26;21-02-26;13-02-26;14-03-26;14-03-26;;4850;0;NAC;SPARX;0;0;N
4107403;309;KOOPMAN INTERNATIONAL BV                                   ;88;2025-10-30;Directo SV - FERRETERIA EPA, S.A. DE C.V.;36675,69;EUR;<null>;FOB  ;FOB  ;FOB  ;83;123;2025-12-29;2025-12-29;6998;GLOBALOR LTD (Dropship SV);-- N/A --;21664;2026-02-23;El Salvador-Proforma Draft;2879962, 2879963;36675,69;false;false;PEDIDO COMPRA;EPA;OLO4;Transito;MRKU0679580;MAERSK;Contenedor 40ft;DEHA26022071;27-01-26;27-01-26;03/11/2025;10-02-26;26-02-26;26-02-26;13-04-26;13-04-26;;5990;0;NAC;SPARX;0;0;N
4107409;309;KOOPMAN INTERNATIONAL BV                                   ;88;2025-10-30;Directo VE - FERRETERIA EPA, C.A.;48528,70;EUR;<null>;FOB  ;CIF  ;FOB  ;83;117;2025-12-29;2025-12-29;7034;GLOBALOR LTD (Drop Ship EPA VE);-- N/A --;21702;2026-03-10;Venezuela- Proforma Draft;2881592, 2881593;48528,70;false;false;PEDIDO COMPRA;EPA;OLO4;Transito;MRSU5194501;MAERSK;Contenedor 40 HC;ADHBL002602013;21-01-26;21-01-26;03/11/2025;12-02-26;05-03-26;26-02-26;25-03-26;25-03-26;;7735;IOLFT26-143;FAK;IN OCEAN;0;0;N
4107410;309;KOOPMAN INTERNATIONAL BV                                   ;88;2025-10-30;Directo CR - FERRETERIA EPA, S.A.;10530,00;EUR;<null>;FOB  ;FOB  ;FOB  ;83;131;2025-11-10;2025-11-10;7000;GLOBALOR LTD (Dropship CR);-- N/A --;21671;2026-02-24;Costa Rica 2- Proforma Draft;2880003;10530,00;false;false;PEDIDO COMPRA;EPA;OLO4;Transito;TEMU3783137;HAPPAG;Contenedor 20ft;DEHA26022063;29-01-26;29-01-26;03/11/2025;14-02-26;21-02-26;13-02-26;14-03-26;14-03-26;;4050;0;NAC;SPARX;0;0;N
4107415;362;HDS TRADING CORP                                           ;88;2025-10-31;Directo VE - FERRETERIA EPA, C.A.;3815,84;USD;<null>;EXW  ;EXW  ;FCA  ;70;117;2025-11-10;2025-11-10;7015;INTERPORT (VZ);-- N/A --;21680;2026-03-02;Order No. 3243337;6084050-IN;3815,84;false;false;PEDIDO COMPRA;EPA;OLO4;Transito;40001361-1;0;LCL;4107415;;;;05-03-26;05-03-26;;;;;0;0;0;0;0;0;N
4107432;219;BLACK AND DECKER US                                        ;86;2025-11-04;Directo VE - FERRETERIA EPA, C.A.;39607,36;USD;<null>;FCA  ;FCA  ;FCA  ;63;117;2025-11-30;2025-11-30;<null>;GLOBALOR LTD (Drop Ship EPA VE);<null>;<null>;<null>;Noviembre;<null>;<null>;false;false;PEDIDO COMPRA;EPA;OLO4;Produccion;40001393-1;0;LCL;0;;;;07-01-26;01-04-26;;;;;0;0;0;0;0;0;N
4107449;399;KRONOSPAN, S.L. (Costa Rica);81;2025-11-05;Directo CR - FERRETERIA EPA, S.A.;9633,55;EUR;<null>;CFR  ;CFR  ;CFR  ;104;131;2026-04-05;2026-04-05;6924;GLOBALOR LTD (Dropship CR);-- N/A --;21560;2026-01-28;249101;282404;9633,56;false;true;PEDIDO COMPRA;EPA;OLO4;Transito;MNBU3868356;MAERSK;Contenedor 20ft;265299800;27-01-26;27-01-26;;04-02-26;11-02-26;12-02-26;03-03-26;10-03-26;;2113,93;0;FAK;DEFINIDO POR EL PROVEEDOR;0;0;N
4107458;399;KRONOSPAN, S.L. (Costa Rica);81;2025-11-05;Directo CR - FERRETERIA EPA, S.A.;12119,26;EUR;<null>;CFR  ;CFR  ;CFR  ;104;131;2026-04-05;2026-04-05;6925;GLOBALOR LTD (Dropship CR);-- N/A --;21568;2026-01-29;249111;282084;12119,27;false;true;PEDIDO COMPRA;EPA;OLO4;Transito;MNBU3132339;MAERSK;Contenedor 20ft;265253038;27-01-26;20-01-26;;04-02-26;11-02-26;12-02-26;03-03-26;10-03-26;;2179,3;0;FAK;DEFINIDO POR EL PROVEEDOR;0;0;N
4107459;399;KRONOSPAN, S.L. (Costa Rica);81;2025-11-05;Directo CR - FERRETERIA EPA, S.A.;11955,96;EUR;<null>;CFR  ;CFR  ;CFR  ;104;131;2026-04-05;2026-04-05;6920;GLOBALOR LTD (Dropship CR);-- N/A --;21555;2026-01-27;249112;282395;11955,99;false;true;PEDIDO COMPRA;EPA;OLO4;Transito;MNBU4225082;MAERSK;Contenedor 20ft;265253182;26-01-26;26-01-26;;02-02-26;02-02-26;02-02-26;03-03-26;10-03-26;;2094,48;0;FAK;DEFINIDO POR EL PROVEEDOR;0;0;N
4107460;399;KRONOSPAN, S.L. (Costa Rica);81;2025-11-05;Directo CR - FERRETERIA EPA, S.A.;11496,95;EUR;<null>;CFR  ;CFR  ;CFR  ;104;131;2026-04-05;2026-04-05;6941;GLOBALOR LTD (Dropship CR);-- N/A --;21577;2026-01-29;249113;282396;11496,97;false;true;PEDIDO COMPRA;EPA;OLO4;Transito;MNBU3008415;MAERSK;Contenedor 20ft;265253172;28-01-26;28-01-26;;04-02-26;11-02-26;12-02-26;03-03-26;10-03-26;;2009,67;0;FAK;DEFINIDO POR EL PROVEEDOR;0;0;N
4107462;399;KRONOSPAN, S.L. (Costa Rica);81;2025-11-05;Directo CR - FERRETERIA EPA, S.A.;13131,61;EUR;<null>;CFR  ;CFR  ;CFR  ;104;131;2026-04-05;2026-04-05;6921;GLOBALOR LTD (Dropship CR);-- N/A --;21557;2026-01-27;249115;282397;13131,63;false;true;PEDIDO COMPRA;EPA;OLO4;Transito;MNBU3762261;MAERSK;Contenedor 20ft;265253160;26-01-26;26-01-26;;02-02-26;02-02-26;02-02-26;03-03-26;10-03-26;;2155,52;0;FAK;DEFINIDO POR EL PROVEEDOR;0;0;N
4107464;399;KRONOSPAN, S.L. (Costa Rica);81;2025-11-05;Directo CR - FERRETERIA EPA, S.A.;11573,42;EUR;<null>;CFR  ;CFR  ;CFR  ;104;131;2026-04-05;2026-04-05;6928;GLOBALOR LTD (Dropship CR);-- N/A --;21563;2026-01-28;249117;282398;11573,44;false;true;PEDIDO COMPRA;EPA;OLO4;Transito;MNBU3944712;MAERSK;Contenedor 20ft;265253145;27-01-26;27-01-26;;04-02-26;11-02-26;12-02-26;03-03-26;10-03-26;;2172,35;0;FAK;DEFINIDO POR EL PROVEEDOR;0;0;N
4107468;399;KRONOSPAN, S.L. (Costa Rica);81;2025-11-05;Directo CR - FERRETERIA EPA, S.A.;13291,35;EUR;<null>;CFR  ;CFR  ;CFR  ;104;131;2026-04-05;2026-04-05;6942;GLOBALOR LTD (Dropship CR);-- N/A --;21580;2026-02-03;249121;282394;13291,37;false;true;PEDIDO COMPRA;EPA;OLO4;Transito;MNBU3507965;MAERSK;Contenedor 40 HC;265253127;28-01-26;28-01-26;;08-02-26;11-02-26;12-02-26;03-03-26;10-03-26;;2172,35;0;FAK;DEFINIDO POR EL PROVEEDOR;0;0;N
4107470;399;KRONOSPAN, S.L. (Costa Rica);81;2025-11-05;Directo CR - FERRETERIA EPA, S.A.;11938,11;EUR;<null>;CFR  ;CFR  ;CFR  ;104;131;2026-04-05;2026-04-05;6929;GLOBALOR LTD (Dropship CR);-- N/A --;21564;2026-01-28;249124;281588;11938,13;false;true;PEDIDO COMPRA;EPA;OLO4;Transito;CRSU6132401;MSC;Contenedor 20ft;MEDUE1568546;27-01-26;27-01-26;;29-01-26;29-01-26;;;;;2172,29;0;0;0;0;0;N
4107473;399;KRONOSPAN, S.L. (Costa Rica);81;2025-11-05;Directo CR - FERRETERIA EPA, S.A.;13985,49;EUR;<null>;CFR  ;CFR  ;CFR  ;104;131;2026-04-05;2026-04-05;6962;GLOBALOR LTD (Dropship CR);-- N/A --;21640;2026-02-17;249127;282408;13985,50;false;true;PEDIDO COMPRA;EPA;OLO4;Transito;MNBU3272794;MAERSK;Contenedor 20ft;265316364;05-02-26;05-02-26;;16-02-26;23-02-26;21-02-26;17-03-26;17-03-26;;2229,25;0;FAK;DEFINIDO POR EL PROVEEDOR;0;0;N
4107475;399;KRONOSPAN, S.L. (Costa Rica);81;2025-11-05;Directo CR - FERRETERIA EPA, S.A.;11955,96;EUR;<null>;CFR  ;CFR  ;CFR  ;104;131;2026-04-05;2026-04-05;6922;GLOBALOR LTD (Dropship CR);-- N/A --;21558;2026-01-27;249166;282400;11955,99;false;true;PEDIDO COMPRA;EPA;OLO4;Transito;MNBU9099562;MAERSK;Contenedor 20ft;265253114;26-01-26;26-01-26;;02-02-26;02-02-26;02-02-26;03-03-26;10-03-26;;2094,48;0;FAK;DEFINIDO POR EL PROVEEDOR;0;0;N
4107476;399;KRONOSPAN, S.L. (Costa Rica);81;2025-11-05;Directo CR - FERRETERIA EPA, S.A.;11955,96;EUR;<null>;CFR  ;CFR  ;CFR  ;104;131;2026-04-05;2026-04-05;6931;GLOBALOR LTD (Dropship CR);-- N/A --;21566;2026-01-28;249168;282401;11955,99;false;true;PEDIDO COMPRA;EPA;OLO4;Transito;SUDU8002307;MAERSK;Contenedor 20ft;265253098;27-01-26;27-01-26;;04-02-26;11-02-26;12-02-26;03-03-26;10-03-26;;2110,77;0;FAK;DEFINIDO POR EL PROVEEDOR;0;0;N
4107477;399;KRONOSPAN, S.L. (Costa Rica);81;2025-11-05;Directo CR - FERRETERIA EPA, S.A.;11955,96;EUR;<null>;CFR  ;CFR  ;CFR  ;104;131;2026-04-05;2026-04-05;6933;GLOBALOR LTD (Dropship CR);-- N/A --;21570;2026-01-29;249170;282402;11955,99;false;true;PEDIDO COMPRA;EPA;OLO4;Transito;MNBU3586162;MAERSK;Contenedor 20ft;265253087;27-01-26;27-01-26;;04-02-26;11-02-26;12-02-26;03-03-26;10-03-26;;2110,77;0;FAK;DEFINIDO POR EL PROVEEDOR;0;0;N
4107478;399;KRONOSPAN, S.L. (Costa Rica);81;2025-11-05;Directo CR - FERRETERIA EPA, S.A.;11125,69;EUR;<null>;CFR  ;CFR  ;CFR  ;104;131;2026-04-05;2026-04-05;6959;GLOBALOR LTD (Dropship CR);-- N/A --;21607;2026-02-09;249171;282407;11125,71;false;true;PEDIDO COMPRA;EPA;OLO4;Transito;MNBU0201837;MAERSK;Contenedor 20ft;265316461;05-02-26;05-02-26;;16-02-26;16-02-26;21-02-26;17-03-26;17-03-26;;1941,04;0;FAK;DEFINIDO POR EL PROVEEDOR;0;0;N
4107479;399;KRONOSPAN, S.L. (Costa Rica);81;2025-11-05;Directo CR - FERRETERIA EPA, S.A.;10992,87;EUR;<null>;CFR  ;CFR  ;CFR  ;104;131;2026-04-05;2026-04-05;6963;GLOBALOR LTD (Dropship CR);-- N/A --;21606;2026-02-09;249174;282406;10992,89;false;true;PEDIDO COMPRA;EPA;OLO4;Transito;SUDU8036380;MAERSK;Contenedor 20ft;265316630;05-02-26;05-02-26;;16-02-26;16-02-26;21-02-26;17-03-26;17-03-26;;1917,86;0;FAK;DEFINIDO POR EL PROVEEDOR;0;0;N
4107489;557;QINGDAO FORTUNE WOOD PRODUCTS CO. LTD.                     ;81;2025-11-10;Directo CR - FERRETERIA EPA, S.A.;9357,72;USD;<null>;FOB  ;FOB  ;FOB  ;78;121;2025-12-15;2025-12-15;6982;GLOBALOR LTD (Dropship CR);-- N/A --;21637;2026-02-16;Po:25FX0811/EPA/005(C);FF25355;9357,72;false;true;PEDIDO COMPRA;EPA;OLO4;Transito;MSMU5942096;MSC;Contenedor 40ft;ASTAOA01086;15-12-25;15-12-25;03/12/2025;15-01-26;17-02-26;07-02-26;20-03-26;04-04-26;;3320;0;NAC;AIR SEA WORLDWIDE;0;0;N
4107495;557;QINGDAO FORTUNE WOOD PRODUCTS CO. LTD.                     ;81;2025-11-10;Directo GT - FERRETERIA EPA, S.A. (Guatemala);16042,00;USD;<null>;FOB  ;FOB  ;FOB  ;78;121;2025-12-15;2025-12-15;6890;GLOBALOR LTD (Dropship GT);-- N/A --;21518;2026-01-14;Po:25FX0811PA/006(A);FF25340;16042,00;false;false;PEDIDO COMPRA;EPA;OLO4;Transito;TCNU1256203;MSC;Contenedor 20ft;ASTAO515320;05-12-25;05-12-25;03/12/2025;26-12-25;16-01-26;08-01-26;30-01-26;12-02-26;;3555;0;NAC;AIR SEA WORLDWIDE;0;0;N
4107497;557;QINGDAO FORTUNE WOOD PRODUCTS CO. LTD.                     ;81;2025-11-10;Directo GT - FERRETERIA EPA, S.A. (Guatemala);14176,00;USD;<null>;FOB  ;FOB  ;FOB  ;78;121;2025-12-15;2025-12-15;6948;GLOBALOR LTD (Dropship GT);-- N/A --;21589;2026-02-04;Po:25FX0811/EPA/006(C);FF25356;14176,00;false;false;PEDIDO COMPRA;EPA;OLO4;Transito;MEDU7500865;MSC;Contenedor 20ft;ASTAOA01112;15-12-25;15-12-25;03/12/2025;15-01-26;06-02-26;01-02-26;03-03-26;03-03-26;;3880;0;NAC;AIR SEA WORLDWIDE;0;0;N
4107509;208;DISTRIBUCIONES GLOBALES S.A.                               ;81;2025-11-11;Directo VE - FERRETERIA EPA, C.A.;23567,70;USD;<null>;EXW  ;CIF  ;FOB  ;41;117;2025-12-19;2025-12-19;<null>;GLOBALOR LTD (Drop Ship EPA VE);<null>;<null>;<null>;2001106;<null>;<null>;false;false;PEDIDO COMPRA;EPA;OLO4;Booking;40001398-1;0;Contenedor 40 HC;0;17-03-26;17-03-26;19/12/2025;01-04-26;01-04-26;;;;;0;0;0;IN OCEAN;0;0;N
4107510;32;CLEVA INTERNATIONAL TRADING LIMITED;84;2025-11-12;Directo CR - FERRETERIA EPA, S.A.;23635,49;USD;<null>;FOB  ;FOB  ;FOB  ;92;126;2026-01-02;2026-01-02;6991;GLOBALOR LTD (Dropship CR);-- N/A --;21643;2026-02-18;1x40 CR - ZF;CIT2600200;23635,49;true;true;CNY;EPA;OLO4;Transito;CAXU7052566;MSC;Contenedor 40ft;HSHA00085957;16-01-26;16-01-26;13/01/2026;08-02-26;22-02-26;12-02-26;27-03-26;04-04-26;;4650;0;NAC;SPARX;0;0;N
4107511;32;CLEVA INTERNATIONAL TRADING LIMITED;84;2025-11-12;ZF - OVERSEAS LOGISTICS OPERATIONS;15519,07;USD;<null>;FOB  ;FOB  ;FOB  ;92;126;2026-01-02;2026-01-02;7038;GLOBALOR LTD (ZF);;<null>;<null>;1x40 VE - ZF;CIT2600201;15519,07;true;false;CNY;EPA;OLO4;Transito;CAXU7052566;MSC;Contenedor 40ft;HSHA00085958;16-01-26;16-01-26;13/01/2026;08-02-26;22-02-26;12-02-26;27-03-26;04-04-26;;0;0;NAC;SPARX;0;0;N
4107512;32;CLEVA INTERNATIONAL TRADING LIMITED;84;2025-11-12;GL SV - FERRETERIA EPA, S.A. DE C.V.;33200,02;USD;<null>;FOB  ;FOB  ;FOB  ;92;123;2026-01-02;2026-01-02;<null>;GLOBALOR LTD (Zona Franca SV);<null>;<null>;<null>;1x40 SV, GT - ZF;<null>;<null>;true;false;CNY;EPA;OLO4;Transito;CMAU9133713;CMA CGM;Contenedor 40ft;HSHA00085960;16-01-26;16-01-26;13/01/2026;08-02-26;13-03-26;12-02-26;27-03-26;27-03-26;;4350;0;NAC;SPARX;0;0;N
4107513;32;CLEVA INTERNATIONAL TRADING LIMITED;84;2025-11-12;Directo GT - FERRETERIA EPA, S.A. (Guatemala);36929,26;USD;<null>;FOB  ;FOB  ;FOB  ;92;41;2026-01-02;2026-01-02;6999;GLOBALOR LTD (Dropship GT);-- N/A --;21662;2026-02-20;1x40 GT;CIT2600198;36929,26;true;false;CNY;EPA;OLO4;Transito;UACU8528100;HAPPAG;Contenedor 40ft;HSHA00085959;16-01-26;16-01-26;13/01/2026;12-02-26;26-02-26;14-02-26;18-03-26;18-03-26;;4550;0;NAC;SPARX;0;0;N
4107519;399;KRONOSPAN, S.L. (Costa Rica);81;2025-11-14;Directo CR - FERRETERIA EPA, S.A.;11955,96;EUR;<null>;CFR  ;CFR  ;CFR  ;104;118;2026-01-01;2026-01-01;6930;GLOBALOR LTD (Dropship CR);-- N/A --;21565;2026-01-28;249173;282393;11955,99;false;true;PEDIDO COMPRA;EPA;OLO4;Transito;MNBU0417209;MAERSK;Contenedor 20ft;265316509;27-01-26;27-01-26;;04-02-26;11-02-26;12-02-26;03-03-26;10-03-26;;2110,77;0;FAK;DEFINIDO POR EL PROVEEDOR;0;0;N
4107522;330;EINHELL (FABRICA CHINA);86;2025-11-20;ZF - OVERSEAS LOGISTICS OPERATIONS;8478,00;USD;<null>;FOB  ;FOB  ;FOB  ;92;126;2025-12-31;2025-12-31;6966;GLOBALOR LTD (ZF);52026184465;<null>;<null>;1310010055;1390012141;8478,00;false;false;PEDIDO COMPRA;EPA;OLO4;Recibiendo CDI;UACU8578883;HAPPAG;Contenedor 40 HC;ASNGB513560;26-12-25;26-12-25;23/12/2025;14-01-26;13-01-26;13-01-26;05-03-26;05-03-26;05-03-26;3720;0;NAC;AIR SEA WORLDWIDE;0;0;N
4107523;330;EINHELL (FABRICA CHINA);86;2025-11-20;ZF - OVERSEAS LOGISTICS OPERATIONS;1710,00;USD;<null>;FOB  ;FOB  ;FOB  ;92;126;2025-12-31;2025-12-31;6966;GLOBALOR LTD (ZF);52026184465;<null>;<null>;1310010054;1390012142;1710,00;true;false;PEDIDO COMPRA;EPA;OLO4;Recibiendo CDI;UACU8578883;HAPPAG;Contenedor 40 HC;ASNGB513560;26-12-25;26-12-25;23/12/2025;14-01-26;13-01-26;13-01-26;05-03-26;05-03-26;05-03-26;0;0;NAC;AIR SEA WORLDWIDE;0;0;N
4107524;330;EINHELL (FABRICA CHINA);86;2025-11-20;ZF - OVERSEAS LOGISTICS OPERATIONS;1768,00;USD;<null>;FOB  ;FOB  ;FOB  ;92;126;2025-12-31;2025-12-31;6967;GLOBALOR LTD (ZF);52026180307;<null>;<null>;1310010045;1390012250;1768,00;false;false;PEDIDO COMPRA;EPA;OLO4;Recibiendo CDI;HLXU1177707;HAPPAG;Contenedor 40 HC;ASSHA512182;26-12-25;26-12-25;23/12/2025;14-01-26;21-01-26;13-01-26;27-02-26;06-03-26;05-03-26;3720;0;NAC;AIR SEA WORLDWIDE;0;0;N
4107527;330;EINHELL (FABRICA CHINA);86;2025-11-20;ZF - OVERSEAS LOGISTICS OPERATIONS;940,00;USD;<null>;FOB  ;FOB  ;FOB  ;92;126;2025-12-31;2025-12-31;6967;GLOBALOR LTD (ZF);52026180307;<null>;<null>;1310010056;1390012249;6989,60;false;false;PEDIDO COMPRA;EPA;OLO4;Recibiendo CDI;HLXU1177707;HAPPAG;Contenedor 40 HC;ASSHA512182;26-12-25;26-12-25;23/12/2025;14-01-26;21-01-26;13-01-26;27-02-26;06-03-26;05-03-26;0;0;NAC;AIR SEA WORLDWIDE;0;0;N
4107528;330;EINHELL (FABRICA CHINA);86;2025-11-20;ZF - OVERSEAS LOGISTICS OPERATIONS;6167,00;USD;<null>;FOB  ;FOB  ;FOB  ;92;126;2025-12-31;2025-12-31;6966;GLOBALOR LTD (ZF);52026184465;<null>;<null>;1310010051;1390012145;6167,00;false;false;PEDIDO COMPRA;EPA;OLO4;Recibiendo CDI;UACU8578883;HAPPAG;Contenedor 40 HC;ASNGB513560;26-12-25;26-12-25;23/12/2025;14-01-26;13-01-26;13-01-26;05-03-26;05-03-26;05-03-26;0;0;NAC;AIR SEA WORLDWIDE;0;0;N
4107529;330;EINHELL (FABRICA CHINA);86;2025-11-20;ZF - OVERSEAS LOGISTICS OPERATIONS;11578,50;USD;<null>;FOB  ;FOB  ;FOB  ;92;126;2025-12-31;2025-12-31;6967;GLOBALOR LTD (ZF);52026180307;<null>;<null>;1310010057;1390013459;11578,50;false;false;PEDIDO COMPRA;EPA;OLO4;Recibiendo CDI;HLXU1177707;HAPPAG;Contenedor 40 HC;ASSHA512182A;26-12-25;26-12-25;23/12/2025;14-01-26;21-01-26;13-01-26;27-02-26;06-03-26;05-03-26;0;0;NAC;AIR SEA WORLDWIDE;0;0;N
4107530;330;EINHELL (FABRICA CHINA);86;2025-11-20;ZF - OVERSEAS LOGISTICS OPERATIONS;6049,60;USD;<null>;FOB  ;FOB  ;FOB  ;92;126;2025-12-31;2025-12-31;6967;GLOBALOR LTD (ZF);52026180307;<null>;<null>;1310010056;1390012249;6989,60;false;false;PEDIDO COMPRA;EPA;OLO4;Recibiendo CDI;HLXU1177707;HAPPAG;Contenedor 40 HC;ASSHA512182;26-12-25;26-12-25;23/12/2025;14-01-26;21-01-26;13-01-26;27-02-26;06-03-26;05-03-26;0;0;NAC;AIR SEA WORLDWIDE;0;0;N
4107533;330;EINHELL (FABRICA CHINA);86;2025-11-20;ZF - OVERSEAS LOGISTICS OPERATIONS;24376,00;USD;<null>;FOB  ;FOB  ;FOB  ;92;126;2025-12-31;2025-12-31;6966;GLOBALOR LTD (ZF);52026184465;<null>;<null>;1310010048;1390012147;24376,00;false;false;PEDIDO COMPRA;EPA;OLO4;Recibiendo CDI;UACU8578883;HAPPAG;Contenedor 40 HC;ASNGB513560;26-12-25;26-12-25;23/12/2025;14-01-26;13-01-26;13-01-26;05-03-26;05-03-26;05-03-26;0;0;NAC;AIR SEA WORLDWIDE;0;0;N
4107535;330;EINHELL (FABRICA CHINA);86;2025-11-20;ZF - OVERSEAS LOGISTICS OPERATIONS;6210,00;USD;<null>;FOB  ;FOB  ;FOB  ;92;126;2025-12-31;2025-12-31;6967;GLOBALOR LTD (ZF);52026180307;<null>;<null>;1310010059;1390012248;6210,00;false;false;PEDIDO COMPRA;EPA;OLO4;Recibiendo CDI;HLXU1177707;HAPPAG;Contenedor 40 HC;ASSHA512182;26-12-25;26-12-25;23/12/2025;14-01-26;21-01-26;13-01-26;27-02-26;06-03-26;05-03-26;0;0;NAC;AIR SEA WORLDWIDE;0;0;N
4107536;330;EINHELL (FABRICA CHINA);86;2025-11-20;ZF - OVERSEAS LOGISTICS OPERATIONS;36573,00;USD;<null>;FOB  ;FOB  ;FOB  ;92;126;2025-12-31;2025-12-31;6966;GLOBALOR LTD (ZF);52026184465;<null>;<null>;1310010046;1390012149;36573,00;false;false;PEDIDO COMPRA;EPA;OLO4;Recibiendo CDI;UACU8578883;HAPPAG;Contenedor 40 HC;ASNGB513560;26-12-25;26-12-25;23/12/2025;14-01-26;13-01-26;13-01-26;05-03-26;05-03-26;05-03-26;0;0;NAC;AIR SEA WORLDWIDE;0;0;N
4107537;330;EINHELL (FABRICA CHINA);86;2025-11-20;ZF - OVERSEAS LOGISTICS OPERATIONS;6630,00;USD;<null>;FOB  ;FOB  ;FOB  ;92;126;2025-12-31;2025-12-31;6967;GLOBALOR LTD (ZF);52026180307;<null>;<null>;1310010060;1390012247;6630,00;false;false;PEDIDO COMPRA;EPA;OLO4;Recibiendo CDI;HLXU1177707;HAPPAG;Contenedor 40 HC;ASSHA512182;26-12-25;26-12-25;23/12/2025;14-01-26;21-01-26;13-01-26;27-02-26;06-03-26;05-03-26;0;0;NAC;AIR SEA WORLDWIDE;0;0;N
4107539;532;ARTEVASI S.A.                                              ;84;2025-11-14;Directo CR - FERRETERIA EPA, S.A.;21183,77;EUR;<null>;FOB  ;FOB  ;FOB  ;173;131;2025-12-19;2025-12-19;6945;GLOBALOR LTD (Dropship CR);-- N/A --;21583;2026-02-04;1x40 HC CR;FA2025-34076;21183,77;false;true;PEDIDO COMPRA;EPA;OLO4;Transito;BEAU4704978;HAPPAG;Contenedor 40 HC;LEI/COS-2026/038;08-01-26;08-01-26;25/11/2025;22-01-26;05-02-26;02-02-26;13-03-26;10-03-26;;5092,71;0;NAC;SPARX;0;0;N
4107540;552;Cerámica de Boialvo Lda                                    ;84;2025-11-14;Directo CR - FERRETERIA EPA, S.A.;815,64;EUR;<null>;FOB  ;FOB  ;FOB  ;173;131;2025-12-19;2025-12-19;6945;GLOBALOR LTD (Dropship CR);-- N/A --;21584;2026-02-04;1x40 HC CR;FA 20254304;815,64;false;true;PEDIDO COMPRA;EPA;OLO4;Transito;BEAU4704978;HAPPAG;Contenedor 40 HC;LEI/COS-2026/038;08-01-26;08-01-26;25/11/2025;22-01-26;05-02-26;02-02-26;13-03-26;10-03-26;;0;0;NAC;SPARX;0;0;N
4107545;319;EINHELL (WAREHOUSE AMERICA);86;2025-11-20;Directo CR - FERRETERIA EPA, S.A.;71022,95;USD;<null>;EXW  ;EXW  ;<null>;26;121;2025-12-31;2025-12-31;6980;GLOBALOR LTD (Dropship CR);-- N/A --;21632;2026-02-13;GL-COSTARICA-04;7481857;71022,95;false;false;PEDIDO COMPRA;EPA;OLO4;Transito;VTCN400691;0;LCL;4107545;;;;31-12-25;04-03-26;;;;;0;0;0;0;0;0;N
4107546;319;EINHELL (WAREHOUSE AMERICA);86;2025-11-20;Directo GT - FERRETERIA EPA, S.A. (Guatemala);28833,75;USD;<null>;EXW  ;EXW  ;<null>;26;41;2025-12-31;2025-12-31;7003;GLOBALOR LTD (Dropship GT);-- N/A --;21709;2026-03-12;GL-GUATEMALA-02;7481854;28833,75;false;false;PEDIDO COMPRA;EPA;OLO4;Transito;VTCN400689;0;LCL;4107546;;;;31-12-25;25-03-26;;;;;0;0;0;0;0;0;N
4107547;319;EINHELL (WAREHOUSE AMERICA);86;2025-11-20;Directo SV - FERRETERIA EPA, S.A. DE C.V.;6148,56;USD;<null>;EXW  ;EXW  ;<null>;26;132;2025-12-31;2025-12-31;7005;GLOBALOR LTD (Dropship SV);-- N/A --;21670;2026-02-24;GL-ELSALVADOR-02;7481863;6148,56;false;false;PEDIDO COMPRA;EPA;OLO4;Transito;VTCN400693;0;LCL;4107547;;;;03-02-26;17-03-26;;;;;0;0;0;0;0;0;N
4107548;319;EINHELL (WAREHOUSE AMERICA);86;2025-11-20;ZF - FERRETERIA EPA, C.A.;3568,04;USD;<null>;EXW  ;EXW  ;<null>;26;146;2025-12-31;2025-12-31;7035;GLOBALOR LTD (ZF);;<null>;<null>;GL-VENEZUELA-02;7478777;3568,04;false;false;PEDIDO COMPRA;EPA;OLO4;Produccion;4107548;0;LCL;4107548;;;;19-12-25;03-04-26;;;;;0;0;0;0;0;0;N
4107549;319;EINHELL (WAREHOUSE AMERICA);86;2025-11-20;Directo CR - FERRETERIA EPA, S.A.;6329,60;USD;<null>;EXW  ;EXW  ;<null>;26;121;2025-11-30;2025-11-30;6981;GLOBALOR LTD (Dropship CR);-- N/A --;21654;2026-02-19;GL-COSTARICA-06-PTY;7481860;6329,60;false;false;PEDIDO COMPRA;EPA;OLO4;Transito;VTCN400692;0;LCL;4107549;;;;31-12-25;04-03-26;;;;;0;0;0;0;0;0;N
4107550;319;EINHELL (WAREHOUSE AMERICA);86;2025-11-20;Directo GT - FERRETERIA EPA, S.A. (Guatemala);1599,60;USD;<null>;EXW  ;EXW  ;<null>;26;41;2025-11-30;2025-11-30;7004;GLOBALOR LTD (Dropship GT);-- N/A --;21669;2026-02-24;GL-GUATEMALA-04-PTY;7478776;1599,60;false;false;PEDIDO COMPRA;EPA;OLO4;Transito;VTCN400690;0;LCL;4107550;;;;19-12-25;13-03-26;;;;;0;0;0;0;0;0;N
4107551;319;EINHELL (WAREHOUSE AMERICA);86;2025-11-20;ZF - OVERSEAS LOGISTICS OPERATIONS;37502,17;USD;<null>;FCA  ;FOB  ;FOB  ;44;121;2025-12-31;2025-12-31;<null>;GLOBALOR LTD (ZF);<null>;<null>;<null>;GL-COSTARICA-05;<null>;<null>;false;false;PEDIDO COMPRA;EPA;OLO4;Transito;HAMU1896982;HAPPAG;Contenedor 40 HC;DEHA26021731;30-01-26;30-01-26;11/12/2025;23-02-26;18-03-26;04-03-26;27-03-26;27-03-26;;6809,18;0;NAC;SPARX;0;0;N
4107553;319;EINHELL (WAREHOUSE AMERICA);86;2025-11-20;ZF - OVERSEAS LOGISTICS OPERATIONS;11073,90;USD;<null>;FCA  ;FOB  ;FOB  ;44;121;2025-12-31;2025-12-31;<null>;GLOBALOR LTD (ZF);<null>;<null>;<null>;GL-ELSALVADOR-03;<null>;<null>;true;false;PEDIDO COMPRA;EPA;OLO4;Transito;HAMU1896982;HAPPAG;Contenedor 40 HC;DEHA26021731;30-01-26;30-01-26;15/12/2025;23-02-26;18-03-26;04-03-26;27-03-26;27-03-26;;0;0;NAC;SPARX;0;0;N
4107555;319;EINHELL (WAREHOUSE AMERICA);86;2025-11-20;ZF - OVERSEAS LOGISTICS OPERATIONS;10220,65;USD;<null>;FCA  ;FOB  ;FOB  ;44;121;2025-11-30;2025-11-30;<null>;GLOBALOR LTD (ZF);<null>;<null>;<null>;GL-COSTARICA-07-EAG;<null>;<null>;false;false;PEDIDO COMPRA;EPA;OLO4;Transito;HAMU1896982;HAPPAG;Contenedor 40 HC;DEHA26021731;30-01-26;30-01-26;11/12/2025;23-02-26;04-03-26;04-03-26;27-03-26;27-03-26;;0;0;NAC;SPARX;0;0;N
4107557;319;EINHELL (WAREHOUSE AMERICA);86;2025-11-20;ZF - OVERSEAS LOGISTICS OPERATIONS;6464,76;USD;<null>;FCA  ;FOB  ;FOB  ;44;121;2025-11-30;2025-11-30;<null>;GLOBALOR LTD (ZF);<null>;<null>;<null>;GL-ELSALVADOR-04-EAG;<null>;<null>;true;false;PEDIDO COMPRA;EPA;OLO4;Transito;HAMU1896982;HAPPAG;Contenedor 40 HC;DEHA26021731;30-01-26;30-01-26;11/12/2025;23-02-26;18-03-26;04-03-26;27-03-26;27-03-26;;0;0;NAC;SPARX;0;0;N
4107561;538;Arborit SAS                                                ;88;2025-11-21;Directo CR - FERRETERIA EPA, S.A.;72659,22;USD;<null>;FOB  ;FOB  ;FOB  ;17;118;2025-11-22;2025-11-22;6764;GLOBALOR LTD (Dropship CR);-- N/A --;21368;2025-11-21;Proforma Invoice #51 ;8412;72659,22;false;false;PEDIDO COMPRA;EPA;OLO4;Transito;VTCN400697;0;Contenedor 40 HC;EMFCL25110006.;;;05/12/2025;;;;;;;0;0;0;SPARX;0;0;N
4107562;557;QINGDAO FORTUNE WOOD PRODUCTS CO. LTD.                     ;81;2025-11-24;Directo CR - FERRETERIA EPA, S.A.;10066,18;USD;<null>;FOB  ;FOB  ;FOB  ;78;121;2025-12-24;2025-12-24;6964;GLOBALOR LTD (Dropship CR);-- N/A --;21604;2026-02-06;Po:25FX1117PA/009(A);F26031;10066,18;false;true;CNY;EPA;OLO4;Transito;FFAU1982306;MSC;Contenedor 20ft;HTAO0010486;12-01-26;12-01-26;08/01/2026;30-01-26;13-02-26;05-02-26;27-03-26;31-03-26;;3150;0;NAC;SPARX;0;0;N
4107563;557;QINGDAO FORTUNE WOOD PRODUCTS CO. LTD.                     ;81;2025-11-24;Directo CR - FERRETERIA EPA, S.A.;12825,05;USD;<null>;FOB  ;FOB  ;FOB  ;78;121;2025-12-24;2025-12-24;6972;GLOBALOR LTD (Dropship CR);-- N/A --;21626;2026-02-10;Po:25FX1117/EPA/009(B);FF26032;12825,05;false;true;CNY;EPA;OLO4;Transito;MSDU6000944;MSC;Contenedor 20ft;ASTAOA01087;15-01-26;19-01-26;13/01/2026;30-01-26;17-02-26;07-02-26;20-03-26;31-03-26;;3720;0;NAC;AIR SEA WORLDWIDE;0;0;N
4107564;557;QINGDAO FORTUNE WOOD PRODUCTS CO. LTD.                     ;81;2025-11-24;Directo CR - FERRETERIA EPA, S.A.;13490,30;USD;<null>;FOB  ;FOB  ;FOB  ;78;121;2025-12-24;2025-12-24;6973;GLOBALOR LTD (Dropship CR);-- N/A --;21627;2026-02-10;Po:25FX1117/EPA/009(C);FF26033;13490,30;false;true;CNY;EPA;OLO4;Transito;FFAU5594269;MSC;Contenedor 20ft;ASTAOA01084;19-01-26;19-01-26;13/01/2026;30-01-26;16-02-26;06-02-26;20-03-26;31-03-26;;3720;0;NAC;AIR SEA WORLDWIDE;0;0;N
4107565;557;QINGDAO FORTUNE WOOD PRODUCTS CO. LTD.                     ;81;2025-11-24;Directo GT - FERRETERIA EPA, S.A. (Guatemala);16023,70;USD;<null>;FOB  ;FOB  ;FOB  ;78;133;2025-12-24;2025-12-24;6949;GLOBALOR LTD (Dropship GT);-- N/A --;21590;2026-02-04;Po:25FX1117/EPA/010(A);FF26034;16023,70;false;false;CNY;EPA;OLO4;Transito;UETU5588990;MSC;Contenedor 20ft;HTAO00016147;16-01-26;16-01-26;09/01/2026;30-01-26;08-02-26;02-02-26;09-03-26;09-03-26;;3350;0;NAC;SPARX;0;0;N
4107566;557;QINGDAO FORTUNE WOOD PRODUCTS CO. LTD.                     ;81;2025-11-24;Directo GT - FERRETERIA EPA, S.A. (Guatemala);8174,24;USD;<null>;FOB  ;FOB  ;FOB  ;78;133;2025-12-24;2025-12-24;6950;GLOBALOR LTD (Dropship GT);-- N/A --;21588;2026-02-04;Po:25FX1117/EPA/010(B);FF26035;8174,24;false;false;CNY;EPA;OLO4;Transito;TCLU7773361;MSC;Contenedor 20ft;HTAO00016097;12-01-26;12-01-26;08/01/2026;30-01-26;08-02-26;02-02-26;09-03-26;09-03-26;;3490;0;NAC;SPARX;0;0;N
4107567;557;QINGDAO FORTUNE WOOD PRODUCTS CO. LTD.                     ;81;2025-11-24;Directo GT - FERRETERIA EPA, S.A. (Guatemala);15716,80;USD;<null>;FOB  ;FOB  ;FOB  ;78;133;2025-12-24;2025-12-24;6951;GLOBALOR LTD (Dropship GT);-- N/A --;21591;2026-02-04;Po:25FX1117/EPA/010©;4107567;15716,80;false;false;CNY;EPA;OLO4;Transito;FBLU0069885;MSC;Contenedor 20ft;HTAO00016126;12-01-26;12-01-26;08/01/2026;30-01-26;08-02-26;02-02-26;03-03-26;03-03-26;;3490;0;NAC;SPARX;0;0;N
4107568;557;QINGDAO FORTUNE WOOD PRODUCTS CO. LTD.                     ;81;2025-11-24;Directo GT - FERRETERIA EPA, S.A. (Guatemala);11001,50;USD;<null>;FOB  ;FOB  ;FOB  ;78;133;2025-12-24;2025-12-24;6990;GLOBALOR LTD (Dropship GT);-- N/A --;21650;2026-02-19;Po:25FX1117/EPA/010©;FF26037;11001,50;false;false;CNY;EPA;OLO4;Transito;MEDU4621971;MSC;Contenedor 20ft;HTAO00010643;16-01-26;16-01-26;13/01/2026;06-02-26;20-02-26;20-02-26;13-03-26;13-03-26;;4550;0;NAC;SPARX;0;0;N
4107569;557;QINGDAO FORTUNE WOOD PRODUCTS CO. LTD.                     ;81;2025-11-24;Directo GT - FERRETERIA EPA, S.A. (Guatemala);12453,60;USD;<null>;FOB  ;FOB  ;FOB  ;78;133;2025-12-24;2025-12-24;6952;GLOBALOR LTD (Dropship GT);-- N/A --;21592;2026-02-04;Po:25FX1117/EPA/010;FF26038;12453,60;false;false;CNY;EPA;OLO4;Transito;MSNU9734108;MSC;Contenedor 20ft;HTAO00016125;12-01-26;12-01-26;08/01/2026;01-02-26;08-02-26;02-02-26;09-03-26;09-03-26;;3490;0;NAC;SPARX;0;0;N
4107570;557;QINGDAO FORTUNE WOOD PRODUCTS CO. LTD.                     ;81;2025-11-24;Directo SV - FERRETERIA EPA, S.A. DE C.V.;15104,95;USD;<null>;FOB  ;FOB  ;FOB  ;78;123;2025-12-24;2025-12-24;6953;GLOBALOR LTD (Dropship SV);-- N/A --;21593;2026-02-04;Po:25FX1117/EPA/011(A);FF26039;15104,95;false;false;CNY;EPA;OLO4;Transito;CMAU6173142;CMA CGM;Contenedor 20ft;HTAO00016136;12-01-26;12-01-26;08/01/2026;23-01-26;06-02-26;02-02-26;13-03-26;13-03-26;;2990;0;NAC;SPARX;0;0;N
4107571;557;QINGDAO FORTUNE WOOD PRODUCTS CO. LTD.                     ;81;2025-11-24;Directo SV - FERRETERIA EPA, S.A. DE C.V.;14044,80;USD;<null>;FOB  ;FOB  ;FOB  ;78;123;2025-12-24;2025-12-24;6954;GLOBALOR LTD (Dropship SV);-- N/A --;21594;2026-02-04;Po:25FX1117/EPA/011(B);FF26040;14044,80;false;false;CNY;EPA;OLO4;Transito;CMAU6516067;CMA CGM;Contenedor 20ft;HTAO00016133;12-01-26;12-01-26;08/01/2026;23-01-26;06-02-26;02-02-26;13-03-26;13-03-26;;2990;0;NAC;SPARX;0;0;N
4107572;557;QINGDAO FORTUNE WOOD PRODUCTS CO. LTD.                     ;81;2025-11-24;Directo SV - FERRETERIA EPA, S.A. DE C.V.;6928,59;USD;<null>;FOB  ;FOB  ;FOB  ;78;123;2025-12-24;2025-12-24;6955;GLOBALOR LTD (Dropship SV);-- N/A --;21595;2026-02-04;Po:25FX1117/EPA/011©;FF26041;6928,59;false;false;CNY;EPA;OLO4;Transito;TGHU6382778;CMA CGM;Contenedor 20ft;HTAO00016148;12-01-26;12-01-26;08/01/2026;30-01-26;06-02-26;02-02-26;13-03-26;13-03-26;;3350;0;NAC;SPARX;0;0;N
4107573;557;QINGDAO FORTUNE WOOD PRODUCTS CO. LTD.                     ;81;2025-11-24;Directo SV - FERRETERIA EPA, S.A. DE C.V.;16827,60;USD;<null>;FOB  ;FOB  ;FOB  ;78;123;2025-12-24;2025-12-24;6956;GLOBALOR LTD (Dropship SV);-- N/A --;21601;2026-02-06;Po:25FX1117/EPA/011(D);FF26042;16827,60;false;false;CNY;EPA;OLO4;Transito;TGBU5078223;CMA CGM;Contenedor 20ft;HTAO00016134;12-01-26;12-01-26;08/01/2026;23-01-26;06-02-26;02-02-26;13-03-26;13-03-26;;2990;0;NAC;SPARX;0;0;N
4107574;557;QINGDAO FORTUNE WOOD PRODUCTS CO. LTD.                     ;81;2025-11-24;Directo SV - FERRETERIA EPA, S.A. DE C.V.;15096,00;USD;<null>;FOB  ;FOB  ;FOB  ;78;123;2025-12-24;2025-12-24;6957;GLOBALOR LTD (Dropship SV);-- N/A --;21602;2026-02-06;Po:25FX1117/EPA/011;FF26043;15096,00;false;false;CNY;EPA;OLO4;Transito;CMAU7664731;CMA CGM;Contenedor 20ft;HTAO00016135;12-01-26;12-01-26;08/01/2026;23-01-26;06-02-26;02-02-26;13-03-26;13-03-26;;2990;0;NAC;SPARX;0;0;N
4107575;557;QINGDAO FORTUNE WOOD PRODUCTS CO. LTD.                     ;81;2025-11-24;Directo SV - FERRETERIA EPA, S.A. DE C.V.;13962,30;USD;<null>;FOB  ;FOB  ;FOB  ;78;123;2025-12-24;2025-12-24;6958;GLOBALOR LTD (Dropship SV);-- N/A --;21603;2026-02-06;Po:25FX1117/EPA/011(F);FF26044;13962,30;false;false;CNY;EPA;OLO4;Transito;CMAU9179036;CMA CGM;Contenedor 20ft;HTAO00016132;12-01-26;12-01-26;08/01/2026;23-01-26;06-02-26;02-02-26;13-03-26;13-03-26;;2990;0;NAC;SPARX;0;0;N
4107576;557;QINGDAO FORTUNE WOOD PRODUCTS CO. LTD.                     ;81;2025-11-24;Directo VE - FERRETERIA EPA, C.A.;15558,30;USD;<null>;FOB  ;CIF  ;FOB  ;78;117;2025-12-24;2025-12-24;7008;GLOBALOR LTD (Drop Ship EPA VE);-- N/A --;21672;2026-02-25;Po:25FX1117 PA/012(A);FF26045;15558,30;false;false;CNY;EPA;OLO4;Transito;CMAU9470843;CMA CGM;Contenedor 20ft;BJPBL2600049;16-01-26;16-01-26;08/01/2026;30-01-26;14-02-26;08-02-26;31-03-26;31-03-26;;3430;IOLFT26-107;FAK;IN OCEAN;0;0;N
4107577;557;QINGDAO FORTUNE WOOD PRODUCTS CO. LTD.                     ;81;2025-11-24;Directo VE - FERRETERIA EPA, C.A.;14944,80;USD;<null>;FOB  ;CIF  ;FOB  ;78;117;2025-12-24;2025-12-24;7033;GLOBALOR LTD (Drop Ship EPA VE);-- N/A --;21700;2026-03-06;Po:25FX1117PA/012o);FF26046;14944,80;false;false;CNY;EPA;OLO4;Transito;TIIU6746389;CMA CGM;Contenedor 20ft;BJPBL2600051;16-01-26;16-01-26;08/01/2026;30-01-26;15-02-26;11-02-26;02-04-26;02-04-26;;3430;IOLFT26-142;FAK;IN OCEAN;0;0;N
4107579;436;ILLUMAX CHINA LIMITED                                      ;84;2025-12-09;Directo CR - FERRETERIA EPA, S.A.;15745,40;USD;<null>;FOB  ;FOB  ;FOB  ;72;126;2026-01-20;2026-01-20;6938;GLOBALOR LTD (Dropship CR);-- N/A --;21576;2026-01-29;SOGLO2514;CI26010032-1;15745,40;false;true;PEDIDO COMPRA;EPA;OLO4;Transito;MEDU2527903;MSC;Contenedor 20ft;HNGB00070476;15-12-25;15-12-25;11/12/2025;17-01-26;30-01-26;19-01-26;24-02-26;14-03-26;;3550;0;NAC;SPARX;0;0;N
4107580;436;ILLUMAX CHINA LIMITED                                      ;84;2025-12-09;ZF - OVERSEAS LOGISTICS OPERATIONS;39914,10;USD;<null>;FOB  ;FOB  ;FOB  ;72;126;2026-01-20;2026-01-20;6947;GLOBALOR LTD (ZF);;<null>;<null>;SOGLO2514;CI26010032-2;39914,00;false;false;PEDIDO COMPRA;EPA;OLO4;Puerto;MEDU2527903;MSC;Contenedor 20ft;HNGB00070637;15-12-25;15-12-25;11/12/2025;17-01-26;30-01-26;19-01-26;24-02-26;14-03-26;17-03-26;0;0;NAC;SPARX;0;0;N
4107582;572;RICHELIEU KITCHENER A DIV. (CHINA);86;2025-11-25;Directo CR - FERRETERIA EPA, S.A.;82596,88;USD;<null>;FOB  ;FOB  ;FOB  ;72;126;2025-12-15;2025-12-15;<null>;GLOBALOR LTD (Dropship CR);<null>;<null>;<null>;Costa Rica;<null>;<null>;true;false;PEDIDO COMPRA;EPA;OLO4;Transito;TCNU8921120;MSC;Contenedor 40ft;ASNGBA01634;12-02-26;12-02-26;19/12/2025;13-03-26;20-03-26;14-03-26;17-04-26;17-04-26;;4535;0;NAC;AIR SEA WORLDWIDE;0;0;N
4107583;572;RICHELIEU KITCHENER A DIV. (CHINA);86;2025-11-25;ZF - FERRETERIA EPA, S.A. (Guatemala);76161,84;USD;<null>;FOB  ;FOB  ;FOB  ;72;128;2025-12-15;2025-12-15;<null>;GLOBALOR LTD (ZF);<null>;<null>;<null>;GUATEMALA;<null>;<null>;true;false;PEDIDO COMPRA;EPA;OLO4;Transito;MEDU7794625;MSC;Contenedor 40ft;ASNGBA01635;12-02-26;12-02-26;19/12/2025;13-03-26;20-03-26;14-03-26;17-04-26;17-04-26;;4535;0;NAC;AIR SEA WORLDWIDE;0;0;N
4107584;572;RICHELIEU KITCHENER A DIV. (CHINA);86;2025-11-25;Directo SV - FERRETERIA EPA, S.A. DE C.V.;73741,74;USD;<null>;FOB  ;FOB  ;FOB  ;72;123;2025-12-15;2025-12-15;<null>;GLOBALOR LTD (Dropship SV);<null>;<null>;<null>;El Salvador;<null>;<null>;true;false;PEDIDO COMPRA;EPA;OLO4;Transito;MSCU4411135;MSC;Contenedor 40ft;ASNGBA01637;12-02-26;12-02-26;19/12/2025;16-03-26;23-03-26;16-03-26;24-04-26;24-04-26;;4535;0;NAC;AIR SEA WORLDWIDE;0;0;N
4107585;572;RICHELIEU KITCHENER A DIV. (CHINA);86;2025-11-25;ZF - FERRETERIA EPA, C.A.;77938,60;USD;<null>;FOB  ;FOB  ;FOB  ;72;117;2025-12-15;2025-12-15;<null>;GLOBALOR LTD (ZF);<null>;<null>;<null>;VENEZUELA;<null>;<null>;true;false;PEDIDO COMPRA;EPA;OLO4;Transito;MEDU8672149;MSC;Contenedor 40ft;ASNGBA01636;12-02-26;12-02-26;19/12/2025;13-03-26;20-03-26;14-03-26;17-04-26;17-04-26;;4535;0;NAC;AIR SEA WORLDWIDE;0;0;N
4107586;399;KRONOSPAN, S.L. (Costa Rica);71;2025-11-26;<null>;14659,48;EUR;<null>;<null>;<null>;<null>;104;118;2025-12-05;2025-12-05;6775;<null>;-- N/A --;21379;2025-11-26;<null>;1465948;14659,48;false;false;C/ FACTURA;EPA;OLO4;Transito;VTCN400704;0;Contenedor 20ft;HLCUBI1251004113.;;;;;;;;;;0;0;0;0;0;0;N
4107592;399;KRONOSPAN, S.L. (Costa Rica);81;2025-11-27;Directo CR - FERRETERIA EPA, S.A.;11778,32;EUR;<null>;CFR  ;CFR  ;CFR  ;104;118;2025-12-26;2025-12-26;6789;GLOBALOR LTD (Dropship CR);-- N/A --;21392;2025-11-28;Uso Interno - Sustituye 4104095;277988-;11778,32;false;false;C/ FACTURA;EPA;OLO4;Transito;0;0;0;261404086.;;;;;;;;;;0;0;0;0;0;0;N
4107603;398;KWB GERMANY GMBH (EINHELL);86;2025-12-03;ZF - OVERSEAS LOGISTICS OPERATIONS;10434,34;USD;<null>;EXW  ;FOB  ;FOB  ;169;131;2025-12-15;2025-12-15;7014;GLOBALOR LTD (ZF);;<null>;<null>;Noviembre;AR-25067826;10437,39;false;false;PEDIDO COMPRA;EPA;OLO4;Transito;UETU8188318;MAERSK;LCL;FSHAM26020616;30-01-26;30-01-26;12/12/2025;11-02-26;25-02-26;11-02-26;06-03-26;06-03-26;;1071,01;00100003090000005531;NAC;SPARX;10-03-26;0;Y
4107604;95;PRAT-K INDUSTRIA E COMERCIO;88;2025-12-03;Directo CR - FERRETERIA EPA, S.A.;17020,77;USD;<null>;FOB  ;FOB  ;FOB  ;81;131;2026-01-09;2026-01-09;6983;GLOBALOR LTD (Dropship CR);-- N/A --;21639;2026-02-17;Factura Proforma 1202025 - CR;1202025;17020,77;false;false;PEDIDO COMPRA;EPA;OLO4;Ingresada;FCGU1687722;MSC;Contenedor 40 HC;311RIG58320;07-01-26;07-01-26;05/12/2025;27-01-26;10-02-26;25-01-26;02-03-26;02-03-26;02-03-26;3790;0;NAC;SPARX;0;0;N
4107605;95;PRAT-K INDUSTRIA E COMERCIO;88;2025-12-03;ZF - OVERSEAS LOGISTICS OPERATIONS;34413,12;USD;<null>;FOB  ;FOB  ;FOB  ;81;131;2026-01-09;2026-01-09;6979;GLOBALOR LTD (ZF);52026161430;21717;2026-03-16;Factura Proforma 1202025 - SV y GT;1202025B;34413,12;false;false;PEDIDO COMPRA;EPA;OLO4;Ingresada;FCGU1687722;MSC;Contenedor 40 HC;311RIG58321;07-01-26;07-01-26;05/12/2025;27-01-26;10-02-26;25-01-26;02-03-26;02-03-26;02-03-26;2659,64;00100003090000005521;NAC;SPARX;0;0;N
4107607;95;PRAT-K INDUSTRIA E COMERCIO;88;2025-12-03;Directo VE - FERRETERIA EPA, C.A.;38080,14;USD;<null>;FOB  ;CIF  ;FOB  ;81;117;2026-01-30;2026-01-30;7032;GLOBALOR LTD (Drop Ship EPA VE);-- N/A --;21690;2026-03-04;Factura Proforma 1222025 - VZ ;1222025;38080,14;false;true;PEDIDO COMPRA;EPA;OLO4;Transito;UETU6749600;HAPPAG;Contenedor 40ft;KLTMED03876;12-01-26;12-01-26;05/12/2025;11-02-26;02-03-26;23-02-26;23-03-26;23-03-26;;4800;IOLFT26-141;FAK;IN OCEAN;0;0;N
4107609;538;Arborit SAS                                                ;88;2025-12-05;Directo SV - FERRETERIA EPA, S.A. DE C.V.;2123,03;USD;<null>;FOB  ;FOB  ;FOB  ;17;123;2026-01-23;2026-01-23;6976;GLOBALOR LTD (Dropship SV);-- N/A --;21630;2026-02-13;PROFORMA INVOICE #56;FE8809;2123,03;false;false;PEDIDO COMPRA;EPA;OLO4;Transito;MRKU3086491;MAERSK;Contenedor 40 HC;EMFCL26010052B;28-01-26;28-01-26;14/01/2026;09-02-26;17-02-26;09-02-26;07-03-26;07-03-26;;2390;0;NAC;SPARX;0;0;N
4107610;538;Arborit SAS                                                ;88;2025-12-05;Directo GT - FERRETERIA EPA, S.A. (Guatemala);486,36;USD;<null>;FOB  ;FOB  ;FOB  ;17;41;2026-01-23;2026-01-23;7001;GLOBALOR LTD (Dropship GT);-- N/A --;21666;2026-02-24;PROFORMA INVOICE #55;8810;486,36;false;false;PEDIDO COMPRA;EPA;OLO4;Transito;UETU5731150;HAPPAG;Contenedor 40 HC;SHP0074286;12-02-26;16-02-26;14/01/2026;15-02-26;22-02-26;15-02-26;11-03-26;11-03-26;;2110;0;NAC;TIBA;0;0;N
4107615;578;ORDENE S/A;89;2025-12-08;ZF - OVERSEAS LOGISTICS OPERATIONS;12733,86;USD;<null>;FOB  ;FOB  ;FOB  ;81;126;2025-12-17;2025-12-17;<null>;GLOBALOR LTD (ZF);<null>;<null>;<null>;zf1;<null>;<null>;true;false;PEDIDO COMPRA;EPA;OLO4;Transito;TLLU5286260;HAPPAG;Contenedor 40 HC;311RIG59196;05-02-26;06-02-26;19/12/2025;23-02-26;16-03-26;09-03-26;03-04-26;03-04-26;;3690;0;NAC;SPARX;0;0;N
4107616;578;ORDENE S/A;89;2025-12-08;ZF - OVERSEAS LOGISTICS OPERATIONS;12911,58;USD;<null>;FOB  ;FOB  ;FOB  ;81;126;2025-12-17;2025-12-17;<null>;GLOBALOR LTD (ZF);<null>;<null>;<null>;zf2;<null>;<null>;true;false;PEDIDO COMPRA;EPA;OLO4;Transito;FANU1785316;HAPPAG;Contenedor 40 HC;311RIG59026;05-02-26;06-02-26;19/12/2025;23-02-26;17-03-26;02-03-26;27-03-26;27-03-26;;3690;0;NAC;SPARX;0;0;N
4107617;578;ORDENE S/A;82;2025-12-08;Directo GT - FERRETERIA EPA, S.A. (Guatemala);17127,36;USD;<null>;FOB  ;FOB  ;FOB  ;81;128;2026-01-17;2026-01-17;7043;Globalor LTD (Zona Franca GT);-- N/A --;21712;2026-03-13;glg;87038229;17127,36;true;false;PEDIDO COMPRA;EPA;OLO4;Transito;HLBU3268007;HAPPAG;Contenedor 40 HC;311RIG59135;05-02-26;06-02-26;19/12/2025;23-02-26;16-03-26;09-03-26;10-04-26;10-04-26;;3390;0;NAC;SPARX;0;0;N
4107618;134;IBI INTERNATIONAL AB - CHINA                               ;81;2025-12-10;Directo CR - FERRETERIA EPA, S.A.;16225,50;USD;<null>;FOB  ;FOB  ;FOB  ;78;126;2025-12-23;2025-12-23;6974;GLOBALOR LTD (Dropship CR);-- N/A --;21663;2026-02-20;CR #1;37894;16225,50;false;true;MIXTO;EPA;OLO4;Transito;MEDU8711800;MSC;Contenedor 40ft;ASTAOA00868;23-01-26;16-01-26;19/12/2025;25-01-26;08-02-26;30-01-26;13-03-26;21-03-26;;3720;0;NAC;AIR SEA WORLDWIDE;0;0;N
4107620;134;IBI INTERNATIONAL AB - CHINA                               ;81;2025-12-10;Directo CR - FERRETERIA EPA, S.A.;16225,50;USD;<null>;FOB  ;FOB  ;FOB  ;78;126;2025-12-23;2025-12-23;6984;GLOBALOR LTD (Dropship CR);-- N/A --;21641;2026-02-17;CR #3;37896;16225,50;false;true;MIXTO;EPA;OLO4;Transito;MSNU6006937;MSC;Contenedor 40ft;ASTAOA00859;16-01-26;16-01-26;19/12/2025;25-01-26;08-02-26;30-01-26;13-03-26;21-03-26;;3720;0;NAC;AIR SEA WORLDWIDE;0;0;N
4107621;134;IBI INTERNATIONAL AB - CHINA                               ;81;2025-12-10;Directo CR - FERRETERIA EPA, S.A.;16225,50;USD;<null>;FOB  ;FOB  ;FOB  ;78;126;2025-12-23;2025-12-23;6985;GLOBALOR LTD (Dropship CR);-- N/A --;21642;2026-02-17;CR #4;37897;16225,50;false;true;MIXTO;EPA;OLO4;Transito;MSDU7631266;MSC;Contenedor 40ft;ASTAOA00854;16-01-26;16-01-26;19/12/2025;25-01-26;13-02-26;30-01-26;03-03-26;21-03-26;;3720;0;NAC;AIR SEA WORLDWIDE;0;0;N
4107622;134;IBI INTERNATIONAL AB - CHINA                               ;81;2025-12-10;Directo CR - FERRETERIA EPA, S.A.;16175,50;USD;<null>;FOB  ;FOB  ;FOB  ;78;126;2025-12-23;2025-12-23;6932;GLOBALOR LTD (Dropship CR);-- N/A --;21567;2026-01-28;CR #5;37898;16175,50;false;true;MIXTO;EPA;OLO4;Transito;MSDU5267556;MSC;Contenedor 40ft;ASTAOA01117;19-01-26;19-01-26;19/12/2025;30-01-26;03-02-26;07-02-26;20-03-26;31-03-26;;3720;0;NAC;AIR SEA WORLDWIDE;0;0;N
4107623;134;IBI INTERNATIONAL AB - CHINA                               ;81;2025-12-10;Directo GT - FERRETERIA EPA, S.A. (Guatemala);18175,30;USD;<null>;FOB  ;FOB  ;FOB  ;78;41;2025-12-23;2025-12-23;6935;GLOBALOR LTD (Dropship GT);-- N/A --;21571;2026-01-29;GT #1;37899;18175,30;false;false;MIXTO;EPA;OLO4;Transito;FFAU2258466;MSC;Contenedor 40ft;HTAO00016150;16-01-26;16-01-26;23/12/2025;30-01-26;03-02-26;02-02-26;09-03-26;09-03-26;;3490;0;NAC;SPARX;0;0;N
4107624;134;IBI INTERNATIONAL AB - CHINA                               ;81;2025-12-10;Directo GT - FERRETERIA EPA, S.A. (Guatemala);18461,15;USD;<null>;FOB  ;FOB  ;FOB  ;78;41;2025-12-23;2025-12-23;6937;GLOBALOR LTD (Dropship GT);-- N/A --;21574;2026-01-29;GT #2;37900;18461,15;false;false;CNY;EPA;OLO4;Transito;MSBU5580732;MSC;Contenedor 40ft;HTAO00016149;16-01-26;16-01-26;19/12/2025;30-01-26;02-02-26;02-02-26;09-03-26;09-03-26;;3490;0;NAC;SPARX;0;0;N
4107625;134;IBI INTERNATIONAL AB - CHINA                               ;81;2025-12-10;Directo VE - FERRETERIA EPA, C.A.;18612,40;USD;<null>;FOB  ;CIF  ;FOB  ;78;117;2025-12-23;2025-12-23;7013;GLOBALOR LTD (Drop Ship EPA VE);-- N/A --;21679;2026-03-02;VE #1;37901;18612,40;false;false;MIXTO;EPA;OLO4;Transito;TCLU5946724;CMA CGM;Contenedor 40ft;BJPBL2600046;21-01-26;21-01-26;19/12/2025;08-02-26;15-02-26;11-02-26;02-04-26;02-04-26;;3430;IOLFT26-111;FAK;IN OCEAN;0;0;N
4107626;134;IBI INTERNATIONAL AB - CHINA                               ;81;2025-12-10;Directo VE - FERRETERIA EPA, C.A.;18534,00;USD;<null>;FOB  ;CIF  ;FOB  ;78;117;2025-12-23;2025-12-23;7018;GLOBALOR LTD (Drop Ship EPA VE);-- N/A --;21683;2026-03-03;VE #2;37902;18534,00;false;false;MIXTO;EPA;OLO4;Transito;TGBU5241881;CMA CGM;Contenedor 40ft;BJPBL2600047;21-01-26;21-01-26;19/12/2025;04-02-26;18-02-26;11-02-26;02-04-26;02-04-26;;3430;IOLFT26-109;FAK;IN OCEAN;0;0;N
4107627;134;IBI INTERNATIONAL AB - CHINA                               ;81;2025-12-10;Directo VE - FERRETERIA EPA, C.A.;18589,20;USD;<null>;FOB  ;CIF  ;FOB  ;78;117;2025-12-23;2025-12-23;7016;GLOBALOR LTD (Drop Ship EPA VE);-- N/A --;21681;2026-03-02;VE #3;37903;18589,20;false;false;MIXTO;EPA;OLO4;Transito;TCLU8913703;CMA CGM;Contenedor 40ft;BJPBL2600048;16-01-26;16-01-26;19/12/2025;31-01-26;15-02-26;11-02-26;02-04-26;02-04-26;;3430;IOLFT26-110;FAK;IN OCEAN;0;0;N
4107628;575;INDUMA S.A.S.                                              ;81;2025-12-15;ZF - OVERSEAS LOGISTICS OPERATIONS;65333,44;USD;<null>;FOB  ;<null>;<null>;17;184;2026-01-06;2026-01-06;<null>;GLOBALOR LTD (ZF);<null>;<null>;<null>;2614;<null>;<null>;false;false;PEDIDO COMPRA;EPA;OLO4;Produccion;40001417-1;0;Contenedor 20ft;0;;;13/01/2026;12-02-26;26-03-26;;;;;0;0;0;SPARX;0;0;N
4107630;97;ASSA ABLOY AMERICAS INTERNATIONAL LOGISTIC CENTER S.A.     ;81;2025-12-16;Directo GT - FERRETERIA EPA, S.A. (Guatemala);738,00;USD;<null>;FOB  ;FOB  ;CIP  ;116;123;2026-01-01;2026-01-01;6836;GLOBALOR LTD (Dropship GT);-- N/A --;21447;2025-12-16;PO para uso interno;10882;737,58;false;false;C/ FACTURA;EPA;OLO4;Transito;VTCN400713;0;LCL;EXPMT253073.;;;;;;;;;;0;0;0;0;0;0;N
4107635;108;CORTINEROS LIDER S.A.S.                                    ;84;2025-12-17;Directo CR - FERRETERIA EPA, S.A.;33562,34;USD;<null>;FCA  ;FOB  ;FOB  ;116;131;2026-03-04;2026-03-04;<null>;GLOBALOR LTD (Dropship CR);<null>;<null>;<null>;PI 2374;<null>;<null>;true;true;PEDIDO COMPRA;EPA;OLO4;Booking;40001433-U1;MAERSK;Contenedor 40 HC;0;10-03-26;10-03-26;05/03/2026;25-03-26;25-03-26;;;;;3540;0;0;SPARX;0;0;N
4107636;108;CORTINEROS LIDER S.A.S.                                    ;84;2025-12-17;ZF - OVERSEAS LOGISTICS OPERATIONS;8136,96;USD;<null>;FCA  ;FOB  ;FOB  ;116;131;2026-03-04;2026-03-04;<null>;GLOBALOR LTD (ZF);<null>;<null>;<null>;PI 2376;<null>;<null>;true;false;PEDIDO COMPRA;EPA;OLO4;Booking;40001433-U1;MAERSK;Contenedor 40 HC;0;10-03-26;10-03-26;05/03/2026;25-03-26;25-03-26;;;;;0;0;0;SPARX;0;0;N
4107637;108;CORTINEROS LIDER S.A.S.                                    ;84;2025-12-17;ZF - OVERSEAS LOGISTICS OPERATIONS;2871,14;USD;<null>;FCA  ;FOB  ;FOB  ;116;131;2026-03-04;2026-03-04;<null>;GLOBALOR LTD (ZF);<null>;<null>;<null>;PI 2375;<null>;<null>;true;false;PEDIDO COMPRA;EPA;OLO4;Booking;40001433-U1;MAERSK;Contenedor 40 HC;0;10-03-26;10-03-26;05/03/2026;25-03-26;25-03-26;;;;;0;0;0;SPARX;0;0;N
4107641;357;MADECENTRO COLOMBIA S.A.S.                                 ;81;2025-12-19;Directo SV - FERRETERIA EPA, S.A. DE C.V.;5482,29;USD;<null>;FOB  ;FOB  ;FOB  ;17;41;2026-01-22;2026-01-22;6915;GLOBALOR LTD (Dropship SV);-- N/A --;21573;2026-01-29;Pedido El Salvador;FVI102432;5482,31;false;false;PEDIDO COMPRA;EPA;OLO4;Transito;MRKU2859792;MAERSK;Contenedor 20ft;EMFCL25120056B;29-12-25;29-12-25;07/01/2026;12-01-26;12-01-26;12-01-26;02-02-26;02-02-26;;2390;0;NAC;SPARX;0;0;N
4107642;357;MADECENTRO COLOMBIA S.A.S.                                 ;81;2025-12-19;Directo GT - FERRETERIA EPA, S.A. (Guatemala);5093,75;USD;<null>;FOB  ;FOB  ;FOB  ;17;41;2026-01-22;2026-01-22;6914;GLOBALOR LTD (Dropship GT);-- N/A --;21572;2026-01-29;Pedido Guatemala;FVI102433;5093,75;false;false;PEDIDO COMPRA;EPA;OLO4;Transito;TCNU3767840;HAPPAG;Contenedor 20ft;SHP0068045;16-01-26;20-01-26;07/01/2026;18-01-26;18-01-26;18-01-26;04-02-26;04-02-26;;0;0;0;SPARX;0;0;N
4107644;519;SPECTRUM BRANDS, INC -ELECTRODOMESTICOS                    ;81;2025-12-22;Directo SV - FERRETERIA EPA, S.A. DE C.V.;29130,21;USD;<null>;CIF  ;FOB  ;FOB  ;112;123;2026-01-09;2026-01-09;6918;GLOBALOR LTD (Dropship SV);-- N/A --;21587;2026-02-04;Backorder de la PO 4107504;913341791;29130,21;false;false;PEDIDO COMPRA;EPA;OLO4;Ingresada;TRHU3250189;CMA CGM;Contenedor 20ft;HSZX00036071;23-12-25;24-12-25;22/12/2025;03-01-26;17-01-26;03-01-26;20-02-26;20-02-26;08-03-26;3550;0;NAC;SPARX;0;0;N
4107645;575;INDUMA S.A.S.                                              ;81;2025-12-22;ZF - OVERSEAS LOGISTICS OPERATIONS;30333,28;USD;<null>;EXW  ;<null>;<null>;17;184;2026-01-24;2026-01-24;<null>;GLOBALOR LTD (ZF);<null>;<null>;<null>;2625;<null>;<null>;false;false;PEDIDO COMPRA;EPA;OLO4;Booking;40001437-1;MAERSK;Contenedor 20ft;0;12-02-26;12-02-26;22/01/2026;26-03-26;02-04-26;;07-04-26;07-04-26;;2890;0;0;SPARX;0;0;N
4107647;25;KRONOFLOORING GMBH                                         ;82;2025-12-22;Directo CR - FERRETERIA EPA, S.A.;17594,72;EUR;<null>;DAP  ;CIF  ;CIF  ;36;118;2026-01-30;2026-01-30;7025;GLOBALOR LTD (Dropship CR);-- N/A --;21696;2026-03-05;04112025_CR_G;2345322;17594,72;false;true;PEDIDO COMPRA;EPA;OLO4;Transito;TGBU3189927;MSC;Contenedor 20ft;MEDUR8121291;10-02-26;10-02-26;;20-02-26;27-02-26;23-02-26;30-03-26;30-03-26;;1474;0;FAK;DEFINIDO POR EL PROVEEDOR;0;0;N
4107648;25;KRONOFLOORING GMBH                                         ;82;2025-12-22;Directo CR - FERRETERIA EPA, S.A.;21811,60;EUR;<null>;FOB  ;CIF  ;CIF  ;36;118;2026-01-30;2026-01-30;7026;GLOBALOR LTD (Dropship CR);-- N/A --;21699;2026-03-05;04112025_CR_A;2345159;21811,60;false;true;PEDIDO COMPRA;EPA;OLO4;Transito;MSNU2333269;MSC;Contenedor 20ft;MEDUR8071637;03-02-26;03-02-26;;22-02-26;01-03-26;23-02-26;30-03-26;30-03-26;;1474,14;0;FAK;DEFINIDO POR EL PROVEEDOR;0;0;N
4107649;25;KRONOFLOORING GMBH                                         ;82;2025-12-22;Directo CR - FERRETERIA EPA, S.A.;11444,00;EUR;<null>;DAP  ;CIF  ;CIF  ;36;118;2026-01-30;2026-01-30;7019;GLOBALOR LTD (Dropship CR);-- N/A --;21685;2026-03-03;04112025_CR_B;2342074;11444,00;false;true;PEDIDO COMPRA;EPA;OLO4;Transito;MSBU3046749;MSC;Contenedor 20ft;MEDUR8066934;03-02-26;03-02-26;;15-02-26;24-02-26;15-02-26;16-03-26;16-03-26;;1250;0;FAK;DEFINIDO POR EL PROVEEDOR;0;0;N
4107650;25;KRONOFLOORING GMBH                                         ;82;2025-12-22;Directo CR - FERRETERIA EPA, S.A.;10645,28;EUR;<null>;DAP  ;CIF  ;CIF  ;36;118;2026-01-30;2026-01-30;7024;GLOBALOR LTD (Dropship CR);-- N/A --;21697;2026-03-05;04112025_CR_C;2342148;10645,28;false;true;PEDIDO COMPRA;EPA;OLO4;Transito;MEDU3294010;MSC;Contenedor 20ft;MEDUR8097996;10-02-26;10-02-26;;11-02-26;24-02-26;15-02-26;16-03-26;16-03-26;;1470;0;FAK;DEFINIDO POR EL PROVEEDOR;0;0;N
4107651;25;KRONOFLOORING GMBH                                         ;82;2025-12-22;Directo CR - FERRETERIA EPA, S.A.;11444,00;EUR;<null>;DAP  ;CIF  ;CIF  ;36;118;2026-01-30;2026-01-30;7028;GLOBALOR LTD (Dropship CR);-- N/A --;21694;2026-03-05;04112025_CR_D;4107651;11444,00;false;true;PEDIDO COMPRA;EPA;OLO4;Transito;GAOU2375178;MSC;Contenedor 20ft;MEDUR8121317;10-02-26;10-02-26;;20-02-26;27-02-26;23-02-26;30-03-26;30-03-26;;1474,14;0;FAK;DEFINIDO POR EL PROVEEDOR;0;0;N
4107652;25;KRONOFLOORING GMBH                                         ;82;2025-12-22;Directo CR - FERRETERIA EPA, S.A.;17042,08;EUR;<null>;DAP  ;CIF  ;CIF  ;36;118;2026-01-30;2026-01-30;7029;GLOBALOR LTD (Dropship CR);-- N/A --;21695;2026-03-05;04112025_CR_E;2344726;17042,08;false;true;PEDIDO COMPRA;EPA;OLO4;Transito;MSMU3625174;MSC;Contenedor 20ft;MEDUR8120160;10-02-26;10-02-26;;20-02-26;27-02-26;23-02-26;30-03-26;30-03-26;;1474,14;0;FAK;DEFINIDO POR EL PROVEEDOR;0;0;N
4107653;25;KRONOFLOORING GMBH                                         ;82;2025-12-22;Directo CR - FERRETERIA EPA, S.A.;17354,48;EUR;<null>;DAP  ;CIF  ;CIF  ;36;118;2026-01-30;2026-01-30;7023;GLOBALOR LTD (Dropship CR);-- N/A --;21698;2026-03-05;04112025_CR_F;2345681;17354,48;false;true;PEDIDO COMPRA;EPA;OLO4;Transito;MSDU1025868;MSC;Contenedor 20ft;MEDUR8120327;10-02-26;10-02-26;;26-02-26;05-03-26;28-02-26;06-04-26;06-04-26;;1474,14;0;FAK;DEFINIDO POR EL PROVEEDOR;0;0;N
4107654;25;KRONOFLOORING GMBH                                         ;82;2025-12-22;Directo SV - FERRETERIA EPA, S.A. DE C.V.;25786,60;EUR;<null>;DAP  ;CIF  ;CIF  ;36;123;2026-01-30;2026-01-30;7031;GLOBALOR LTD (Dropship SV);-- N/A --;21689;2026-03-04;11112025_ELSAL_C;2344714;25786,60;false;true;PEDIDO COMPRA;EPA;OLO4;Transito;HPCU2302221;MSC;Contenedor 20ft;MEDUR8120194;10-02-26;10-02-26;;22-02-26;22-02-26;23-02-26;18-04-26;18-04-26;;3851,63;0;FAK;DEFINIDO POR EL PROVEEDOR;0;0;N
4107655;25;KRONOFLOORING GMBH                                         ;82;2025-12-22;Directo SV - FERRETERIA EPA, S.A. DE C.V.;11444,00;EUR;<null>;DAP  ;CIF  ;CIF  ;36;123;2026-01-30;2026-01-30;7007;GLOBALOR LTD (Dropship SV);-- N/A --;21668;2026-02-24;11112025_ELSAL_A;2345299;11444,00;false;true;PEDIDO COMPRA;EPA;OLO4;Transito;MEDU2489824;MSC;Contenedor 20ft;MEDUR8071363;03-02-26;03-02-26;;22-02-26;01-03-26;23-02-26;18-04-26;18-04-26;;3541,47;0;FAK;DEFINIDO POR EL PROVEEDOR;0;0;N
4107656;25;KRONOFLOORING GMBH                                         ;82;2025-12-22;Directo GT - FERRETERIA EPA, S.A. (Guatemala);14367,00;EUR;<null>;DAP  ;CIF  ;CIF  ;36;41;2026-01-30;2026-01-30;7020;GLOBALOR LTD (Dropship GT);-- N/A --;21686;2026-03-03;06112025_GT_D;2345487;14367,00;false;true;PEDIDO COMPRA;EPA;OLO4;Transito;MSMU1582216;MSC;Contenedor 20ft;MEDUR8120285;10-02-26;10-02-26;;20-02-26;27-02-26;23-02-26;03-04-26;03-04-26;;1651,03;0;FAK;DEFINIDO POR EL PROVEEDOR;0;0;N
4107657;25;KRONOFLOORING GMBH                                         ;82;2025-12-22;Directo GT - FERRETERIA EPA, S.A. (Guatemala);16941,94;EUR;<null>;DAP  ;DAP  ;CIF  ;36;41;2026-01-30;2026-01-30;<null>;GLOBALOR LTD (Dropship GT);<null>;<null>;<null>;06112025_GT_A;<null>;<null>;false;true;PEDIDO COMPRA;EPA;OLO4;Booking;MSMU1423111;MSC;Contenedor 20ft;MEDUR8202406;18-02-26;18-02-26;;19-03-26;26-03-26;;;;;0;0;0;0;0;0;N
4107658;25;KRONOFLOORING GMBH                                         ;82;2025-12-22;Directo GT - FERRETERIA EPA, S.A. (Guatemala);11444,00;EUR;<null>;DAP  ;CIF  ;CIF  ;36;41;2026-01-30;2026-01-30;7021;GLOBALOR LTD (Dropship GT);-- N/A --;21687;2026-03-03;06112025_GT_B;2345185;11444,00;false;true;PEDIDO COMPRA;EPA;OLO4;Transito;GLDU5375530;MSC;Contenedor 20ft;MEDUR8071843;03-02-26;03-02-26;;22-02-26;01-03-26;23-02-26;03-04-26;03-04-26;;1651,03;0;FAK;DEFINIDO POR EL PROVEEDOR;0;0;N
4107659;25;KRONOFLOORING GMBH                                         ;82;2025-12-22;Directo GT - FERRETERIA EPA, S.A. (Guatemala);11444,00;EUR;<null>;DAP  ;CIF  ;CIF  ;36;41;2026-04-07;2026-04-07;7009;GLOBALOR LTD (Dropship GT);-- N/A --;21673;2026-02-26;06112025_GT_C;2344807;11444,00;false;true;PEDIDO COMPRA;EPA;OLO4;Transito;FTAU1383840;MSC;Contenedor 20ft;MEDUR8120236;10-02-26;10-02-26;;20-02-26;06-03-26;23-02-26;03-04-26;03-04-26;;1651,03;0;FAK;DEFINIDO POR EL PROVEEDOR;0;0;N
4107660;524;KRONOSPAN, S.L. (El Salvador)                              ;81;2025-12-22;Directo SV - FERRETERIA EPA, S.A. DE C.V.;15609,54;EUR;<null>;CFR  ;CFR  ;CFR  ;104;123;2026-05-10;2026-05-10;<null>;GLOBALOR LTD (Dropship SV);<null>;<null>;<null>;249263;<null>;<null>;false;true;PEDIDO COMPRA;EPA;OLO4;Produccion;40001390-1;0;Contenedor 20ft;0;;;;;;;;;;0;0;0;0;0;0;N
4107661;525;KRONOSPAN, S.L. (Guatemala)                                ;81;2025-12-22;Directo GT - FERRETERIA EPA, S.A. (Guatemala);11188,04;EUR;<null>;CFR  ;CFR  ;CFR  ;104;41;2026-02-27;2026-02-27;6993;GLOBALOR LTD (Dropship GT);-- N/A --;21667;2026-02-24;249258;283681;11188,01;false;true;PEDIDO COMPRA;EPA;OLO4;Transito;UACU4796655;HAPPAG;Contenedor 20ft;HLCUBC1260207760;13-02-26;13-02-26;;18-02-26;25-02-26;18-02-26;27-03-26;27-03-26;;2800,24;0;FAK;DEFINIDO POR EL PROVEEDOR;0;0;N
4107662;525;KRONOSPAN, S.L. (Guatemala)                                ;81;2025-12-22;Directo GT - FERRETERIA EPA, S.A. (Guatemala);11316,94;EUR;<null>;CFR  ;CFR  ;CFR  ;104;41;2026-02-28;2026-02-28;7010;GLOBALOR LTD (Dropship GT);-- N/A --;21678;2026-03-02;249259;284796;11316,61;false;true;PEDIDO COMPRA;EPA;OLO4;Transito;CGMU5603930;CMA CGM;Contenedor 20ft;IBC1458407;23-02-26;23-02-26;;26-02-26;05-03-26;27-02-26;02-04-26;02-04-26;;2911,86;0;FAK;DEFINIDO POR EL PROVEEDOR;0;0;N
4107663;525;KRONOSPAN, S.L. (Guatemala)                                ;81;2025-12-22;Directo GT - FERRETERIA EPA, S.A. (Guatemala);14276,04;EUR;<null>;CFR  ;CFR  ;CFR  ;104;41;2026-02-28;2026-02-28;<null>;GLOBALOR LTD (Dropship GT);<null>;<null>;<null>;249260;<null>;<null>;false;true;PEDIDO COMPRA;EPA;OLO4;Produccion;40001390-4;0;Contenedor 20ft;0;;;;04-04-26;04-04-26;;;;;0;0;0;0;0;0;N
4107664;525;KRONOSPAN, S.L. (Guatemala)                                ;81;2025-12-22;Directo GT - FERRETERIA EPA, S.A. (Guatemala);11282,34;EUR;<null>;CFR  ;CFR  ;CFR  ;104;41;2026-02-27;2026-02-27;7045;GLOBALOR LTD (Dropship GT);-- N/A --;21720;2026-03-18;249261;286062;11282,32;false;true;PEDIDO COMPRA;EPA;OLO4;Transito;TTNU8246262;CMA CGM;Contenedor 20ft;IBC1464535;11-03-26;12-03-26;;12-03-26;12-03-26;12-03-26;16-04-26;16-04-26;;2765,95;0;FAK;DEFINIDO POR EL PROVEEDOR;0;0;N
4107666;97;ASSA ABLOY AMERICAS INTERNATIONAL LOGISTIC CENTER S.A.     ;81;2025-12-22;Directo SV - FERRETERIA EPA, S.A. DE C.V.;37739,87;USD;<null>;DAP  ;CIF  ;CIF  ;116;123;2026-01-30;2026-01-30;6897;GLOBALOR LTD (Dropship SV);-- N/A --;21537;2026-01-20;Peiddo El Salvador;A0010992, A0010998;37739,87;false;false;PEDIDO COMPRA;EPA;OLO4;Transito;UACU5694344;HAPPAG;LCL;BOG0111968;19-01-26;19-01-26;14/01/2026;21-01-26;21-01-26;28-01-26;31-01-26;10-02-26;;3019;0;NAC;SPARX;0;0;N
4107667;97;ASSA ABLOY AMERICAS INTERNATIONAL LOGISTIC CENTER S.A.     ;81;2025-12-22;Directo GT - FERRETERIA EPA, S.A. (Guatemala);52384,41;USD;<null>;DAP  ;CIF  ;CIF  ;116;41;2026-01-30;2026-01-30;6899;GLOBALOR LTD (Dropship GT);-- N/A --;21539;2026-01-20;Pedido Guatemala;A0010993;52384,41;false;false;PEDIDO COMPRA;EPA;OLO4;Transito;HLXU8579781;HAPPAG;LCL;EXPMT260079;19-01-26;19-01-26;14/01/2026;21-01-26;21-01-26;28-01-26;30-01-26;06-02-26;;1585;0;NAC;SPARX;0;0;N
4107668;139;AMILIBIA Y DE LA IGLESIA, S.A.                             ;81;2025-12-22;ZF - OVERSEAS LOGISTICS OPERATIONS;45971,90;EUR;<null>;FOB  ;FOB  ;FOB  ;77;131;2026-01-27;2026-01-27;6970;GLOBALOR LTD (ZF);52026187737;<null>;<null>;Pedido Diciembre;2260000139;45971,90;false;false;PEDIDO COMPRA;EPA;OLO4;Transito;SEGU6651138;CMA CGM;Contenedor 40 HC;PBIO26011651;20-01-26;20-01-26;14/01/2026;30-01-26;13-02-26;04-02-26;14-03-26;14-03-26;14-03-26;5650;0;NAC;SPARX;0;0;N
4107669;399;KRONOSPAN, S.L. (Costa Rica);81;2025-12-22;Directo CR - FERRETERIA EPA, S.A.;10826,28;EUR;<null>;CFR  ;CFR  ;CFR  ;104;131;2026-02-17;2026-02-17;7041;GLOBALOR LTD (Dropship CR);-- N/A --;21711;2026-03-13;251842;4107669;10826,29;false;true;PEDIDO COMPRA;EPA;OLO4;Transito;MNBU3218514;MAERSK;Contenedor 20ft;266780137;02-03-26;02-03-26;;12-03-26;19-03-26;;;;;2395,96;0;0;0;0;0;N
4107670;399;KRONOSPAN, S.L. (Costa Rica);81;2025-12-22;Directo CR - FERRETERIA EPA, S.A.;10806,88;EUR;<null>;CFR  ;CFR  ;CFR  ;104;131;2026-02-17;2026-02-17;7011;GLOBALOR LTD (Dropship CR);-- N/A --;21684;2026-03-03;251847;283682;10806,90;false;true;PEDIDO COMPRA;EPA;OLO4;Transito;MNBU3505134;MAERSK;Contenedor 20ft;266111880;24-02-26;24-02-26;;26-02-26;05-03-26;26-02-26;20-03-26;20-03-26;;2180,87;0;FAK;DEFINIDO POR EL PROVEEDOR;0;0;N
4107671;399;KRONOSPAN, S.L. (Costa Rica);81;2025-12-22;Directo CR - FERRETERIA EPA, S.A.;11427,74;EUR;<null>;CFR  ;CFR  ;CFR  ;104;131;2026-02-17;2026-02-17;6978;GLOBALOR LTD (Dropship CR);-- N/A --;21651;2026-02-19;251848;283709;11427,76;false;true;PEDIDO COMPRA;EPA;OLO4;Transito;CAAU8659360;MSC;Contenedor 40ft;MEDUE1583362;09-02-26;11-02-26;;10-02-26;10-02-26;10-02-26;02-03-26;16-03-26;;2159,92;0;FAK;DEFINIDO POR EL PROVEEDOR;0;0;N
4107672;399;KRONOSPAN, S.L. (Costa Rica);81;2025-12-22;Directo CR - FERRETERIA EPA, S.A.;10107,69;EUR;<null>;CFR  ;CFR  ;CFR  ;104;131;2026-02-17;2026-02-17;6994;GLOBALOR LTD (Dropship CR);-- N/A --;21652;2026-02-19;251849;283051;10107,71;false;true;PEDIDO COMPRA;EPA;OLO4;Transito;SUDU8243080;MAERSK;Contenedor 20ft;265700820;09-02-26;10-02-26;;18-02-26;25-02-26;;;;;2120;0;0;0;0;0;N
4107673;399;KRONOSPAN, S.L. (Costa Rica);81;2025-12-22;Directo CR - FERRETERIA EPA, S.A.;13291,36;EUR;<null>;CFR  ;CFR  ;CFR  ;104;131;2026-02-17;2026-02-17;7002;GLOBALOR LTD (Dropship CR);-- N/A --;21665;2026-02-24;251852;283204;13291,37;false;true;PEDIDO COMPRA;EPA;OLO4;Transito;MNBU3676646;MAERSK;Contenedor 20ft;265924968;17-02-26;17-02-26;;26-02-26;26-02-26;26-02-26;20-03-26;20-03-26;;2157,83;0;FAK;DEFINIDO POR EL PROVEEDOR;0;0;N
4107674;399;KRONOSPAN, S.L. (Costa Rica);81;2025-12-22;Directo CR - FERRETERIA EPA, S.A.;10627,06;EUR;<null>;CFR  ;CFR  ;CFR  ;104;131;2026-02-17;2026-02-17;6961;GLOBALOR LTD (Dropship CR);-- N/A --;21605;2026-02-09;251853;283050;10627,07;false;true;PEDIDO COMPRA;EPA;OLO4;Transito;SUDU8161320;MAERSK;Contenedor 20ft;265699773;05-02-26;05-02-26;;16-02-26;16-02-26;21-02-26;17-03-26;17-03-26;;2146,66;0;FAK;DEFINIDO POR EL PROVEEDOR;0;0;N
4107675;399;KRONOSPAN, S.L. (Costa Rica);81;2025-12-22;Directo CR - FERRETERIA EPA, S.A.;13291,35;EUR;<null>;CFR  ;CFR  ;CFR  ;104;131;2026-02-17;2026-02-17;7040;GLOBALOR LTD (Dropship CR);-- N/A --;21719;2026-03-17;251855;283680;13291,37;false;true;PEDIDO COMPRA;EPA;OLO4;Transito;MNBU3941924;MAERSK;Contenedor 20ft;265924883;17-02-26;17-02-26;;26-02-26;05-03-26;26-02-26;20-03-26;20-03-26;;2157,76;0;FAK;DEFINIDO POR EL PROVEEDOR;0;0;N
4107676;399;KRONOSPAN, S.L. (Costa Rica);81;2025-12-22;Directo CR - FERRETERIA EPA, S.A.;13291,36;EUR;<null>;CFR  ;CFR  ;CFR  ;104;131;2026-02-17;2026-02-17;6995;GLOBALOR LTD (Dropship CR);-- N/A --;21659;2026-02-20;251860;282849;13291,37;false;true;PEDIDO COMPRA;EPA;OLO4;Transito;SUDU5242789;MAERSK;Contenedor 20ft;265638158;12-02-26;12-02-26;;21-02-26;21-02-26;21-02-26;17-03-26;17-03-26;;2166,86;0;FAK;DEFINIDO POR EL PROVEEDOR;0;0;N
4107677;399;KRONOSPAN, S.L. (Costa Rica);81;2025-12-22;Directo CR - FERRETERIA EPA, S.A.;12950,54;EUR;<null>;CFR  ;CFR  ;CFR  ;104;131;2026-02-17;2026-02-17;6996;GLOBALOR LTD (Dropship CR);-- N/A --;21661;2026-02-20;251862;283015;12950,56;false;true;PEDIDO COMPRA;EPA;OLO4;Transito;MNBU3586579;MAERSK;Contenedor 20ft;265638223;11-02-26;11-02-26;;18-02-26;25-02-26;21-02-26;17-03-26;17-03-26;;2111,23;0;FAK;DEFINIDO POR EL PROVEEDOR;0;0;N
4107678;399;KRONOSPAN, S.L. (Costa Rica);81;2025-12-22;Directo CR - FERRETERIA EPA, S.A.;16336,81;EUR;<null>;CFR  ;CFR  ;CFR  ;104;131;2026-02-17;2026-02-17;7022;GLOBALOR LTD (Dropship CR);-- N/A --;21701;2026-03-09;251863;284231;16336,84;false;true;PEDIDO COMPRA;EPA;OLO4;Transito;CAAU5932064;MAERSK;Contenedor 20ft;266357967;24-02-26;24-02-26;;26-02-26;05-03-26;26-02-26;17-03-26;17-03-26;;2186,68;0;FAK;DEFINIDO POR EL PROVEEDOR;0;0;N
4107679;399;KRONOSPAN, S.L. (Costa Rica);81;2025-12-22;Directo CR - FERRETERIA EPA, S.A.;11573,42;EUR;<null>;CFR  ;CFR  ;CFR  ;104;131;2026-02-17;2026-02-17;6977;GLOBALOR LTD (Dropship CR);-- N/A --;21631;2026-02-13;251865;283683;11573,44;false;true;PEDIDO COMPRA;EPA;OLO4;Transito;MSNU5839076;MSC;Contenedor 20ft;MEDUE1583388;09-02-26;11-02-26;;10-02-26;10-02-26;10-02-26;02-03-26;16-03-26;;2166,86;0;FAK;DEFINIDO POR EL PROVEEDOR;0;0;N
4107684;25;KRONOFLOORING GMBH                                         ;82;2026-01-05;Directo CR - FERRETERIA EPA, S.A.;12248,32;EUR;<null>;DAP  ;CIF  ;CIF  ;15;118;2026-02-20;2026-02-20;<null>;GLOBALOR LTD (Dropship CR);<null>;<null>;<null>;04112025_CR_H;<null>;<null>;false;true;PEDIDO COMPRA;EPA;OLO4;Booking;MSNU1037494;MSC;Contenedor 40 HC;MEDUR8121242;10-02-26;10-02-26;;26-02-26;26-03-26;;;;;0;0;0;DEFINIDO POR EL PROVEEDOR;0;0;N
4107691;116;BLACK & DECKER (NO STOCK O FT MILLS)                       ;86;2026-01-06;Directo VE - FERRETERIA EPA, C.A.;2183,40;USD;<null>;FCA  ;FCA  ;<null>;63;117;2026-01-31;2026-01-31;7012;GLOBALOR LTD (Drop Ship EPA VE);-- N/A --;<null>;<null>;Enero;<null>;<null>;false;false;PEDIDO COMPRA;EPA;OLO4;Produccion;40001449-1;0;LCL;4107692-4107691;;;;03-03-26;24-03-26;;;;;0;0;0;0;0;0;N
4107692;219;BLACK AND DECKER US                                        ;86;2026-01-06;Directo VE - FERRETERIA EPA, C.A.;16645,32;USD;<null>;FCA  ;FCA  ;FCA  ;63;117;2026-01-31;2026-01-31;7012;GLOBALOR LTD (Drop Ship EPA VE);-- N/A --;<null>;<null>;Enero;9820118905, 9820119376;4442,49;false;false;PEDIDO COMPRA;EPA;OLO4;Produccion;40001450-1;0;LCL;4107692-4107691;;;;25-02-26;08-04-26;;;;;0;0;0;0;0;0;N
4107697;66;CATAPLASTICS S.L (ESPAÑA);84;2026-01-14;ZF - OVERSEAS LOGISTICS OPERATIONS;29070,00;EUR;<null>;FOB  ;<null>;<null>;10;131;2026-02-20;2026-02-20;<null>;GLOBALOR LTD (ZF);<null>;<null>;<null>;PI 2025/18/0000133;<null>;<null>;false;false;PEDIDO COMPRA;EPA;OLO4;Produccion;40001444-1;0;Contenedor 20ft;0;;;11/02/2026;04-04-26;04-04-26;;;;;0;0;0;SPARX;0;0;N
4107698;66;CATAPLASTICS S.L (ESPAÑA);84;2026-01-14;ZF - OVERSEAS LOGISTICS OPERATIONS;9775,80;EUR;<null>;FOB  ;<null>;<null>;10;131;2026-04-17;2026-04-17;<null>;GLOBALOR LTD (ZF);<null>;<null>;<null>;PI 2025/18/0000133;<null>;<null>;false;false;PEDIDO COMPRA;EPA;OLO4;Produccion;40001444-2;0;LCL;0;;;;;;;;;;0;0;0;0;0;0;N
4107703;3886;PLASTICOS RIMAX SAS;86;2026-02-04;Directo CR - FERRETERIA EPA, S.A.;23086,50;USD;<null>;FOB  ;FOB  ;FOB  ;17;126;2026-02-28;2026-02-28;7039;GLOBALOR LTD (Dropship CR);-- N/A --;21716;2026-03-16;827371;YBE935393;23086,50;false;true;PEDIDO COMPRA;EPA;OLO4;Transito;TCKU7382523;MAERSK;Contenedor 40 HC;EMFCL26020036;17-02-26;17-02-26;12/02/2026;09-03-26;17-03-26;09-03-26;06-04-26;06-04-26;;2850;0;NAC;SPARX;0;0;N
4107704;3886;PLASTICOS RIMAX SAS;86;2026-02-04;Directo GT - FERRETERIA EPA, S.A. (Guatemala);22600,70;USD;<null>;FOB  ;FOB  ;FOB  ;17;128;2026-02-28;2026-02-28;7044;GLOBALOR LTD (Dropship GT);-- N/A --;21715;2026-03-16;827372;YBE935515;22600,70;false;true;PEDIDO COMPRA;EPA;OLO4;Transito;TCLU8946986;ONE;Contenedor 40 HC;EMFCL26020049;19-02-26;19-02-26;12/02/2026;08-03-26;15-03-26;08-03-26;28-03-26;28-03-26;;2890;0;NAC;SPARX;0;0;N
4107705;3886;PLASTICOS RIMAX SAS;86;2026-02-04;Directo SV - FERRETERIA EPA, S.A. DE C.V.;17424,60;USD;<null>;FOB  ;FOB  ;FOB  ;17;123;2026-02-28;2026-02-28;7042;GLOBALOR LTD (Dropship SV);-- N/A --;21710;2026-03-12;827374;YBE935390;17424,60;false;true;PEDIDO COMPRA;EPA;OLO4;Transito;TCNU8438982;MAERSK;Contenedor 40 HC;EMFCL26020037;17-02-26;17-02-26;12/02/2026;09-03-26;23-03-26;;;;;2390;0;0;SPARX;0;0;N
4107706;3886;PLASTICOS RIMAX SAS;86;2026-02-04;Directo VE - FERRETERIA EPA, C.A.;19258,56;USD;<null>;FOB  ;FOB  ;CIP  ;17;180;2026-02-28;2026-02-28;7027;GLOBALOR LTD (Drop Ship EPA VE);-- N/A --;21688;2026-03-04;827375;YBE936359;19258,56;false;true;PEDIDO COMPRA;EPA;OLO4;Transito;4107706;0;Contenedor 40 HC;4107706;;;;19-03-26;19-03-26;;;;;2,95;0;0;0;0;0;N
4107707;95;PRAT-K INDUSTRIA E COMERCIO;81;2026-02-05;Directo CR - FERRETERIA EPA, S.A.;45301,93;USD;<null>;FOB  ;FOB  ;FOB  ;81;131;2026-03-10;2026-03-10;<null>;GLOBALOR LTD (Dropship CR);<null>;<null>;<null>;Pedido CR Enero 26;<null>;<null>;false;false;PEDIDO COMPRA;EPA;OLO4;Booking;HAMU 3378426;HAPPAG;Contenedor 40ft;0;19-02-26;19-02-26;13/02/2026;12-03-26;23-03-26;;;;;4010;0;NAC;SPARX;0;0;N
4107708;95;PRAT-K INDUSTRIA E COMERCIO;81;2026-02-05;Directo CR - FERRETERIA EPA, S.A.;40125,20;USD;<null>;FOB  ;FOB  ;FOB  ;81;128;2026-03-17;2026-03-17;<null>;GLOBALOR LTD (Dropship CR);<null>;<null>;<null>;Pedido GT Enero 26;<null>;<null>;false;false;PEDIDO COMPRA;EPA;OLO4;Booking;TEMU7086146;HAPPAG;Contenedor 40ft;0;18-02-26;19-02-26;13/02/2026;23-03-26;23-03-26;;;;;4010;0;NAC;SPARX;0;0;N
4107709;95;PRAT-K INDUSTRIA E COMERCIO;81;2026-02-05;Directo SV - FERRETERIA EPA, S.A. DE C.V.;33593,17;USD;<null>;FOB  ;FOB  ;FOB  ;81;123;2026-03-24;2026-03-24;<null>;GLOBALOR LTD (Dropship SV);<null>;<null>;<null>;Pedido SV Enero 26;<null>;<null>;false;false;PEDIDO COMPRA;EPA;OLO4;Booking;40001461-3;MSC;Contenedor 40ft;0;27-02-26;27-02-26;26/02/2026;29-03-26;29-03-26;;;;;4090;0;0;SPARX;0;0;N
4107710;95;PRAT-K INDUSTRIA E COMERCIO;81;2026-02-05;Directo VE - FERRETERIA EPA, C.A.;37725,54;USD;<null>;FOB  ;CIF  ;FOB  ;81;117;2026-03-31;2026-03-31;<null>;GLOBALOR LTD (Drop Ship EPA VE);<null>;<null>;<null>;Pedido VZ Enero 26;<null>;<null>;false;true;PEDIDO COMPRA;EPA;OLO4;Booking;40001461-4;HAPPAG;Contenedor 40 HC;0;02-03-26;02-03-26;26/02/2026;06-04-26;06-04-26;;;;;4230;0;0;IN OCEAN;0;0;N
4107714;12;BLACK & DECKER US INC (BONDED)                             ;86;2026-02-11;ZF - OVERSEAS LOGISTICS OPERATIONS;29545,55;USD;<null>;FCA  ;<null>;<null>;63;131;2026-02-28;2026-02-28;<null>;GLOBALOR LTD (ZF);<null>;<null>;<null>;Febrero;<null>;<null>;false;false;PEDIDO COMPRA;EPA;OLO4;Produccion;40001468-1;0;LCL;0;;;;28-03-26;28-03-26;;;;;0;0;0;0;0;0;N
4107715;12;BLACK & DECKER US INC (BONDED)                             ;86;2026-02-11;ZF - OVERSEAS LOGISTICS OPERATIONS;8081,13;USD;<null>;FCA  ;<null>;<null>;63;131;2026-02-28;2026-02-28;<null>;GLOBALOR LTD (ZF);<null>;<null>;<null>;Febrero;<null>;<null>;false;false;PEDIDO COMPRA;EPA;OLO4;Produccion;40001468-2;0;LCL;0;;;;28-03-26;28-03-26;;;;;0;0;0;0;0;0;N
4107717;116;BLACK & DECKER (NO STOCK O FT MILLS)                       ;86;2026-02-11;Directo VE - FERRETERIA EPA, C.A.;3128,90;USD;<null>;FCA  ;FCA  ;<null>;63;117;2026-02-28;2026-02-28;<null>;GLOBALOR LTD (Drop Ship EPA VE);<null>;<null>;<null>;Febrero;<null>;<null>;false;false;PEDIDO COMPRA;EPA;OLO4;Produccion;40001469-1;0;LCL;0;;;;01-04-26;01-04-26;;;;;0;0;0;0;0;0;N
4107718;219;BLACK AND DECKER US                                        ;86;2026-02-11;Directo VE - FERRETERIA EPA, C.A.;8190,57;USD;<null>;FCA  ;FCA  ;<null>;63;117;2026-02-28;2026-02-28;<null>;GLOBALOR LTD (Drop Ship EPA VE);<null>;<null>;<null>;Febrero;<null>;<null>;false;false;PEDIDO COMPRA;EPA;OLO4;Produccion;40001470-1;0;LCL;0;;;;;;;;;;0;0;0;0;0;0;N
4107719;359;BLACK AND DECKER US INC (MIRAMAR)                          ;86;2026-02-11;ZF - OVERSEAS LOGISTICS OPERATIONS;35407,88;USD;<null>;FCA  ;<null>;<null>;63;131;2026-02-28;2026-02-28;<null>;GLOBALOR LTD (ZF);<null>;<null>;<null>;Febrero;<null>;<null>;true;false;PEDIDO COMPRA;EPA;OLO4;Produccion;40001471-1;0;LCL;0;;;;28-03-26;28-03-26;;;;;0;0;0;0;0;0;N
4107720;359;BLACK AND DECKER US INC (MIRAMAR)                          ;86;2026-02-11;ZF - OVERSEAS LOGISTICS OPERATIONS;24201,56;USD;<null>;FCA  ;<null>;<null>;63;131;2026-02-28;2026-02-28;<null>;GLOBALOR LTD (ZF);<null>;<null>;<null>;Febrero;<null>;<null>;true;false;PEDIDO COMPRA;EPA;OLO4;Produccion;40001471-2;0;LCL;0;;;;28-03-26;28-03-26;;;;;0;0;0;0;0;0;N
4107722;359;BLACK AND DECKER US INC (MIRAMAR)                          ;86;2026-02-12;ZF - OVERSEAS LOGISTICS OPERATIONS;5472,78;USD;<null>;FCA  ;<null>;<null>;65;121;2026-02-28;2026-02-28;<null>;GLOBALOR LTD (ZF);<null>;<null>;<null>;Febrero ;<null>;<null>;false;false;PEDIDO COMPRA;EPA;OLO4;Produccion;VTCN400728;0;LCL;0;;;;28-03-26;28-03-26;;;;;0;0;0;0;0;0;N
4107723;359;BLACK AND DECKER US INC (MIRAMAR)                          ;86;2026-02-12;ZF - OVERSEAS LOGISTICS OPERATIONS;4247,16;USD;<null>;FCA  ;<null>;<null>;65;121;2026-02-28;2026-02-28;<null>;GLOBALOR LTD (ZF);<null>;<null>;<null>;Febrero ;<null>;<null>;false;false;PEDIDO COMPRA;EPA;OLO4;Produccion;VTCN400729;0;LCL;0;;;;28-03-26;28-03-26;;;;;0;0;0;0;0;0;N
4107724;359;BLACK AND DECKER US INC (MIRAMAR)                          ;86;2026-02-12;ZF - OVERSEAS LOGISTICS OPERATIONS;4302,00;USD;<null>;FCA  ;<null>;<null>;65;121;2026-02-28;2026-02-28;<null>;GLOBALOR LTD (ZF);<null>;<null>;<null>;Febrero ;<null>;<null>;true;false;PEDIDO COMPRA;EPA;OLO4;Produccion;VTCN400730;0;LCL;0;;;;28-03-26;28-03-26;;;;;0;0;0;0;0;0;N
4107725;359;BLACK AND DECKER US INC (MIRAMAR)                          ;86;2026-02-12;ZF - OVERSEAS LOGISTICS OPERATIONS;1065,00;USD;<null>;FCA  ;<null>;<null>;65;121;2026-02-28;2026-02-28;<null>;GLOBALOR LTD (ZF);<null>;<null>;<null>;Febrero ;<null>;<null>;false;false;PEDIDO COMPRA;EPA;OLO4;Produccion;VTCN400731;0;LCL;0;;;;28-03-26;28-03-26;;;;;0;0;0;0;0;0;N
4107726;561;VSI INDUSTRIAL SAC                                         ;89;2026-02-12;Directo VE - FERRETERIA EPA, C.A.;19215,00;USD;<null>;FOB  ;CIF  ;FOB  ;166;117;2026-04-19;2026-04-19;7037;GLOBALOR LTD (Drop Ship EPA VE);-- N/A --;21703;2026-03-10;VE1;F003-184522;19215,00;false;true;PEDIDO COMPRA;EPA;OLO4;Transito;TGBU4552662;ONE;Contenedor 40 HC;PCL-269816-01;13-02-26;16-02-26;13/02/2026;11-03-26;11-03-26;11-03-26;01-04-26;01-04-26;;4190;IOLFT26-163;FAK;IN OCEAN;0;0;N
4107727;219;BLACK AND DECKER US                                        ;86;2026-02-12;Directo VE - FEBECA C.A. ;7282,90;USD;<null>;FCA  ;FCA  ;<null>;65;117;2026-02-28;2026-02-28;<null>;GLOBALOR LTD (Drop Ship FEBECA VE);<null>;<null>;<null>;Febrero ;<null>;<null>;false;false;PEDIDO COMPRA;Febeca;OLO4;Produccion;VTCN400732;0;LCL;0;;;;;;;;;;0;0;0;0;0;0;N
4107728;567;MORE PRODUCTS S.A.S                                        ;83;2026-02-12;ZF - OVERSEAS LOGISTICS OPERATIONS;289386,04;USD;<null>;FOB  ;FOB  ;FOB  ;17;126;2026-02-18;2026-02-18;<null>;GLOBALOR LTD (ZF);<null>;<null>;<null>;26-feb;<null>;<null>;false;false;PEDIDO COMPRA;EPA;OLO4;Booking;40001465-1;MAERSK;Contenedor 40 HC;0;23-02-26;23-02-26;13/02/2026;09-03-26;23-03-26;;;;;0;0;0;SPARX;0;0;N
4107729;567;MORE PRODUCTS S.A.S                                        ;83;2026-02-19;ZF - OVERSEAS LOGISTICS OPERATIONS;10274,00;USD;<null>;FOB  ;FOB  ;FOB  ;17;126;2026-02-20;2026-02-20;<null>;GLOBALOR LTD (ZF);<null>;<null>;<null>;Adicional SV;<null>;<null>;false;false;PEDIDO COMPRA;EPA;OLO4;Booking;40001465-1;MAERSK;Contenedor 40 HC;0;23-02-26;24-02-26;;09-03-26;23-03-26;;;;;0;0;0;0;0;0;N
4107730;399;KRONOSPAN, S.L. (Costa Rica);81;2026-02-18;Directo CR - FERRETERIA EPA, S.A.;10627,06;EUR;<null>;CFR  ;CFR  ;CFR  ;104;118;2026-03-06;2026-03-06;6992;GLOBALOR LTD (Dropship CR);-- N/A --;21660;2026-02-20;PO para uso interno - Sustituye la PO 4107674;283050-;10627,07;false;false;C/ FACTURA;EPA;OLO4;Transito;SUDU8161320;MAERSK;Contenedor 20ft;265699773;05-02-26;05-02-26;;16-02-26;16-02-26;21-02-26;17-03-26;17-03-26;;2146,66;0;FAK;DEFINIDO POR EL PROVEEDOR;0;0;N
4107731;255;CORPORACION 2416 LLC (ITALY)                               ;82;2026-02-19;Directo CR - FERRETERIA EPA, S.A.;14530,52;USD;<null>;FOB  ;FOB  ;FOB  ;55;131;2026-03-05;2026-03-05;<null>;GLOBALOR LTD (Dropship CR);<null>;<null>;<null>;CR PI14989;<null>;<null>;false;true;PEDIDO COMPRA;EPA;OLO4;Booking;ECMU2764900;0;Contenedor 20ft;96620559-C 001;23-02-26;23-02-26;11/03/2026;26-03-26;26-03-26;;;;;4716,08;0;0;AIR SEA WORLDWIDE;0;0;N
4107732;255;CORPORACION 2416 LLC (ITALY)                               ;82;2026-02-19;ZF - OVERSEAS LOGISTICS OPERATIONS;12914,39;USD;<null>;FOB  ;FOB  ;FOB  ;55;131;2026-03-05;2026-03-05;<null>;GLOBALOR LTD (ZF);<null>;<null>;<null>;ZF PI 14990;<null>;<null>;false;false;PEDIDO COMPRA;EPA;OLO4;Booking;ECMU2764900;0;Contenedor 20ft;96620559-C 002;23-02-26;23-02-26;11/03/2026;26-03-26;26-03-26;;;;;0;0;0;AIR SEA WORLDWIDE;0;0;N
4107733;12;BLACK & DECKER US INC (BONDED)                             ;86;2026-03-03;ZF - OVERSEAS LOGISTICS OPERATIONS;31409,29;USD;<null>;FCA  ;<null>;<null>;65;121;2026-02-28;2026-02-28;<null>;GLOBALOR LTD (ZF);<null>;<null>;<null>;Febrero;<null>;<null>;false;false;PEDIDO COMPRA;EPA;OLO4;Produccion;VTCN400734;0;LCL;0;;;;28-03-26;28-03-26;;;;;0;0;0;0;0;0;N
4107734;12;BLACK & DECKER US INC (BONDED)                             ;86;2026-03-03;ZF - OVERSEAS LOGISTICS OPERATIONS;30273,64;USD;<null>;FCA  ;<null>;<null>;65;121;2026-02-28;2026-02-28;<null>;GLOBALOR LTD (ZF);<null>;<null>;<null>;Febrero;<null>;<null>;false;false;PEDIDO COMPRA;EPA;OLO4;Produccion;VTCN400735;0;LCL;0;;;;28-03-26;28-03-26;;;;;0;0;0;0;0;0;N
4107735;359;BLACK AND DECKER US INC (MIRAMAR)                          ;86;2026-03-03;ZF - OVERSEAS LOGISTICS OPERATIONS;631,38;USD;<null>;FCA  ;<null>;<null>;65;121;2026-02-28;2026-02-28;<null>;GLOBALOR LTD (ZF);<null>;<null>;<null>;Febrero;<null>;<null>;false;false;PEDIDO COMPRA;EPA;OLO4;Produccion;VTCN400736;0;LCL;0;;;;;;;;;;0;0;0;0;0;0;N
4107736;359;BLACK AND DECKER US INC (MIRAMAR)                          ;86;2026-03-03;ZF - OVERSEAS LOGISTICS OPERATIONS;2460,12;USD;<null>;FCA  ;<null>;<null>;65;121;2026-02-28;2026-02-28;<null>;GLOBALOR LTD (ZF);<null>;<null>;<null>;Febrero;<null>;<null>;true;false;PEDIDO COMPRA;EPA;OLO4;Produccion;VTCN400737;0;LCL;0;;;;28-03-26;28-03-26;;;;;0;0;0;0;0;0;N
4107737;12;BLACK & DECKER US INC (BONDED)                             ;86;2026-03-03;ZF - OVERSEAS LOGISTICS OPERATIONS;16900,00;USD;<null>;FCA  ;<null>;<null>;65;121;2026-02-28;2026-02-28;<null>;GLOBALOR LTD (ZF);<null>;<null>;<null>;Febrero;<null>;<null>;false;false;PEDIDO COMPRA;EPA;OLO4;Produccion;VTCN400738;0;LCL;0;;;;28-03-26;28-03-26;;;;;0;0;0;0;0;0;N
4107738;359;BLACK AND DECKER US INC (MIRAMAR)                          ;86;2026-03-03;ZF - OVERSEAS LOGISTICS OPERATIONS;1424,28;USD;<null>;FCA  ;<null>;<null>;65;121;2026-02-28;2026-02-28;<null>;GLOBALOR LTD (ZF);<null>;<null>;<null>;Febrero;<null>;<null>;true;false;PEDIDO COMPRA;EPA;OLO4;Produccion;VTCN400739;0;LCL;0;;;;28-03-26;28-03-26;;;;;0;0;0;0;0;0;N
4107739;12;BLACK & DECKER US INC (BONDED)                             ;86;2026-03-03;ZF - OVERSEAS LOGISTICS OPERATIONS;876,96;USD;<null>;FOB  ;<null>;<null>;65;121;2026-02-28;2026-02-28;<null>;GLOBALOR LTD (ZF);<null>;<null>;<null>;Febrero;<null>;<null>;true;false;PEDIDO COMPRA;EPA;OLO4;Produccion;VTCN400740;0;LCL;0;;;;28-03-26;28-03-26;;;;;0;0;0;0;0;0;N
4107740;283;MEDITERRÁNEA DE PRODUCTOS DE LIMPIEZA S.R.L.               ;82;2026-02-27;ZF - OVERSEAS LOGISTICS OPERATIONS;17850,74;EUR;<null>;FCA  ;FOB  ;FOB  ;104;131;2026-03-28;2026-03-28;<null>;GLOBALOR LTD (ZF);<null>;<null>;<null>;19022026-9077;<null>;<null>;true;false;PEDIDO COMPRA;EPA;OLO4;Booking;APZU4797632;CMA CGM;Contenedor 40 HC;0;03-03-26;03-03-26;02/03/2026;13-03-26;20-03-26;;;;;7075,7;0;0;SPARX;0;0;N
4107741;319;EINHELL (WAREHOUSE AMERICA);86;2026-03-05;ZF - OVERSEAS LOGISTICS OPERATIONS;71022,95;USD;<null>;EXW  ;<null>;<null>;26;121;2026-03-06;2026-03-06;7035;GLOBALOR LTD (ZF);;<null>;<null>;C/Factura;7481857-;71022,95;false;false;C/ FACTURA;EPA;OLO4;Produccion;VTCN400741;0;LCL;4107741;;;;31-03-26;31-03-26;;;;;0;0;0;0;0;0;N
4107742;319;EINHELL (WAREHOUSE AMERICA);86;2026-03-05;ZF - OVERSEAS LOGISTICS OPERATIONS;1599,60;USD;<null>;EXW  ;<null>;<null>;26;121;2026-03-06;2026-03-06;7035;GLOBALOR LTD (ZF);;<null>;<null>;C/Factura;7478776-;1599,60;false;false;C/ FACTURA;EPA;OLO4;Produccion;VTCN400741;0;LCL;4107741;;;;31-03-26;31-03-26;;;;;0;0;0;0;0;0;N
4107743;319;EINHELL (WAREHOUSE AMERICA);86;2026-03-05;ZF - OVERSEAS LOGISTICS OPERATIONS;28833,75;USD;<null>;EXW  ;<null>;<null>;26;121;2026-03-06;2026-03-06;7035;GLOBALOR LTD (ZF);;<null>;<null>;C/Factura;7481854-;28833,75;false;false;C/ FACTURA;EPA;OLO4;Produccion;VTCN400741;0;LCL;4107741;;;;31-03-26;31-03-26;;;;;0;0;0;0;0;0;N
4107746;319;EINHELL (WAREHOUSE AMERICA);86;2026-03-05;ZF - OVERSEAS LOGISTICS OPERATIONS;6148,56;USD;<null>;EXW  ;<null>;<null>;26;121;2026-03-06;2026-03-06;7035;GLOBALOR LTD (ZF);;<null>;<null>;C/Factura;7481863-;6148,56;false;false;C/ FACTURA;EPA;OLO4;Produccion;VTCN400741;0;LCL;4107741;;;;31-03-26;31-03-26;;;;;0;0;0;0;0;0;N
4107747;319;EINHELL (WAREHOUSE AMERICA);86;2026-03-05;ZF - OVERSEAS LOGISTICS OPERATIONS;6329,60;USD;<null>;EXW  ;<null>;<null>;26;121;2026-03-06;2026-03-06;7035;GLOBALOR LTD (ZF);;<null>;<null>;C/Factura;7481860-;6329,60;false;false;C/ FACTURA;EPA;OLO4;Produccion;VTCN400741;0;LCL;4107741;;;;31-03-26;31-03-26;;;;;0;0;0;0;0;0;N
4107750;25;KRONOFLOORING GMBH                                         ;72;2026-03-11;Directo CR - FERRETERIA EPA, S.A.;25854,40;EUR;<null>;CIF  ;CIF  ;<null>;36;118;2026-08-04;2026-08-04;<null>;GLOBALOR LTD (Dropship CR);<null>;<null>;<null>;CR A ;<null>;<null>;false;true;PEDIDO COMPRA;EPA;OLO4;Produccion;40001484-1;0;Contenedor 20ft;0;;;;;;;;;;0;0;0;0;0;0;N
4107751;25;KRONOFLOORING GMBH                                         ;72;2026-03-11;Directo CR - FERRETERIA EPA, S.A.;23922,60;EUR;<null>;CIF  ;CIF  ;CIF  ;36;118;2026-08-04;2026-08-04;<null>;GLOBALOR LTD (Dropship CR);<null>;<null>;<null>;CR B;<null>;<null>;false;true;PEDIDO COMPRA;EPA;OLO4;Produccion;40001484-2;0;Contenedor 20ft;0;;;;;;;;;;0;0;0;0;0;0;N
4107752;25;KRONOFLOORING GMBH                                         ;72;2026-03-11;Directo CR - FERRETERIA EPA, S.A.;24789,44;EUR;<null>;CIF  ;CIF  ;CIF  ;36;118;2026-08-04;2026-08-04;<null>;GLOBALOR LTD (Dropship CR);<null>;<null>;<null>;CR C;<null>;<null>;false;true;PEDIDO COMPRA;EPA;OLO4;Produccion;40001484-3;0;Contenedor 20ft;0;;;;;;;;;;0;0;0;0;0;0;N
4107753;25;KRONOFLOORING GMBH                                         ;72;2026-03-11;Directo CR - FERRETERIA EPA, S.A.;19450,06;EUR;<null>;CIF  ;CIF  ;CIF  ;36;118;2026-08-04;2026-08-04;<null>;GLOBALOR LTD (Dropship CR);<null>;<null>;<null>;CR D;<null>;<null>;false;true;PEDIDO COMPRA;EPA;OLO4;Produccion;40001484-4;0;Contenedor 20ft;0;;;;;;;;;;0;0;0;0;0;0;N
4107754;219;BLACK AND DECKER US                                        ;76;2026-03-12;Directo VE - FERRETERIA EPA, C.A.;7569,00;USD;<null>;FCA  ;FCA  ;<null>;63;117;2026-03-31;2026-03-31;<null>;GLOBALOR LTD (Drop Ship EPA VE);<null>;<null>;<null>;Marzo;<null>;<null>;false;false;PEDIDO COMPRA;EPA;OLO4;Produccion;40001495-1;0;LCL;0;;;;;;;;;;0;0;0;0;0;0;N
4107755;352;PLASTICOS MQ                                               ;78;2026-03-12;Directo CR - FERRETERIA EPA, S.A.;10375,00;USD;<null>;FOB  ;FOB  ;FOB  ;116;131;2026-04-17;2026-04-17;<null>;GLOBALOR LTD (Dropship CR);<null>;<null>;<null>;EX614-CR;<null>;<null>;false;true;PEDIDO COMPRA;EPA;OLO4;Booking;40001486-U1;0;Contenedor 40 HC;0;17-03-26;17-03-26;13/03/2026;08-04-26;08-04-26;;;;;0;0;0;SPARX;0;0;N
4107756;352;PLASTICOS MQ                                               ;78;2026-03-12;ZF - OVERSEAS LOGISTICS OPERATIONS;10659,00;USD;<null>;FOB  ;FOB  ;FOB  ;116;131;2026-04-17;2026-04-17;<null>;GLOBALOR LTD (ZF);<null>;<null>;<null>;EX615-ZF;<null>;<null>;false;false;PEDIDO COMPRA;EPA;OLO4;Booking;40001486-U1;0;Contenedor 40 HC;0;17-03-26;17-03-26;13/03/2026;08-04-26;08-04-26;;;;;0;0;0;SPARX;0;0;N
4107757;352;PLASTICOS MQ                                               ;78;2026-03-12;Directo VE - FERRETERIA EPA, C.A.;23938,50;USD;<null>;FOB  ;CIF  ;FOB  ;116;117;2026-04-17;2026-04-17;<null>;GLOBALOR LTD (Drop Ship EPA VE);<null>;<null>;<null>;EX616-VE;<null>;<null>;false;true;PEDIDO COMPRA;EPA;OLO4;Booking;40001486-3;0;Contenedor 40 HC;0;16-03-26;16-03-26;13/03/2026;31-03-26;31-03-26;;;;;0;0;0;IN OCEAN;0;0;N
4107758;359;BLACK AND DECKER US INC (MIRAMAR)                          ;76;2026-03-12;ZF - OVERSEAS LOGISTICS OPERATIONS;23510,24;USD;<null>;FCA  ;<null>;<null>;63;131;2026-03-31;2026-03-31;<null>;GLOBALOR LTD (ZF);<null>;<null>;<null>;Marzo;<null>;<null>;true;false;PEDIDO COMPRA;EPA;OLO4;Produccion;40001496-1;0;LCL;0;;;;;;;;;;0;0;0;0;0;0;N
4107759;359;BLACK AND DECKER US INC (MIRAMAR)                          ;76;2026-03-12;ZF - OVERSEAS LOGISTICS OPERATIONS;10939,45;USD;<null>;FCA  ;<null>;<null>;63;131;2026-03-31;2026-03-31;<null>;GLOBALOR LTD (ZF);<null>;<null>;<null>;Marzo;<null>;<null>;true;false;PEDIDO COMPRA;EPA;OLO4;Produccion;40001496-2;0;LCL;0;;;;;;;;;;0;0;0;0;0;0;N
4107760;359;BLACK AND DECKER US INC (MIRAMAR)                          ;76;2026-03-12;Directo VE - FERRETERIA EPA, C.A.;5702,40;USD;<null>;FCA  ;FCA  ;FCA  ;63;117;2026-03-31;2026-03-31;<null>;GLOBALOR LTD (Drop Ship EPA VE);<null>;<null>;<null>;Marzo;<null>;<null>;true;false;PEDIDO COMPRA;EPA;OLO4;Produccion;40001496-3;0;LCL;0;;;;;;;;;;0;0;0;0;0;0;N
4107761;12;BLACK & DECKER US INC (BONDED)                             ;76;2026-03-12;ZF - OVERSEAS LOGISTICS OPERATIONS;32388,43;USD;<null>;FCA  ;<null>;<null>;63;131;2026-03-31;2026-03-31;<null>;GLOBALOR LTD (ZF);<null>;<null>;<null>;Marzo;<null>;<null>;false;false;PEDIDO COMPRA;EPA;OLO4;Produccion;40001497-1;0;LCL;0;;;;;;;;;;0;0;0;0;0;0;N
4107762;12;BLACK & DECKER US INC (BONDED)                             ;76;2026-03-12;ZF - OVERSEAS LOGISTICS OPERATIONS;21114,13;USD;<null>;FCA  ;<null>;<null>;63;131;2026-03-31;2026-03-31;<null>;GLOBALOR LTD (ZF);<null>;<null>;<null>;Marzo;<null>;<null>;false;false;PEDIDO COMPRA;EPA;OLO4;Produccion;40001497-2;0;LCL;0;;;;;;;;;;0;0;0;0;0;0;N
4107763;12;BLACK & DECKER US INC (BONDED)                             ;76;2026-03-12;Directo VE - FERRETERIA EPA, C.A.;5450,22;USD;<null>;FCA  ;FCA  ;FCA  ;63;117;2026-03-31;2026-03-31;<null>;GLOBALOR LTD (Drop Ship EPA VE);<null>;<null>;<null>;Marzo;<null>;<null>;false;false;PEDIDO COMPRA;EPA;OLO4;Produccion;40001497-3;0;Contenedor 20ft;0;;;;;;;;;;0;0;0;0;0;0;N
6700925;457;FUJIAN MEIFENG METAL PRODUCTS CO., LTD.;85;2025-07-29;Directo CR - FERRETERIA EPA, S.A.;20207,50;USD;<null>;FOB  ;FOB  ;FOB  ;108;125;2026-03-01;2026-03-01;7677;BINTER TRADE LLC. (Dropship CR);-- N/A --;<null>;<null>;Directo CR Julio 25 CNY #6 March 2026;MF20260312A;20207,50;false;true;CNY;EPA;OLO6;Booking;MSBU5533704;MSC;Contenedor 40 HC;ASXMGA00034;27-02-26;27-02-26;25/02/2026;18-03-26;25-03-26;;;;;2700;0;0;AIR SEA WORLDWIDE;0;0;N
6700926;457;FUJIAN MEIFENG METAL PRODUCTS CO., LTD.;85;2025-07-29;Directo CR - FERRETERIA EPA, S.A.;20207,50;USD;<null>;FOB  ;FOB  ;FOB  ;108;125;2026-03-01;2026-03-01;7682;BINTER TRADE LLC. (Dropship CR);-- N/A --;101954;2026-03-18;Directo CR Julio 25 CNY #7 March 2026;MF20260312B;20207,50;false;true;CNY;EPA;OLO6;Transito;FDCU0319148;HAPAG LLOYD;Contenedor 40 HC;ASXMNA00455;27-02-26;27-02-26;25/02/2026;18-03-26;25-03-26;;;;;2700;0;0;AIR SEA WORLDWIDE;0;0;N
6700936;336;HEBEI UGET TRADING CO.,LTD;85;2025-07-31;ZF - OVERSEAS LOGISTICS OPERATIONS;3087,50;USD;<null>;FOB  ;CPT  ;CPT  ;98;125;2025-11-03;2025-11-03;<null>;BINTER TRADE LLC. (ZF);<null>;<null>;<null>;ZF CR Julio 25 CNY;<null>;<null>;false;false;CNY;EPA;OLO6;Booking;80001359-U1;MSC;Contenedor 40 HC;0;12-03-26;12-03-26;05/11/2025;22-03-26;29-03-26;;;;;4535;0;0;AIR SEA WORLDWIDE;0;0;N
6700937;336;HEBEI UGET TRADING CO.,LTD;85;2025-07-31;Directo CR - FERRETERIA EPA, S.A.;21316,00;USD;<null>;FOB  ;FOB  ;FOB  ;98;125;2025-11-03;2025-11-03;<null>;BINTER TRADE LLC. (Dropship CR);<null>;<null>;<null>;TLC CR Julio 25;<null>;<null>;false;true;CNY;EPA;OLO6;Booking;80001359-U1;MSC;Contenedor 40 HC;0;12-03-26;12-03-26;05/11/2025;22-03-26;29-03-26;;;;;0;0;0;AIR SEA WORLDWIDE;0;0;N
6700950;513;DIGO CREATIVE ENTERPRISE LIMITED;85;2025-08-01;Directo VE - FERRETERIA EPA, C.A.;34177,50;USD;<null>;FOB  ;CIF  ;FOB  ;91;116;2026-03-16;2026-03-16;<null>;BINTER TRADE LLC. (Dropship EPA - VE) ;<null>;<null>;<null>;Pedido extra VZ Julio 25 CNY26;<null>;<null>;false;false;COMPRAS A TERCEROS;EPA;OLO6;Booking;BMOU5824817;CMA CGM;Contenedor 40 HC;BJPBL2600116;02-03-26;02-03-26;24/02/2026;11-03-26;27-03-26;;;;;4950;0;0;IN OCEAN;0;0;N
6700961;616;ZHENJIANG HOME-RICH IMP&EXP TRADING CO.;83;2025-08-01;Directo VE - FERRETERIA EPA, C.A.;35087,70;USD;<null>;FOB  ;CIF  ;FOB  ;71;116;2025-10-09;2025-10-09;7425;BINTER TRADE LLC. (Dropship EPA - VE) ;-- N/A --;101680;2026-01-21;PI11VE;HMR25B034-2;35087,70;false;false;PEDIDO COMPRA;EPA;OLO6;Ingresada;CMAU3638499;CMA CGM;Contenedor 40 HC;BJPBL2600013;30-12-25;30-12-25;03/11/2025;06-01-26;13-01-26;12-01-26;03-03-26;03-03-26;10-03-26;3800;IOLFT26-026;FAK;IN OCEAN;0;0;N
6700962;616;ZHENJIANG HOME-RICH IMP&EXP TRADING CO.;83;2025-08-01;Directo VE - FERRETERIA EPA, C.A.;34811,20;USD;<null>;FOB  ;CIF  ;FOB  ;71;116;2025-10-09;2025-10-09;7427;BINTER TRADE LLC. (Dropship EPA - VE) ;-- N/A --;101681;2026-01-21;PI12VE;HMR25B034-3;34811,20;false;false;PEDIDO COMPRA;EPA;OLO6;Ingresada;FCIU9365397;CMA CGM;Contenedor 40 HC;BJPBL2600012;29-12-25;29-12-25;03/11/2025;06-01-26;13-01-26;12-01-26;03-03-26;03-03-26;10-03-26;3800;IOLFT26-025;FAK;IN OCEAN;0;0;N
6700969;450;ANJI YOUWEI TRADING CO.,LTD.                               ;85;2025-08-04;Directo GT - FERRETERIA EPA, S.A. (Guatemala);18560,90;USD;<null>;FOB  ;FOB  ;FOB  ;71;127;2026-03-02;2026-03-02;7686;BINTER TRADE LLC. (Dropship GT);-- N/A --;101958;2026-03-18;Directo GT Julio 25 CNY #4;ACC- 260310;18560,90;false;false;CNY;EPA;OLO6;Transito;MSMU7344637;MSC;Contenedor 40 HC;ASNGBA01655;24-02-26;24-02-26;11/02/2026;15-03-26;22-03-26;;;;;3320;0;0;AIR SEA WORLDWIDE;0;0;N
6701016;896;JIANGMEN JINRONG TECHNOLOGY CO.,LTD.;83;2025-08-06;Directo CR - FERRETERIA EPA, S.A.;23835,00;USD;<null>;FOB  ;FOB  ;FOB  ;47;214;2025-10-02;2025-10-02;7363;BINTER TRADE LLC. (Dropship CR);-- N/A --;101606;2026-01-13;PI1CR;JL251217A;23835,00;false;false;PEDIDO COMPRA;EPA;OLO6;Transito;HLBU1292880;HAPAG LLOYD;Contenedor 40 HC;ASSZX513511;05-01-26;05-01-26;07/10/2025;12-02-26;19-02-26;19-01-26;13-03-26;27-03-26;;4050;0;NAC;AIR SEA WORLDWIDE;0;0;N
6701019;896;JIANGMEN JINRONG TECHNOLOGY CO.,LTD.;83;2025-08-06;Directo GT - FERRETERIA EPA, S.A. (Guatemala);20443,20;USD;<null>;FOB  ;FOB  ;FOB  ;47;40;2025-10-02;2025-10-02;7348;BINTER TRADE LLC. (Dropship GT);-- N/A --;101582;2026-01-12;PI3GT;JL251217C;20443,20;false;false;PEDIDO COMPRA;EPA;OLO6;Transito;FANU1856209;HAPAG LLOYD;Contenedor 40 HC;ASSZX513516;05-01-26;05-01-26;07/10/2025;12-01-26;19-01-26;19-01-26;13-03-26;13-03-26;;4210;0;NAC;AIR SEA WORLDWIDE;0;0;N
6701020;896;JIANGMEN JINRONG TECHNOLOGY CO.,LTD.;83;2025-08-06;Directo GT - FERRETERIA EPA, S.A. (Guatemala);20443,20;USD;<null>;FOB  ;FOB  ;FOB  ;47;40;2025-10-02;2025-10-02;7349;BINTER TRADE LLC. (Dropship GT);-- N/A --;101585;2026-01-13;PI4GT;JL251217D;20443,20;false;false;PEDIDO COMPRA;EPA;OLO6;Transito;SEGU5769722;HAPAG LLOYD;Contenedor 40 HC;ASSZX513515;05-01-26;06-01-26;07/10/2025;12-01-26;19-01-26;19-01-26;13-03-26;13-03-26;;4210;0;NAC;AIR SEA WORLDWIDE;0;0;N
6701021;896;JIANGMEN JINRONG TECHNOLOGY CO.,LTD.;83;2025-08-06;Directo VE - FERRETERIA EPA, C.A.;19718,10;USD;<null>;FOB  ;CIF  ;FOB  ;47;116;2025-10-02;2025-10-02;7473;BINTER TRADE LLC. (Dropship EPA - VE) ;-- N/A --;101701;2026-01-23;PI5VE;JL251217E;19718,10;false;false;PEDIDO COMPRA;EPA;OLO6;Transito;TCNU2279414;CMA CGM;Contenedor 40 HC;BJPBL2600028;07-01-26;07-01-26;07/10/2025;20-01-26;20-01-26;14-01-26;27-03-26;28-03-26;;3930;IOLFT26-031;FAK;IN OCEAN;0;0;N
6701045;327;WUHU XINGDIAN INDUSTRY CO., LTD                            ;85;2025-08-07;Directo CR - FERRETERIA EPA, S.A.;37804,00;USD;<null>;FOB  ;FOB  ;FOB  ;91;125;2026-03-02;2026-03-02;<null>;BINTER TRADE LLC. (Dropship CR);<null>;<null>;<null>;CR #3 CNY Julio 25 ;<null>;<null>;false;true;CNY;EPA;OLO6;Booking;80001384-3;HAPAG LLOYD;Contenedor 40 HC;0;06-03-26;06-03-26;04/03/2026;25-03-26;25-03-26;;;;;4535;0;0;AIR SEA WORLDWIDE;0;0;N
6701099;250;SANGTONG SANITARY WARE(HK)CO.,LIMITED                      ;89;2025-08-08;Directo VE - FERRETERIA EPA, C.A.;14811,89;USD;<null>;FOB  ;CIF  ;FOB  ;108;116;2025-11-20;2025-11-20;7217;BINTER TRADE LLC. (Dropship EPA - VE) ;-- N/A --;101445;2025-12-18;VE4;ST20250806-VE4;14811,89;false;false;PEDIDO COMPRA;EPA;OLO6;Transito;UETU7228442;0;Contenedor 40 HC;BJPBL2500070;03-12-25;03-12-25;28/11/2025;09-12-25;16-12-25;12-12-25;09-02-26;05-02-26;;5350;IOLFT25-914;FAK;IN OCEAN;0;0;N
6701106;250;SANGTONG SANITARY WARE(HK)CO.,LIMITED                      ;89;2025-08-08;Directo VE - FERRETERIA EPA, C.A.;12900,00;USD;<null>;FOB  ;CIF  ;FOB  ;108;116;2025-09-20;2025-09-20;7235;BINTER TRADE LLC. (Dropship EPA - VE) ;-- N/A --;101463;2025-12-22;VE10;ST20250806-VE10;12900,00;false;false;PEDIDO COMPRA;EPA;OLO6;Ingresada;CMAU8485005;CMA CGM;Contenedor 40 HC;BJPBL2500086;11-12-25;11-12-25;05/12/2025;16-12-25;24-12-25;16-12-25;17-02-26;03-03-26;01-03-26;4350;IOLFT25-931;FAK;IN OCEAN;0;0;N
6701107;250;SANGTONG SANITARY WARE(HK)CO.,LIMITED                      ;89;2025-08-08;Directo VE - FERRETERIA EPA, C.A.;12900,00;USD;<null>;FOB  ;CIF  ;FOB  ;108;116;2025-09-30;2025-09-30;7341;BINTER TRADE LLC. (Dropship EPA - VE) ;-- N/A --;101566;2026-01-12;VE11;ST20250806-VE11;12900,00;false;false;PEDIDO COMPRA;EPA;OLO6;Ingresada;CMAU7451696;CMA CGM;Contenedor 40 HC;BJPBL2600005;23-12-25;23-12-25;19/12/2025;02-01-26;09-01-26;03-01-26;03-03-26;03-03-26;10-03-26;3870;IOLFT26-012;FAK;IN OCEAN;0;0;N
6701108;250;SANGTONG SANITARY WARE(HK)CO.,LIMITED                      ;89;2025-08-08;Directo VE - FERRETERIA EPA, C.A.;12900,00;USD;<null>;FOB  ;CIF  ;FOB  ;108;116;2025-10-10;2025-10-10;7486;BINTER TRADE LLC. (Dropship EPA - VE) ;-- N/A --;101735;2026-01-26;VE12;ST20250806-VE12;12900,00;false;false;PEDIDO COMPRA;EPA;OLO6;Ingresada;ECMU7123597;CMA CGM;Contenedor 40 HC;BJPBL2600024;29-12-25;29-12-25;19/12/2025;15-01-26;22-01-26;16-01-26;31-03-26;31-03-26;17-03-26;3630;IOLFT26-039;FAK;IN OCEAN;0;0;N
6701118;865;HENAN LORY SANITARY WARE CO.,LTD.;89;2025-08-08;Directo CR - FERRETERIA EPA, S.A.;6766,50;USD;<null>;FOB  ;FOB  ;FOB  ;77;125;2026-03-15;2026-03-15;<null>;BINTER TRADE LLC. (Dropship CR);<null>;<null>;<null>;CR;<null>;<null>;false;false;CNY;EPA;OLO6;Produccion;80001371-U3;0;Contenedor 40 HC;0;;;13/10/2025;;;;;;;0;0;0;AIR SEA WORLDWIDE;0;0;N
6701126;865;HENAN LORY SANITARY WARE CO.,LTD.;89;2025-08-08;Directo CR - FERRETERIA EPA, S.A.;9028,50;USD;<null>;FOB  ;FOB  ;FOB  ;77;125;2025-11-15;2025-11-15;7288;BINTER TRADE LLC. (Dropship CR);-- N/A --;101515;2026-01-06;CR;LR251220HP;9028,00;false;false;CNY;EPA;OLO6;Transito;TCLU7913484;MSC;Contenedor 40 HC;ASTAO515321;12-12-25;12-12-25;13/10/2025;19-12-25;09-01-26;07-01-26;12-02-26;14-03-26;;3320;0;NAC;AIR SEA WORLDWIDE;0;0;N
6701128;865;HENAN LORY SANITARY WARE CO.,LTD.;89;2025-08-08;Directo CR - Consorcio Ferretero San Jose S.A;2262,00;USD;<null>;FOB  ;FOB  ;<null>;77;125;2026-03-15;2026-03-15;<null>;BINTER TRADE LLC. (Dropship Cofersa);<null>;<null>;<null>;CO;<null>;<null>;false;false;CNY;EPA;OLO6;Produccion;80001371-U3;0;Contenedor 40 HC;0;;;09/03/2026;;;;;;;0;0;0;AIR SEA WORLDWIDE;0;0;N
6701131;865;HENAN LORY SANITARY WARE CO.,LTD.;89;2025-08-08;Directo CR - Consorcio Ferretero San Jose S.A;6790,00;USD;<null>;FOB  ;FOB  ;FOB  ;77;125;2025-11-15;2025-11-15;7549;BINTER TRADE LLC. (Dropship Cofersa);-- N/A --;101801;2026-02-09;CO;6701131;6790,00;false;false;CNY;EPA;OLO6;Transito;MSDU7278565;MSC;Contenedor 40 HC;ASTAO515616;22-12-25;22-12-25;13/10/2025;02-01-26;18-01-26;11-01-26;20-02-26;14-03-26;;3720;0;NAC;AIR SEA WORLDWIDE;0;0;N
6701133;865;HENAN LORY SANITARY WARE CO.,LTD.;89;2025-08-08;Directo CR - FERRETERIA EPA, S.A.;8295,00;USD;<null>;FOB  ;FOB  ;FOB  ;77;125;2026-03-10;2026-03-10;<null>;BINTER TRADE LLC. (Dropship CR);<null>;<null>;<null>;CR;<null>;<null>;false;false;CNY;EPA;OLO6;Produccion;80001371-22;0;Contenedor 40 HC;0;;;09/03/2026;;;;;;;0;0;0;AIR SEA WORLDWIDE;0;0;N
6701138;865;HENAN LORY SANITARY WARE CO.,LTD.;89;2025-08-08;Directo CR - FERRETERIA EPA, S.A.;1505,00;USD;<null>;FOB  ;FOB  ;FOB  ;77;125;2025-11-15;2025-11-15;7527;BINTER TRADE LLC. (Dropship CR);-- N/A --;101779;2026-02-05;CR;6701138;1505,00;false;false;CNY;EPA;OLO6;Transito;MSDU7278565;MSC;Contenedor 40 HC;ASTAO515615;22-12-25;22-12-25;13/10/2025;02-01-26;18-01-26;11-01-26;20-02-26;14-03-26;;0;0;NAC;AIR SEA WORLDWIDE;0;0;N
6701139;865;HENAN LORY SANITARY WARE CO.,LTD.;89;2025-08-08;Directo SV - FERRETERIA EPA, S.A. DE C.V.;8295,00;USD;<null>;FOB  ;FOB  ;FOB  ;77;122;2025-11-15;2025-11-15;<null>;BINTER TRADE LLC. (Dropship SV);<null>;<null>;<null>;SV;<null>;<null>;false;false;CNY;EPA;OLO6;Booking;80001371-28;CMA CGM;Contenedor 40 HC;0;19-12-25;19-12-25;13/10/2025;27-12-25;20-03-26;;;;;3499;0;0;SPARX;0;0;N
6701141;865;HENAN LORY SANITARY WARE CO.,LTD.;89;2025-08-08;Directo SV - FERRETERIA EPA, S.A. DE C.V.;8295,00;USD;<null>;FOB  ;FOB  ;FOB  ;77;122;2025-11-15;2025-11-15;<null>;BINTER TRADE LLC. (Dropship SV);<null>;<null>;<null>;SV;<null>;<null>;false;false;CNY;EPA;OLO6;Booking;80001371-30;CMA CGM;Contenedor 40 HC;0;19-12-25;19-12-25;13/10/2025;27-12-25;20-03-26;;;;;3499;0;0;SPARX;0;0;N
6701142;865;HENAN LORY SANITARY WARE CO.,LTD.;89;2025-08-08;Directo CR - FERRETERIA EPA, S.A.;9028,50;USD;<null>;FOB  ;FOB  ;FOB  ;77;125;2026-03-10;2026-03-10;<null>;BINTER TRADE LLC. (Dropship CR);<null>;<null>;<null>;CR;<null>;<null>;false;false;CNY;EPA;OLO6;Produccion;80001371-31;0;Contenedor 40 HC;0;;;09/03/2026;;;;;;;0;0;0;AIR SEA WORLDWIDE;0;0;N
6701144;865;HENAN LORY SANITARY WARE CO.,LTD.;89;2025-08-08;Directo SV - FERRETERIA EPA, S.A. DE C.V.;8295,00;USD;<null>;FOB  ;FOB  ;FOB  ;77;122;2025-11-15;2025-11-15;<null>;BINTER TRADE LLC. (Dropship SV);<null>;<null>;<null>;SV;<null>;<null>;false;false;CNY;EPA;OLO6;Booking;80001371-33;CMA CGM;Contenedor 40 HC;0;19-12-25;19-12-25;13/10/2025;27-12-25;20-03-26;;;;;3499;0;0;SPARX;0;0;N
6701145;865;HENAN LORY SANITARY WARE CO.,LTD.;89;2025-08-08;Directo SV - FERRETERIA EPA, S.A. DE C.V.;8295,00;USD;<null>;FOB  ;FOB  ;FOB  ;77;122;2026-03-10;2026-03-10;<null>;BINTER TRADE LLC. (Dropship SV);<null>;<null>;<null>;SV;<null>;<null>;false;false;CNY;EPA;OLO6;Produccion;80001371-34;0;Contenedor 40 HC;0;;;09/03/2026;;;;;;;0;0;0;SPARX;0;0;N
6701146;865;HENAN LORY SANITARY WARE CO.,LTD.;89;2025-08-08;Directo SV - FERRETERIA EPA, S.A. DE C.V.;8295,00;USD;<null>;FOB  ;FOB  ;FOB  ;77;122;2026-03-10;2026-03-10;<null>;BINTER TRADE LLC. (Dropship SV);<null>;<null>;<null>;SV;<null>;<null>;false;false;CNY;EPA;OLO6;Produccion;80001371-35;0;Contenedor 40 HC;0;;;09/03/2026;;;;;;;0;0;0;SPARX;0;0;N
6701147;865;HENAN LORY SANITARY WARE CO.,LTD.;89;2025-08-08;Directo CR - FERRETERIA EPA, S.A. DE C.V.;9028,50;USD;<null>;FOB  ;FOB  ;FOB  ;77;122;2025-11-15;2025-11-15;7329;BINTER TRADE LLC. (Dropship CR);-- N/A --;101554;2026-01-09;CR;LR251221HP;9028,00;false;false;CNY;EPA;OLO6;Transito;TCNU1259075;MSC;Contenedor 40 HC;HTAO00015985;16-12-25;16-01-26;13/10/2025;26-12-25;16-01-26;07-01-26;20-02-26;14-03-26;;3750;0;NAC;SPARX;0;0;N
6701148;865;HENAN LORY SANITARY WARE CO.,LTD.;89;2025-08-08;Directo SV - FERRETERIA EPA, S.A. DE C.V.;9028,50;USD;<null>;FOB  ;FOB  ;FOB  ;77;122;2026-03-10;2026-03-10;<null>;BINTER TRADE LLC. (Dropship SV);<null>;<null>;<null>;SV;<null>;<null>;false;false;CNY;EPA;OLO6;Produccion;80001371-37;0;Contenedor 40 HC;0;;;09/03/2026;;;;;;;0;0;0;SPARX;0;0;N
6701149;865;HENAN LORY SANITARY WARE CO.,LTD.;89;2025-08-08;Directo SV - FERRETERIA EPA, S.A. DE C.V.;9028,50;USD;<null>;FOB  ;FOB  ;FOB  ;77;122;2026-03-10;2026-03-10;<null>;BINTER TRADE LLC. (Dropship SV);<null>;<null>;<null>;SV;<null>;<null>;false;false;CNY;EPA;OLO6;Produccion;80001371-38;0;Contenedor 40 HC;0;;;09/03/2026;;;;;;;0;0;0;SPARX;0;0;N
6701159;865;HENAN LORY SANITARY WARE CO.,LTD.;89;2025-08-08;Directo GT - FERRETERIA EPA, C.A.;8295,00;USD;<null>;FOB  ;CIF  ;FOB  ;77;127;2025-11-15;2025-11-15;<null>;BINTER TRADE LLC. (Dropship MUNDIAL ELECTRICO VE);<null>;<null>;<null>;GT;<null>;<null>;false;false;CNY;EPA;OLO6;Transito;UETU7181176;CMA CGM;Contenedor 40 HC;BJPBL2500095A;10-12-25;10-12-25;13/10/2025;19-12-25;28-12-25;08-03-26;27-03-26;27-03-26;;7018,44;IOLFT25-960;FAK;IN OCEAN;0;0;N
6701162;865;HENAN LORY SANITARY WARE CO.,LTD.;89;2025-08-08;Directo GT - FERRETERIA EPA, S.A. (Guatemala);9028,50;USD;<null>;FOB  ;FOB  ;FOB  ;77;127;2026-03-15;2026-03-15;<null>;BINTER TRADE LLC. (Dropship GT);<null>;<null>;<null>;GT;<null>;<null>;false;false;CNY;EPA;OLO6;Produccion;80001371-51;0;Contenedor 40 HC;0;;;09/03/2026;;;;;;;0;0;0;SPARX;0;0;N
6701163;865;HENAN LORY SANITARY WARE CO.,LTD.;89;2025-08-08;Directo GT - FERRETERIA EPA, S.A. (Guatemala);8295,00;USD;<null>;FOB  ;FOB  ;FOB  ;77;127;2026-03-15;2026-03-15;<null>;BINTER TRADE LLC. (Dropship GT);<null>;<null>;<null>;GT;<null>;<null>;false;false;CNY;EPA;OLO6;Produccion;80001371-52;0;Contenedor 40 HC;0;;;09/03/2026;;;;;;;0;0;0;SPARX;0;0;N
6701164;865;HENAN LORY SANITARY WARE CO.,LTD.;89;2025-08-08;Directo GT - FERRETERIA EPA, S.A. (Guatemala);9028,50;USD;<null>;FOB  ;FOB  ;FOB  ;77;127;2026-03-15;2026-03-15;<null>;BINTER TRADE LLC. (Dropship GT);<null>;<null>;<null>;GT;<null>;<null>;false;false;CNY;EPA;OLO6;Produccion;80001371-53;0;Contenedor 40 HC;0;;;09/03/2026;;;;;;;0;0;0;SPARX;0;0;N
6701169;865;HENAN LORY SANITARY WARE CO.,LTD.;89;2025-08-08;Directo VE - FERRETERIA EPA, C.A.;9028,50;USD;<null>;FOB  ;FOB  ;FOB  ;77;116;2025-11-15;2025-11-15;<null>;BINTER TRADE LLC. (Dropship EPA - VE) ;<null>;<null>;<null>;VE;<null>;<null>;false;false;CNY;EPA;OLO6;Produccion;80001371-58;0;Contenedor 40 HC;0;;;13/10/2025;17-01-26;21-03-26;;;;;0;0;0;IN OCEAN;0;0;N
6701170;865;HENAN LORY SANITARY WARE CO.,LTD.;89;2025-08-08;Directo VE - FERRETERIA EPA, C.A.;9028,50;USD;<null>;FOB  ;FOB  ;FOB  ;77;116;2025-11-15;2025-11-15;<null>;BINTER TRADE LLC. (Dropship EPA - VE) ;<null>;<null>;<null>;VE;<null>;<null>;false;false;CNY;EPA;OLO6;Produccion;80001371-59;0;Contenedor 40 HC;0;;;13/10/2025;17-01-26;21-03-26;;;;;0;0;0;IN OCEAN;0;0;N
6701171;865;HENAN LORY SANITARY WARE CO.,LTD.;89;2025-08-08;Directo VE - FERRETERIA EPA, C.A.;9028,50;USD;<null>;FOB  ;FOB  ;FOB  ;77;116;2026-03-10;2026-03-10;<null>;BINTER TRADE LLC. (Dropship EPA - VE) ;<null>;<null>;<null>;VE;<null>;<null>;false;false;CNY;EPA;OLO6;Produccion;80001371-60;0;Contenedor 40 HC;0;;;09/03/2026;;;;;;;0;0;0;IN OCEAN;0;0;N
6701172;865;HENAN LORY SANITARY WARE CO.,LTD.;89;2025-08-08;Directo VE - FERRETERIA EPA, C.A.;9028,50;USD;<null>;FOB  ;FOB  ;FOB  ;77;116;2026-03-10;2026-03-10;<null>;BINTER TRADE LLC. (Dropship EPA - VE) ;<null>;<null>;<null>;VE;<null>;<null>;false;false;CNY;EPA;OLO6;Produccion;80001371-61;0;Contenedor 40 HC;0;;;09/03/2026;;;;;;;0;0;0;IN OCEAN;0;0;N
6701173;865;HENAN LORY SANITARY WARE CO.,LTD.;89;2025-08-08;Directo GT - FERRETERIA EPA, S.A. (Guatemala);8295,00;USD;<null>;FOB  ;FOB  ;FOB  ;77;127;2026-03-10;2026-03-10;<null>;BINTER TRADE LLC. (Dropship GT);<null>;<null>;<null>;GT;<null>;<null>;false;false;CNY;EPA;OLO6;Produccion;80001371-62;0;Contenedor 40 HC;0;;;09/03/2026;;;;;;;0;0;0;SPARX;0;0;N
6701174;865;HENAN LORY SANITARY WARE CO.,LTD.;89;2025-08-08;Directo GT - FERRETERIA EPA, S.A. (Guatemala);9028,50;USD;<null>;FOB  ;FOB  ;FOB  ;77;127;2026-03-10;2026-03-10;<null>;BINTER TRADE LLC. (Dropship GT);<null>;<null>;<null>;GT;<null>;<null>;false;false;CNY;EPA;OLO6;Produccion;80001371-63;0;Contenedor 40 HC;0;;;09/03/2026;;;;;;;0;0;0;SPARX;0;0;N
6701175;865;HENAN LORY SANITARY WARE CO.,LTD.;89;2025-08-08;Directo VE - FERRETERIA EPA, C.A.;9028,50;USD;<null>;FOB  ;FOB  ;FOB  ;77;116;2026-03-10;2026-03-10;<null>;BINTER TRADE LLC. (Dropship EPA - VE) ;<null>;<null>;<null>;VE;<null>;<null>;false;false;CNY;EPA;OLO6;Produccion;80001371-64;0;Contenedor 40 HC;0;;;09/03/2026;;;;;;;0;0;0;IN OCEAN;0;0;N
6701182;865;HENAN LORY SANITARY WARE CO.,LTD.;89;2025-08-08;Directo VE - Febeca, C.A.;8295,00;USD;<null>;FOB  ;CIF  ;FOB  ;77;116;2025-11-22;2025-11-22;7299;BINTER TRADE LLC. (Dropship FEBECA - VE) ;-- N/A --;101524;2026-01-06;FE;LR251213HP-1;8295,00;false;false;MIXTO;EPA;OLO6;Transito;TCNU3450650;CMA CGM;Contenedor 40 HC;BJPBL2500095B;10-12-25;10-12-25;13/10/2025;19-12-25;28-12-25;22-12-25;25-02-26;17-02-26;;6812,72;IOLFT25-960;FAK;IN OCEAN;0;0;N
6701183;865;HENAN LORY SANITARY WARE CO.,LTD.;89;2025-08-08;Directo VE - Febeca, C.A.;9240,00;USD;<null>;FOB  ;FOB  ;<null>;77;116;2025-11-22;2025-11-22;<null>;BINTER TRADE LLC. (Dropship FEBECA - VE) ;<null>;<null>;<null>;FE;<null>;<null>;false;false;CNY;EPA;OLO6;Produccion;80001394-8;0;Contenedor 40 HC;0;;;13/10/2025;27-12-25;21-03-26;;;;;0;0;0;IN OCEAN;0;0;N
6701184;865;HENAN LORY SANITARY WARE CO.,LTD.;89;2025-08-08;Directo VE - Febeca, C.A.;9240,00;USD;<null>;FOB  ;FOB  ;<null>;77;116;2025-11-22;2025-11-22;<null>;BINTER TRADE LLC. (Dropship FEBECA - VE) ;<null>;<null>;<null>;FE;<null>;<null>;false;false;CNY;EPA;OLO6;Produccion;80001394-9;0;Contenedor 40 HC;0;;;13/10/2025;27-12-25;21-03-26;;;;;0;0;0;IN OCEAN;0;0;N
6701185;865;HENAN LORY SANITARY WARE CO.,LTD.;89;2025-08-08;Directo VE - Febeca, C.A.;9240,00;USD;<null>;FOB  ;FOB  ;<null>;77;116;2025-11-22;2025-11-22;<null>;BINTER TRADE LLC. (Dropship FEBECA - VE) ;<null>;<null>;<null>;FE;<null>;<null>;false;false;CNY;EPA;OLO6;Produccion;80001394-10;0;Contenedor 40 HC;0;;;13/10/2025;27-12-25;21-03-26;;;;;0;0;0;IN OCEAN;0;0;N
6701186;865;HENAN LORY SANITARY WARE CO.,LTD.;89;2025-08-08;Directo VE - FERRETERIA EPA, C.A.;9240,00;USD;<null>;FOB  ;FOB  ;FOB  ;77;116;2025-11-22;2025-11-22;<null>;BINTER TRADE LLC. (Dropship EPA - VE) ;<null>;<null>;<null>;FE;<null>;<null>;false;false;CNY;EPA;OLO6;Produccion;80001394-11;0;Contenedor 40 HC;0;;;13/10/2025;06-12-25;21-03-26;;;;;0;0;0;IN OCEAN;0;0;N
6701187;865;HENAN LORY SANITARY WARE CO.,LTD.;89;2025-08-08;Directo VE - Febeca, C.A.;9240,00;USD;<null>;FOB  ;FOB  ;<null>;77;116;2025-11-22;2025-11-22;<null>;BINTER TRADE LLC. (Dropship FEBECA - VE) ;<null>;<null>;<null>;FE;<null>;<null>;false;false;CNY;EPA;OLO6;Produccion;80001394-12;0;Contenedor 40 HC;0;;;13/10/2025;27-12-25;21-03-26;;;;;0;0;0;IN OCEAN;0;0;N
6701188;865;HENAN LORY SANITARY WARE CO.,LTD.;89;2025-08-08;Directo VE - Febeca, C.A.;9240,00;USD;<null>;FOB  ;FOB  ;<null>;77;116;2026-03-10;2026-03-10;<null>;BINTER TRADE LLC. (Dropship FEBECA - VE) ;<null>;<null>;<null>;FE;<null>;<null>;false;false;CNY;EPA;OLO6;Produccion;80001394-13;0;Contenedor 40 HC;0;;;09/03/2026;;;;;;;0;0;0;IN OCEAN;0;0;N
6701189;865;HENAN LORY SANITARY WARE CO.,LTD.;89;2025-08-08;Directo VE - Febeca, C.A.;9240,00;USD;<null>;FOB  ;FOB  ;<null>;77;116;2026-03-03;2026-03-03;<null>;BINTER TRADE LLC. (Dropship FEBECA - VE) ;<null>;<null>;<null>;FE;<null>;<null>;false;false;CNY;EPA;OLO6;Produccion;80001394-14;0;Contenedor 40 HC;0;;;;;;;;;;0;0;0;0;0;0;N
6701191;865;HENAN LORY SANITARY WARE CO.,LTD.;89;2025-08-08;Directo VE - Febeca, C.A.;9240,00;USD;<null>;FOB  ;FOB  ;<null>;77;116;2026-03-10;2026-03-10;<null>;BINTER TRADE LLC. (Dropship FEBECA - VE) ;<null>;<null>;<null>;FE;<null>;<null>;false;false;CNY;EPA;OLO6;Produccion;80001394-16;0;Contenedor 40 HC;0;;;09/03/2026;;;;;;;0;0;0;IN OCEAN;0;0;N
6701194;865;HENAN LORY SANITARY WARE CO.,LTD.;89;2025-08-08;Directo VE - Febeca, C.A.;9240,00;USD;<null>;FOB  ;CIF  ;<null>;77;116;2025-12-15;2025-12-15;<null>;BINTER TRADE LLC. (Dropship FEBECA - VE) ;<null>;<null>;<null>;FE;<null>;<null>;false;false;CNY;EPA;OLO6;Produccion;80001394-19;0;Contenedor 40 HC;0;;;13/10/2025;27-12-25;21-03-26;;;;;0;0;0;IN OCEAN;0;0;N
6701195;865;HENAN LORY SANITARY WARE CO.,LTD.;89;2025-08-08;Directo VE - Febeca, C.A.;9240,00;USD;<null>;FOB  ;FOB  ;<null>;77;116;2025-11-12;2025-11-12;<null>;BINTER TRADE LLC. (Dropship FEBECA - VE) ;<null>;<null>;<null>;FE;<null>;<null>;false;false;CNY;EPA;OLO6;Produccion;80001394-20;0;Contenedor 40 HC;0;;;13/10/2025;17-01-26;21-03-26;;;;;0;0;0;IN OCEAN;0;0;N
6701196;865;HENAN LORY SANITARY WARE CO.,LTD.;89;2025-08-08;Directo VE - FERRETERIA EPA, C.A.;9240,00;USD;<null>;FOB  ;FOB  ;FOB  ;77;116;2025-11-22;2025-11-22;<null>;BINTER TRADE LLC. (Dropship FEBECA - VE) ;<null>;<null>;<null>;VE;<null>;<null>;false;false;CNY;EPA;OLO6;Produccion;80001394-21;0;Contenedor 40 HC;0;;;13/10/2025;17-01-26;21-03-26;;;;;0;0;0;IN OCEAN;0;0;N
6701197;865;HENAN LORY SANITARY WARE CO.,LTD.;89;2025-08-08;Directo VE - Febeca, C.A.;9240,00;USD;<null>;FOB  ;FOB  ;<null>;77;116;2026-03-10;2026-03-10;<null>;BINTER TRADE LLC. (Dropship FEBECA - VE) ;<null>;<null>;<null>;VE;<null>;<null>;false;false;CNY;EPA;OLO6;Produccion;80001394-22;0;Contenedor 40 HC;0;;;09/03/2026;;;;;;;0;0;0;IN OCEAN;0;0;N
6701198;865;HENAN LORY SANITARY WARE CO.,LTD.;89;2025-08-08;Directo VE - FERRETERIA EPA, C.A.;9240,00;USD;<null>;FOB  ;FOB  ;FOB  ;77;116;2026-03-10;2026-03-10;<null>;BINTER TRADE LLC. (Dropship FEBECA - VE) ;<null>;<null>;<null>;VE;<null>;<null>;false;false;CNY;EPA;OLO6;Produccion;80001394-23;0;Contenedor 40 HC;0;;;09/03/2026;;;;;;;0;0;0;IN OCEAN;0;0;N
6701203;329;TAIZHOU BAOLI LEISURE PRODUCTS CO.,LTD                     ;85;2025-08-14;Directo CR - Consorcio Ferretero San Jose S.A;12680,50;USD;<null>;FOB  ;FOB  ;FOB  ;71;125;2026-03-02;2026-03-02;<null>;BINTER TRADE LLC. (Dropship Cofersa);<null>;<null>;<null>;COF Julio 25 CNY #2;<null>;<null>;false;true;CNY;EPA;OLO6;Booking;VTCN600734;HAPAG LLOYD;Contenedor 40 HC;0;26-02-26;26-02-26;16/02/2026;17-03-26;24-03-26;;;;;0;0;0;SPARX;0;0;N
6701207;463;HANGZHOU ANAKO IMPORT AND EXPORT CO.,LTD                   ;82;2025-08-14;ZF - OVERSEAS LOGISTICS OPERATIONS;11660,46;USD;<null>;FOB  ;FOB  ;FOB  ;91;125;2025-09-22;2025-09-22;7295;BINTER TRADE LLC. (ZF);;<null>;<null>;ZF;ANK202545-2;11660,46;false;false;CNY;EPA;OLO6;Alm. Fiscal;JXLU6166004;HAPAG LLOYD;Contenedor 40ft;ASXMN503735;21-11-25;25-11-25;02/10/2025;10-12-25;22-12-25;10-12-25;30-01-26;07-02-26;;0;0;NAC;AIR SEA WORLDWIDE;16-02-26;0;Y
6701208;462;HANGZHOU ANAKO IMPORT AND EXPORT CO.,LTD                   ;82;2025-08-14;ZF - OVERSEAS LOGISTICS OPERATIONS;21142,88;USD;<null>;FOB  ;FOB  ;FOB  ;91;125;2025-10-06;2025-10-06;7469;BINTER TRADE LLC. (ZF);;<null>;<null>;ZF;ANK202546-1;21142,88;false;false;CNY;EPA;OLO6;Puerto;FANU3427610;HAPAG LLOYD;Contenedor 40ft;ASXMN503915;10-12-25;10-12-25;21/10/2025;24-12-25;31-12-25;25-12-25;13-02-26;09-03-26;03-03-26;3320;0;NAC;AIR SEA WORLDWIDE;0;0;N
6701209;463;HANGZHOU ANAKO IMPORT AND EXPORT CO.,LTD                   ;82;2025-08-14;ZF - OVERSEAS LOGISTICS OPERATIONS;12457,82;USD;<null>;FOB  ;FOB  ;FOB  ;91;125;2025-10-06;2025-10-06;7469;BINTER TRADE LLC. (ZF);;<null>;<null>;ZF;ANK202546-2;12457,82;false;false;CNY;EPA;OLO6;Puerto;FANU3427610;HAPAG LLOYD;Contenedor 40ft;ASXMN503915;10-12-25;10-12-25;21/10/2025;24-12-25;31-12-25;25-12-25;13-02-26;09-03-26;03-03-26;0;0;NAC;AIR SEA WORLDWIDE;0;0;N
6701210;462;HANGZHOU ANAKO IMPORT AND EXPORT CO.,LTD                   ;82;2025-08-14;ZF - OVERSEAS LOGISTICS OPERATIONS;21106,66;USD;<null>;FOB  ;FOB  ;FOB  ;91;125;2025-10-20;2025-10-20;7455;BINTER TRADE LLC. (ZF);;<null>;<null>;ZF;ANK202547-1;21060,95;false;false;CNY;EPA;OLO6;Puerto;HAMU3257928;HAPAG LLOYD;Contenedor 40ft;ASXMN503979;15-12-25;15-12-25;21/10/2025;31-12-25;14-01-26;03-01-26;20-02-26;27-02-26;03-03-26;3320;0;NAC;AIR SEA WORLDWIDE;0;0;N
6701211;463;HANGZHOU ANAKO IMPORT AND EXPORT CO.,LTD                   ;82;2025-08-14;ZF - OVERSEAS LOGISTICS OPERATIONS;13906,04;USD;<null>;FOB  ;FOB  ;FOB  ;91;125;2025-10-20;2025-10-20;7455;BINTER TRADE LLC. (ZF);;<null>;<null>;ZF;ANK202547-2;13906,04;false;false;CNY;EPA;OLO6;Puerto;HAMU3257928;HAPAG LLOYD;Contenedor 40ft;ASXMN503979;15-12-25;15-12-25;21/10/2025;31-12-25;14-01-26;03-01-26;20-02-26;27-02-26;03-03-26;0;0;NAC;AIR SEA WORLDWIDE;0;0;N
6701221;329;TAIZHOU BAOLI LEISURE PRODUCTS CO.,LTD                     ;85;2025-08-14;Directo CR - FERRETERIA EPA, S.A.;14791,00;USD;<null>;FOB  ;FOB  ;FOB  ;71;125;2026-03-01;2026-03-01;<null>;BINTER TRADE LLC. (Dropship CR);<null>;<null>;<null>;CR Julio 25 CNY #10;<null>;<null>;false;true;CNY;EPA;OLO6;Booking;80001392-10;HAPAG LLOYD;Contenedor 40 HC;0;26-02-26;26-02-26;16/02/2026;17-03-26;24-03-26;;;;;0;0;0;SPARX;0;0;N
6701222;329;TAIZHOU BAOLI LEISURE PRODUCTS CO.,LTD                     ;85;2025-08-14;Directo CR - FERRETERIA EPA, S.A.;14892,80;USD;<null>;FOB  ;FOB  ;FOB  ;71;125;2026-03-01;2026-03-01;<null>;BINTER TRADE LLC. (Dropship CR);<null>;<null>;<null>;CR Julio 25 CNY #11;<null>;<null>;false;true;CNY;EPA;OLO6;Booking;80001392-11;HAPAG LLOYD;Contenedor 40 HC;0;26-02-26;26-02-26;16/02/2026;25-03-26;25-03-26;;;;;0;0;0;SPARX;0;0;N
6701223;329;TAIZHOU BAOLI LEISURE PRODUCTS CO.,LTD                     ;85;2025-08-14;Directo CR - FERRETERIA EPA, S.A.;14484,40;USD;<null>;FOB  ;FOB  ;FOB  ;71;125;2026-03-07;2026-03-07;<null>;BINTER TRADE LLC. (Dropship CR);<null>;<null>;<null>;CR Julio 25 CNY #12;<null>;<null>;false;true;CNY;EPA;OLO6;Booking;80001392-12;HAPAG LLOYD;Contenedor 40 HC;0;26-02-26;26-02-26;16/02/2026;25-03-26;25-03-26;;;;;0;0;0;SPARX;0;0;N
6701224;329;TAIZHOU BAOLI LEISURE PRODUCTS CO.,LTD                     ;85;2025-08-14;Directo CR - FERRETERIA EPA, S.A.;14264,20;USD;<null>;FOB  ;FOB  ;FOB  ;71;125;2026-03-07;2026-03-07;<null>;BINTER TRADE LLC. (Dropship CR);<null>;<null>;<null>;CR Julio 25 CNY #13;<null>;<null>;true;true;CNY;EPA;OLO6;Booking;TCKU 6461994;HAPAG LLOYD;Contenedor 40 HC;HNGB00071302;26-02-26;26-02-26;16/02/2026;25-03-26;25-03-26;;;;;0;0;0;SPARX;0;0;N
6701243;329;TAIZHOU BAOLI LEISURE PRODUCTS CO.,LTD                     ;85;2025-08-14;Directo GT - FERRETERIA EPA, S.A. (Guatemala);17481,70;USD;<null>;FOB  ;FOB  ;FOB  ;71;127;2026-03-07;2026-03-07;<null>;BINTER TRADE LLC. (Dropship GT);<null>;<null>;<null>;GT Julio 25 CNY #19;<null>;<null>;true;false;CNY;EPA;OLO6;Booking;80001392-36;HAPAG LLOYD;Contenedor 40 HC;0;26-02-26;26-02-26;16/02/2026;25-03-26;25-03-26;;;;;0;0;0;SPARX;0;0;N
6701244;329;TAIZHOU BAOLI LEISURE PRODUCTS CO.,LTD                     ;85;2025-08-14;Directo GT - FERRETERIA EPA, S.A. (Guatemala);17579,50;USD;<null>;FOB  ;FOB  ;FOB  ;71;127;2026-03-07;2026-03-07;<null>;BINTER TRADE LLC. (Dropship GT);<null>;<null>;<null>;GT Julio 25 CNY #20;<null>;<null>;true;false;CNY;EPA;OLO6;Booking;FANU 3008212;HAPAG LLOYD;Contenedor 40 HC;HNGB00071216;26-02-26;26-02-26;16/02/2026;17-03-26;26-03-26;;;;;0;0;0;SPARX;0;0;N
6701255;329;TAIZHOU BAOLI LEISURE PRODUCTS CO.,LTD                     ;85;2025-08-14;Directo SV - FERRETERIA EPA, S.A. DE C.V.;17317,60;USD;<null>;FOB  ;FOB  ;FOB  ;71;122;2026-03-07;2026-03-07;<null>;BINTER TRADE LLC. (Dropship SV);<null>;<null>;<null>;SV Julio 25 CNY #7;<null>;<null>;false;false;CNY;EPA;OLO6;Booking;80001392-48;CMA CGM;Contenedor 40 HC;0;26-02-26;26-02-26;12/02/2026;25-03-26;25-03-26;;;;;0;0;0;SPARX;0;0;N
6701256;329;TAIZHOU BAOLI LEISURE PRODUCTS CO.,LTD                     ;85;2025-08-14;Directo SV - FERRETERIA EPA, S.A. DE C.V.;17317,60;USD;<null>;FOB  ;FOB  ;FOB  ;71;122;2026-03-07;2026-03-07;<null>;BINTER TRADE LLC. (Dropship SV);<null>;<null>;<null>;SV Julio 25 CNY #8;<null>;<null>;false;false;CNY;EPA;OLO6;Booking;80001392-49;CMA CGM;Contenedor 40 HC;0;26-02-26;26-02-26;12/02/2026;25-03-26;25-03-26;;;;;0;0;0;SPARX;0;0;N
6701257;329;TAIZHOU BAOLI LEISURE PRODUCTS CO.,LTD                     ;85;2025-08-14;Directo SV - FERRETERIA EPA, S.A. DE C.V.;17351,80;USD;<null>;FOB  ;FOB  ;FOB  ;71;122;2026-03-14;2026-03-14;<null>;BINTER TRADE LLC. (Dropship SV);<null>;<null>;<null>;SV Julio 25 CNY #9;<null>;<null>;true;false;CNY;EPA;OLO6;Booking;80001392-50;CMA CGM;Contenedor 40 HC;0;26-02-26;26-02-26;12/02/2026;25-03-26;25-03-26;;;;;0;0;0;SPARX;0;0;N
6701258;329;TAIZHOU BAOLI LEISURE PRODUCTS CO.,LTD                     ;85;2025-08-14;Directo SV - FERRETERIA EPA, S.A. DE C.V.;17584,20;USD;<null>;FOB  ;FOB  ;FOB  ;71;122;2026-03-14;2026-03-14;<null>;BINTER TRADE LLC. (Dropship SV);<null>;<null>;<null>;SV Julio 25 CNY #10;<null>;<null>;true;false;CNY;EPA;OLO6;Booking;80001392-51;CMA CGM;Contenedor 40 HC;0;26-02-26;26-02-26;12/02/2026;25-03-26;25-03-26;;;;;0;0;0;SPARX;0;0;N
6701260;329;TAIZHOU BAOLI LEISURE PRODUCTS CO.,LTD                     ;85;2025-08-14;Directo VE - FERRETERIA EPA, C.A.;15694,60;USD;<null>;FOB  ;CIF  ;FOB  ;71;116;2026-03-07;2026-03-07;<null>;BINTER TRADE LLC. (Dropship EPA - VE) ;<null>;<null>;<null>;VZ Julio 25 CNY #2;<null>;<null>;false;false;CNY;EPA;OLO6;Booking;80001392-53;CMA CGM;Contenedor 40 HC;0;02-03-26;02-03-26;16/02/2026;22-03-26;22-03-26;;;;;5460;0;0;IN OCEAN;0;0;N
6701261;329;TAIZHOU BAOLI LEISURE PRODUCTS CO.,LTD                     ;85;2025-08-14;Directo VE - FERRETERIA EPA, C.A.;15694,60;USD;<null>;FOB  ;CIF  ;FOB  ;71;116;2026-03-07;2026-03-07;<null>;BINTER TRADE LLC. (Dropship EPA - VE) ;<null>;<null>;<null>;VZ Julio 25 CNY #3;<null>;<null>;false;false;CNY;EPA;OLO6;Booking;80001392-54;CMA CGM;Contenedor 40 HC;0;02-03-26;02-03-26;16/02/2026;22-03-26;22-03-26;;;;;5460;0;0;IN OCEAN;0;0;N
6701277;866;NINGBO AOTIAN ELECTRICAL APPLIANCES CO L;83;2025-08-19;Directo CR - FERRETERIA EPA, S.A.;12679,00;USD;<null>;FOB  ;FOB  ;FOB  ;47;125;2026-01-01;2026-01-01;7512;BINTER TRADE LLC. (Dropship CR);-- N/A --;101763;2026-02-02;PI3CR+VE;CF25-6701277;12679,00;false;true;CNY;EPA;OLO6;Transito;MSMU8236405;MSC;Contenedor 40 HC;HNGB00070630;08-01-26;08-01-26;06/01/2026;23-01-26;06-02-26;19-01-26;24-02-26;14-03-26;;3750;0;NAC;SPARX;0;0;N
6701278;866;NINGBO AOTIAN ELECTRICAL APPLIANCES CO L;83;2025-08-19;ZF - OVERSEAS LOGISTICS OPERATIONS;5499,00;USD;<null>;FOB  ;<null>;<null>;47;125;2026-01-01;2026-01-01;7526;BINTER TRADE LLC. (ZF);;<null>;<null>;PI3CR+VE;CF25-6707278;5499,00;true;false;CNY;EPA;OLO6;Transito;MSMU8236405;MSC;Contenedor 40 HC;HNGB00070631;08-01-26;08-01-26;06/01/2026;23-01-26;06-02-26;19-01-26;24-02-26;14-03-26;;0;0;NAC;SPARX;0;0;N
6701281;866;NINGBO AOTIAN ELECTRICAL APPLIANCES CO L;83;2025-08-19;Directo SV - FERRETERIA EPA, S.A. DE C.V.;21785,60;USD;<null>;FOB  ;FOB  ;FOB  ;47;122;2025-12-15;2025-12-15;7298;BINTER TRADE LLC. (Dropship SV);-- N/A --;101523;2026-01-06;PI6SV;CF25-6701281;21785,60;true;false;CNY;EPA;OLO6;Transito;CAAU5685030;HAPAG LLOYD;Contenedor 40 HC;ASNGB512759;04-12-25;04-12-25;03/12/2025;21-12-25;28-12-25;22-12-25;30-01-26;03-02-26;;3420;0;NAC;AIR SEA WORLDWIDE;0;0;N
6701282;866;NINGBO AOTIAN ELECTRICAL APPLIANCES CO L;83;2025-08-19;Directo SV - FERRETERIA EPA, S.A. DE C.V.;21785,60;USD;<null>;FOB  ;FOB  ;FOB  ;47;122;2026-01-01;2026-01-01;7523;BINTER TRADE LLC. (Dropship SV);-- N/A --;101771;2026-02-02;PI7SV;CF25-6701282;21785,60;true;false;CNY;EPA;OLO6;Transito;TEMU7139170;CMA CGM;Contenedor 40 HC;HNGB00070661;09-01-26;09-01-26;06/01/2026;16-01-26;04-02-26;21-01-26;06-03-26;06-03-26;;3350;0;NAC;SPARX;0;0;N
6701286;865;HENAN LORY SANITARY WARE CO.,LTD.;89;2025-08-20;Directo VE - Febeca, C.A.;8277,50;USD;<null>;FOB  ;FOB  ;<null>;77;121;2026-03-15;2026-03-15;<null>;BINTER TRADE LLC. (Dropship FEBECA - VE) ;<null>;<null>;<null>;dif fe 1;<null>;<null>;false;false;CNY;EPA;OLO6;Produccion;VTCN600738;0;Contenedor 40 HC;0;;;09/03/2026;;;;;;;0;0;0;IN OCEAN;0;0;N
6701287;865;HENAN LORY SANITARY WARE CO.,LTD.;89;2025-08-20;Directo VE - Febeca, C.A.;8277,50;USD;<null>;FOB  ;FOB  ;<null>;77;121;2026-03-15;2026-03-15;<null>;BINTER TRADE LLC. (Dropship FEBECA - VE) ;<null>;<null>;<null>;dif fe 2;<null>;<null>;false;false;CNY;EPA;OLO6;Produccion;VTCN600739;0;Contenedor 40 HC;0;;;09/03/2026;;;;;;;0;0;0;IN OCEAN;0;0;N
6701288;865;HENAN LORY SANITARY WARE CO.,LTD.;89;2025-08-20;Directo VE - Febeca, C.A.;8295,00;USD;<null>;FOB  ;FOB  ;<null>;77;121;2026-03-15;2026-03-15;<null>;BINTER TRADE LLC. (Dropship FEBECA - VE) ;<null>;<null>;<null>;dif feb 3;<null>;<null>;false;false;CNY;EPA;OLO6;Produccion;VTCN600740;0;Contenedor 40 HC;0;;;09/03/2026;;;;;;;0;0;0;IN OCEAN;0;0;N
6701292;329;TAIZHOU BAOLI LEISURE PRODUCTS CO.,LTD                     ;85;2025-08-21;Directo GT - FERRETERIA EPA, S.A. (Guatemala);19140,00;USD;<null>;FOB  ;FOB  ;FOB  ;71;127;2026-03-01;2026-03-01;7643;BINTER TRADE LLC. (Dropship GT);-- N/A --;101903;2026-03-09;Pedido Extra GT CNY 25 Dinámica #4;BLN26D008;19140,00;false;false;PROMOCIÓN;EPA;OLO6;Transito;TRLU7576130;CMA CGM;Contenedor 40 HC;HNGB00071274;26-02-26;26-02-26;;09-03-26;16-03-26;11-03-26;23-04-26;23-04-26;;4500;0;NAC;SPARX;0;0;N
6701293;329;TAIZHOU BAOLI LEISURE PRODUCTS CO.,LTD                     ;85;2025-08-21;Directo GT - FERRETERIA EPA, S.A. (Guatemala);19140,00;USD;<null>;FOB  ;FOB  ;FOB  ;71;127;2026-03-01;2026-03-01;<null>;BINTER TRADE LLC. (Dropship GT);<null>;<null>;<null>;Pedido Extra GT CNY 25 Dinámica #5;<null>;<null>;false;false;PROMOCIÓN;EPA;OLO6;Booking;BRU6701293;CMA CGM;Contenedor 40 HC;0;26-02-26;26-02-26;16/02/2026;25-03-26;25-03-26;;;;;0;0;0;SPARX;0;0;N
6701294;329;TAIZHOU BAOLI LEISURE PRODUCTS CO.,LTD                     ;85;2025-08-21;Directo GT - FERRETERIA EPA, S.A. (Guatemala);19140,00;USD;<null>;FOB  ;FOB  ;FOB  ;71;127;2026-05-20;2026-05-20;<null>;BINTER TRADE LLC. (Dropship GT);<null>;<null>;<null>;Pedido Extra GT CNY 25 Dinámica #6;<null>;<null>;false;false;PROMOCIÓN;EPA;OLO6;Produccion;BRU6701294;0;Contenedor 40 HC;0;;;;;;;;;;0;0;0;0;0;0;N
6701295;329;TAIZHOU BAOLI LEISURE PRODUCTS CO.,LTD                     ;85;2025-08-21;Directo GT - FERRETERIA EPA, S.A. (Guatemala);19140,00;USD;<null>;FOB  ;FOB  ;FOB  ;71;127;2026-05-20;2026-05-20;<null>;BINTER TRADE LLC. (Dropship GT);<null>;<null>;<null>;Pedido Extra GT CNY 25 Dinámica #7;<null>;<null>;false;false;PROMOCIÓN;EPA;OLO6;Produccion;BRU6701295;0;Contenedor 40 HC;0;;;;;;;;;;0;0;0;0;0;0;N
6701300;904;INTCO INTERNATIONAL(HK) CO., LIMITED 2;82;2025-08-21;Directo VE - FERRETERIA EPA, C.A.;26481,34;USD;<null>;FOB  ;CIF  ;FOB  ;91;116;2025-10-07;2025-10-07;7237;BINTER TRADE LLC. (Dropship EPA - VE) ;-- N/A --;101465;2025-12-22;VE;LAIRA250010;26481,34;false;false;PEDIDO COMPRA;EPA;OLO6;Transito;GAOU7030883;CMA CGM;Contenedor 40ft;BJPBL2500065;06-11-25;06-11-25;07/10/2025;11-12-25;18-12-25;12-12-25;09-02-26;01-02-26;;4900;IOLFT25-926;FAK;IN OCEAN;0;0;N
6701303;890;RAIYUAN INDUSTRIAL LIMITED;85;2025-08-21;Directo GT - FERRETERIA EPA, S.A. (Guatemala);30402,50;USD;<null>;FOB  ;FOB  ;FOB  ;93;127;2025-12-15;2025-12-15;7321;BINTER TRADE LLC. (Dropship GT);-- N/A --;101547;2026-01-08;Pedido GT Agosto 25 CNY #3;BCA6701303;30402,50;false;false;CNY;EPA;OLO6;Transito;HLBU1159434;HAPAG LLOYD;Contenedor 40 HC;ASCAN501910;10-12-25;10-12-25;;22-12-25;05-01-26;25-12-25;18-02-26;19-02-26;;3845;0;NAC;0;0;0;N
6701305;890;RAIYUAN INDUSTRIAL LIMITED;85;2025-08-21;Directo SV - FERRETERIA EPA, S.A. DE C.V.;25298,90;USD;<null>;FOB  ;FOB  ;FOB  ;93;122;2025-12-15;2025-12-15;7318;BINTER TRADE LLC. (Dropship SV);-- N/A --;101541;2026-01-08;Pedido SV Agosto 25 CNY #5;BCA6701305;25298,90;false;false;CNY;EPA;OLO6;Transito;TCLU8126293;HAPAG LLOYD;Contenedor 40 HC;ASCAN501911;10-12-25;10-12-25;;17-12-25;31-12-25;19-12-25;09-02-26;20-02-26;;3710;0;NAC;0;0;0;N
6701307;890;RAIYUAN INDUSTRIAL LIMITED;85;2025-08-21;Directo VE - FERRETERIA EPA, C.A.;28647,98;USD;<null>;FOB  ;CIF  ;FOB  ;93;116;2025-12-15;2025-12-15;7394;BINTER TRADE LLC. (Dropship EPA - VE) ;-- N/A --;101641;2026-01-16;Pedido VZ Agosto 25 CNY #7;BCA6701307;28647,98;false;false;CNY;EPA;OLO6;Ingresada;CMAU7571562;CMA CGM;Contenedor 40 HC;BJPBL2500087;11-12-25;11-12-25;;16-12-25;31-12-25;27-12-25;24-02-26;28-02-26;01-03-26;4350;IOLFT25-968;FAK;0;0;0;N
6701314;406;ZHIXING FURNITURE CO., LTD., SHUNDE DISTRICT FOSHAN CITY   ;85;2025-08-21;Directo CR - FERRETERIA EPA, S.A.;14638,00;USD;<null>;FOB  ;FOB  ;FOB  ;93;125;2026-03-01;2026-03-01;7674;BINTER TRADE LLC. (Dropship CR);-- N/A --;101945;2026-03-16;Directo CR Agosto 25 CNY #3;ZONE260305A;14638,00;false;true;CNY;EPA;OLO6;Transito;HAMU3296610;HAPAG LLOYD;Contenedor 40 HC;HSZX00036284;06-01-26;06-02-26;05/01/2026;12-03-26;19-03-26;12-03-26;24-04-26;24-04-26;;4500;0;NAC;SPARX;0;0;N
6701317;406;ZHIXING FURNITURE CO., LTD., SHUNDE DISTRICT FOSHAN CITY   ;85;2025-08-21;Directo GT - FERRETERIA EPA, S.A. (Guatemala);14240,00;USD;<null>;FOB  ;FOB  ;FOB  ;93;127;2026-03-01;2026-03-01;<null>;BINTER TRADE LLC. (Dropship GT);<null>;<null>;<null>;Directo GT Agosto 25 CNY #6;<null>;<null>;false;false;CNY;EPA;OLO6;Transito;FANU1607504;HAPAG LLOYD;Contenedor 40 HC;HSZX00036285;06-01-26;10-02-26;05/01/2026;12-03-26;19-03-26;12-03-26;17-04-26;17-04-26;;4500;0;NAC;SPARX;0;0;N
6701328;461;HANGZHOU UNI-HOSEN ELECTROMECHICAL TOOLS CO.,LTD.          ;85;2025-08-26;GL SV - FERRETERIA EPA, S.A. DE C.V.;39001,50;USD;<null>;FOB  ;FOB  ;FOB  ;71;122;2025-11-10;2025-11-10;7618;BINTER TRADE LLC. (Zona Franca SV);-- N/A --;101869;2026-02-25;GL SV #2 Ago 25 CNY;25HSA69BM6701328;39001,50;false;false;CNY;EPA;OLO6;Transito;HAMU1137820;HAPAG LLOYD;Contenedor 40 HC;ASNGB511717;07-11-25;07-11-25;21/10/2025;04-12-25;10-12-25;03-12-25;16-01-26;03-02-26;;3420;0;NAC;AIR SEA WORLDWIDE;0;0;N
6701356;270;HUAIAN CHANGCHENG TEACHING TOOLS LIMITED CO                ;83;2025-08-28;Directo CR - FERRETERIA EPA, S.A.;17712,00;USD;<null>;FOB  ;FOB  ;FOB  ;91;125;2026-01-15;2026-01-15;7497;BINTER TRADE LLC. (Dropship CR);-- N/A --;101744;2026-01-28;PI5CR;GW250902B3-1;17712,00;false;true;CNY;EPA;OLO6;Transito;FFAU2859030;HAPAG LLOYD;Contenedor 40 HC;ASSHAA00085;06-01-26;06-01-26;05/01/2026;23-01-26;30-01-26;24-01-26;06-03-26;13-03-26;;3720;0;NAC;AIR SEA WORLDWIDE;0;0;N
6701357;270;HUAIAN CHANGCHENG TEACHING TOOLS LIMITED CO                ;83;2025-08-28;Directo CR - FERRETERIA EPA, S.A.;17712,00;USD;<null>;FOB  ;FOB  ;FOB  ;91;125;2026-01-15;2026-01-15;7559;BINTER TRADE LLC. (Dropship CR);-- N/A --;101851;2026-02-19;PI6CR;GW250902B4-1;17712,00;false;true;CNY;EPA;OLO6;Transito;HAMU4547710;HAPAG LLOYD;Contenedor 40 HC;ASSHAA00549;19-01-26;19-01-26;15/01/2026;11-02-26;27-02-26;26-02-26;10-04-26;10-04-26;;2700;0;NAC;AIR SEA WORLDWIDE;0;0;N
6701360;270;HUAIAN CHANGCHENG TEACHING TOOLS LIMITED CO                ;83;2025-08-28;Directo GT - FERRETERIA EPA, S.A. (Guatemala);17635,90;USD;<null>;FOB  ;FOB  ;FOB  ;91;40;2025-12-15;2025-12-15;7539;BINTER TRADE LLC. (Dropship GT);-- N/A --;101789;2026-02-06;PI9GT;GW250902B3-2;17635,90;false;false;CNY;EPA;OLO6;Transito;HAMU4065811;HAPAG LLOYD;Contenedor 40 HC;ASSHAA00086;06-01-26;06-01-26;05/01/2026;27-01-26;08-02-26;11-02-26;25-03-26;25-03-26;;3555;0;NAC;AIR SEA WORLDWIDE;0;0;N
6701361;270;HUAIAN CHANGCHENG TEACHING TOOLS LIMITED CO                ;83;2025-08-28;Directo VE - FERRETERIA EPA, C.A.;18296,00;USD;<null>;FOB  ;CIF  ;FOB  ;91;116;2025-10-15;2025-10-15;7214;BINTER TRADE LLC. (Dropship EPA - VE) ;-- N/A --;101442;2025-12-18;PI10VE;GW250902B1-4;18296,00;false;false;CNY;EPA;OLO6;Transito;GESU6733740;CMA CGM;Contenedor 40 HC;BJPBL2500051;21-11-25;21-11-25;07/10/2025;30-11-25;17-12-25;12-12-25;09-02-26;01-02-26;;4820;IOLFT25-913;FAK;IN OCEAN;0;0;N
6701363;270;HUAIAN CHANGCHENG TEACHING TOOLS LIMITED CO                ;83;2025-08-28;Directo VE - FERRETERIA EPA, C.A.;17656,00;USD;<null>;FOB  ;CIF  ;FOB  ;91;116;2026-01-15;2026-01-15;7663;BINTER TRADE LLC. (Dropship EPA - VE) ;-- N/A --;101926;2026-03-12;PI12VE;GW250902B4-2;17656,00;false;false;CNY;EPA;OLO6;Transito;GAOU6376906;CMA CGM;Contenedor 40 HC;BJPBL2600082;27-01-26;27-01-26;15/01/2026;14-02-26;15-03-26;09-03-26;28-04-26;28-04-26;;3450;IOLFT26-157;FAK;IN OCEAN;0;0;N
6701367;279;OKAY LOCK MANUFACTURE CO.,LIMITED                          ;82;2025-08-29;Directo VE - FERRETERIA EPA, C.A.;90001,08;USD;<null>;FOB  ;CIF  ;FOB  ;113;116;2025-11-16;2025-11-16;7168;BINTER TRADE LLC. (Dropship EPA - VE) ;-- N/A --;101385;2025-12-12;250826;250826;90001,08;false;false;CNY;EPA;OLO6;Transito;TCLU1868958;CMA CGM;Contenedor 40 HC;BJPBL2500061;21-11-25;21-11-25;17/11/2025;08-12-25;08-12-25;03-12-25;14-01-26;04-02-26;;5450;IOLFT25-886;FAK;IN OCEAN;0;0;N
6701381;516;TANGSHAN HENGER IMPORT&EXPORT TRADING CO;89;2025-08-29;Directo CR - FERRETERIA EPA, S.A.;11440,00;USD;<null>;FOB  ;FOB  ;FOB  ;77;125;2026-03-30;2026-03-30;<null>;BINTER TRADE LLC. (Dropship CR);<null>;<null>;<null>;7;<null>;<null>;false;false;CNY;EPA;OLO6;Produccion;80001372-7;0;Contenedor 40 HC;0;;;;;;;;;;0;0;0;0;0;0;N
6701382;516;TANGSHAN HENGER IMPORT&EXPORT TRADING CO;89;2025-08-29;Directo CR - FERRETERIA EPA, S.A.;11440,00;USD;<null>;FOB  ;FOB  ;FOB  ;77;125;2026-04-30;2026-04-30;<null>;BINTER TRADE LLC. (Dropship CR);<null>;<null>;<null>;8;<null>;<null>;false;false;CNY;EPA;OLO6;Produccion;80001372-8;0;Contenedor 40 HC;0;;;;;;;;;;0;0;0;0;0;0;N
6701383;516;TANGSHAN HENGER IMPORT&EXPORT TRADING CO;89;2025-08-29;Directo CR - FERRETERIA EPA, S.A.;11440,00;USD;<null>;FOB  ;FOB  ;FOB  ;77;125;2026-05-30;2026-05-30;<null>;BINTER TRADE LLC. (Dropship CR);<null>;<null>;<null>;9;<null>;<null>;false;false;CNY;EPA;OLO6;Produccion;80001372-9;0;Contenedor 40 HC;0;;;;;;;;;;0;0;0;0;0;0;N
6701384;516;TANGSHAN HENGER IMPORT&EXPORT TRADING CO;89;2025-08-29;Directo CR - FERRETERIA EPA, S.A.;11440,00;USD;<null>;FOB  ;FOB  ;FOB  ;77;125;2026-05-30;2026-05-30;<null>;BINTER TRADE LLC. (Dropship CR);<null>;<null>;<null>;10;<null>;<null>;false;false;CNY;EPA;OLO6;Produccion;80001372-10;0;Contenedor 40 HC;0;;;;;;;;;;0;0;0;0;0;0;N
6701388;516;TANGSHAN HENGER IMPORT&EXPORT TRADING CO;89;2025-08-29;Directo CR - FERRETERIA EPA, S.A.;11310,00;USD;<null>;FOB  ;FOB  ;FOB  ;77;125;2025-11-30;2025-11-30;7391;BINTER TRADE LLC. (Dropship CR);-- N/A --;101634;2026-01-15;13;XFH260109;11310,00;false;false;CNY;EPA;OLO6;Transito;MEDU9475864;MSC;Contenedor 40 HC;ASTAOA00304;20-11-25;20-11-25;14/11/2025;16-01-26;23-01-26;24-01-26;27-02-26;14-03-26;;3720;0;NAC;AIR SEA WORLDWIDE;0;0;N
6701390;516;TANGSHAN HENGER IMPORT&EXPORT TRADING CO;89;2025-08-29;Directo CR - FERRETERIA EPA, S.A.;11310,00;USD;<null>;FOB  ;FOB  ;FOB  ;77;125;2026-04-30;2026-04-30;<null>;BINTER TRADE LLC. (Dropship CR);<null>;<null>;<null>;16;<null>;<null>;false;false;CNY;EPA;OLO6;Produccion;80001372-16;0;Contenedor 40 HC;0;;;;;;;;;;0;0;0;0;0;0;N
6701391;516;TANGSHAN HENGER IMPORT&EXPORT TRADING CO;89;2025-08-29;Directo CR - FERRETERIA EPA, S.A.;11310,00;USD;<null>;FOB  ;FOB  ;FOB  ;77;125;2026-04-30;2026-04-30;<null>;BINTER TRADE LLC. (Dropship CR);<null>;<null>;<null>;16;<null>;<null>;false;false;CNY;EPA;OLO6;Produccion;80001372-17;0;Contenedor 40 HC;0;;;;;;;;;;0;0;0;0;0;0;N
6701393;516;TANGSHAN HENGER IMPORT&EXPORT TRADING CO;89;2025-08-29;Directo CR - FERRETERIA EPA, S.A.;18724,50;USD;<null>;FOB  ;FOB  ;FOB  ;77;125;2025-11-30;2025-11-30;7594;BINTER TRADE LLC. (Dropship CR);-- N/A --;101848;2026-02-19;19;XFH260209;18724,50;false;false;CNY;EPA;OLO6;Transito;CAIU7629297;MSC;Contenedor 40 HC;ASTAOA01656;20-11-25;20-11-25;14/11/2025;06-02-26;22-02-26;22-02-26;29-03-26;29-03-26;;2700;0;NAC;AIR SEA WORLDWIDE;0;0;N
6701394;516;TANGSHAN HENGER IMPORT&EXPORT TRADING CO;89;2025-08-29;Directo CR - FERRETERIA EPA, S.A.;18764,50;USD;<null>;FOB  ;FOB  ;FOB  ;77;125;2026-04-30;2026-04-30;<null>;BINTER TRADE LLC. (Dropship CR);<null>;<null>;<null>;20;<null>;<null>;false;false;CNY;EPA;OLO6;Produccion;80001372-20;0;Contenedor 40 HC;0;;;;;;;;;;0;0;0;0;0;0;N
6701399;516;TANGSHAN HENGER IMPORT&EXPORT TRADING CO;89;2025-08-29;Directo GT - FERRETERIA EPA, S.A. (Guatemala);11440,00;USD;<null>;FOB  ;FOB  ;FOB  ;77;127;2026-03-15;2026-03-15;<null>;BINTER TRADE LLC. (Dropship GT);<null>;<null>;<null>;32;<null>;<null>;false;false;CNY;EPA;OLO6;Booking;80001372-32;0;Contenedor 40 HC;0;12-03-26;12-03-26;09/03/2026;26-03-26;26-03-26;;;;;0;0;0;SPARX;0;0;N
6701400;516;TANGSHAN HENGER IMPORT&EXPORT TRADING CO;89;2025-08-29;Directo GT - FERRETERIA EPA, S.A. (Guatemala);11440,00;USD;<null>;FOB  ;FOB  ;FOB  ;77;127;2026-03-15;2026-03-15;<null>;BINTER TRADE LLC. (Dropship GT);<null>;<null>;<null>;33;<null>;<null>;false;false;CNY;EPA;OLO6;Booking;80001372-33;0;Contenedor 40 HC;0;12-03-26;12-03-26;09/03/2026;26-03-26;26-03-26;;;;;0;0;0;SPARX;0;0;N
6701401;516;TANGSHAN HENGER IMPORT&EXPORT TRADING CO;89;2025-08-29;Directo GT - FERRETERIA EPA, S.A. (Guatemala);11440,00;USD;<null>;FOB  ;FOB  ;FOB  ;77;127;2026-03-15;2026-03-15;<null>;BINTER TRADE LLC. (Dropship GT);<null>;<null>;<null>;34;<null>;<null>;false;false;CNY;EPA;OLO6;Booking;80001372-34;0;Contenedor 40 HC;0;12-03-26;12-03-26;09/03/2026;26-03-26;26-03-26;;;;;0;0;0;SPARX;0;0;N
6701402;516;TANGSHAN HENGER IMPORT&EXPORT TRADING CO;89;2025-08-29;Directo GT - FERRETERIA EPA, S.A. (Guatemala);11440,00;USD;<null>;FOB  ;FOB  ;FOB  ;77;127;2026-03-15;2026-03-15;<null>;BINTER TRADE LLC. (Dropship GT);<null>;<null>;<null>;35;<null>;<null>;false;false;CNY;EPA;OLO6;Booking;80001372-35;0;Contenedor 40 HC;0;12-03-26;12-03-26;09/03/2026;26-03-26;26-03-26;;;;;0;0;0;SPARX;0;0;N
6701403;516;TANGSHAN HENGER IMPORT&EXPORT TRADING CO;89;2025-08-29;Directo GT - FERRETERIA EPA, S.A. (Guatemala);11440,00;USD;<null>;FOB  ;FOB  ;FOB  ;77;127;2026-03-15;2026-03-15;<null>;BINTER TRADE LLC. (Dropship GT);<null>;<null>;<null>;36;<null>;<null>;false;false;CNY;EPA;OLO6;Booking;80001372-36;0;Contenedor 40 HC;0;12-03-26;12-03-26;09/03/2026;26-03-26;26-03-26;;;;;0;0;0;SPARX;0;0;N
6701404;516;TANGSHAN HENGER IMPORT&EXPORT TRADING CO;89;2025-08-29;Directo GT - FERRETERIA EPA, S.A. (Guatemala);11440,00;USD;<null>;FOB  ;FOB  ;FOB  ;77;127;2026-03-15;2026-03-15;<null>;BINTER TRADE LLC. (Dropship GT);<null>;<null>;<null>;37;<null>;<null>;false;false;CNY;EPA;OLO6;Booking;80001372-37;0;Contenedor 40 HC;0;12-03-26;12-03-26;09/03/2026;26-03-26;26-03-26;;;;;0;0;0;SPARX;0;0;N
6701405;516;TANGSHAN HENGER IMPORT&EXPORT TRADING CO;89;2025-08-29;Directo GT - FERRETERIA EPA, S.A. (Guatemala);11440,00;USD;<null>;FOB  ;FOB  ;FOB  ;77;127;2026-03-30;2026-03-30;<null>;BINTER TRADE LLC. (Dropship GT);<null>;<null>;<null>;38;<null>;<null>;false;false;CNY;EPA;OLO6;Produccion;80001372-38;0;Contenedor 40 HC;0;;;;;;;;;;0;0;0;0;0;0;N
6701406;516;TANGSHAN HENGER IMPORT&EXPORT TRADING CO;89;2025-08-29;Directo GT - FERRETERIA EPA, S.A. (Guatemala);11440,00;USD;<null>;FOB  ;FOB  ;FOB  ;77;127;2026-04-30;2026-04-30;<null>;BINTER TRADE LLC. (Dropship GT);<null>;<null>;<null>;39;<null>;<null>;false;false;CNY;EPA;OLO6;Produccion;80001372-39;0;Contenedor 40 HC;0;;;;;;;;;;0;0;0;0;0;0;N
6701407;516;TANGSHAN HENGER IMPORT&EXPORT TRADING CO;89;2025-08-29;Directo GT - FERRETERIA EPA, S.A. (Guatemala);11440,00;USD;<null>;FOB  ;FOB  ;FOB  ;77;127;2026-04-30;2026-04-30;<null>;BINTER TRADE LLC. (Dropship GT);<null>;<null>;<null>;40;<null>;<null>;false;false;CNY;EPA;OLO6;Produccion;80001372-40;0;Contenedor 40 HC;0;;;;;;;;;;0;0;0;0;0;0;N
6701408;516;TANGSHAN HENGER IMPORT&EXPORT TRADING CO;89;2025-08-29;Directo GT - FERRETERIA EPA, S.A. (Guatemala);11440,00;USD;<null>;FOB  ;FOB  ;FOB  ;77;127;2026-05-30;2026-05-30;<null>;BINTER TRADE LLC. (Dropship GT);<null>;<null>;<null>;41;<null>;<null>;false;false;CNY;EPA;OLO6;Produccion;80001372-41;0;Contenedor 40 HC;0;;;;;;;;;;0;0;0;0;0;0;N
6701409;516;TANGSHAN HENGER IMPORT&EXPORT TRADING CO;89;2025-08-29;Directo GT - FERRETERIA EPA, S.A. (Guatemala);11440,00;USD;<null>;FOB  ;FOB  ;FOB  ;77;127;2026-05-30;2026-05-30;<null>;BINTER TRADE LLC. (Dropship GT);<null>;<null>;<null>;42;<null>;<null>;false;false;CNY;EPA;OLO6;Produccion;80001372-42;0;Contenedor 40 HC;0;;;;;;;;;;0;0;0;0;0;0;N
6701410;516;TANGSHAN HENGER IMPORT&EXPORT TRADING CO;89;2025-08-29;Directo GT - FERRETERIA EPA, S.A. (Guatemala);11440,00;USD;<null>;FOB  ;FOB  ;FOB  ;77;127;2026-05-30;2026-05-30;<null>;BINTER TRADE LLC. (Dropship GT);<null>;<null>;<null>;43;<null>;<null>;false;false;CNY;EPA;OLO6;Produccion;80001372-43;0;Contenedor 40 HC;0;;;;;;;;;;0;0;0;0;0;0;N
6701411;516;TANGSHAN HENGER IMPORT&EXPORT TRADING CO;89;2025-08-29;Directo GT - FERRETERIA EPA, S.A. (Guatemala);11310,00;USD;<null>;FOB  ;FOB  ;FOB  ;77;127;2025-11-30;2025-11-30;7066;BINTER TRADE LLC. (Dropship GT);-- N/A --;101267;2025-12-02;44;XFH251124-2;11310,00;false;false;CNY;EPA;OLO6;Transito;FCIU7380941;MSC;Contenedor 40 HC;ASTAO513775;14-11-25;14-11-25;10/11/2025;01-12-25;08-12-25;05-12-25;20-01-26;01-02-26;;3645;0;NAC;AIR SEA WORLDWIDE;0;0;N
6701413;516;TANGSHAN HENGER IMPORT&EXPORT TRADING CO;89;2025-08-29;Directo GT - FERRETERIA EPA, S.A. (Guatemala);11310,00;USD;<null>;FOB  ;FOB  ;FOB  ;77;127;2026-04-30;2026-04-30;<null>;BINTER TRADE LLC. (Dropship GT);<null>;<null>;<null>;46;<null>;<null>;false;false;CNY;EPA;OLO6;Produccion;80001372-46;0;Contenedor 40 HC;0;;;;;;;;;;0;0;0;0;0;0;N
6701414;516;TANGSHAN HENGER IMPORT&EXPORT TRADING CO;89;2025-08-29;Directo GT - FERRETERIA EPA, S.A. (Guatemala);11480,00;USD;<null>;FOB  ;FOB  ;FOB  ;77;127;2025-11-30;2025-11-30;7522;BINTER TRADE LLC. (Dropship GT);-- N/A --;101777;2026-02-03;47;XFH260127;11480,00;false;false;CNY;EPA;OLO6;Transito;HAMU3511605;HAPAG LLOYD;Contenedor 40 HC;HTAO00015876;24-11-25;24-11-25;14/11/2025;30-01-26;06-02-26;02-02-26;10-03-26;10-03-26;;3350;0;NAC;SPARX;0;0;N
6701415;516;TANGSHAN HENGER IMPORT&EXPORT TRADING CO;89;2025-08-29;Directo GT - FERRETERIA EPA, S.A. (Guatemala);12724,00;USD;<null>;FOB  ;FOB  ;FOB  ;77;127;2026-04-30;2026-04-30;<null>;BINTER TRADE LLC. (Dropship GT);<null>;<null>;<null>;49;<null>;<null>;false;false;CNY;EPA;OLO6;Produccion;80001372-48;0;Contenedor 40 HC;0;;;;;;;;;;0;0;0;0;0;0;N
6701418;516;TANGSHAN HENGER IMPORT&EXPORT TRADING CO;89;2025-08-29;Directo GT - FERRETERIA EPA, S.A. (Guatemala);12662,50;USD;<null>;FOB  ;FOB  ;FOB  ;77;127;2026-05-20;2026-05-20;<null>;BINTER TRADE LLC. (Dropship GT);<null>;<null>;<null>;51;<null>;<null>;false;false;CNY;EPA;OLO6;Produccion;80001372-51;0;Contenedor 40 HC;0;;;;;;;;;;0;0;0;0;0;0;N
6701420;516;TANGSHAN HENGER IMPORT&EXPORT TRADING CO;89;2025-08-29;Directo VE - FERRETERIA EPA, C.A.;11310,00;USD;<null>;FOB  ;CIF  ;FOB  ;77;116;2025-10-30;2025-10-30;7392;BINTER TRADE LLC. (Dropship EPA - VE) ;-- N/A --;101639;2026-01-16;58;XFH251216A;11310,00;false;false;CNY;EPA;OLO6;Transito;CMAU4656162;CMA CGM;Contenedor 40 HC;BJPBL2500091;12-11-25;12-11-25;13/11/2025;19-12-25;28-12-25;22-12-25;25-02-26;17-02-26;;4990;IOLFT25-963;FAK;IN OCEAN;0;0;N
6701421;516;TANGSHAN HENGER IMPORT&EXPORT TRADING CO;89;2025-08-29;Directo VE - FERRETERIA EPA, C.A.;11310,00;USD;<null>;FOB  ;FOB  ;FOB  ;77;116;2026-03-30;2026-03-30;<null>;BINTER TRADE LLC. (Dropship EPA - VE) ;<null>;<null>;<null>;59;<null>;<null>;false;false;CNY;EPA;OLO6;Produccion;80001372-59;0;Contenedor 40 HC;0;;;;;;;;;;0;0;0;0;0;0;N
6701422;516;TANGSHAN HENGER IMPORT&EXPORT TRADING CO;89;2025-08-29;Directo VE - FERRETERIA EPA, C.A.;11310,00;USD;<null>;FOB  ;FOB  ;FOB  ;77;116;2026-03-30;2026-03-30;<null>;BINTER TRADE LLC. (Dropship EPA - VE) ;<null>;<null>;<null>;60;<null>;<null>;false;false;CNY;EPA;OLO6;Produccion;80001372-60;0;Contenedor 40 HC;0;;;;;;;;;;0;0;0;0;0;0;N
6701424;516;TANGSHAN HENGER IMPORT&EXPORT TRADING CO;89;2025-08-29;Directo VE - FERRETERIA EPA, C.A.;12416,00;USD;<null>;FOB  ;FOB  ;FOB  ;77;116;2026-03-30;2026-03-30;<null>;BINTER TRADE LLC. (Dropship EPA - VE) ;<null>;<null>;<null>;62;<null>;<null>;false;false;CNY;EPA;OLO6;Produccion;80001372-62;0;Contenedor 40 HC;0;;;;;;;;;;0;0;0;0;0;0;N
6701425;516;TANGSHAN HENGER IMPORT&EXPORT TRADING CO;89;2025-08-29;Directo VE - FERRETERIA EPA, C.A.;11440,00;USD;<null>;FOB  ;CIF  ;FOB  ;77;116;2025-11-30;2025-11-30;7323;BINTER TRADE LLC. (Dropship EPA - VE) ;-- N/A --;101548;2026-01-08;63;XFH251216;11440,00;false;false;CNY;EPA;OLO6;Transito;GESU6889029;CMA CGM;Contenedor 40 HC;BJPBL2500088;10-12-25;10-12-25;14/11/2025;19-12-25;28-12-25;22-12-25;25-02-26;17-02-26;;4990;IOLFT25-965;FAK;IN OCEAN;0;0;N
6701427;516;TANGSHAN HENGER IMPORT&EXPORT TRADING CO;89;2025-08-29;Directo VE - FERRETERIA EPA, C.A.;11440,00;USD;<null>;FOB  ;CIF  ;FOB  ;77;116;2025-11-30;2025-11-30;7310;BINTER TRADE LLC. (Dropship EPA - VE) ;-- N/A --;101535;2026-01-08;65;XFH251216B;11440,00;false;false;CNY;EPA;OLO6;Transito;GAOU6049483;CMA CGM;Contenedor 40 HC;BJPBL2500090;12-11-25;12-11-25;10/11/2025;17-12-25;29-12-25;22-12-25;25-02-26;14-02-26;;4990;IOLFT25-964;FAK;IN OCEAN;0;0;N
6701429;516;TANGSHAN HENGER IMPORT&EXPORT TRADING CO;89;2025-08-29;Directo VE - FERRETERIA EPA, C.A.;11440,00;USD;<null>;FOB  ;CIF  ;FOB  ;77;116;2025-11-30;2025-11-30;7492;BINTER TRADE LLC. (Dropship EPA - VE) ;-- N/A --;101742;2026-01-27;67;XFH260105;11440,00;false;false;CNY;EPA;OLO6;Ingresada;UETU5630133;CMA CGM;Contenedor 40 HC;BJPBL2600016;26-12-25;26-12-25;14/11/2025;09-01-26;23-01-26;20-01-26;17-03-26;17-03-26;10-03-26;4130;IOLFT26-052;FAK;IN OCEAN;0;0;N
6701430;516;TANGSHAN HENGER IMPORT&EXPORT TRADING CO;89;2025-08-29;Directo VE - FERRETERIA EPA, C.A.;11440,00;USD;<null>;FOB  ;FOB  ;FOB  ;77;116;2026-04-30;2026-04-30;<null>;BINTER TRADE LLC. (Dropship EPA - VE) ;<null>;<null>;<null>;68;<null>;<null>;false;false;CNY;EPA;OLO6;Produccion;80001372-68;0;Contenedor 40 HC;0;;;;;;;;;;0;0;0;0;0;0;N
6701432;516;TANGSHAN HENGER IMPORT&EXPORT TRADING CO;89;2025-08-29;Directo VE - FERRETERIA EPA, C.A.;11440,00;USD;<null>;FOB  ;FOB  ;FOB  ;77;116;2026-03-30;2026-03-30;<null>;BINTER TRADE LLC. (Dropship EPA - VE) ;<null>;<null>;<null>;70;<null>;<null>;false;false;CNY;EPA;OLO6;Produccion;80001372-70;0;Contenedor 40 HC;0;;;;;;;;;;0;0;0;0;0;0;N
6701433;516;TANGSHAN HENGER IMPORT&EXPORT TRADING CO;89;2025-08-29;Directo VE - FERRETERIA EPA, C.A.;17339,00;USD;<null>;FOB  ;CIF  ;FOB  ;77;116;2025-11-15;2025-11-15;7664;BINTER TRADE LLC. (Dropship EPA - VE) ;-- N/A --;101927;2026-03-12;71;XFH260204A;17339,00;false;false;CNY;EPA;OLO6;Transito;TCNU4528199;CMA CGM;Contenedor 40 HC;BJPBL2600075;12-11-25;12-11-25;10/11/2025;10-02-26;06-03-26;01-03-26;07-04-26;07-04-26;;3430;IOLFT26-151;FAK;IN OCEAN;0;0;N
6701434;516;TANGSHAN HENGER IMPORT&EXPORT TRADING CO;89;2025-08-29;Directo VE - FERRETERIA EPA, C.A.;17373,00;USD;<null>;FOB  ;CIF  ;FOB  ;77;116;2025-11-30;2025-11-30;7644;BINTER TRADE LLC. (Dropship EPA - VE) ;-- N/A --;101905;2026-03-10;72;XFH260205A;17373,00;false;false;CNY;EPA;OLO6;Transito;TGBU5764645;CMA CGM;Contenedor 40 HC;BJPBL2600076;28-11-25;28-11-25;14/11/2025;10-02-26;06-03-26;01-03-26;14-04-26;07-04-26;;3430;IOLFT26-146;FAK;IN OCEAN;0;0;N
6701435;516;TANGSHAN HENGER IMPORT&EXPORT TRADING CO;89;2025-08-29;Directo VE - FERRETERIA EPA, C.A.;17703,00;USD;<null>;FOB  ;FOB  ;FOB  ;77;116;2026-04-30;2026-04-30;<null>;BINTER TRADE LLC. (Dropship EPA - VE) ;<null>;<null>;<null>;73;<null>;<null>;false;false;CNY;EPA;OLO6;Produccion;80001372-73;0;Contenedor 40 HC;0;;;;;;;;;;0;0;0;0;0;0;N
6701445;516;TANGSHAN HENGER IMPORT&EXPORT TRADING CO;89;2025-08-29;Directo SV - FERRETERIA EPA, S.A. DE C.V.;11440,00;USD;<null>;FOB  ;FOB  ;FOB  ;77;122;2026-03-15;2026-03-15;<null>;BINTER TRADE LLC. (Dropship SV);<null>;<null>;<null>;85;<null>;<null>;false;false;CNY;EPA;OLO6;Booking;80001372-85;0;Contenedor 40 HC;0;12-03-26;12-03-26;09/03/2026;11-04-26;11-04-26;;;;;0;0;0;SPARX;0;0;N
6701447;516;TANGSHAN HENGER IMPORT&EXPORT TRADING CO;89;2025-08-29;Directo SV - FERRETERIA EPA, S.A. DE C.V.;11440,00;USD;<null>;FOB  ;FOB  ;FOB  ;77;122;2026-03-15;2026-03-15;<null>;BINTER TRADE LLC. (Dropship SV);<null>;<null>;<null>;87;<null>;<null>;false;false;CNY;EPA;OLO6;Booking;80001372-87;0;Contenedor 40 HC;0;12-03-26;12-03-26;09/03/2026;11-04-26;11-04-26;;;;;0;0;0;SPARX;0;0;N
6701448;516;TANGSHAN HENGER IMPORT&EXPORT TRADING CO;89;2025-08-29;Directo SV - FERRETERIA EPA, S.A. DE C.V.;11440,00;USD;<null>;FOB  ;FOB  ;FOB  ;77;122;2026-03-15;2026-03-15;<null>;BINTER TRADE LLC. (Dropship SV);<null>;<null>;<null>;88;<null>;<null>;false;false;CNY;EPA;OLO6;Booking;80001372-88;0;Contenedor 40 HC;0;12-03-26;12-03-26;09/03/2026;26-03-26;26-03-26;;;;;0;0;0;SPARX;0;0;N
6701449;516;TANGSHAN HENGER IMPORT&EXPORT TRADING CO;89;2025-08-29;Directo SV - FERRETERIA EPA, S.A. DE C.V.;11440,00;USD;<null>;FOB  ;FOB  ;FOB  ;77;122;2026-03-30;2026-03-30;<null>;BINTER TRADE LLC. (Dropship SV);<null>;<null>;<null>;89;<null>;<null>;false;false;CNY;EPA;OLO6;Produccion;80001372-89;0;Contenedor 40 HC;0;;;;;;;;;;0;0;0;0;0;0;N
6701450;516;TANGSHAN HENGER IMPORT&EXPORT TRADING CO;89;2025-08-29;Directo SV - FERRETERIA EPA, S.A. DE C.V.;11440,00;USD;<null>;FOB  ;FOB  ;FOB  ;77;122;2026-04-30;2026-04-30;<null>;BINTER TRADE LLC. (Dropship SV);<null>;<null>;<null>;90;<null>;<null>;false;false;CNY;EPA;OLO6;Produccion;80001372-90;0;Contenedor 40 HC;0;;;;;;;;;;0;0;0;0;0;0;N
6701451;516;TANGSHAN HENGER IMPORT&EXPORT TRADING CO;89;2025-08-29;Directo SV - FERRETERIA EPA, S.A. DE C.V.;11440,00;USD;<null>;FOB  ;FOB  ;FOB  ;77;122;2026-04-30;2026-04-30;<null>;BINTER TRADE LLC. (Dropship SV);<null>;<null>;<null>;91;<null>;<null>;false;false;CNY;EPA;OLO6;Produccion;80001372-91;0;Contenedor 40 HC;0;;;;;;;;;;0;0;0;0;0;0;N
6701452;516;TANGSHAN HENGER IMPORT&EXPORT TRADING CO;89;2025-08-29;Directo SV - FERRETERIA EPA, S.A. DE C.V.;11440,00;USD;<null>;FOB  ;FOB  ;FOB  ;77;122;2026-05-30;2026-05-30;<null>;BINTER TRADE LLC. (Dropship SV);<null>;<null>;<null>;92;<null>;<null>;false;false;CNY;EPA;OLO6;Produccion;80001372-92;0;Contenedor 40 HC;0;;;;;;;;;;0;0;0;0;0;0;N
6701453;516;TANGSHAN HENGER IMPORT&EXPORT TRADING CO;89;2025-08-29;Directo SV - FERRETERIA EPA, S.A. DE C.V.;11440,00;USD;<null>;FOB  ;FOB  ;FOB  ;77;122;2026-05-30;2026-05-30;<null>;BINTER TRADE LLC. (Dropship SV);<null>;<null>;<null>;93;<null>;<null>;false;false;CNY;EPA;OLO6;Produccion;80001372-93;0;Contenedor 40 HC;0;;;;;;;;;;0;0;0;0;0;0;N
6701454;516;TANGSHAN HENGER IMPORT&EXPORT TRADING CO;89;2025-08-29;Directo SV - FERRETERIA EPA, S.A. DE C.V.;11440,00;USD;<null>;FOB  ;FOB  ;FOB  ;77;122;2026-05-30;2026-05-30;<null>;BINTER TRADE LLC. (Dropship SV);<null>;<null>;<null>;94;<null>;<null>;false;false;CNY;EPA;OLO6;Produccion;80001372-94;0;Contenedor 40 HC;0;;;;;;;;;;0;0;0;0;0;0;N
6701455;516;TANGSHAN HENGER IMPORT&EXPORT TRADING CO;89;2025-08-29;Directo SV - FERRETERIA EPA, S.A. DE C.V.;11440,00;USD;<null>;FOB  ;FOB  ;FOB  ;77;122;2026-03-30;2026-03-30;<null>;BINTER TRADE LLC. (Dropship SV);<null>;<null>;<null>;95;<null>;<null>;false;false;CNY;EPA;OLO6;Produccion;80001372-95;0;Contenedor 40 HC;0;;;;;;;;;;0;0;0;0;0;0;N
6701456;516;TANGSHAN HENGER IMPORT&EXPORT TRADING CO;89;2025-08-29;Directo SV - FERRETERIA EPA, S.A. DE C.V.;11440,00;USD;<null>;FOB  ;FOB  ;FOB  ;77;122;2026-04-30;2026-04-30;<null>;BINTER TRADE LLC. (Dropship SV);<null>;<null>;<null>;96;<null>;<null>;false;false;CNY;EPA;OLO6;Produccion;80001372-96;0;Contenedor 40 HC;0;;;;;;;;;;0;0;0;0;0;0;N
6701457;516;TANGSHAN HENGER IMPORT&EXPORT TRADING CO;89;2025-08-29;Directo SV - FERRETERIA EPA, S.A. DE C.V.;11440,00;USD;<null>;FOB  ;FOB  ;FOB  ;77;122;2026-03-30;2026-03-30;<null>;BINTER TRADE LLC. (Dropship SV);<null>;<null>;<null>;97;<null>;<null>;false;false;CNY;EPA;OLO6;Produccion;80001372-97;0;Contenedor 40 HC;0;;;;;;;;;;0;0;0;0;0;0;N
6701460;516;TANGSHAN HENGER IMPORT&EXPORT TRADING CO;89;2025-08-29;Directo SV - FERRETERIA EPA, S.A. DE C.V.;12320,00;USD;<null>;FOB  ;FOB  ;FOB  ;77;122;2026-05-15;2026-05-15;<null>;BINTER TRADE LLC. (Dropship SV);<null>;<null>;<null>;100;<null>;<null>;false;false;CNY;EPA;OLO6;Produccion;80001372-100;0;Contenedor 40 HC;0;;;;;;;;;;0;0;0;0;0;0;N
6701464;516;TANGSHAN HENGER IMPORT&EXPORT TRADING CO;89;2025-08-29;Directo SV - FERRETERIA EPA, S.A. DE C.V.;11310,00;USD;<null>;FOB  ;FOB  ;FOB  ;77;122;2026-03-15;2026-03-15;<null>;BINTER TRADE LLC. (Dropship SV);<null>;<null>;<null>;104;<null>;<null>;false;false;CNY;EPA;OLO6;Booking;80001372-104;0;Contenedor 40 HC;0;12-03-26;12-03-26;09/03/2026;26-03-26;26-03-26;;;;;0;0;0;SPARX;0;0;N
6701465;516;TANGSHAN HENGER IMPORT&EXPORT TRADING CO;89;2025-08-29;Directo SV - FERRETERIA EPA, S.A. DE C.V.;11310,00;USD;<null>;FOB  ;FOB  ;FOB  ;77;122;2026-04-30;2026-04-30;<null>;BINTER TRADE LLC. (Dropship SV);<null>;<null>;<null>;105;<null>;<null>;false;false;CNY;EPA;OLO6;Produccion;80001372-105;0;Contenedor 40 HC;0;;;;;;;;;;0;0;0;0;0;0;N
6701466;516;TANGSHAN HENGER IMPORT&EXPORT TRADING CO;89;2025-08-29;Directo SV - FERRETERIA EPA, S.A. DE C.V.;11310,00;USD;<null>;FOB  ;FOB  ;FOB  ;77;122;2026-05-30;2026-05-30;<null>;BINTER TRADE LLC. (Dropship SV);<null>;<null>;<null>;106;<null>;<null>;false;false;CNY;EPA;OLO6;Produccion;80001372-106;0;Contenedor 40 HC;0;;;;;;;;;;0;0;0;0;0;0;N
6701467;516;TANGSHAN HENGER IMPORT&EXPORT TRADING CO;89;2025-08-29;Directo SV - FERRETERIA EPA, S.A. DE C.V.;13834,00;USD;<null>;FOB  ;FOB  ;FOB  ;77;122;2025-11-15;2025-11-15;7507;BINTER TRADE LLC. (Dropship SV);-- N/A --;101757;2026-02-02;107;XFH260115;13834,00;false;false;CNY;EPA;OLO6;Transito;TLLU5177783;MSC;Contenedor 40 HC;ASTAOA00300;23-10-25;23-10-25;13/10/2025;16-01-26;06-02-26;23-01-26;04-03-26;04-03-26;;3820;0;NAC;AIR SEA WORLDWIDE;0;0;N
6701468;516;TANGSHAN HENGER IMPORT&EXPORT TRADING CO;89;2025-08-29;Directo SV - FERRETERIA EPA, S.A. DE C.V.;13989,50;USD;<null>;FOB  ;FOB  ;FOB  ;77;122;2026-05-15;2026-05-15;<null>;BINTER TRADE LLC. (Dropship SV);<null>;<null>;<null>;108;<null>;<null>;false;false;CNY;EPA;OLO6;Produccion;80001372-108;0;Contenedor 40 HC;0;;;;;;;;;;0;0;0;0;0;0;N
6701474;516;TANGSHAN HENGER IMPORT&EXPORT TRADING CO;89;2025-08-29;Directo CR - Consorcio Ferretero San Jose S.A;11440,00;USD;<null>;FOB  ;FOB  ;FOB  ;77;125;2025-11-30;2025-11-30;7505;BINTER TRADE LLC. (Dropship Cofersa);-- N/A --;101756;2026-02-02;114;XFH260128;11440,00;false;false;CNY;EPA;OLO6;Transito;MSMU4382269;MSC;Contenedor 40 HC;ASTAOA01116;20-11-25;20-11-25;14/11/2025;30-01-26;06-02-26;06-02-26;20-03-26;03-04-26;;3720;0;NAC;AIR SEA WORLDWIDE;0;0;N
6701475;516;TANGSHAN HENGER IMPORT&EXPORT TRADING CO;89;2025-08-29;Directo CR - Consorcio Ferretero San Jose S.A;11440,00;USD;<null>;FOB  ;FOB  ;<null>;77;125;2026-03-15;2026-03-15;<null>;BINTER TRADE LLC. (Dropship Cofersa);<null>;<null>;<null>;114;<null>;<null>;false;false;CNY;EPA;OLO6;Booking;TEMU7865608;MSC;Contenedor 40 HC;ASTAOA03140;25-02-26;25-02-26;05/01/2026;30-03-26;23-03-26;;;;;3320;0;0;AIR SEA WORLDWIDE;0;0;N
6701481;516;TANGSHAN HENGER IMPORT&EXPORT TRADING CO;89;2025-08-29;Directo CR - Consorcio Ferretero San Jose S.A;11440,00;USD;<null>;FOB  ;FOB  ;<null>;77;125;2026-05-30;2026-05-30;<null>;BINTER TRADE LLC. (Dropship Cofersa);<null>;<null>;<null>;121;<null>;<null>;false;false;CNY;EPA;OLO6;Produccion;80001372-121;0;Contenedor 40 HC;0;;;;;;;;;;0;0;0;0;0;0;N
6701482;516;TANGSHAN HENGER IMPORT&EXPORT TRADING CO;89;2025-08-29;Directo CR - Consorcio Ferretero San Jose S.A;11440,00;USD;<null>;FOB  ;FOB  ;<null>;77;125;2026-05-30;2026-05-30;<null>;BINTER TRADE LLC. (Dropship Cofersa);<null>;<null>;<null>;122;<null>;<null>;false;false;CNY;EPA;OLO6;Produccion;80001372-122;0;Contenedor 40 HC;0;;;;;;;;;;0;0;0;0;0;0;N
6701499;516;TANGSHAN HENGER IMPORT&EXPORT TRADING CO;89;2025-08-29;Directo VE - Febeca, C.A.;16640,00;USD;<null>;FOB  ;FOB  ;<null>;77;121;2026-03-30;2026-03-30;<null>;BINTER TRADE LLC. (Dropship FEBECA - VE) ;<null>;<null>;<null>;140;<null>;<null>;false;false;CNY;EPA;OLO6;Produccion;80001372-140;0;Contenedor 40 HC;0;;;;;;;;;;0;0;0;0;0;0;N
6701500;516;TANGSHAN HENGER IMPORT&EXPORT TRADING CO;89;2025-08-29;Directo VE - Febeca, C.A.;15080,00;USD;<null>;FOB  ;FOB  ;<null>;77;121;2026-04-30;2026-04-30;<null>;BINTER TRADE LLC. (Dropship FEBECA - VE) ;<null>;<null>;<null>;141;<null>;<null>;false;false;CNY;EPA;OLO6;Produccion;80001372-141;0;Contenedor 40 HC;0;;;;;;;;;;0;0;0;0;0;0;N
6701502;516;TANGSHAN HENGER IMPORT&EXPORT TRADING CO;89;2025-08-29;Directo VE - Febeca, C.A.;11310,00;USD;<null>;FOB  ;FOB  ;<null>;77;121;2026-03-30;2026-03-30;<null>;BINTER TRADE LLC. (Dropship FEBECA - VE) ;<null>;<null>;<null>;143;<null>;<null>;false;false;CNY;EPA;OLO6;Produccion;80001372-143;0;Contenedor 40 HC;0;;;;;;;;;;0;0;0;0;0;0;N
6701503;516;TANGSHAN HENGER IMPORT&EXPORT TRADING CO;89;2025-08-29;Directo VE - Febeca, C.A.;8840,00;USD;<null>;FOB  ;CIF  ;FOB  ;77;121;2025-11-30;2025-11-30;7397;BINTER TRADE LLC. (Dropship FEBECA - VE) ;-- N/A --;101644;2026-01-16;144;XFH251230;8840,00;false;false;MIXTO;EPA;OLO6;Transito;TCNU7189680;CMA CGM;Contenedor 40 HC;BJPBL2500089;12-11-25;12-11-25;10/11/2025;19-12-25;28-12-25;22-12-25;25-02-26;17-02-26;;4990;IOLFT25-966;FAK;IN OCEAN;0;0;N
6701504;516;TANGSHAN HENGER IMPORT&EXPORT TRADING CO;89;2025-08-29;Directo VE - FERRETERIA EPA, C.A.;11440,00;USD;<null>;FOB  ;FOB  ;FOB  ;77;116;2026-05-30;2026-05-30;<null>;BINTER TRADE LLC. (Dropship EPA - VE) ;<null>;<null>;<null>;145;<null>;<null>;false;false;CNY;EPA;OLO6;Produccion;80001372-145;0;Contenedor 40 HC;0;;;;;;;;;;0;0;0;0;0;0;N
6701505;516;TANGSHAN HENGER IMPORT&EXPORT TRADING CO;89;2025-08-29;Directo VE - FERRETERIA EPA, C.A.;11440,00;USD;<null>;FOB  ;FOB  ;FOB  ;77;116;2026-05-30;2026-05-30;<null>;BINTER TRADE LLC. (Dropship EPA - VE) ;<null>;<null>;<null>;146;<null>;<null>;false;false;CNY;EPA;OLO6;Produccion;80001372-146;0;Contenedor 40 HC;0;;;;;;;;;;0;0;0;0;0;0;N
6701506;516;TANGSHAN HENGER IMPORT&EXPORT TRADING CO;89;2025-08-29;Directo VE - FERRETERIA EPA, C.A.;11440,00;USD;<null>;FOB  ;FOB  ;FOB  ;77;116;2026-05-30;2026-05-30;<null>;BINTER TRADE LLC. (Dropship EPA - VE) ;<null>;<null>;<null>;147;<null>;<null>;false;false;CNY;EPA;OLO6;Produccion;80001372-147;0;Contenedor 40 HC;0;;;;;;;;;;0;0;0;0;0;0;N
6701515;443;ZHEJIANG CHENGMING INDUSTRY & TRADE CO.,LTD                ;83;2025-08-29;Directo CR - FERRETERIA EPA, S.A.;22362,64;USD;<null>;FOB  ;FOB  ;FOB  ;71;125;2026-01-15;2026-01-15;7488;BINTER TRADE LLC. (Dropship CR);-- N/A --;101738;2026-01-27;PI9CR;PO25672;22362,64;false;true;CNY;EPA;OLO6;Transito;TCLU7743496;MSC;Contenedor 40 HC;HNGB00070668;29-12-25;29-12-25;17/12/2025;24-01-26;03-02-26;28-01-26;03-03-26;21-03-26;;3720;0;NAC;SPARX;0;0;N
6701516;443;ZHEJIANG CHENGMING INDUSTRY & TRADE CO.,LTD                ;83;2025-08-29;Directo CR - FERRETERIA EPA, S.A.;22362,64;USD;<null>;FOB  ;FOB  ;FOB  ;71;125;2026-01-15;2026-01-15;7489;BINTER TRADE LLC. (Dropship CR);-- N/A --;101739;2026-01-27;PI10CR;PO25673;22362,64;false;true;CNY;EPA;OLO6;Transito;MSNU5557621;MSC;Contenedor 40 HC;HNGB00070669;29-12-25;29-12-25;17/12/2025;24-01-26;03-02-26;28-01-26;03-03-26;21-03-26;;3750;0;NAC;SPARX;0;0;N
6701517;443;ZHEJIANG CHENGMING INDUSTRY & TRADE CO.,LTD                ;83;2025-08-29;Directo CR - FERRETERIA EPA, S.A.;22485,41;USD;<null>;FOB  ;FOB  ;FOB  ;71;125;2026-01-15;2026-01-15;7490;BINTER TRADE LLC. (Dropship CR);-- N/A --;101740;2026-01-27;PI11CR;PO25674;22485,41;false;true;CNY;EPA;OLO6;Transito;MSMU5931419;MSC;Contenedor 40 HC;HNGB00070671;29-12-25;29-12-25;15/12/2025;24-01-26;03-02-26;28-01-26;03-03-26;21-03-26;;3750;0;NAC;SPARX;0;0;N
6701519;443;ZHEJIANG CHENGMING INDUSTRY & TRADE CO.,LTD                ;83;2025-08-29;Directo SV - FERRETERIA EPA, S.A. DE C.V.;18118,85;USD;<null>;FOB  ;FOB  ;FOB  ;71;122;2025-11-30;2025-11-30;7335;BINTER TRADE LLC. (Dropship SV);-- N/A --;101658;2026-01-19;PI13SV;PO25664;18118,85;false;false;CNY;EPA;OLO6;Transito;CMAU6741303;CMA CGM;Contenedor 40 HC;HNGB00070136;08-12-25;09-12-25;03/12/2025;28-12-25;11-01-26;25-12-25;13-02-26;13-02-26;;3499;0;NAC;SPARX;0;0;N
6701520;443;ZHEJIANG CHENGMING INDUSTRY & TRADE CO.,LTD                ;83;2025-08-29;Directo SV - FERRETERIA EPA, S.A. DE C.V.;18118,85;USD;<null>;FOB  ;FOB  ;FOB  ;71;122;2026-01-15;2026-01-15;7484;BINTER TRADE LLC. (Dropship SV);-- N/A --;101731;2026-01-23;PI14SV;PO25675;18118,85;false;false;CNY;EPA;OLO6;Transito;ECMU7422622;CMA CGM;Contenedor 40 HC;HNGB00070482;29-12-25;29-12-25;15/12/2025;21-01-26;28-01-26;24-01-26;13-03-26;13-03-26;;3350;0;NAC;SPARX;0;0;N
6701528;443;ZHEJIANG CHENGMING INDUSTRY & TRADE CO.,LTD                ;83;2025-08-29;Directo GT - FERRETERIA EPA, S.A. (Guatemala);20429,23;USD;<null>;FOB  ;FOB  ;FOB  ;71;127;2026-01-15;2026-01-15;7530;BINTER TRADE LLC. (Dropship GT);-- N/A --;101781;2026-02-06;PI24GT;PO25676;20429,23;false;false;CNY;EPA;OLO6;Transito;FANU3793687;HAPAG LLOYD;Contenedor 40 HC;HNGB00070483;29-12-25;29-12-25;15/12/2025;25-01-26;08-02-26;01-02-26;12-03-26;12-03-26;;3350;0;NAC;SPARX;0;0;N
6701529;443;ZHEJIANG CHENGMING INDUSTRY & TRADE CO.,LTD                ;83;2025-08-29;Directo GT - FERRETERIA EPA, S.A. (Guatemala);20429,23;USD;<null>;FOB  ;FOB  ;FOB  ;71;127;2026-01-15;2026-01-15;7531;BINTER TRADE LLC. (Dropship GT);-- N/A --;101783;2026-02-06;PI25GT;PO25677;20429,23;false;false;CNY;EPA;OLO6;Transito;HAMU4505309;HAPAG LLOYD;Contenedor 40 HC;HNGB00070484;29-12-25;29-12-25;15/12/2025;25-01-26;11-02-26;01-02-26;12-03-26;12-03-26;;3350;0;NAC;SPARX;0;0;N
6701530;443;ZHEJIANG CHENGMING INDUSTRY & TRADE CO.,LTD                ;83;2025-08-29;Directo GT - FERRETERIA EPA, S.A. (Guatemala);20429,23;USD;<null>;FOB  ;FOB  ;FOB  ;71;127;2026-01-15;2026-01-15;7532;BINTER TRADE LLC. (Dropship GT);-- N/A --;101784;2026-02-06;PI26GT;PO25678;20429,23;false;false;CNY;EPA;OLO6;Transito;UACU5429377;HAPAG LLOYD;Contenedor 40 HC;HNGB00070485;29-12-25;29-12-25;15/12/2025;25-01-26;08-02-26;01-02-26;12-03-26;12-03-26;;3350;0;NAC;SPARX;0;0;N
6701532;443;ZHEJIANG CHENGMING INDUSTRY & TRADE CO.,LTD                ;83;2025-08-29;Directo VE - FERRETERIA EPA, C.A.;16700,02;USD;<null>;FOB  ;CIF  ;FOB  ;71;116;2025-11-15;2025-11-15;7109;BINTER TRADE LLC. (Dropship EPA - VE) ;-- N/A --;101306;2025-12-08;PI28VE;PO25660;16700,02;false;false;CNY;EPA;OLO6;Transito;CMAU8448850;CMA CGM;Contenedor 40 HC;BJPBL2500040;12-11-25;12-11-25;06/11/2025;30-11-25;07-12-25;30-11-25;30-01-26;01-02-26;;4130;IOLFT25-859;FAK;IN OCEAN;0;0;N
6701533;443;ZHEJIANG CHENGMING INDUSTRY & TRADE CO.,LTD                ;83;2025-08-29;Directo VE - FERRETERIA EPA, C.A.;16700,02;USD;<null>;FOB  ;CIF  ;FOB  ;71;116;2025-11-15;2025-11-15;7107;BINTER TRADE LLC. (Dropship EPA - VE) ;-- N/A --;101304;2025-12-08;PI29VE;PO25661;16700,02;false;false;CNY;EPA;OLO6;Transito;CLHU9096216;CMA CGM;Contenedor 40 HC;BJPBL2500042;12-11-25;12-11-25;06/11/2025;30-11-25;07-12-25;30-11-25;30-01-26;04-02-26;;4130;IOLFT25-858;FAK;IN OCEAN;0;0;N
6701536;443;ZHEJIANG CHENGMING INDUSTRY & TRADE CO.,LTD                ;83;2025-08-29;Directo VE - FERRETERIA EPA, C.A.;16700,02;USD;<null>;FOB  ;CIF  ;FOB  ;71;116;2026-01-15;2026-01-15;7567;BINTER TRADE LLC. (Dropship EPA - VE) ;-- N/A --;101818;2026-02-11;PI32VE;PO25679;16700,02;false;false;CNY;EPA;OLO6;Transito;TGBU5821684;CMA CGM;Contenedor 40 HC;BJPBL2600062;19-01-26;19-01-26;15/12/2025;25-01-26;12-02-26;08-02-26;31-03-26;31-03-26;;3490;IOLFT26-083;FAK;IN OCEAN;0;0;N
6701537;443;ZHEJIANG CHENGMING INDUSTRY & TRADE CO.,LTD                ;83;2025-08-29;Directo VE - FERRETERIA EPA, C.A.;17074,72;USD;<null>;FOB  ;CIF  ;FOB  ;71;116;2026-01-15;2026-01-15;7565;BINTER TRADE LLC. (Dropship EPA - VE) ;-- N/A --;101816;2026-02-11;PI33VE;PO25680;17074,72;false;false;CNY;EPA;OLO6;Transito;DRYU9922670;CMA CGM;Contenedor 40 HC;BJPBL2600059;21-01-26;21-01-26;15/12/2025;27-01-26;17-02-26;08-02-26;31-03-26;31-03-26;;3490;IOLFT26-082;FAK;IN OCEAN;0;0;N
6701539;347;NINGBO METALIQUE HOME SUPPLIES CO.,LTD;89;2025-09-01;Directo VE - FERRETERIA EPA, C.A.;756,00;USD;<null>;FOB  ;CIF  ;FOB  ;71;116;2025-11-10;2025-11-10;7270;BINTER TRADE LLC. (Dropship EPA - VE) ;-- N/A --;101495;2025-12-26;VE;MK-250112;756,00;false;false;PEDIDO COMPRA;EPA;OLO6;Transito;TCNU2154572;CMA CGM;Contenedor 40 HC;BJPBL2500077A;21-11-25;21-11-25;12/11/2025;08-12-25;22-12-25;16-12-25;17-02-26;17-02-26;;4950;IOLFT25-932;FAK;IN OCEAN;0;0;N
6701540;329;TAIZHOU BAOLI LEISURE PRODUCTS CO.,LTD                     ;85;2025-09-01;Directo VE - Febeca, C.A.;13208,00;USD;<null>;FOB  ;CIF  ;FOB  ;71;116;2026-03-01;2026-03-01;<null>;BINTER TRADE LLC. (Dropship FEBECA - VE) ;<null>;<null>;<null>;Febeca #2 Ago 25 CNY;<null>;<null>;false;false;COMPRAS A TERCEROS;EPA;OLO6;Transito;TCNU5104699;CMA CGM;Contenedor 40 HC;BJLAG2600127;02-03-26;02-03-26;16/02/2026;13-03-26;20-03-26;14-03-26;28-04-26;28-04-26;;0;0;0;IN OCEAN;0;0;N
6701553;347;NINGBO METALIQUE HOME SUPPLIES CO.,LTD;89;2025-09-01;Directo VE - FERRETERIA EPA, C.A.;53093,60;USD;<null>;FOB  ;CIF  ;FOB  ;71;116;2025-11-10;2025-11-10;7270;BINTER TRADE LLC. (Dropship EPA - VE) ;-- N/A --;101496;2025-12-26;VE2;MK-250112A;53093,60;false;false;PEDIDO COMPRA;EPA;OLO6;Transito;TCNU2154572;CMA CGM;Contenedor 40 HC;BJPBL2500077B;21-11-25;21-11-25;12/11/2025;08-12-25;22-12-25;16-12-25;17-02-26;17-02-26;;0;IOLFT25-932;FAK;IN OCEAN;0;0;N
6701554;908;TANGSHAN HENGER IMPORT&EXPORT TRADING 2;89;2025-09-01;Directo VE - Febeca, C.A.;20952,00;USD;<null>;FOB  ;CIF  ;FOB  ;93;121;2025-11-15;2025-11-15;7218;BINTER TRADE LLC. (Dropship FEBECA - VE) ;-- N/A --;101446;2025-12-18;FE;XFH251207A;20952,00;false;false;CNY;EPA;OLO6;Transito;ECMU7180128;CMA CGM;Contenedor 40 HC;BJPBL2500075;12-11-25;12-11-25;10/11/2025;09-12-25;16-12-25;12-12-25;09-02-26;04-02-26;;5450;IOLFT25-917;FAK;IN OCEAN;0;0;N
6701563;908;TANGSHAN HENGER IMPORT&EXPORT TRADING 2;89;2025-09-03;Directo VE - FERRETERIA EPA, C.A.;18075,00;USD;<null>;FOB  ;CIF  ;FOB  ;93;116;2025-11-30;2025-11-30;7216;BINTER TRADE LLC. (Dropship EPA - VE) ;-- N/A --;101444;2025-12-18;VE1;XFH251208A;18075,00;false;false;CNY;EPA;OLO6;Transito;CMAU7778420;CMA CGM;Contenedor 40 HC;BJPBL2500076;21-11-25;21-11-25;14/11/2025;09-12-25;16-12-25;12-12-25;09-02-26;04-02-26;;5350;IOLFT25-918;FAK;IN OCEAN;0;0;N
6701564;908;TANGSHAN HENGER IMPORT&EXPORT TRADING 2;89;2025-09-03;Directo VE - FERRETERIA EPA, C.A.;19380,00;USD;<null>;FOB  ;CIF  ;FOB  ;93;116;2025-12-30;2025-12-30;7573;BINTER TRADE LLC. (Dropship EPA - VE) ;-- N/A --;101822;2026-02-13;VE2;XFH260124;19380,00;false;false;CNY;EPA;OLO6;Transito;CMAU9792285;CMA CGM;Contenedor 40 HC;BJPBL2600043;16-01-26;16-01-26;29/12/2025;27-01-26;13-02-26;09-02-26;14-04-26;14-04-26;;3280;IOLFT26-093;FAK;IN OCEAN;0;0;N
6701565;908;TANGSHAN HENGER IMPORT&EXPORT TRADING 2;89;2025-09-03;Directo VE - FERRETERIA EPA, C.A.;19380,00;USD;<null>;FOB  ;FOB  ;FOB  ;93;116;2026-04-15;2026-04-15;<null>;BINTER TRADE LLC. (Dropship EPA - VE) ;<null>;<null>;<null>;VE3;<null>;<null>;false;false;CNY;EPA;OLO6;Produccion;80001432-3;0;Contenedor 40 HC;0;;;09/03/2026;;;;;;;0;0;0;IN OCEAN;0;0;N
6701567;908;TANGSHAN HENGER IMPORT&EXPORT TRADING 2;89;2025-09-03;Directo CR - FERRETERIA EPA, S.A.;21124,00;USD;<null>;FOB  ;FOB  ;FOB  ;93;125;2026-01-20;2026-01-20;7606;BINTER TRADE LLC. (Dropship CR);-- N/A --;101859;2026-02-23;CR1;XFH260213;21124,00;false;false;CNY;EPA;OLO6;Transito;MRSU7867284;MAERSK;Contenedor 40 HC;SZXD35820;05-02-26;05-02-26;16/01/2026;19-02-26;26-02-26;20-02-26;07-04-26;06-04-26;;3021;0;FAK;DHL;0;0;N
6701568;908;TANGSHAN HENGER IMPORT&EXPORT TRADING 2;89;2025-09-03;Directo CR - FERRETERIA EPA, S.A.;21236,00;USD;<null>;FOB  ;FOB  ;FOB  ;93;125;2026-04-15;2026-04-15;<null>;BINTER TRADE LLC. (Dropship CR);<null>;<null>;<null>;CR2;<null>;<null>;false;false;CNY;EPA;OLO6;Booking;80001432-6;0;Contenedor 40 HC;0;12-03-26;12-03-26;09/03/2026;26-03-26;26-03-26;;;;;4535;0;0;AIR SEA WORLDWIDE;0;0;N
6701569;908;TANGSHAN HENGER IMPORT&EXPORT TRADING 2;89;2025-09-03;Directo CR - FERRETERIA EPA, S.A.;21036,00;USD;<null>;FOB  ;FOB  ;FOB  ;93;125;2025-12-30;2025-12-30;7560;BINTER TRADE LLC. (Dropship CR);-- N/A --;101811;2026-02-11;CR3;XFH260206;21036,00;false;false;CNY;EPA;OLO6;Transito;FANU1152149;HAPAG LLOYD;Contenedor 40 HC;ASSNZA00017;12-01-26;12-01-26;29/12/2025;11-02-26;25-02-26;26-02-26;10-04-26;10-04-26;;2800;0;NAC;AIR SEA WORLDWIDE;0;0;N
6701570;908;TANGSHAN HENGER IMPORT&EXPORT TRADING 2;89;2025-09-03;Directo VE - FERRETERIA EPA, C.A.;20952,00;USD;<null>;FOB  ;FOB  ;FOB  ;93;116;2026-04-15;2026-04-15;<null>;BINTER TRADE LLC. (Dropship EPA - VE) ;<null>;<null>;<null>;VE5;<null>;<null>;false;false;CNY;EPA;OLO6;Produccion;80001432-8;0;Contenedor 40 HC;0;;;09/03/2026;;;;;;;0;0;0;IN OCEAN;0;0;N
6701572;908;TANGSHAN HENGER IMPORT&EXPORT TRADING 2;89;2025-09-03;Directo SV - FERRETERIA EPA, S.A. DE C.V.;18940,00;USD;<null>;FOB  ;FOB  ;FOB  ;93;122;2025-12-30;2025-12-30;7551;BINTER TRADE LLC. (Dropship SV);-- N/A --;101804;2026-02-10;SV1;XFH260210;18940,00;false;false;CNY;EPA;OLO6;Transito;MRSU5449053;MAERSK;Contenedor 40 HC;ASSNZA00018;12-01-26;12-01-26;29/12/2025;13-02-26;11-02-26;11-02-26;16-03-26;16-03-26;;3320;0;NAC;AIR SEA WORLDWIDE;0;0;N
6701573;908;TANGSHAN HENGER IMPORT&EXPORT TRADING 2;89;2025-09-03;Directo SV - FERRETERIA EPA, S.A. DE C.V.;15863,00;USD;<null>;FOB  ;FOB  ;FOB  ;93;122;2026-04-15;2026-04-15;<null>;BINTER TRADE LLC. (Dropship SV);<null>;<null>;<null>;SV2;<null>;<null>;false;false;CNY;EPA;OLO6;Produccion;80001432-12;0;Contenedor 40 HC;0;;;;;;;;;;0;0;0;0;0;0;N
6701574;908;TANGSHAN HENGER IMPORT&EXPORT TRADING 2;89;2025-09-03;Directo GT - FERRETERIA EPA, S.A. (Guatemala);16788,00;USD;<null>;FOB  ;FOB  ;FOB  ;93;127;2025-12-15;2025-12-15;7381;BINTER TRADE LLC. (Dropship GT);-- N/A --;101621;2026-01-14;GT1;XFH260110;16788,00;false;false;CNY;EPA;OLO6;Transito;MSMU8734310;MSC;Contenedor 40 HC;ASSZX513484;30-12-25;30-12-25;19/12/2025;18-01-26;18-01-26;21-01-26;03-03-26;03-03-26;;3550;0;NAC;AIR SEA WORLDWIDE;0;0;N
6701575;908;TANGSHAN HENGER IMPORT&EXPORT TRADING 2;89;2025-09-03;Directo GT - FERRETERIA EPA, S.A. (Guatemala);16788,00;USD;<null>;FOB  ;FOB  ;FOB  ;93;127;2026-04-15;2026-04-15;<null>;BINTER TRADE LLC. (Dropship GT);<null>;<null>;<null>;GT2;<null>;<null>;false;false;CNY;EPA;OLO6;Booking;80001432-14;0;Contenedor 40 HC;0;13-03-26;13-03-26;09/03/2026;30-04-26;30-04-26;;;;;4535;0;0;AIR SEA WORLDWIDE;0;0;N
6701576;908;TANGSHAN HENGER IMPORT&EXPORT TRADING 2;89;2025-09-03;Directo GT - FERRETERIA EPA, S.A. (Guatemala);16788,00;USD;<null>;FOB  ;FOB  ;FOB  ;93;127;2026-01-20;2026-01-20;7610;BINTER TRADE LLC. (Dropship GT);-- N/A --;101863;2026-02-24;GT3;XFH260212;16788,00;false;false;CNY;EPA;OLO6;Transito;TCLU6274080;HAPAG LLOYD;Contenedor 40 HC;HSZX00036269;29-01-26;29-01-26;27/01/2026;13-02-26;04-03-26;04-03-26;15-04-26;15-04-26;;4500;0;NAC;SPARX;0;0;N
6701577;906;JIANGMEN KINGSWAY HOUSEWARE CO.,LTD.;82;2025-09-03;Directo CR - FERRETERIA EPA, S.A.;11999,07;USD;<null>;FOB  ;FOB  ;FOB  ;93;125;2025-12-15;2025-12-15;7561;BINTER TRADE LLC. (Dropship CR);-- N/A --;101812;2026-02-11;CR;KWP-410925-1;11999,07;false;true;CNY;EPA;OLO6;Transito;HAMU2365580;HAPAG LLOYD;Contenedor 40 HC;ASSZX513301;22-12-25;22-12-25;12/12/2025;04-02-26;11-02-26;05-02-26;20-03-26;20-03-26;;3720;0;NAC;AIR SEA WORLDWIDE;0;0;N
6701578;906;JIANGMEN KINGSWAY HOUSEWARE CO.,LTD.;82;2025-09-03;Directo CR - FERRETERIA EPA, S.A.;11775,45;USD;<null>;FOB  ;FOB  ;FOB  ;93;125;2025-12-15;2025-12-15;7595;BINTER TRADE LLC. (Dropship CR);-- N/A --;101849;2026-02-19;CR;KWP-410925-2;11775,45;false;true;CNY;EPA;OLO6;Transito;FANU1325795;HAPAG LLOYD;Contenedor 40 HC;ASSZX513302;22-12-25;22-12-25;12/12/2025;29-01-26;11-02-26;05-02-26;20-03-26;20-03-26;;3320;0;NAC;AIR SEA WORLDWIDE;0;0;N
6701579;906;JIANGMEN KINGSWAY HOUSEWARE CO.,LTD.;82;2025-09-03;Directo CR - FERRETERIA EPA, S.A.;11959,42;USD;<null>;FOB  ;FOB  ;FOB  ;93;125;2025-12-15;2025-12-15;7596;BINTER TRADE LLC. (Dropship CR);-- N/A --;101850;2026-02-19;CR;KWP-410925-3;11959,42;false;true;CNY;EPA;OLO6;Transito;TCLU5493741;HAPAG LLOYD;Contenedor 40 HC;ASSZX513206;22-12-25;22-12-25;12/12/2025;29-01-26;12-02-26;05-02-26;20-03-26;20-03-26;;3720;0;NAC;AIR SEA WORLDWIDE;0;0;N
6701580;906;JIANGMEN KINGSWAY HOUSEWARE CO.,LTD.;82;2025-09-03;Directo CR - FERRETERIA EPA, S.A.;11730,72;USD;<null>;FOB  ;FOB  ;FOB  ;93;125;2025-12-15;2025-12-15;7590;BINTER TRADE LLC. (Dropship CR);-- N/A --;101844;2026-02-19;CR;KWP-410925-4;11730,72;false;true;CNY;EPA;OLO6;Transito;HAMU1379001;HAPAG LLOYD;Contenedor 40 HC;ASSZX513392;30-12-25;30-12-25;12/12/2025;24-01-26;12-02-26;05-02-26;20-03-26;20-03-26;;3720;0;NAC;AIR SEA WORLDWIDE;0;0;N
6701581;906;JIANGMEN KINGSWAY HOUSEWARE CO.,LTD.;82;2025-09-03;Directo CR - FERRETERIA EPA, S.A.;11976,94;USD;<null>;FOB  ;FOB  ;FOB  ;93;125;2026-03-10;2026-03-10;<null>;BINTER TRADE LLC. (Dropship CR);<null>;<null>;<null>;CR;<null>;<null>;false;true;CNY;EPA;OLO6;Booking;80001426-5;0;Contenedor 40 HC;0;04-03-26;04-03-26;26/02/2026;25-03-26;25-03-26;;;;;4535;0;0;AIR SEA WORLDWIDE;0;0;N
6701582;906;JIANGMEN KINGSWAY HOUSEWARE CO.,LTD.;82;2025-09-03;Directo CR - FERRETERIA EPA, S.A.;12136,24;USD;<null>;FOB  ;FOB  ;FOB  ;93;125;2026-03-10;2026-03-10;<null>;BINTER TRADE LLC. (Dropship CR);<null>;<null>;<null>;CR;<null>;<null>;false;true;CNY;EPA;OLO6;Booking;80001426-6;0;Contenedor 40 HC;0;04-03-26;04-03-26;27/02/2026;25-03-26;25-03-26;;;;;4535;0;0;AIR SEA WORLDWIDE;0;0;N
6701583;906;JIANGMEN KINGSWAY HOUSEWARE CO.,LTD.;82;2025-09-03;Directo SV - FERRETERIA EPA, S.A. DE C.V.;12519,98;USD;<null>;FOB  ;FOB  ;FOB  ;93;122;2025-12-15;2025-12-15;7581;BINTER TRADE LLC. (Dropship SV);-- N/A --;101836;2026-02-18;SV;KWP- 410925-5;12519,98;false;false;CNY;EPA;OLO6;Transito;SEKU5503830;CMA CGM;Contenedor 40 HC;HSZX00036166;26-12-25;26-12-25;12/12/2025;21-01-26;17-02-26;09-02-26;03-04-26;03-04-26;;2990;0;NAC;SPARX;0;0;N
6701584;906;JIANGMEN KINGSWAY HOUSEWARE CO.,LTD.;82;2025-09-03;Directo SV - FERRETERIA EPA, S.A. DE C.V.;12703,87;USD;<null>;FOB  ;FOB  ;FOB  ;93;122;2026-03-10;2026-03-10;<null>;BINTER TRADE LLC. (Dropship SV);<null>;<null>;<null>;SV;<null>;<null>;false;false;CNY;EPA;OLO6;Booking;80001426-8;MSC;Contenedor 40 HC;0;04-03-26;04-03-26;26/02/2026;27-03-26;27-03-26;;;;;4115;0;0;AIR SEA WORLDWIDE;0;0;N
6701585;906;JIANGMEN KINGSWAY HOUSEWARE CO.,LTD.;82;2025-09-03;Directo GT - FERRETERIA EPA, S.A. (Guatemala);13766,92;USD;<null>;FOB  ;FOB  ;FOB  ;93;127;2025-12-15;2025-12-15;7584;BINTER TRADE LLC. (Dropship GT);-- N/A --;101837;2026-02-18;GT;KWP- 410925-6;13766,92;false;false;CNY;EPA;OLO6;Transito;HAMU3466379;HAPAG LLOYD;Contenedor 40 HC;HSZX00036155;19-12-25;19-12-25;12/12/2025;17-01-26;13-02-26;31-01-26;12-03-26;12-03-26;;3490;0;NAC;SPARX;0;0;N
6701586;906;JIANGMEN KINGSWAY HOUSEWARE CO.,LTD.;82;2025-09-03;Directo GT - FERRETERIA EPA, S.A. (Guatemala);13766,92;USD;<null>;FOB  ;FOB  ;FOB  ;93;127;2026-03-10;2026-03-10;<null>;BINTER TRADE LLC. (Dropship GT);<null>;<null>;<null>;GT;<null>;<null>;false;false;CNY;EPA;OLO6;Booking;80001426-10;0;Contenedor 40 HC;0;09-03-26;09-03-26;26/02/2026;25-03-26;25-03-26;;;;;4570;0;0;AIR SEA WORLDWIDE;0;0;N
6701587;906;JIANGMEN KINGSWAY HOUSEWARE CO.,LTD.;82;2025-09-03;Directo VE - FERRETERIA EPA, C.A.;10984,56;USD;<null>;FOB  ;CIF  ;FOB  ;93;116;2025-12-15;2025-12-15;7575;BINTER TRADE LLC. (Dropship EPA - VE) ;-- N/A --;101824;2026-02-13;VE;KWP-410925-7;10984,56;false;false;CNY;EPA;OLO6;Transito;BEAU6112849;CMA CGM;Contenedor 40 HC;BJPBL2600058;29-12-25;29-12-25;12/12/2025;27-01-26;11-02-26;09-02-26;14-04-26;14-04-26;;3280;IOLFT26-091;FAK;IN OCEAN;0;0;N
6701588;906;JIANGMEN KINGSWAY HOUSEWARE CO.,LTD.;82;2025-09-03;Directo VE - FERRETERIA EPA, C.A.;10951,54;USD;<null>;FOB  ;CIF  ;FOB  ;93;116;2025-12-15;2025-12-15;7576;BINTER TRADE LLC. (Dropship EPA - VE) ;-- N/A --;101825;2026-02-13;VE;KWP-410925-8;10951,54;false;false;CNY;EPA;OLO6;Transito;BEAU4751250;CMA CGM;Contenedor 40 HC;BJPBL2600060;29-12-25;29-12-25;12/12/2025;22-01-26;11-02-26;09-02-26;14-04-26;14-04-26;;3280;IOLFT26-090;FAK;IN OCEAN;0;0;N
6701589;906;JIANGMEN KINGSWAY HOUSEWARE CO.,LTD.;82;2025-09-03;Directo VE - FERRETERIA EPA, C.A.;10951,54;USD;<null>;FOB  ;CIF  ;FOB  ;93;116;2026-03-10;2026-03-10;<null>;BINTER TRADE LLC. (Dropship EPA - VE) ;<null>;<null>;<null>;VE;<null>;<null>;false;false;CNY;EPA;OLO6;Booking;80001426-13;CMA CGM;Contenedor 40 HC;0;02-03-26;02-03-26;26/02/2026;23-03-26;23-03-26;;;;;0;0;0;IN OCEAN;0;0;N
6701590;906;JIANGMEN KINGSWAY HOUSEWARE CO.,LTD.;82;2025-09-03;Directo VE - FERRETERIA EPA, C.A.;10951,54;USD;<null>;FOB  ;CIF  ;FOB  ;93;116;2026-03-10;2026-03-10;<null>;BINTER TRADE LLC. (Dropship EPA - VE) ;<null>;<null>;<null>;VE;<null>;<null>;false;false;CNY;EPA;OLO6;Booking;80001426-14;CMA CGM;Contenedor 40 HC;0;02-03-26;02-03-26;26/02/2026;23-03-26;23-03-26;;;;;0;0;0;IN OCEAN;0;0;N
6701595;397;GUANDAXING INCORPORATED COMPANY                            ;85;2025-09-04;Directo CR - FERRETERIA EPA, S.A.;30248,85;USD;<null>;FOB  ;FOB  ;FOB  ;108;125;2026-03-02;2026-03-02;<null>;BINTER TRADE LLC. (Dropship CR);<null>;<null>;<null>;CR Directo #3 Ago 25 CNY;<null>;<null>;false;true;CNY;EPA;OLO6;Booking;80001404-3;HAPAG LLOYD;Contenedor 40 HC;0;09-03-26;10-03-26;26/02/2026;05-04-26;05-04-26;;;;;4535;0;0;AIR SEA WORLDWIDE;0;0;N
6701598;397;GUANDAXING INCORPORATED COMPANY                            ;85;2025-09-04;Directo GT - FERRETERIA EPA, S.A. (Guatemala);29736,00;USD;<null>;FOB  ;FOB  ;FOB  ;108;127;2026-03-02;2026-03-02;<null>;BINTER TRADE LLC. (Dropship GT);<null>;<null>;<null>;GT Directo #6 Ago 25 CNY;<null>;<null>;false;false;CNY;EPA;OLO6;Booking;80001404-6;MSC;Contenedor 40 HC;0;10-03-26;10-03-26;26/02/2026;02-04-26;02-04-26;;;;;4570;0;0;AIR SEA WORLDWIDE;0;0;N
6701643;334;NINGBO YILONG OUTDOOR PRODUCTS CO.,LTD.                    ;85;2025-09-11;Directo VE - Febeca, C.A.;24115,58;USD;<null>;FOB  ;CIF  ;FOB  ;71;116;2025-11-10;2025-11-10;7276;BINTER TRADE LLC. (Dropship FEBECA - VE) ;-- N/A --;101501;2025-12-26;SILLACA Ago 25 CNY;258100910;24115,58;true;false;COMPRAS A TERCEROS;EPA;OLO6;Transito;APHU6766453;CMA CGM;Contenedor 40 HC;BJPBL2500071;21-11-25;21-11-25;10/11/2025;08-12-25;22-12-25;16-12-25;17-02-26;17-02-26;;4950;IOLFT25-934;FAK;IN OCEAN;0;0;N
6701652;334;NINGBO YILONG OUTDOOR PRODUCTS CO.,LTD.                    ;85;2025-09-11;Directo CR - FERRETERIA EPA, S.A.;24236,60;USD;<null>;FOB  ;FOB  ;FOB  ;71;125;2026-03-02;2026-03-02;<null>;BINTER TRADE LLC. (Dropship CR);<null>;<null>;<null>;CR Ago 25 CNY #9;<null>;<null>;true;true;CNY;EPA;OLO6;Booking;80001429-9;HAPAG LLOYD;Contenedor 40 HC;0;09-03-26;09-03-26;04/03/2026;07-04-26;07-04-26;;;;;4535;0;0;AIR SEA WORLDWIDE;0;0;N
6701653;334;NINGBO YILONG OUTDOOR PRODUCTS CO.,LTD.                    ;85;2025-09-11;Directo CR - FERRETERIA EPA, S.A.;23836,80;USD;<null>;FOB  ;FOB  ;FOB  ;71;125;2026-03-02;2026-03-02;<null>;BINTER TRADE LLC. (Dropship CR);<null>;<null>;<null>;CR Ago 25 CNY #10;<null>;<null>;true;true;CNY;EPA;OLO6;Booking;80001429-10;HAPAG LLOYD;Contenedor 40 HC;0;10-03-26;10-03-26;04/03/2026;07-04-26;07-04-26;;;;;4535;0;0;AIR SEA WORLDWIDE;0;0;N
6701654;334;NINGBO YILONG OUTDOOR PRODUCTS CO.,LTD.                    ;85;2025-09-11;Directo GT - FERRETERIA EPA, S.A. (Guatemala);27375,32;USD;<null>;FOB  ;FOB  ;FOB  ;71;127;2025-11-10;2025-11-10;7243;BINTER TRADE LLC. (Dropship GT);-- N/A --;101509;2025-12-29;GT Ago 25 CNY #1;258100926;27375,32;true;false;MIXTO;EPA;OLO6;Transito;TGHU9769816;CMA CGM;Contenedor 40 HC;ASNGB511903;13-11-25;13-11-25;;12-12-25;26-12-25;15-12-25;30-01-26;12-02-26;;3555;0;NAC;0;0;0;N
6701655;334;NINGBO YILONG OUTDOOR PRODUCTS CO.,LTD.                    ;85;2025-09-11;Directo GT - FERRETERIA EPA, S.A. (Guatemala);25060,72;USD;<null>;FOB  ;FOB  ;FOB  ;71;127;2025-11-10;2025-11-10;7244;BINTER TRADE LLC. (Dropship GT);-- N/A --;101482;2025-12-24;GT Ago 25 CNY #2;258100927;25060,72;true;false;MIXTO;EPA;OLO6;Transito;SEGU5376181;CMA CGM;Contenedor 40 HC;ASNGB511902;13-11-25;13-11-25;10/11/2025;12-12-25;26-12-25;15-12-25;30-01-26;12-02-26;;3555;0;NAC;AIR SEA WORLDWIDE;0;0;N
6701656;334;NINGBO YILONG OUTDOOR PRODUCTS CO.,LTD.                    ;85;2025-09-11;Directo GT - FERRETERIA EPA, S.A. (Guatemala);26703,54;USD;<null>;FOB  ;FOB  ;FOB  ;71;127;2025-12-01;2025-12-01;7331;BINTER TRADE LLC. (Dropship GT);-- N/A --;101556;2026-01-09;GT Ago 25 CNY #3;258100938;26703,54;true;false;MIXTO;EPA;OLO6;Transito;HLBU3422196;HAPAG LLOYD;Contenedor 40 HC;ASNGB512663;04-12-25;04-12-25;28/11/2025;28-12-25;11-01-26;30-12-25;13-02-26;04-02-26;;3555;0;NAC;AIR SEA WORLDWIDE;0;0;N
6701657;334;NINGBO YILONG OUTDOOR PRODUCTS CO.,LTD.                    ;85;2025-09-11;Directo GT - FERRETERIA EPA, S.A. (Guatemala);28289,70;USD;<null>;FOB  ;FOB  ;FOB  ;71;127;2026-03-02;2026-03-02;<null>;BINTER TRADE LLC. (Dropship GT);<null>;<null>;<null>;GT Ago 25 CNY #4;<null>;<null>;true;false;CNY;EPA;OLO6;Booking;80001429-14;0;Contenedor 40 HC;0;06-03-26;06-03-26;04/03/2026;10-04-26;10-04-26;;;;;0;0;0;SPARX;0;0;N
6701663;334;NINGBO YILONG OUTDOOR PRODUCTS CO.,LTD.                    ;85;2025-09-11;Directo SV - FERRETERIA EPA, S.A. DE C.V.;17987,36;USD;<null>;FOB  ;FOB  ;FOB  ;71;122;2025-12-01;2025-12-01;7265;BINTER TRADE LLC. (Dropship SV);-- N/A --;101490;2025-12-26;SV Ago 25 CNY #8;258100922;17987,36;true;false;CNY;EPA;OLO6;Transito;FANU1506026;HAPAG LLOYD;Contenedor 40 HC;ASNGB512660;04-12-25;04-12-25;02/12/2025;21-12-25;28-12-25;22-12-25;30-01-26;03-02-26;;3420;0;NAC;AIR SEA WORLDWIDE;0;0;N
6701664;334;NINGBO YILONG OUTDOOR PRODUCTS CO.,LTD.                    ;85;2025-09-11;Directo SV - FERRETERIA EPA, S.A. DE C.V.;19740,20;USD;<null>;FOB  ;FOB  ;FOB  ;71;122;2026-03-02;2026-03-02;<null>;BINTER TRADE LLC. (Dropship SV);<null>;<null>;<null>;SV Ago 25 CNY #10;<null>;<null>;true;false;CNY;EPA;OLO6;Booking;80001429-24;CMA CGM;Contenedor 40 HC;0;06-03-26;06-03-26;04/03/2026;31-03-26;31-03-26;;;;;0;0;0;SPARX;0;0;N
6701665;334;NINGBO YILONG OUTDOOR PRODUCTS CO.,LTD.                    ;85;2025-09-11;Directo SV - FERRETERIA EPA, S.A. DE C.V.;19367,20;USD;<null>;FOB  ;FOB  ;FOB  ;71;122;2026-03-02;2026-03-02;<null>;BINTER TRADE LLC. (Dropship SV);<null>;<null>;<null>;SV Ago 25 CNY #11;<null>;<null>;true;false;CNY;EPA;OLO6;Booking;80001429-25;0;Contenedor 40 HC;0;06-03-26;06-03-26;04/03/2026;31-03-26;31-03-26;;;;;0;0;0;SPARX;0;0;N
6701666;334;NINGBO YILONG OUTDOOR PRODUCTS CO.,LTD.                    ;85;2025-09-11;Directo VE - FERRETERIA EPA, C.A.;25442,54;USD;<null>;FOB  ;CIF  ;FOB  ;71;116;2025-11-10;2025-11-10;7238;BINTER TRADE LLC. (Dropship EPA - VE) ;-- N/A --;101466;2025-12-22;VZ Ago 25 CNY #1;258100911;25442,54;true;false;CNY;EPA;OLO6;Transito;TCNU5833875;CMA CGM;Contenedor 40 HC;BJPBL2500066;28-11-25;28-11-25;10/11/2025;08-12-25;15-12-25;11-12-25;04-02-26;01-02-26;;4950;IOLFT25-925;FAK;IN OCEAN;0;0;N
6701667;334;NINGBO YILONG OUTDOOR PRODUCTS CO.,LTD.                    ;85;2025-09-11;Directo VE - FERRETERIA EPA, C.A.;24009,90;USD;<null>;FOB  ;CIF  ;FOB  ;71;116;2025-11-10;2025-11-10;7197;BINTER TRADE LLC. (Dropship EPA - VE) ;-- N/A --;101422;2025-12-17;VZ Ago 25 CNY #2;258100912;24009,90;true;false;CNY;EPA;OLO6;Transito;GESU6565020;CMA CGM;Contenedor 40 HC;BJPBL2500069;21-11-25;21-11-25;10/11/2025;08-12-25;15-12-25;11-12-25;04-02-26;01-02-26;;4950;IOLFT25-903;FAK;IN OCEAN;0;0;N
6701670;334;NINGBO YILONG OUTDOOR PRODUCTS CO.,LTD.                    ;85;2025-09-11;Directo VE - FERRETERIA EPA, C.A.;24552,24;USD;<null>;FOB  ;CIF  ;FOB  ;71;116;2025-12-01;2025-12-01;7428;BINTER TRADE LLC. (Dropship EPA - VE) ;-- N/A --;101678;2026-01-20;VZ Ago 25 CNY #3;258100913;24552,24;true;false;CNY;EPA;OLO6;Ingresada;CAIU9481547;CMA CGM;Contenedor 40 HC;BJPBL2500121;12-12-25;12-12-25;28/11/2025;29-12-25;19-01-26;12-01-26;03-03-26;03-03-26;10-03-26;3990;IOLFT26-022;FAK;IN OCEAN;0;0;N
6701671;334;NINGBO YILONG OUTDOOR PRODUCTS CO.,LTD.                    ;85;2025-09-11;Directo SV - FERRETERIA EPA, S.A. DE C.V.;19518,20;USD;<null>;FOB  ;FOB  ;FOB  ;71;122;2026-03-02;2026-03-02;<null>;BINTER TRADE LLC. (Dropship SV);<null>;<null>;<null>;SV Ago 25 CNY #9;<null>;<null>;true;false;CNY;EPA;OLO6;Booking;VTCN600749;CMA CGM;Contenedor 40 HC;0;06-03-26;06-03-26;04/03/2026;31-03-26;31-03-26;;;;;0;0;0;SPARX;0;0;N
6701685;380;QINGDAO YUDING METAL PRODUCTS CO.LTD                       ;85;2025-09-11;Directo CR - FERRETERIA EPA, S.A.;20570,05;USD;<null>;FOB  ;FOB  ;FOB  ;77;125;2026-03-02;2026-03-02;7683;BINTER TRADE LLC. (Dropship CR);-- N/A --;101955;2026-03-18;CR Ago 25 CNY #14;BAC6701685;20570,05;false;true;CNY;EPA;OLO6;Transito;CAIU4591942;MSC;Contenedor 40ft;ASTAOA02568;12-02-26;12-02-26;23/01/2026;13-03-26;20-03-26;14-03-26;17-04-26;17-04-26;;4535;0;NAC;AIR SEA WORLDWIDE;0;0;N
6701686;380;QINGDAO YUDING METAL PRODUCTS CO.LTD                       ;85;2025-09-11;Directo CR - FERRETERIA EPA, S.A.;20570,05;USD;<null>;FOB  ;FOB  ;FOB  ;77;125;2026-03-02;2026-03-02;<null>;BINTER TRADE LLC. (Dropship CR);<null>;<null>;<null>;CR Ago 25 CNY #15;<null>;<null>;false;true;CNY;EPA;OLO6;Booking;80001430-15;MSC;Contenedor 40 HC;0;12-02-26;12-02-26;23/01/2026;20-03-26;20-03-26;;;;;2700;0;0;AIR SEA WORLDWIDE;0;0;N
6701687;380;QINGDAO YUDING METAL PRODUCTS CO.LTD                       ;85;2025-09-11;Directo CR - FERRETERIA EPA, S.A.;20570,05;USD;<null>;FOB  ;FOB  ;FOB  ;77;125;2026-03-02;2026-03-02;<null>;BINTER TRADE LLC. (Dropship CR);<null>;<null>;<null>;CR Ago 25 CNY #16;<null>;<null>;false;true;CNY;EPA;OLO6;Booking;MSMU8711444;MSC;Contenedor 40 HC;ASTAOA02575;12-02-26;12-02-26;23/01/2026;13-03-26;24-03-26;;;;;2700;0;0;AIR SEA WORLDWIDE;0;0;N
6701688;380;QINGDAO YUDING METAL PRODUCTS CO.LTD                       ;85;2025-09-11;Directo CR - FERRETERIA EPA, S.A.;20570,05;USD;<null>;FOB  ;FOB  ;FOB  ;77;125;2026-03-02;2026-03-02;7684;BINTER TRADE LLC. (Dropship CR);-- N/A --;101956;2026-03-18;CR Ago 25 CNY #17;BAC6701688;20570,05;false;true;CNY;EPA;OLO6;Transito;MSBU8217844;MAERSK;Contenedor 40 HC;ASTAOA02577;12-02-26;12-02-26;23/01/2026;13-03-26;20-03-26;13-03-26;17-04-26;17-04-26;;3535;0;NAC;AIR SEA WORLDWIDE;0;0;N
6701689;380;QINGDAO YUDING METAL PRODUCTS CO.LTD                       ;85;2025-09-11;Directo CR - FERRETERIA EPA, S.A.;20570,05;USD;<null>;FOB  ;FOB  ;FOB  ;77;125;2026-03-02;2026-03-02;<null>;BINTER TRADE LLC. (Dropship CR);<null>;<null>;<null>;CR Ago 25 CNY #18;<null>;<null>;false;true;CNY;EPA;OLO6;Booking;MSDU7602252;MSC;Contenedor 40 HC;ASTAOA02572;12-02-26;12-02-26;23/01/2026;13-03-26;20-03-26;;;;;2700;0;0;AIR SEA WORLDWIDE;0;0;N
6701710;380;QINGDAO YUDING METAL PRODUCTS CO.LTD                       ;85;2025-09-11;Directo GT - FERRETERIA EPA, S.A. (Guatemala);18761,30;USD;<null>;FOB  ;FOB  ;FOB  ;77;127;2026-03-02;2026-03-02;7687;BINTER TRADE LLC. (Dropship GT);-- N/A --;101959;2026-03-18;GT Ago 25 CNY #21;BAC6701710;18761,30;false;false;CNY;EPA;OLO6;Transito;HAMU1711266;HAPAG LLOYD;Contenedor 40 HC;HTAO00016265;27-01-26;30-01-26;23/01/2026;15-03-26;22-03-26;;;;;0;0;0;SPARX;0;0;N
6701711;380;QINGDAO YUDING METAL PRODUCTS CO.LTD                       ;85;2025-09-11;Directo GT - FERRETERIA EPA, S.A. (Guatemala);18761,30;USD;<null>;FOB  ;FOB  ;FOB  ;77;127;2026-03-02;2026-03-02;<null>;BINTER TRADE LLC. (Dropship GT);<null>;<null>;<null>;GT Ago 25 CNY #22;<null>;<null>;false;false;CNY;EPA;OLO6;Booking;UETU 5253575;HAPAG LLOYD;Contenedor 40 HC;HTAO00010646;27-01-26;30-01-26;23/01/2026;15-03-26;26-03-26;;;;;0;0;0;SPARX;0;0;N
6701712;380;QINGDAO YUDING METAL PRODUCTS CO.LTD                       ;85;2025-09-11;Directo GT - FERRETERIA EPA, S.A. (Guatemala);18761,30;USD;<null>;FOB  ;FOB  ;FOB  ;77;127;2026-03-02;2026-03-02;<null>;BINTER TRADE LLC. (Dropship GT);<null>;<null>;<null>;GT Ago 25 CNY #23;<null>;<null>;false;false;CNY;EPA;OLO6;Booking;FANU  3410643;HAPAG LLOYD;Contenedor 40 HC;HTAO00016302;27-01-26;30-01-26;23/01/2026;15-03-26;26-03-26;;;;;0;0;0;SPARX;0;0;N
6701713;380;QINGDAO YUDING METAL PRODUCTS CO.LTD                       ;85;2025-09-11;Directo GT - FERRETERIA EPA, S.A. (Guatemala);18761,30;USD;<null>;FOB  ;FOB  ;FOB  ;77;127;2026-03-02;2026-03-02;7688;BINTER TRADE LLC. (Dropship GT);-- N/A --;101960;2026-03-18;GT Ago 25 CNY #24;BAC6701713;18761,30;false;false;CNY;EPA;OLO6;Transito;HAMU3858889;HAPAG LLOYD;Contenedor 40 HC;HTAO00016300;27-01-26;30-01-26;23/01/2026;15-03-26;22-03-26;;;;;0;0;0;SPARX;0;0;N
6701714;380;QINGDAO YUDING METAL PRODUCTS CO.LTD                       ;85;2025-09-11;Directo GT - FERRETERIA EPA, S.A. (Guatemala);18761,30;USD;<null>;FOB  ;FOB  ;FOB  ;77;127;2026-03-02;2026-03-02;<null>;BINTER TRADE LLC. (Dropship GT);<null>;<null>;<null>;GT Ago 25 CNY #25;<null>;<null>;false;false;CNY;EPA;OLO6;Booking;HLBU  3274123;HAPAG LLOYD;Contenedor 40 HC;HTAO00016301;27-01-26;30-01-26;23/01/2026;15-03-26;26-03-26;;;;;0;0;0;SPARX;0;0;N
6701720;380;QINGDAO YUDING METAL PRODUCTS CO.LTD                       ;85;2025-09-11;Directo SV - FERRETERIA EPA, S.A. DE C.V.;17970,40;USD;<null>;FOB  ;FOB  ;FOB  ;77;122;2026-03-02;2026-03-02;<null>;BINTER TRADE LLC. (Dropship SV);<null>;<null>;<null>;SV Ago 25 CNY #6;<null>;<null>;false;false;CNY;EPA;OLO6;Booking;BHCU5035554;CMA CGM;Contenedor 40 HC;HTAO00016270;27-01-26;30-01-26;23/01/2026;13-03-26;26-03-26;;;;;0;0;0;SPARX;0;0;N
6701721;380;QINGDAO YUDING METAL PRODUCTS CO.LTD                       ;85;2025-09-11;Directo SV - FERRETERIA EPA, S.A. DE C.V.;17970,40;USD;<null>;FOB  ;FOB  ;FOB  ;77;122;2026-03-02;2026-03-02;7689;BINTER TRADE LLC. (Dropship SV);-- N/A --;101961;2026-03-18;SV Ago 25 CNY #7;BAC6701721;17970,40;false;false;CNY;EPA;OLO6;Transito;BEAU4053475;CMA CGM;Contenedor 40 HC;HTAO00016269;27-01-26;30-01-26;23/01/2026;13-03-26;20-03-26;;;;;0;0;0;SPARX;0;0;N
6701730;899;DINGZHOU YIKANG METAL PRODUCTOS CO,. LTD;82;2025-09-12;Directo VE - FERRETERIA EPA, C.A.;16095,30;USD;<null>;FOB  ;CIF  ;FOB  ;98;116;2025-10-18;2025-10-18;7220;BINTER TRADE LLC. (Dropship EPA - VE) ;-- N/A --;101447;2025-12-18;VE;EK-W251101;16095,30;false;false;PEDIDO COMPRA;EPA;OLO6;Transito;CMAU8576110;CMA CGM;Contenedor 40ft;QDPBL2510652;22-10-25;22-10-25;20/10/2025;19-11-25;20-12-25;21-11-25;09-02-26;01-02-26;;5400;IOLFT25-833;FAK;IN OCEAN;0;0;N
6701732;443;ZHEJIANG CHENGMING INDUSTRY & TRADE CO.,LTD                ;83;2025-09-16;Directo GT - FERRETERIA EPA, S.A. (Guatemala);26848,80;USD;<null>;FOB  ;FOB  ;FOB  ;71;127;2026-02-15;2026-02-15;7538;BINTER TRADE LLC. (Dropship GT);-- N/A --;101788;2026-02-06;Add PI;PO25704;26848,80;false;false;PEDIDO COMPRA;EPA;OLO6;Transito;TGBU7985060;MSC;Contenedor 40 HC;HSNGB00070803;16-01-26;16-01-26;09/01/2026;01-02-26;08-02-26;01-02-26;09-03-26;09-03-26;;3350;0;NAC;SPARX;0;0;N
6701733;443;ZHEJIANG CHENGMING INDUSTRY & TRADE CO.,LTD                ;83;2025-09-16;Directo GT - FERRETERIA EPA, S.A. (Guatemala);26848,80;USD;<null>;FOB  ;FOB  ;FOB  ;71;127;2026-02-15;2026-02-15;7586;BINTER TRADE LLC. (Dropship GT);-- N/A --;101838;2026-02-18;Add PI;PO25705;26848,80;false;false;PEDIDO COMPRA;EPA;OLO6;Transito;MSMU6082390;MSC;Contenedor 40 HC;HNGB00070858;16-01-26;16-01-26;09/01/2026;01-02-26;15-02-26;01-02-26;09-03-26;09-03-26;;3350;0;NAC;SPARX;0;0;N
6701734;1000021;ANCHOR ALLIED FACTORY LLC;87;2025-09-18;Directo VE - Febeca, C.A.;21328,60;USD;<null>;EXW  ;EXW  ;<null>;198;121;2026-02-22;2026-02-22;7166;BINTER TRADE LLC. (Dropship FEBECA - VE) ;-- N/A --;<null>;<null>;PEDIDO SEP 2025 - EPA - PF 4988C;56042;87588,88;false;false;PEDIDO COMPRA;MCG;OLO6;Produccion;HASU5208816;0;Contenedor 40ft;261856643;;;;15-03-26;05-04-26;;;;;0;0;0;0;0;0;N
6701737;516;TANGSHAN HENGER IMPORT&EXPORT TRADING CO;89;2025-09-17;Directo SV - FERRETERIA EPA, S.A. DE C.V.;1138,50;USD;<null>;FOB  ;FOB  ;FOB  ;77;122;2025-11-15;2025-11-15;7507;BINTER TRADE LLC. (Dropship SV);-- N/A --;101758;2026-02-02;adicional sv 1;XFH260116;1138,50;false;false;CNY;EPA;OLO6;Transito;TLLU5177783;MSC;Contenedor 40 HC;ASTAOA00300;23-10-25;23-10-25;13/10/2025;16-01-26;06-02-26;23-01-26;04-03-26;04-03-26;;0;0;NAC;AIR SEA WORLDWIDE;0;0;N
6701739;516;TANGSHAN HENGER IMPORT&EXPORT TRADING CO;89;2025-09-17;Directo SV - FERRETERIA EPA, S.A. DE C.V.;1113,00;USD;<null>;FOB  ;FOB  ;FOB  ;77;122;2026-05-15;2026-05-15;<null>;BINTER TRADE LLC. (Dropship SV);<null>;<null>;<null>;adicional sv 2;<null>;<null>;false;false;CNY;EPA;OLO6;Produccion;80001372-108;0;Contenedor 40 HC;0;;;;;;;;;;0;0;0;0;0;0;N
6701740;516;TANGSHAN HENGER IMPORT&EXPORT TRADING CO;89;2025-09-17;Directo VE - FERRETERIA EPA, C.A.;861,00;USD;<null>;FOB  ;CIF  ;FOB  ;77;116;2025-11-15;2025-11-15;7664;BINTER TRADE LLC. (Dropship EPA - VE) ;-- N/A --;101928;2026-03-12;adicional ve 1;XFH260204B;861,00;false;false;CNY;EPA;OLO6;Transito;TCNU4528199;CMA CGM;Contenedor 40 HC;BJPBL2600075;12-11-25;12-11-25;10/11/2025;10-02-26;06-03-26;01-03-26;14-04-26;14-04-26;;0;IOLFT26-151;FAK;IN OCEAN;0;0;N
6701741;516;TANGSHAN HENGER IMPORT&EXPORT TRADING CO;89;2025-09-17;Directo VE - FERRETERIA EPA, C.A.;861,00;USD;<null>;FOB  ;CIF  ;FOB  ;77;116;2025-11-30;2025-11-30;7644;BINTER TRADE LLC. (Dropship EPA - VE) ;-- N/A --;101906;2026-03-10;adicional ve 2;XFH260205B;861,00;false;false;CNY;EPA;OLO6;Transito;TGBU5764645;CMA CGM;Contenedor 40 HC;BJPBL2600076;28-11-25;28-11-25;14/11/2025;10-02-26;06-03-26;01-03-26;14-04-26;14-04-26;;0;IOLFT26-146;FAK;IN OCEAN;0;0;N
6701742;516;TANGSHAN HENGER IMPORT&EXPORT TRADING CO;89;2025-09-17;Directo VE - FERRETERIA EPA, C.A.;775,00;USD;<null>;FOB  ;FOB  ;FOB  ;77;116;2026-04-30;2026-04-30;<null>;BINTER TRADE LLC. (Dropship EPA - VE) ;<null>;<null>;<null>;adicional VE3;<null>;<null>;false;false;CNY;EPA;OLO6;Produccion;80001372-73;0;Contenedor 40 HC;0;;;;;;;;;;0;0;0;0;0;0;N
6701744;1000021;ANCHOR ALLIED FACTORY LLC;87;2025-09-18;Directo VE - Febeca, C.A.;45596,88;USD;<null>;EXW  ;EXW  ;<null>;198;121;2026-02-22;2026-02-22;7166;BINTER TRADE LLC. (Dropship FEBECA - VE) ;-- N/A --;<null>;<null>;PO PEDIDO SEP 2025 - FEBECA - PF 4988A;56042;87588,88;false;false;PEDIDO COMPRA;MCG;OLO6;Produccion;HASU5208816;0;Contenedor 40ft;261856643;;;;15-03-26;05-04-26;;;;;0;0;0;0;0;0;N
6701745;516;TANGSHAN HENGER IMPORT&EXPORT TRADING CO;89;2025-09-18;ZF - OVERSEAS LOGISTICS OPERATIONS;25540,00;USD;<null>;FOB  ;FOB  ;FOB  ;77;125;2025-12-10;2025-12-10;7541;BINTER TRADE LLC. (ZF);;<null>;<null>;ZF LAVAMANOS;XFH260127A;25540,00;false;false;CNY;EPA;OLO6;Transito;MSCU5056117;MSC;Contenedor 40 HC;ASTAOA01528;05-01-26;05-01-26;05/12/2025;30-01-26;13-02-26;07-02-26;20-03-26;03-04-26;;3720;0;NAC;AIR SEA WORLDWIDE;0;0;N
6701747;639;NINGBO SAFEWELL SMART SECURITY PRODUCTS;83;2025-09-18;ZF - OVERSEAS LOGISTICS OPERATIONS;58793,20;USD;<null>;FOB  ;FOB  ;FOB  ;71;125;2025-11-10;2025-11-10;7648;BINTER TRADE LLC. (ZF);;<null>;<null>;PICNY;SWA082703525002;58793,20;false;false;CNY;EPA;OLO6;Transito;HAMU4993158;HAPAG LLOYD;Contenedor 40 HC;ASNGBA00943;22-01-26;22-01-26;12/11/2025;08-02-26;27-02-26;20-02-26;27-03-26;27-03-26;;2700;0;NAC;AIR SEA WORLDWIDE;0;0;N
6701749;279;OKAY LOCK MANUFACTURE CO.,LIMITED                          ;82;2025-09-19;Directo VE - Febeca, C.A.;101397,60;USD;<null>;FOB  ;CIF  ;FOB  ;113;121;2025-12-03;2025-12-03;7405;BINTER TRADE LLC. (Dropship FEBECA - VE) ;-- N/A --;101638;2026-01-16;Febeca;250916;101397,60;false;false;PEDIDO COMPRA;EPA;OLO6;Ingresada;FFAU4427992;CMA CGM;Contenedor 40 HC;BJPBL2500113;12-12-25;12-12-25;05/12/2025;25-12-25;08-01-26;03-01-26;03-03-26;03-03-26;10-03-26;4300;IOLFT25-991;NAC;IN OCEAN;0;0;N
6701757;445;SHAOXING MZONE LEISURE PRODUCTS CO.,LTD.                   ;85;2025-09-22;Directo VE - FERRETERIA EPA, C.A.;27720,00;USD;<null>;FOB  ;CIF  ;FOB  ;71;121;2026-03-02;2026-03-02;7671;BINTER TRADE LLC. (Dropship EPA - VE) ;-- N/A --;101940;2026-03-13;VZ Directo Ago 25 CNY #2;250918ABUSA-030-M1677;27720,00;false;false;CNY;EPA;OLO6;Transito;TEMU6742424;CMA CGM;Contenedor 40 HC;BJPBL2600110;12-02-26;12-02-26;10/02/2026;06-03-26;13-03-26;06-03-26;28-04-26;28-04-26;;4500;IOLFT26-147;FAK;IN OCEAN;0;0;N
6701767;633;ZHANGZHOU XINJIE SANITARY WARE CO.;89;2025-09-23;Directo SV - FERRETERIA EPA, S.A. DE C.V.;15787,20;USD;<null>;FOB  ;FOB  ;FOB  ;108;122;2026-03-05;2026-03-05;<null>;BINTER TRADE LLC. (Dropship SV);<null>;<null>;<null>;SV2;<null>;<null>;false;false;CNY;EPA;OLO6;Produccion;80001449-2;0;Contenedor 40 HC;0;;;09/03/2026;;;;;;;0;0;0;AIR SEA WORLDWIDE;0;0;N
6701773;516;TANGSHAN HENGER IMPORT&EXPORT TRADING CO;89;2025-09-24;Directo CR - OVERSEAS LOGISTICS OPERATIONS;2552,00;USD;<null>;FOB  ;FOB  ;FOB  ;77;125;2025-12-10;2025-12-10;7566;BINTER TRADE LLC. (ZF);-- N/A --;101817;2026-02-11;CR LAVAMANOS;XFH260127B;2552,00;false;false;CNY;EPA;OLO6;Transito;MSCU5056117;MSC;Contenedor 40 HC;ASTAOA01532;05-01-26;05-01-26;05/12/2025;30-01-26;13-02-26;07-02-26;20-03-26;03-04-26;;0;0;NAC;AIR SEA WORLDWIDE;0;0;N
6701797;867;LINYI CONSMOS IMP.&EXP. CO.,LTD.;82;2025-09-24;Directo VE - FERRETERIA EPA, C.A.;17973,44;USD;<null>;FOB  ;CIF  ;FOB  ;77;116;2025-12-08;2025-12-08;7396;BINTER TRADE LLC. (Dropship EPA - VE) ;-- N/A --;101643;2026-01-16;VE;CM-DBT-250925S;17973,44;false;false;CNY;EPA;OLO6;Transito;BEAU5622998;CMA CGM;Contenedor 40 HC;BJPBL2500094;08-12-25;08-12-25;08/10/2025;19-12-25;28-12-25;22-12-25;25-02-26;14-02-26;;4990;IOLFT25-962;FAK;IN OCEAN;0;0;N
6701800;862;ZHEJIANG BONAVIT HOMEWARE CO.,LTD.;89;2025-09-25;Directo CR - FERRETERIA EPA, S.A.;20824,98;USD;<null>;FOB  ;FOB  ;FOB  ;71;125;2026-03-05;2026-03-05;<null>;BINTER TRADE LLC. (Dropship CR);<null>;<null>;<null>;CR3;<null>;<null>;false;false;CNY;EPA;OLO6;Booking;80001450-3;HAPAG LLOYD;Contenedor 40 HC;0;10-03-26;10-03-26;06/03/2026;22-03-26;22-03-26;;;;;4535;0;0;AIR SEA WORLDWIDE;0;0;N
6701803;862;ZHEJIANG BONAVIT HOMEWARE CO.,LTD.;89;2025-09-25;Directo GT - FERRETERIA EPA, S.A. (Guatemala);18455,60;USD;<null>;FOB  ;FOB  ;FOB  ;71;127;2026-03-05;2026-03-05;<null>;BINTER TRADE LLC. (Dropship GT);<null>;<null>;<null>;GT3;<null>;<null>;false;false;CNY;EPA;OLO6;Booking;80001450-6;MSC;Contenedor 40 HC;0;10-03-26;10-03-26;06/03/2026;22-03-26;22-03-26;;;;;4570;0;0;AIR SEA WORLDWIDE;0;0;N
6701806;862;ZHEJIANG BONAVIT HOMEWARE CO.,LTD.;89;2025-09-25;Directo VE - FERRETERIA EPA, C.A.;28217,58;USD;<null>;FOB  ;CIF  ;FOB  ;71;116;2026-03-05;2026-03-05;<null>;BINTER TRADE LLC. (Dropship EPA - VE) ;<null>;<null>;<null>;ve4;<null>;<null>;false;false;CNY;EPA;OLO6;Booking;80001450-9;0;Contenedor 40 HC;0;11-03-26;11-03-26;06/03/2026;10-04-26;10-04-26;;;;;0;0;0;IN OCEAN;0;0;N
6701807;862;ZHEJIANG BONAVIT HOMEWARE CO.,LTD.;89;2025-09-25;Directo VE - FERRETERIA EPA, C.A.;28537,02;USD;<null>;FOB  ;CIF  ;FOB  ;71;116;2026-03-05;2026-03-05;<null>;BINTER TRADE LLC. (Dropship EPA - VE) ;<null>;<null>;<null>;ve4;<null>;<null>;false;false;CNY;EPA;OLO6;Booking;80001450-10;0;Contenedor 40 HC;0;11-03-26;11-03-26;06/03/2026;10-04-26;10-04-26;;;;;0;0;0;IN OCEAN;0;0;N
6701808;862;ZHEJIANG BONAVIT HOMEWARE CO.,LTD.;89;2025-09-25;Directo SV - FERRETERIA EPA, S.A. DE C.V.;27088,90;USD;<null>;FOB  ;FOB  ;FOB  ;71;122;2025-11-27;2025-11-27;7351;BINTER TRADE LLC. (Dropship SV);-- N/A --;101587;2026-01-13;sv1;2025WT0919-11;27088,90;false;false;CNY;EPA;OLO6;Transito;TCLU9505692;HAPAG LLOYD;Contenedor 40 HC;ASNGB513050;11-12-25;11-12-25;05/12/2025;30-12-25;13-01-26;31-12-25;09-02-26;20-02-26;;3420;0;NAC;AIR SEA WORLDWIDE;0;0;N
6701809;862;ZHEJIANG BONAVIT HOMEWARE CO.,LTD.;89;2025-09-25;Directo SV - FERRETERIA EPA, S.A. DE C.V.;27674,50;USD;<null>;FOB  ;FOB  ;FOB  ;71;122;2025-11-26;2025-11-26;7375;BINTER TRADE LLC. (Dropship SV);-- N/A --;101611;2026-01-13;sv2;2025WT0919-12;27674,50;false;false;CNY;EPA;OLO6;Transito;BMOU6431970;HAPAG LLOYD;Contenedor 40 HC;ASNGB513053;11-12-25;11-12-25;05/12/2025;30-12-25;13-01-26;31-12-25;09-02-26;20-02-26;;3420;0;NAC;AIR SEA WORLDWIDE;0;0;N
6701810;862;ZHEJIANG BONAVIT HOMEWARE CO.,LTD.;89;2025-09-25;Directo SV - FERRETERIA EPA, S.A. DE C.V.;27769,10;USD;<null>;FOB  ;FOB  ;FOB  ;71;122;2026-03-05;2026-03-05;<null>;BINTER TRADE LLC. (Dropship SV);<null>;<null>;<null>;sv3;<null>;<null>;false;false;CNY;EPA;OLO6;Booking;80001450-13;MSC;Contenedor 40 HC;0;10-03-26;10-03-26;06/03/2026;30-03-26;30-03-26;;;;;4115;0;0;AIR SEA WORLDWIDE;0;0;N
6701811;862;ZHEJIANG BONAVIT HOMEWARE CO.,LTD.;89;2025-09-25;Directo SV - FERRETERIA EPA, S.A. DE C.V.;27099,90;USD;<null>;FOB  ;FOB  ;FOB  ;71;122;2026-03-05;2026-03-05;<null>;BINTER TRADE LLC. (Dropship SV);<null>;<null>;<null>;sv4;<null>;<null>;false;false;CNY;EPA;OLO6;Booking;80001450-14;MSC;Contenedor 40 HC;0;10-03-26;10-03-26;06/03/2026;31-03-26;30-03-26;;;;;4115;0;0;AIR SEA WORLDWIDE;0;0;N
6701813;250;SANGTONG SANITARY WARE(HK)CO.,LIMITED                      ;89;2025-09-25;Directo CR - Consorcio Ferretero San Jose S.A;15651,20;USD;<null>;FOB  ;FOB  ;FOB  ;108;125;2025-10-15;2025-10-15;7365;BINTER TRADE LLC. (Dropship Cofersa);-- N/A --;101604;2026-01-13;CO2;ST20251004-CO2;15651,20;false;false;CNY;EPA;OLO6;Transito;BEAU4547293;HAPAG LLOYD;Contenedor 40 HC;ASSZX513485;30-12-25;30-12-25;19/12/2025;14-01-26;14-01-26;15-01-26;06-03-26;13-03-26;;3720;0;NAC;AIR SEA WORLDWIDE;0;0;N
6701814;250;SANGTONG SANITARY WARE(HK)CO.,LIMITED                      ;89;2025-09-25;Directo CR - Consorcio Ferretero San Jose S.A;15651,20;USD;<null>;FOB  ;FOB  ;FOB  ;108;125;2025-11-15;2025-11-15;7463;BINTER TRADE LLC. (Dropship Cofersa);-- N/A --;101726;2026-01-23;CO3;ST20250919-C03;15651,20;false;false;CNY;EPA;OLO6;Transito;HAMU3015966;HAPAG LLOYD;Contenedor 40 HC;ASSZXA00025;05-01-26;06-01-26;19/12/2025;29-01-26;29-01-26;05-02-26;20-03-26;20-03-26;;3720;0;NAC;AIR SEA WORLDWIDE;0;0;N
6701815;250;SANGTONG SANITARY WARE(HK)CO.,LIMITED                      ;89;2025-09-25;Directo CR - Consorcio Ferretero San Jose S.A;15651,20;USD;<null>;FOB  ;FOB  ;<null>;108;125;2026-03-15;2026-03-15;<null>;BINTER TRADE LLC. (Dropship Cofersa);<null>;<null>;<null>;CO4;<null>;<null>;false;false;CNY;EPA;OLO6;Produccion;80001467-4;0;Contenedor 40 HC;0;;;;;;;;;;0;0;0;0;0;0;N
6701816;250;SANGTONG SANITARY WARE(HK)CO.,LIMITED                      ;89;2025-09-25;Directo CR - Consorcio Ferretero San Jose S.A;15651,20;USD;<null>;FOB  ;FOB  ;<null>;108;125;2026-04-01;2026-04-01;<null>;BINTER TRADE LLC. (Dropship Cofersa);<null>;<null>;<null>;CO4;<null>;<null>;false;false;CNY;EPA;OLO6;Produccion;80001467-5;0;Contenedor 40 HC;0;;;;;;;;;;0;0;0;0;0;0;N
6701817;250;SANGTONG SANITARY WARE(HK)CO.,LIMITED                      ;89;2025-09-26;Directo VE - Febeca, C.A.;12900,00;USD;<null>;FOB  ;FOB  ;<null>;108;121;2025-12-10;2025-12-10;<null>;BINTER TRADE LLC. (Dropship FEBECA - VE) ;<null>;<null>;<null>;FE1;<null>;<null>;false;false;CNY;EPA;OLO6;Produccion;VTCN600766;0;Contenedor 40 HC;0;;;19/12/2025;;;;;;;0;0;0;IN OCEAN;0;0;N
6701818;250;SANGTONG SANITARY WARE(HK)CO.,LIMITED                      ;89;2025-09-26;Directo VE - Febeca, C.A.;15375,00;USD;<null>;FOB  ;CIF  ;FOB  ;108;121;2025-12-10;2025-12-10;7234;BINTER TRADE LLC. (Dropship FEBECA - VE) ;-- N/A --;101462;2025-12-22;fe2;ST20250806-FE2Z;15375,00;false;false;CNY;EPA;OLO6;Ingresada;CAAU6328906;CMA CGM;Contenedor 40 HC;BJPBL2500079;11-12-25;11-12-25;03/12/2025;16-12-25;23-12-25;16-12-25;17-02-26;03-03-26;01-03-26;4350;IOLFT25-928;FAK;IN OCEAN;0;0;N
6701819;250;SANGTONG SANITARY WARE(HK)CO.,LIMITED                      ;89;2025-09-26;Directo VE - Febeca, C.A.;15375,00;USD;<null>;FOB  ;FOB  ;<null>;108;121;2026-03-30;2026-03-30;<null>;BINTER TRADE LLC. (Dropship FEBECA - VE) ;<null>;<null>;<null>;fe3;<null>;<null>;false;false;CNY;EPA;OLO6;Produccion;VTCN600768;0;Contenedor 40 HC;0;;;;;;;;;;0;0;0;0;0;0;N
6701824;322;TECHXIN ELECTRIC APPLIANCE MANUFACTURE CO., LTD            ;83;2025-09-26;Directo SV - FERRETERIA EPA, S.A. DE C.V.;18758,60;USD;<null>;FOB  ;FOB  ;FOB  ;47;122;2026-02-15;2026-02-15;7485;BINTER TRADE LLC. (Dropship SV);-- N/A --;101732;2026-01-23;PI3SV CNY;TX-250966B;18758,60;true;false;MIXTO;EPA;OLO6;Transito;MRSU9160454;MAERSK;Contenedor 40 HC;SLHE26010151;30-12-25;30-12-25;03/12/2025;21-01-26;28-01-26;22-01-26;09-03-26;09-03-26;;2700;0;NAC;MASTERLINE;0;0;N
6701827;250;SANGTONG SANITARY WARE(HK)CO.,LIMITED                      ;89;2025-09-30;Directo VE - Febeca, C.A.;11199,16;USD;<null>;FOB  ;CIF  ;FOB  ;108;121;2025-11-30;2025-11-30;7210;BINTER TRADE LLC. (Dropship FEBECA - VE) ;-- N/A --;101436;2025-12-18;FE4;ST20250806-FE4;11199,16;false;false;CNY;EPA;OLO6;Transito;HPCU4368315;0;Contenedor 40 HC;BJPBL2500059;21-11-25;21-11-25;17/11/2025;16-12-25;16-12-25;12-12-25;09-02-26;04-02-26;;5350;IOLFT25-911;FAK;IN OCEAN;0;0;N
6701828;250;SANGTONG SANITARY WARE(HK)CO.,LIMITED                      ;89;2025-09-30;Directo VE - Febeca, C.A.;11242,40;USD;<null>;FOB  ;CIF  ;FOB  ;108;121;2025-12-10;2025-12-10;7574;BINTER TRADE LLC. (Dropship FEBECA - VE) ;-- N/A --;101823;2026-02-13;FE5;ST20250928-FE5;11242,40;false;false;CNY;EPA;OLO6;Transito;CMAU4932337;CMA CGM;Contenedor 45 HC;BJPBL2600038;14-01-26;19-01-26;19/12/2025;27-01-26;13-02-26;09-02-26;14-04-26;14-04-26;;3280;IOLFT26-092;FAK;IN OCEAN;0;0;N
6701829;250;SANGTONG SANITARY WARE(HK)CO.,LIMITED                      ;89;2025-09-30;Directo VE - Febeca, C.A.;11242,40;USD;<null>;FOB  ;CIF  ;FOB  ;108;121;2025-12-15;2025-12-15;7564;BINTER TRADE LLC. (Dropship FEBECA - VE) ;-- N/A --;101815;2026-02-11;FE6;ST20250928-FE6;11242,40;false;false;CNY;EPA;OLO6;Transito;CMAU3862153;CMA CGM;Contenedor 40 HC;BJPBL2600064;20-01-26;20-01-26;19/12/2025;04-02-26;11-02-26;09-02-26;14-04-26;14-04-26;;3280;IOLFT26-088;FAK;IN OCEAN;0;0;N
6701831;904;INTCO INTERNATIONAL(HK) CO., LIMITED 2;82;2025-09-30;Directo CR - FERRETERIA EPA, S.A.;25884,32;USD;<null>;FOB  ;FOB  ;FOB  ;91;125;2025-12-10;2025-12-10;7442;BINTER TRADE LLC. (Dropship CR);-- N/A --;101687;2026-01-22;CR;LAIRA25012;25884,32;false;false;CNY;EPA;OLO6;Transito;TCNU5277077;CMA CGM;Contenedor 40ft;HSHA00084986;26-11-25;26-11-25;12/11/2025;05-01-26;15-01-26;07-01-26;02-03-26;14-03-26;;3750;0;NAC;SPARX;0;0;N
6701834;250;SANGTONG SANITARY WARE(HK)CO.,LIMITED                      ;89;2025-09-30;Directo VE - Febeca, C.A.;11242,40;USD;<null>;FOB  ;FOB  ;<null>;108;121;2026-03-10;2026-03-10;<null>;BINTER TRADE LLC. (Dropship FEBECA - VE) ;<null>;<null>;<null>;FE6;<null>;<null>;false;false;CNY;EPA;OLO6;Produccion;VTCN600773;0;Contenedor 40 HC;0;;;;;;;;;;0;0;0;0;0;0;N
6701835;250;SANGTONG SANITARY WARE(HK)CO.,LIMITED                      ;89;2025-09-30;Directo VE - Febeca, C.A.;11242,40;USD;<null>;FOB  ;FOB  ;<null>;108;121;2026-03-20;2026-03-20;<null>;BINTER TRADE LLC. (Dropship FEBECA - VE) ;<null>;<null>;<null>;FE5;<null>;<null>;false;false;CNY;EPA;OLO6;Produccion;VTCN600774;0;Contenedor 40 HC;0;;;;;;;;;;0;0;0;0;0;0;N
6701836;250;SANGTONG SANITARY WARE(HK)CO.,LIMITED                      ;89;2025-09-30;Directo VE - Febeca, C.A.;11753,70;USD;<null>;FOB  ;CIF  ;FOB  ;108;121;2025-12-10;2025-12-10;7215;BINTER TRADE LLC. (Dropship FEBECA - VE) ;-- N/A --;101443;2025-12-18;FE9;ST20250806-FE9;11753,70;false;false;CNY;EPA;OLO6;Transito;TXGU8791436;CMA CGM;Contenedor 40 HC;BJPBL2500060;21-11-25;21-11-25;17/11/2025;09-12-25;16-12-25;12-12-25;09-02-26;04-02-26;;5350;IOLFT25-912;FAK;IN OCEAN;0;0;N
6701837;250;SANGTONG SANITARY WARE(HK)CO.,LIMITED                      ;89;2025-09-30;Directo VE - Febeca, C.A.;10353,00;USD;<null>;FOB  ;CIF  ;FOB  ;108;121;2025-12-10;2025-12-10;7467;BINTER TRADE LLC. (Dropship FEBECA - VE) ;-- N/A --;101711;2026-01-23;FE10;ST20250928-GT10;12999,00;false;false;CNY;EPA;OLO6;Transito;TIIU7408468;CMA CGM;Contenedor 40 HC;BJPBL2600015;29-12-25;29-12-25;19/12/2025;25-01-26;25-01-26;13-01-26;17-03-26;24-03-26;;3800;IOLFT26-024;FAK;IN OCEAN;0;0;N
6701838;250;SANGTONG SANITARY WARE(HK)CO.,LIMITED                      ;89;2025-09-30;Directo VE - Febeca, C.A.;11753,70;USD;<null>;FOB  ;FOB  ;<null>;108;121;2026-03-10;2026-03-10;<null>;BINTER TRADE LLC. (Dropship FEBECA - VE) ;<null>;<null>;<null>;FE11;<null>;<null>;false;false;CNY;EPA;OLO6;Produccion;VTCN600777;0;Contenedor 40 HC;0;;;;;;;;;;0;0;0;0;0;0;N
6701839;889;HangZhou TianYuan Pet Products CO,Ltd;85;2025-09-30;Directo CR - FERRETERIA EPA, S.A.;349,20;USD;<null>;FOB  ;FOB  ;FOB  ;91;125;2026-04-01;2026-04-01;<null>;BINTER TRADE LLC. (Dropship CR);<null>;<null>;<null>;Uso interno en lugar de 6700841;<null>;<null>;false;false;C/ FACTURA;EPA;OLO6;Produccion;0;0;Contenedor 45 HC;0;;;14/08/2025;27-03-26;27-03-26;;;;;0;0;0;AIR SEA WORLDWIDE;0;0;N
6701840;914;ANJI JUEXING INTELLIGENT FURNITURE TECHN;85;2025-09-30;Directo CR - FERRETERIA EPA, S.A.;24363,00;USD;<null>;FOB  ;FOB  ;FOB  ;93;214;2025-12-01;2025-12-01;7621;BINTER TRADE LLC. (Dropship CR);-- N/A --;101880;2026-03-03;CR Sept 25 CNY #1;2509167-1;24363,00;false;false;CNY;EPA;OLO6;Ingresada;FANU3739407;HAPAG LLOYD;Contenedor 40 HC;ASSHA512214;26-12-25;26-12-25;05/12/2025;01-02-26;05-02-26;09-01-26;23-03-26;23-03-26;03-03-26;3720;0;NAC;AIR SEA WORLDWIDE;0;0;N
6701841;914;ANJI JUEXING INTELLIGENT FURNITURE TECHN;85;2025-09-30;Directo CR - FERRETERIA EPA, S.A.;24363,00;USD;<null>;FOB  ;FOB  ;FOB  ;93;214;2025-12-01;2025-12-01;7622;BINTER TRADE LLC. (Dropship CR);-- N/A --;101881;2026-03-03;CR Sept 25 CNY #2;2509167-2;24363,00;false;false;CNY;EPA;OLO6;Ingresada;FANU1976360;HAPAG LLOYD;Contenedor 40 HC;ASSHA512214A;26-12-25;26-12-25;05/12/2025;01-02-26;05-02-26;09-01-26;23-03-26;23-03-26;03-03-26;3720;0;NAC;AIR SEA WORLDWIDE;0;0;N
6701842;914;ANJI JUEXING INTELLIGENT FURNITURE TECHN;85;2025-09-30;Directo CR - FERRETERIA EPA, S.A.;24363,00;USD;<null>;FOB  ;FOB  ;FOB  ;93;214;2026-03-02;2026-03-02;<null>;BINTER TRADE LLC. (Dropship CR);<null>;<null>;<null>;CR Sept 25 CNY #3;<null>;<null>;false;false;CNY;EPA;OLO6;Produccion;80001470-3;0;Contenedor 40 HC;0;;;23/12/2025;;;;;;;0;0;0;AIR SEA WORLDWIDE;0;0;N
6701843;914;ANJI JUEXING INTELLIGENT FURNITURE TECHN;85;2025-09-30;GL SV - FERRETERIA EPA, S.A. DE C.V.;21296,00;USD;<null>;FOB  ;FOB  ;EXW  ;93;135;2025-12-01;2025-12-01;7640;BINTER TRADE LLC. (Zona Franca SV);-- N/A --;101901;2026-03-09;GL SV Sept 25 CNY #4;2509167-3;21296,00;false;false;CNY;EPA;OLO6;Transito;BEAU4588179;HAPAG LLOYD;Contenedor 40 HC;ASSHA512213A;25-12-25;26-12-25;05/12/2025;14-01-26;25-02-26;15-02-26;06-03-26;06-03-26;;3820;0;NAC;AIR SEA WORLDWIDE;0;0;N
6701844;914;ANJI JUEXING INTELLIGENT FURNITURE TECHN;85;2025-09-30;Directo SV - FERRETERIA EPA, S.A. DE C.V.;23524,00;USD;<null>;FOB  ;FOB  ;FOB  ;93;135;2025-12-01;2025-12-01;7625;BINTER TRADE LLC. (Dropship SV);-- N/A --;101877;2026-03-02;SV Sept 25 CNY #5;2509167-4;23524,00;false;false;CNY;EPA;OLO6;Transito;HLBU2060873;HAPAG LLOYD;Contenedor 40 HC;ASSHA512213;26-12-25;26-12-25;05/12/2025;16-01-26;06-02-26;15-01-26;06-03-26;06-03-26;;3820;0;NAC;AIR SEA WORLDWIDE;0;0;N
6701851;887;GUANDONG SHUNDE BULTON IMP & EXP CO LTD;82;2025-10-03;Directo CR - FERRETERIA EPA, S.A.;9273,56;USD;<null>;FOB  ;FOB  ;FOB  ;66;125;2025-11-15;2025-11-15;7338;BINTER TRADE LLC. (Dropship CR);-- N/A --;101564;2026-01-12;CR;25122801SD;9273,56;false;true;CNY;EPA;OLO6;Ingresada;UACU5528750;HAPAG LLOYD;Contenedor 40 HC;ASCAN501931;11-12-25;11-12-25;12/11/2025;26-12-25;09-01-26;01-01-26;20-02-26;09-03-26;03-03-26;4010;0;NAC;AIR SEA WORLDWIDE;0;0;N
6701852;887;GUANDONG SHUNDE BULTON IMP & EXP CO LTD;82;2025-10-03;ZF - OVERSEAS LOGISTICS OPERATIONS;11630,56;USD;<null>;FOB  ;<null>;<null>;66;125;2025-11-15;2025-11-15;7443;BINTER TRADE LLC. (ZF);52026173761;101952;2026-03-17;ZF;25123002SD;11630,56;false;false;CNY;EPA;OLO6;Ingresada;UACU5528750;HAPAG LLOYD;Contenedor 40 HC;ASCAN501930;11-12-25;11-12-25;12/11/2025;26-12-25;09-01-26;01-01-26;20-02-26;09-03-26;03-03-26;0;0;NAC;AIR SEA WORLDWIDE;0;0;N
6701853;887;GUANDONG SHUNDE BULTON IMP & EXP CO LTD;82;2025-10-03;ZF - OVERSEAS LOGISTICS OPERATIONS;22016,28;USD;<null>;FOB  ;FOB  ;FOB  ;66;125;2025-11-15;2025-11-15;7447;BINTER TRADE LLC. (ZF);52026167923;101930;2026-03-13;ZF;25123003SD;22016,28;false;false;CNY;EPA;OLO6;Ingresada;BMOU4531223;HAPAG LLOYD;Contenedor 40 HC;ASCAN501952;15-12-25;15-12-25;12/11/2025;29-12-25;12-01-26;01-01-26;20-02-26;09-03-26;03-03-26;3610;0;NAC;AIR SEA WORLDWIDE;0;0;N
6701854;887;GUANDONG SHUNDE BULTON IMP & EXP CO LTD;82;2025-10-03;Directo CR - FERRETERIA EPA, S.A.;8455,36;USD;<null>;FOB  ;FOB  ;FOB  ;66;125;2026-02-28;2026-02-28;<null>;BINTER TRADE LLC. (Dropship CR);<null>;<null>;<null>;CR;<null>;<null>;false;true;CNY;EPA;OLO6;Produccion;80001473-U2;0;Contenedor 40 HC;0;;;27/02/2026;31-03-26;31-03-26;;;;;0;0;0;AIR SEA WORLDWIDE;0;0;N
6701855;887;GUANDONG SHUNDE BULTON IMP & EXP CO LTD;82;2025-10-03;ZF - OVERSEAS LOGISTICS OPERATIONS;12794,52;USD;<null>;FOB  ;<null>;<null>;66;125;2026-02-28;2026-02-28;<null>;BINTER TRADE LLC. (ZF);<null>;<null>;<null>;ZF;<null>;<null>;false;false;CNY;EPA;OLO6;Produccion;80001473-U2;0;Contenedor 40 HC;0;;;27/02/2026;31-03-26;31-03-26;;;;;0;0;0;AIR SEA WORLDWIDE;0;0;N
6701857;516;TANGSHAN HENGER IMPORT&EXPORT TRADING CO;89;2025-10-08;Directo SV - FERRETERIA EPA, S.A. DE C.V.;11440,00;USD;<null>;FOB  ;FOB  ;FOB  ;77;122;2025-12-12;2025-12-12;7508;BINTER TRADE LLC. (Dropship SV);-- N/A --;101759;2026-02-02;SV1;XFH260112;11440,00;false;false;PROMOCIÓN;EPA;OLO6;Transito;MSDU6162056;MSC;Contenedor 40 HC;ASTAOA00303;05-01-26;05-01-26;19/12/2025;16-01-26;30-01-26;24-01-26;03-03-26;03-03-26;;3820;0;NAC;AIR SEA WORLDWIDE;0;0;N
6701858;516;TANGSHAN HENGER IMPORT&EXPORT TRADING CO;89;2025-10-08;Directo SV - FERRETERIA EPA, S.A. DE C.V.;11440,00;USD;<null>;FOB  ;FOB  ;FOB  ;77;122;2025-12-12;2025-12-12;7509;BINTER TRADE LLC. (Dropship SV);-- N/A --;101760;2026-02-02;SV2;XFH260114;11440,00;false;false;PROMOCIÓN;EPA;OLO6;Transito;UETU5678332;MSC;Contenedor 40 HC;ASTAOA00302;05-01-26;05-01-26;19/12/2025;16-01-26;30-01-26;23-01-26;03-03-26;03-03-26;;3820;0;NAC;AIR SEA WORLDWIDE;0;0;N
6701859;516;TANGSHAN HENGER IMPORT&EXPORT TRADING CO;89;2025-10-08;Directo SV - FERRETERIA EPA, S.A. DE C.V.;11440,00;USD;<null>;FOB  ;FOB  ;FOB  ;77;122;2025-12-12;2025-12-12;7478;BINTER TRADE LLC. (Dropship SV);-- N/A --;101700;2026-01-23;SV3;XFH260121;11440,00;false;false;PROMOCIÓN;EPA;OLO6;Transito;MEDU8510580;MSC;Contenedor 40 HC;ASTAOA00958;09-01-26;09-01-26;19/12/2025;25-01-26;30-01-26;30-01-26;07-03-26;07-03-26;;3820;0;NAC;AIR SEA WORLDWIDE;0;0;N
6701860;885;MAY HOME PRODUCT LIMITED;85;2025-10-09;Directo CR - FERRETERIA EPA, S.A.;37288,60;USD;<null>;FOB  ;FOB  ;FOB  ;66;214;2026-01-20;2026-01-20;7650;BINTER TRADE LLC. (Dropship CR);-- N/A --;101909;2026-03-10;Directo CR Sept 25 CNY #1;25CB0349A;37288,60;false;false;CNY;EPA;OLO6;Transito;MSDU5778197;MSC;Contenedor 40 HC;HSZX00036251;21-01-26;21-01-26;15/01/2026;13-02-26;06-03-26;20-02-26;27-03-26;27-03-26;;4650;0;NAC;SPARX;0;0;N
6701861;885;MAY HOME PRODUCT LIMITED;85;2025-10-09;Directo CR - FERRETERIA EPA, S.A.;36859,06;USD;<null>;FOB  ;FOB  ;FOB  ;66;214;2026-01-20;2026-01-20;7651;BINTER TRADE LLC. (Dropship CR);-- N/A --;101910;2026-03-10;Directo CR Sept 25 CNY #2;25CB0350A;36859,06;false;false;CNY;EPA;OLO6;Transito;DFSU7157593;MSC;Contenedor 40 HC;HSZX00036252;21-01-26;21-01-26;15/01/2026;13-02-26;06-03-26;20-02-26;27-03-26;27-03-26;;4650;0;NAC;SPARX;0;0;N
6701862;885;MAY HOME PRODUCT LIMITED;85;2025-10-09;Directo GT - FERRETERIA EPA, S.A. (Guatemala);31274,16;USD;<null>;FOB  ;FOB  ;FOB  ;66;40;2026-03-01;2026-03-01;<null>;BINTER TRADE LLC. (Dropship GT);<null>;<null>;<null>;Directo GT Sept 25 CNY #3;<null>;<null>;false;false;CNY;EPA;OLO6;Booking;TCNU4702660;CMA CGM;Contenedor 40ft;0;17-02-26;18-02-26;12/02/2026;18-03-26;26-03-26;;;;;0;0;0;SPARX;0;0;N
6701863;885;MAY HOME PRODUCT LIMITED;85;2025-10-09;Directo SV - FERRETERIA EPA, S.A. DE C.V.;33819,00;USD;<null>;FOB  ;FOB  ;FOB  ;111;135;2026-03-01;2026-03-01;<null>;BINTER TRADE LLC. (Dropship SV);<null>;<null>;<null>;Directo SV Sept 25 CNY #4;<null>;<null>;false;false;CNY;EPA;OLO6;Booking;GCXU6112989;CMA CGM;Contenedor 40ft;0;17-02-26;18-02-26;12/02/2026;17-03-26;26-03-26;;;;;0;0;0;SPARX;0;0;N
6701864;462;HANGZHOU ANAKO IMPORT AND EXPORT CO.,LTD                   ;82;2025-10-16;Directo VE - Febeca, C.A.;17451,08;USD;<null>;FOB  ;CIF  ;FOB  ;91;121;2025-12-01;2025-12-01;7619;BINTER TRADE LLC. (Dropship FEBECA - VE) ;-- N/A --;101870;2026-02-25;Febeca;ANK202550-1;17451,08;false;false;PEDIDO COMPRA;EPA;OLO6;Transito;ECMU5813417;CMA CGM;Contenedor 40ft;BJPBL2600088;27-01-26;28-01-26;05/12/2025;08-02-26;16-02-26;09-02-26;28-04-26;28-04-26;;3430;IOLFT26-106;FAK;IN OCEAN;0;0;N
6701865;463;HANGZHOU ANAKO IMPORT AND EXPORT CO.,LTD                   ;82;2025-10-16;Directo VE - Febeca, C.A.;23416,50;USD;<null>;FOB  ;CIF  ;FOB  ;91;121;2025-12-01;2025-12-01;7619;BINTER TRADE LLC. (Dropship FEBECA - VE) ;-- N/A --;101871;2026-02-25;Febeca;ANK202550-2;23416,50;false;false;PEDIDO COMPRA;EPA;OLO6;Transito;ECMU5813417;CMA CGM;Contenedor 40ft;BJPBL2600088;27-01-26;27-01-26;05/12/2025;08-02-26;16-02-26;09-02-26;28-04-26;28-04-26;;0;0;0;IN OCEAN;0;0;N
6701870;899;DINGZHOU YIKANG METAL PRODUCTOS CO,. LTD;82;2025-10-09;Directo CR - FERRETERIA EPA, S.A.;20958,00;USD;<null>;FOB  ;FOB  ;FOB  ;98;125;2026-03-03;2026-03-03;7675;BINTER TRADE LLC. (Dropship CR);-- N/A --;101946;2026-03-16;EK-W251003-062E;EK-W260301;20958,00;false;false;CNY;EPA;OLO6;Transito;MEDU4503665;MSC;Contenedor 40ft;ASTNJA00014;29-01-26;29-01-26;26/01/2026;08-03-26;22-03-26;10-03-26;17-04-26;17-04-26;;4635;0;NAC;AIR SEA WORLDWIDE;0;0;N
6701871;899;DINGZHOU YIKANG METAL PRODUCTOS CO,. LTD;82;2025-10-09;Directo VE - FERRETERIA EPA, C.A.;16451,10;USD;<null>;FOB  ;CIF  ;FOB  ;98;116;2026-03-03;2026-03-03;<null>;BINTER TRADE LLC. (Dropship EPA - VE) ;<null>;<null>;<null>;EK-W251003-062F;<null>;<null>;false;false;CNY;EPA;OLO6;Transito;MRSU4470138;MAERSK;Contenedor 40ft;BJPBL2600123;28-01-26;28-01-26;26/01/2026;13-03-26;22-03-26;14-03-26;06-05-26;06-05-26;;5470;0;0;IN OCEAN;0;0;N
6701892;891;KELID CERAMICS CO, LTD;82;2025-10-09;Directo VE - FERRETERIA EPA, C.A.;4544,10;USD;<null>;FOB  ;CIF  ;FOB  ;34;116;2025-11-25;2025-11-25;7052;BINTER TRADE LLC. (Dropship EPA - VE) ;-- N/A --;101241;2025-12-02;VE;BA1892-3;13632,30;false;false;CNY;EPA;OLO6;Transito;CMAU0688691;CMA CGM;Contenedor 20ft;BJPBL2500016;23-10-25;23-10-25;10/10/2025;25-11-25;25-11-25;19-11-25;15-01-26;01-02-26;;5300;IOLFT25-828;FAK;IN OCEAN;0;0;N
6701893;891;KELID CERAMICS CO, LTD;82;2025-10-09;Directo VE - FERRETERIA EPA, C.A.;4544,10;USD;<null>;FOB  ;CIF  ;FOB  ;34;116;2025-11-25;2025-11-25;7052;BINTER TRADE LLC. (Dropship EPA - VE) ;-- N/A --;101242;2025-12-02;VE;BA1892-3;13632,30;false;false;CNY;EPA;OLO6;Transito;CMAU2175445;CMA CGM;Contenedor 20ft;BJPBL2500016;23-10-25;23-10-25;10/10/2025;25-11-25;25-11-25;19-11-25;15-01-26;01-02-26;;5300;IOLFT25-828;FAK;IN OCEAN;0;0;N
6701894;891;KELID CERAMICS CO, LTD;82;2025-10-09;Directo VE - FERRETERIA EPA, C.A.;4544,10;USD;<null>;FOB  ;CIF  ;FOB  ;34;116;2025-11-25;2025-11-25;7052;BINTER TRADE LLC. (Dropship EPA - VE) ;-- N/A --;101243;2025-12-02;VE;BA1892-3;13632,30;false;false;CNY;EPA;OLO6;Transito;APZU3597711;CMA CGM;Contenedor 20ft;BJPBL2500016;23-10-25;23-10-25;10/10/2025;25-11-25;25-11-25;19-11-25;15-01-26;01-02-26;;5300;IOLFT25-828;FAK;IN OCEAN;0;0;N
6701898;891;KELID CERAMICS CO, LTD;82;2025-10-09;Directo VE - FERRETERIA EPA, C.A.;4807,00;USD;<null>;FOB  ;CIF  ;FOB  ;34;116;2025-10-15;2025-10-15;6899;BINTER TRADE LLC. (Dropship EPA - VE) ;-- N/A --;101071;2025-11-13;VE;BA1898-4;19228,00;false;false;CNY;EPA;OLO6;Transito;CMAU2718326;CMA CGM;Contenedor 20ft;SZSIN25015159;23-10-25;23-10-25;10/10/2025;07-11-25;14-11-25;05-11-25;15-01-26;01-02-26;;5550;IOLFT25-772;FAK;IN OCEAN;0;0;N
6701899;891;KELID CERAMICS CO, LTD;82;2025-10-09;Directo VE - FERRETERIA EPA, C.A.;4807,00;USD;<null>;FOB  ;CIF  ;FOB  ;34;116;2025-10-15;2025-10-15;6899;BINTER TRADE LLC. (Dropship EPA - VE) ;-- N/A --;101072;2025-11-13;VE;BA1898-4;19228,00;false;false;CNY;EPA;OLO6;Transito;TEMU1674630;CMA CGM;Contenedor 20ft;SZSIN25015159;23-10-25;23-10-25;10/10/2025;07-11-25;14-11-25;05-11-25;15-01-26;01-02-26;;5550;IOLFT25-772;FAK;IN OCEAN;0;0;N
6701904;891;KELID CERAMICS CO, LTD;82;2025-10-09;Directo VE - FERRETERIA EPA, C.A.;4807,00;USD;<null>;FOB  ;CIF  ;FOB  ;34;116;2025-10-31;2025-10-31;6899;BINTER TRADE LLC. (Dropship EPA - VE) ;-- N/A --;101073;2025-11-13;VE;BA1898-4;19228,00;false;false;CNY;EPA;OLO6;Transito;CMAU2871891;CMA CGM;Contenedor 20ft;SZSIN25015159;23-10-25;23-10-25;10/10/2025;07-11-25;14-11-25;05-11-25;15-01-26;01-02-26;;5550;IOLFT25-772;FAK;IN OCEAN;0;0;N
6701905;891;KELID CERAMICS CO, LTD;82;2025-10-09;Directo VE - FERRETERIA EPA, C.A.;4807,00;USD;<null>;FOB  ;CIF  ;FOB  ;34;116;2025-10-31;2025-10-31;6899;BINTER TRADE LLC. (Dropship EPA - VE) ;-- N/A --;101074;2025-11-13;VE;BA1898-4;19228,00;false;false;CNY;EPA;OLO6;Transito;ECMU2767792;CMA CGM;Contenedor 20ft;SZSIN25015159;23-10-25;23-10-25;10/10/2025;07-11-25;14-11-25;05-11-25;15-01-26;01-02-26;;5550;IOLFT25-772;FAK;IN OCEAN;0;0;N
6701964;350;YIWU SHUHUA ARTS & CRAFTS CO.,LTD                          ;83;2025-10-09;Directo VE - FERRETERIA EPA, C.A.;22726,30;USD;<null>;FOB  ;CIF  ;FOB  ;71;116;2025-12-01;2025-12-01;7196;BINTER TRADE LLC. (Dropship EPA - VE) ;-- N/A --;101421;2025-12-17;PI3VE;SH25-1127;22726,30;false;false;CNY;EPA;OLO6;Transito;TCLU6543507;CMA CGM;Contenedor 40 HC;BJPBL2500052;18-11-25;18-11-25;17/11/2025;30-11-25;16-12-25;11-12-25;04-02-26;01-02-26;;4130;IOLFT25-901;FAK;IN OCEAN;0;0;N
6701965;350;YIWU SHUHUA ARTS & CRAFTS CO.,LTD                          ;83;2025-10-09;Directo VE - FERRETERIA EPA, C.A.;22726,30;USD;<null>;FOB  ;CIF  ;FOB  ;71;116;2025-12-15;2025-12-15;7239;BINTER TRADE LLC. (Dropship EPA - VE) ;-- N/A --;101467;2025-12-22;PI4VE;SH25-1209;22726,30;false;false;CNY;EPA;OLO6;Transito;ECMU5268349;CMA CGM;Contenedor 40 HC;BJPBL2500078;21-11-25;21-11-25;17/11/2025;08-12-25;22-12-25;16-12-25;17-02-26;17-02-26;;4950;IOLFT25-923;FAK;IN OCEAN;0;0;N
6701966;350;YIWU SHUHUA ARTS & CRAFTS CO.,LTD                          ;83;2025-10-09;Directo VE - FERRETERIA EPA, C.A.;22726,30;USD;<null>;FOB  ;CIF  ;FOB  ;71;116;2026-01-30;2026-01-30;7482;BINTER TRADE LLC. (Dropship EPA - VE) ;-- N/A --;101704;2026-01-23;PI5VE;SH26-0112;22726,30;false;false;CNY;EPA;OLO6;Ingresada;TIIU6179921;CMA CGM;Contenedor 40 HC;BJPBL2600027;29-12-25;29-12-25;17/11/2025;11-01-26;25-01-26;13-01-26;13-03-26;13-03-26;01-03-26;3840;IOLFT26-032;FAK;IN OCEAN;0;0;N
6701968;356;SUNWING INDUSTRIES LIMITED                                 ;83;2025-10-10;Directo CR - FERRETERIA EPA, S.A.;6014,88;USD;<null>;FOB  ;FOB  ;FOB  ;91;125;2025-12-15;2025-12-15;7367;BINTER TRADE LLC. (Dropship CR);-- N/A --;101603;2026-01-13;PI CNY2;25Y-C044;6014,88;false;true;CNY;EPA;OLO6;Transito;TLLU7713036;CMA CGM;Contenedor 40 HC;HSHA00085536;23-12-25;24-12-25;19/12/2025;09-01-26;16-01-26;11-01-26;07-03-26;14-03-26;;3750;0;NAC;SPARX;0;0;N
6701969;356;SUNWING INDUSTRIES LIMITED                                 ;83;2025-10-10;ZF - OVERSEAS LOGISTICS OPERATIONS;28789,48;USD;<null>;FOB  ;FOB  ;FOB  ;91;125;2025-12-15;2025-12-15;7440;BINTER TRADE LLC. (ZF);;<null>;<null>;PI CNY2;25Y-C045;28789,48;false;false;CNY;EPA;OLO6;Transito;TLLU7713036;CMA CGM;Contenedor 40 HC;HSHA00085537;23-12-25;24-12-25;19/12/2025;15-01-26;29-01-26;11-01-26;07-03-26;14-03-26;;0;0;NAC;SPARX;0;0;N
6701970;873;CREAVE KITCHEN & BATHROOM PRODUCTS CO.;89;2025-10-10;Directo CR - FERRETERIA EPA, S.A.;36128,53;USD;<null>;FOB  ;FOB  ;FOB  ;66;125;2025-12-12;2025-12-12;7533;BINTER TRADE LLC. (Dropship CR);-- N/A --;101796;2026-02-09;CR1|;INV20010225100901;36128,53;false;false;CNY;EPA;OLO6;Transito;UACU5583356;HAPAG LLOYD;Contenedor 40 HC;ASCANA00122;19-01-26;19-01-26;19/12/2025;30-01-26;04-02-26;30-01-26;27-03-26;17-04-26;;4010;0;NAC;AIR SEA WORLDWIDE;0;0;N
6701971;873;CREAVE KITCHEN & BATHROOM PRODUCTS CO.;89;2025-10-10;Directo CR - FERRETERIA EPA, S.A.;35373,20;USD;<null>;FOB  ;FOB  ;FOB  ;66;125;2025-12-12;2025-12-12;7544;BINTER TRADE LLC. (Dropship CR);-- N/A --;101792;2026-02-09;CR2;INV20010225100902;35373,20;false;false;CNY;EPA;OLO6;Transito;HLXU8536250;HAPAG LLOYD;Contenedor 40 HC;ASCANA00123;19-01-26;19-01-26;19/12/2025;04-02-26;11-02-26;31-01-26;27-03-26;17-04-26;;4010;0;NAC;AIR SEA WORLDWIDE;0;0;N
6701972;873;CREAVE KITCHEN & BATHROOM PRODUCTS CO.;89;2025-10-10;Directo CR - FERRETERIA EPA, S.A.;32973,37;USD;<null>;FOB  ;FOB  ;FOB  ;66;125;2025-12-12;2025-12-12;7506;BINTER TRADE LLC. (Dropship CR);-- N/A --;101775;2026-02-03;CR3;INV20010225100903;32973,37;false;false;CNY;EPA;OLO6;Transito;HLBU2443738;HAPAG LLOYD;Contenedor 40 HC;ASCANA00124;16-01-26;19-01-26;19/12/2025;30-01-26;04-02-26;30-01-26;27-03-26;17-04-26;;4010;0;NAC;AIR SEA WORLDWIDE;0;0;N
6701973;873;CREAVE KITCHEN & BATHROOM PRODUCTS CO.;89;2025-10-10;Directo CR - FERRETERIA EPA, S.A.;36934,64;USD;<null>;FOB  ;FOB  ;FOB  ;66;125;2026-03-01;2026-03-01;<null>;BINTER TRADE LLC. (Dropship CR);<null>;<null>;<null>;CR4;<null>;<null>;false;false;CNY;EPA;OLO6;Booking;80001415-4;0;Contenedor 40ft;0;09-03-26;10-03-26;06/03/2026;07-04-26;07-04-26;;;;;0;0;0;SPARX;0;0;N
6701974;873;CREAVE KITCHEN & BATHROOM PRODUCTS CO.;89;2025-10-10;Directo CR - FERRETERIA EPA, S.A.;35503,90;USD;<null>;FOB  ;FOB  ;FOB  ;66;125;2026-03-01;2026-03-01;<null>;BINTER TRADE LLC. (Dropship CR);<null>;<null>;<null>;CR5;<null>;<null>;false;false;CNY;EPA;OLO6;Booking;80001415-5;0;Contenedor 40 HC;0;09-03-26;10-03-26;06/03/2026;07-04-26;07-04-26;;;;;0;0;0;SPARX;0;0;N
6701975;873;CREAVE KITCHEN & BATHROOM PRODUCTS CO.;89;2025-10-10;Directo SV - FERRETERIA EPA, S.A. DE C.V.;31758,11;USD;<null>;FOB  ;FOB  ;FOB  ;66;122;2025-12-12;2025-12-12;7626;BINTER TRADE LLC. (Dropship SV);-- N/A --;101888;2026-03-05;SV1;INV20010225100906;31758,11;false;false;CNY;EPA;OLO6;Transito;BSIU8067878;CMA CGM;Contenedor 40 HC;HCAN00034449;19-01-26;19-01-26;19/12/2025;03-02-26;25-02-26;18-02-26;10-04-26;10-04-26;;4590;0;NAC;SPARX;0;0;N
6701976;873;CREAVE KITCHEN & BATHROOM PRODUCTS CO.;89;2025-10-10;Directo SV - FERRETERIA EPA, S.A. DE C.V.;31855,95;USD;<null>;FOB  ;FOB  ;FOB  ;66;122;2025-12-12;2025-12-12;7601;BINTER TRADE LLC. (Dropship SV);-- N/A --;101857;2026-02-23;SV2;INV20010225100907;31855,95;false;false;CNY;EPA;OLO6;Transito;TGBU4825330;CMA CGM;Contenedor 40 HC;HCAN00034450;19-01-26;19-01-26;19/12/2025;03-02-26;20-02-26;13-02-26;10-04-26;10-04-26;;4590;0;NAC;SPARX;0;0;N
6701977;873;CREAVE KITCHEN & BATHROOM PRODUCTS CO.;89;2025-10-10;Directo SV - FERRETERIA EPA, S.A. DE C.V.;31463,96;USD;<null>;FOB  ;FOB  ;FOB  ;66;122;2025-12-12;2025-12-12;7602;BINTER TRADE LLC. (Dropship SV);-- N/A --;101858;2026-02-23;SV3;INV20010225100908;31463,96;false;false;CNY;EPA;OLO6;Transito;CMAU8301411;CMA CGM;Contenedor 40ft;HCAN00034447;19-01-26;19-01-26;19/12/2025;03-02-26;24-02-26;13-02-26;10-04-26;10-04-26;;4290;0;NAC;SPARX;0;0;N
6701978;873;CREAVE KITCHEN & BATHROOM PRODUCTS CO.;89;2025-10-10;Directo SV - FERRETERIA EPA, S.A. DE C.V.;38032,70;USD;<null>;FOB  ;FOB  ;FOB  ;66;122;2026-03-01;2026-03-01;<null>;BINTER TRADE LLC. (Dropship SV);<null>;<null>;<null>;SV4;<null>;<null>;false;false;CNY;EPA;OLO6;Booking;80001415-9;0;Contenedor 40 HC;0;09-03-26;10-03-26;06/03/2026;07-04-26;07-04-26;;;;;0;0;0;SPARX;0;0;N
6701979;873;CREAVE KITCHEN & BATHROOM PRODUCTS CO.;89;2025-10-10;Directo GT - FERRETERIA EPA, S.A. (Guatemala);35961,90;USD;<null>;FOB  ;FOB  ;FOB  ;66;127;2025-12-12;2025-12-12;7627;BINTER TRADE LLC. (Dropship GT);-- N/A --;101883;2026-03-03;GT1;INV20010225100910;35961,90;false;false;CNY;EPA;OLO6;Transito;TGCU5175926;HAPAG LLOYD;Contenedor 40ft;HSZX00036262;19-01-26;19-01-26;19/12/2025;04-02-26;04-03-26;04-03-26;15-04-26;15-04-26;;4500;0;NAC;SPARX;0;0;N
6701980;873;CREAVE KITCHEN & BATHROOM PRODUCTS CO.;89;2025-10-10;Directo GT - FERRETERIA EPA, S.A. (Guatemala);35792,44;USD;<null>;FOB  ;FOB  ;FOB  ;66;127;2025-12-12;2025-12-12;7679;BINTER TRADE LLC. (Dropship GT);-- N/A --;101949;2026-03-16;GT2;INV20010225100911;35792,44;false;false;CNY;EPA;OLO6;Transito;TCLU6686196;HAPAG LLOYD;Contenedor 40 HC;HSZX00036254;19-01-26;19-01-26;19/12/2025;04-02-26;18-03-26;04-03-26;15-04-26;15-04-26;;4550;0;NAC;SPARX;0;0;N
6701981;873;CREAVE KITCHEN & BATHROOM PRODUCTS CO.;89;2025-10-10;Directo GT - FERRETERIA EPA, S.A. (Guatemala);33546,52;USD;<null>;FOB  ;FOB  ;FOB  ;66;127;2025-12-12;2025-12-12;7603;BINTER TRADE LLC. (Dropship GT);-- N/A --;101862;2026-02-24;GT3;INV20010225100912;33546,52;false;false;CNY;EPA;OLO6;Transito;FANU3546389;HAPAG LLOYD;Contenedor 40 HC;HSZX00036253;19-01-26;19-01-26;19/12/2025;04-02-26;25-02-26;04-03-26;15-04-26;15-04-26;;4500;0;NAC;SPARX;0;0;N
6701982;873;CREAVE KITCHEN & BATHROOM PRODUCTS CO.;89;2025-10-10;Directo GT - FERRETERIA EPA, S.A. (Guatemala);36391,00;USD;<null>;FOB  ;FOB  ;FOB  ;66;127;2025-12-12;2025-12-12;7678;BINTER TRADE LLC. (Dropship GT);-- N/A --;101948;2026-03-16;GT4;INV20010225100913;36391,00;false;false;CNY;EPA;OLO6;Transito;HAMU3659017;HAPAG LLOYD;Contenedor 40 HC;HHKC00010971;19-01-26;19-01-26;19/12/2025;29-01-26;18-03-26;04-03-26;15-04-26;15-04-26;;4500;0;NAC;SPARX;0;0;N
6701983;873;CREAVE KITCHEN & BATHROOM PRODUCTS CO.;89;2025-10-10;Directo GT - FERRETERIA EPA, S.A. (Guatemala);30949,70;USD;<null>;FOB  ;FOB  ;FOB  ;66;127;2026-03-01;2026-03-01;<null>;BINTER TRADE LLC. (Dropship GT);<null>;<null>;<null>;GT5;<null>;<null>;false;false;CNY;EPA;OLO6;Booking;80001415-14;0;Contenedor 40 HC;0;09-03-26;10-03-26;06/03/2026;07-04-26;07-04-26;;;;;0;0;0;SPARX;0;0;N
6701984;873;CREAVE KITCHEN & BATHROOM PRODUCTS CO.;89;2025-10-10;Directo GT - FERRETERIA EPA, S.A. (Guatemala);28348,30;USD;<null>;FOB  ;FOB  ;FOB  ;66;127;2026-03-01;2026-03-01;<null>;BINTER TRADE LLC. (Dropship GT);<null>;<null>;<null>;GT6;<null>;<null>;false;false;CNY;EPA;OLO6;Booking;80001415-15;0;Contenedor 40 HC;0;09-03-26;10-03-26;06/03/2026;07-04-26;07-04-26;;;;;0;0;0;SPARX;0;0;N
6701985;873;CREAVE KITCHEN & BATHROOM PRODUCTS CO.;89;2025-10-10;Directo GT - FERRETERIA EPA, S.A. (Guatemala);30684,60;USD;<null>;FOB  ;FOB  ;FOB  ;66;127;2026-03-01;2026-03-01;<null>;BINTER TRADE LLC. (Dropship GT);<null>;<null>;<null>;GT7;<null>;<null>;false;false;CNY;EPA;OLO6;Booking;80001415-16;0;Contenedor 40 HC;0;09-03-26;10-03-26;06/03/2026;07-04-26;07-04-26;;;;;0;0;0;SPARX;0;0;N
6701986;873;CREAVE KITCHEN & BATHROOM PRODUCTS CO.;89;2025-10-10;Directo VE - FERRETERIA EPA, C.A.;31387,80;USD;<null>;FOB  ;CIF  ;FOB  ;66;116;2025-12-12;2025-12-12;7513;BINTER TRADE LLC. (Dropship EPA - VE) ;-- N/A --;101774;2026-02-03;VE1;INV20010225100917;31387,80;false;false;CNY;EPA;OLO6;Transito;TIIU6199661;CMA CGM;Contenedor 40 HC;BJPBL2600045;19-01-26;19-01-26;19/12/2025;28-01-26;04-02-26;28-01-26;14-04-26;14-04-26;;3530;IOLFT26-062;FAK;IN OCEAN;0;0;N
6701987;873;CREAVE KITCHEN & BATHROOM PRODUCTS CO.;89;2025-10-10;Directo VE - FERRETERIA EPA, C.A.;32746,00;USD;<null>;FOB  ;CIF  ;FOB  ;66;116;2025-12-12;2025-12-12;7514;BINTER TRADE LLC. (Dropship EPA - VE) ;-- N/A --;101773;2026-02-03;VE2;INV20010225100918;32746,00;false;false;CNY;EPA;OLO6;Transito;TCNU6990293;CMA CGM;Contenedor 40 HC;BJPBL2600044;19-01-26;19-01-26;19/12/2025;28-01-26;04-02-26;28-01-26;14-04-26;14-04-26;;3530;IOLFT26-061;FAK;IN OCEAN;0;0;N
6701988;873;CREAVE KITCHEN & BATHROOM PRODUCTS CO.;89;2025-10-10;Directo VE - FERRETERIA EPA, C.A.;31148,38;USD;<null>;FOB  ;CIF  ;FOB  ;66;116;2025-12-12;2025-12-12;7529;BINTER TRADE LLC. (Dropship EPA - VE) ;-- N/A --;101782;2026-02-06;VE3;INV20010225100919;31148,38;false;false;CNY;EPA;OLO6;Transito;TIIU7010807;CMA CGM;Contenedor 40 HC;BJPBL2600052;16-01-26;16-01-26;19/12/2025;28-01-26;07-02-26;02-02-26;12-04-26;12-04-26;;3530;IOLFT26-068;FAK;IN OCEAN;0;0;N
6701989;873;CREAVE KITCHEN & BATHROOM PRODUCTS CO.;89;2025-10-10;Directo VE - FERRETERIA EPA, C.A.;30702,83;USD;<null>;FOB  ;CIF  ;FOB  ;66;116;2025-12-12;2025-12-12;7528;BINTER TRADE LLC. (Dropship EPA - VE) ;-- N/A --;101785;2026-02-06;VE4;INV20010225100920;30702,83;false;false;CNY;EPA;OLO6;Transito;TIIU7012899;CMA CGM;Contenedor 40 HC;BJPBL2600055;16-01-26;16-01-26;19/12/2025;29-01-26;05-02-26;01-02-26;12-04-26;12-04-26;;3530;IOLFT26-070;FAK;IN OCEAN;0;0;N
6701990;873;CREAVE KITCHEN & BATHROOM PRODUCTS CO.;89;2025-10-10;Directo VE - FERRETERIA EPA, C.A.;32137,69;USD;<null>;FOB  ;CIF  ;FOB  ;66;116;2026-03-01;2026-03-01;<null>;BINTER TRADE LLC. (Dropship EPA - VE) ;<null>;<null>;<null>;VE5;<null>;<null>;false;false;CNY;EPA;OLO6;Booking;80001415-21;CMA CGM;Contenedor 40 HC;0;12-03-26;12-03-26;06/03/2026;26-03-26;26-03-26;;;;;5660;0;0;IN OCEAN;0;0;N
6701998;79;KAMSPRING HOUSEWARE MANUFACTURING COMPANY LTD;82;2025-10-14;Directo CR - FERRETERIA EPA, S.A.;11624,18;USD;<null>;FOB  ;FOB  ;FOB  ;93;125;2026-03-25;2026-03-25;<null>;BINTER TRADE LLC. (Dropship CR);<null>;<null>;<null>;25KS383-1;<null>;<null>;true;true;CNY;EPA;OLO6;Booking;80001479-U1;0;Contenedor 40 HC;0;12-02-26;12-02-26;04/02/2026;10-04-26;10-04-26;;;;;2950;0;0;AIR SEA WORLDWIDE;0;0;N
6701999;79;KAMSPRING HOUSEWARE MANUFACTURING COMPANY LTD;82;2025-10-14;ZF - OVERSEAS LOGISTICS OPERATIONS;20992,86;USD;<null>;FOB  ;FOB  ;FOB  ;93;125;2026-03-25;2026-03-25;<null>;BINTER TRADE LLC. (ZF);<null>;<null>;<null>;25KS383-1;<null>;<null>;true;false;CNY;EPA;OLO6;Booking;80001479-U1;0;Contenedor 40 HC;0;12-02-26;12-02-26;04/02/2026;10-04-26;10-04-26;;;;;0;0;0;AIR SEA WORLDWIDE;0;0;N
6702000;79;KAMSPRING HOUSEWARE MANUFACTURING COMPANY LTD;82;2025-10-14;Directo VE - FERRETERIA EPA, C.A.;18434,20;USD;<null>;FOB  ;CIF  ;FOB  ;93;116;2026-03-25;2026-03-25;<null>;BINTER TRADE LLC. (Dropship EPA - VE) ;<null>;<null>;<null>;25KS383-2;<null>;<null>;false;false;CNY;EPA;OLO6;Booking;80001479-3;CMA CGM;Contenedor 40 HC;0;09-02-26;09-02-26;04/02/2026;30-03-26;31-03-26;;;;;5460;0;0;IN OCEAN;0;0;N
6702001;612;HAOBANG HOMEWARE CO.,LIMITED;89;2025-10-15;Directo CR - FERRETERIA EPA, S.A.;1135,80;USD;<null>;FOB  ;FOB  ;FOB  ;93;125;2025-11-30;2025-11-30;7369;BINTER TRADE LLC. (Dropship CR);-- N/A --;101610;2026-01-13;cr;HB6702001;1135,80;false;true;CNY;EPA;OLO6;Transito;UACU4164118;HAPAG LLOYD;Contenedor 20ft;ASSZX512892;10-12-25;10-12-25;05/12/2025;14-01-26;14-01-26;15-01-26;06-03-26;13-03-26;;3570;0;NAC;AIR SEA WORLDWIDE;0;0;N
6702002;612;HAOBANG HOMEWARE CO.,LIMITED;89;2025-10-15;ZF - OVERSEAS LOGISTICS OPERATIONS;23389,60;USD;<null>;FOB  ;FOB  ;FOB  ;93;125;2025-11-30;2025-11-30;7437;BINTER TRADE LLC. (ZF);;<null>;<null>;zf;HB6702002;23389,60;false;false;CNY;EPA;OLO6;Transito;UACU4164118;HAPAG LLOYD;Contenedor 20ft;ASSZXA00115;10-12-25;10-12-25;05/12/2025;14-01-26;28-01-26;15-01-26;06-03-26;13-03-26;;0;0;NAC;AIR SEA WORLDWIDE;0;0;N
6702003;271;OT-FOSHAN SILVER WING OUTDOOR PRODUCTS CO LTD              ;82;2025-10-15;ZF - OVERSEAS LOGISTICS OPERATIONS;28897,80;USD;<null>;FOB  ;FOB  ;FOB  ;93;125;2026-03-10;2026-03-10;<null>;BINTER TRADE LLC. (ZF);<null>;<null>;<null>;ZF;<null>;<null>;false;false;CNY;EPA;OLO6;Booking;FFAU2312280;MSC;Contenedor 40ft;ASSNZA00033;02-02-26;02-02-26;29/01/2026;20-03-26;20-03-26;;;;;2700;0;0;AIR SEA WORLDWIDE;0;0;N
6702004;508;NANTONG OSIMAN PLASTIC CO.,LTD                             ;82;2025-10-15;ZF - OVERSEAS LOGISTICS OPERATIONS;12975,00;USD;<null>;FOB  ;FOB  ;FOB  ;91;125;2026-02-27;2026-02-27;<null>;BINTER TRADE LLC. (ZF);<null>;<null>;<null>;ZF;<null>;<null>;false;false;CNY;EPA;OLO6;Transito;MRKU6837261;MAERSK;Contenedor 20ft;ASSHAA01276;12-02-26;12-02-26;10/02/2026;13-03-26;20-03-26;14-03-26;21-04-26;21-04-26;;4335;0;NAC;AIR SEA WORLDWIDE;0;0;N
6702005;508;NANTONG OSIMAN PLASTIC CO.,LTD                             ;82;2025-10-15;Directo VE - FERRETERIA EPA, C.A.;12975,00;USD;<null>;FOB  ;FOB  ;FOB  ;91;116;2026-02-27;2026-02-27;<null>;BINTER TRADE LLC. (Dropship EPA - VE) ;<null>;<null>;<null>;VE;<null>;<null>;false;false;CNY;EPA;OLO6;Transito;CMAU0298899;CMA CGM;Contenedor 20ft;BJPBL2600114;13-02-26;16-02-26;10/02/2026;08-03-26;21-03-26;16-03-26;28-04-26;28-04-26;;0;0;0;IN OCEAN;0;0;N
6702030;167;WIDER TOP HOLDINGS LTD.                                    ;89;2025-10-16;Directo CR - FERRETERIA EPA, S.A.;3915,29;USD;<null>;FOB  ;FOB  ;FOB  ;71;125;2025-12-25;2025-12-25;7370;BINTER TRADE LLC. (Dropship CR);-- N/A --;101609;2026-01-13;cr;25TST10872;3915,29;false;true;CNY;EPA;OLO6;Ingresada;HAMU3459507;HAPAG LLOYD;Contenedor 40 HC;ASNGB513346;22-12-25;22-12-25;17/12/2025;06-01-26;20-01-26;08-01-26;20-02-26;09-03-26;03-03-26;0;0;NAC;AIR SEA WORLDWIDE;0;0;N
6702032;167;WIDER TOP HOLDINGS LTD.                                    ;89;2025-10-16;Directo VE - FERRETERIA EPA, C.A.;32911,00;USD;<null>;FOB  ;CIF  ;FOB  ;71;116;2026-03-15;2026-03-15;7657;BINTER TRADE LLC. (Dropship EPA - VE) ;-- N/A --;101923;2026-03-12;ve2;26TST1018;32911,00;false;false;CNY;EPA;OLO6;Transito;TCNU2944392;CMA CGM;Contenedor 40 HC;BJPBL2600111;09-02-26;09-02-26;03/02/2026;06-03-26;13-03-26;06-03-26;28-04-26;28-04-26;;4500;IOLFT26-149;FAK;IN OCEAN;0;0;N
6702033;167;WIDER TOP HOLDINGS LTD.                                    ;89;2025-10-16;Directo GT - FERRETERIA EPA, S.A. (Guatemala);22236,15;USD;<null>;FOB  ;FOB  ;FOB  ;71;127;2025-12-25;2025-12-25;7477;BINTER TRADE LLC. (Dropship GT);-- N/A --;101699;2026-01-23;gt1;25TST1089;22236,15;false;false;CNY;EPA;OLO6;Transito;UACU8582271;HAPAG LLOYD;Contenedor 45 HC;ASNGB513347;22-12-25;22-12-25;17/12/2025;12-01-26;22-01-26;15-01-26;18-02-26;19-02-26;;3880;0;NAC;AIR SEA WORLDWIDE;0;0;N
6702034;167;WIDER TOP HOLDINGS LTD.                                    ;89;2025-10-16;Directo VE - FERRETERIA EPA, C.A.;34264,50;USD;<null>;FOB  ;CIF  ;FOB  ;71;116;2026-03-15;2026-03-15;7667;BINTER TRADE LLC. (Dropship EPA - VE) ;-- N/A --;101929;2026-03-12;ve3;26TST1019;34264,50;false;false;CNY;EPA;OLO6;Transito;CMAU8437558;CMA CGM;Contenedor 40 HC;BJPBL2600112;09-02-26;09-02-26;03/02/2026;06-03-26;13-03-26;06-03-26;28-04-26;28-04-26;;4500;IOLFT26-148;FAK;IN OCEAN;0;0;N
6702035;250;SANGTONG SANITARY WARE(HK)CO.,LIMITED                      ;89;2025-10-16;Directo CR - FERRETERIA EPA, S.A.;15375,00;USD;<null>;FOB  ;FOB  ;FOB  ;108;125;2025-12-30;2025-12-30;7372;BINTER TRADE LLC. (Dropship CR);-- N/A --;101608;2026-01-13;CR1;ST20251004-CR1;15375,00;false;false;CNY;EPA;OLO6;Transito;TEMU6568842;HAPAG LLOYD;Contenedor 40 HC;ASSZX513486;30-12-25;30-12-25;29/12/2025;14-01-26;14-01-26;15-01-26;06-03-26;13-03-26;;3720;0;NAC;AIR SEA WORLDWIDE;0;0;N
6702036;250;SANGTONG SANITARY WARE(HK)CO.,LIMITED                      ;89;2025-10-16;Directo CR - FERRETERIA EPA, S.A.;15375,00;USD;<null>;FOB  ;FOB  ;FOB  ;108;125;2026-03-20;2026-03-20;<null>;BINTER TRADE LLC. (Dropship CR);<null>;<null>;<null>;CR2;<null>;<null>;false;false;CNY;EPA;OLO6;Produccion;80001480-2;0;Contenedor 40 HC;0;;;;;;;;;;0;0;0;0;0;0;N
6702037;250;SANGTONG SANITARY WARE(HK)CO.,LIMITED                      ;89;2025-10-16;Directo CR - FERRETERIA EPA, S.A.;13760,00;USD;<null>;FOB  ;FOB  ;FOB  ;108;125;2025-12-20;2025-12-20;7500;BINTER TRADE LLC. (Dropship CR);-- N/A --;101751;2026-01-29;CR3;ST20251004-CR3;13760,00;false;false;CNY;EPA;OLO6;Transito;TRHU7486830;MSC;Contenedor 40 HC;ASSZXA00042;05-01-26;06-01-26;19/12/2025;30-01-26;30-01-26;02-02-26;13-03-26;28-03-26;;3720;0;NAC;AIR SEA WORLDWIDE;0;0;N
6702038;250;SANGTONG SANITARY WARE(HK)CO.,LIMITED                      ;89;2025-10-16;Directo CR - FERRETERIA EPA, S.A.;17193,35;USD;<null>;FOB  ;FOB  ;FOB  ;108;125;2025-12-15;2025-12-15;7465;BINTER TRADE LLC. (Dropship CR);-- N/A --;101728;2026-01-23;CR4;ST20251004-CR4;17193,35;false;false;CNY;EPA;OLO6;Transito;HAMU1850852;HAPAG LLOYD;Contenedor 40 HC;ASSZXA00027;05-01-26;06-01-26;19/12/2025;29-01-26;04-02-26;05-02-26;20-03-26;20-03-26;;3720;0;NAC;AIR SEA WORLDWIDE;0;0;N
6702039;250;SANGTONG SANITARY WARE(HK)CO.,LIMITED                      ;89;2025-10-16;Directo CR - FERRETERIA EPA, S.A.;17794,30;USD;<null>;FOB  ;FOB  ;FOB  ;108;125;2025-12-20;2025-12-20;7327;BINTER TRADE LLC. (Dropship CR);-- N/A --;101552;2026-01-08;CR5;ST20250806-CR5Z;17794,30;false;false;CNY;EPA;OLO6;Transito;GCXU6127490;HAPAG LLOYD;Contenedor 40 HC;ASSZX512990;12-12-25;12-12-25;11/12/2025;31-12-25;07-01-26;31-12-25;13-02-26;20-02-26;;3320;0;NAC;AIR SEA WORLDWIDE;0;0;N
6702040;250;SANGTONG SANITARY WARE(HK)CO.,LIMITED                      ;89;2025-10-16;Directo CR - FERRETERIA EPA, S.A.;16131,31;USD;<null>;FOB  ;FOB  ;FOB  ;108;125;2026-03-30;2026-03-30;<null>;BINTER TRADE LLC. (Dropship CR);<null>;<null>;<null>;CR6;<null>;<null>;false;false;CNY;EPA;OLO6;Produccion;80001480-6;0;Contenedor 40 HC;0;;;;;;;;;;0;0;0;0;0;0;N
6702041;250;SANGTONG SANITARY WARE(HK)CO.,LIMITED                      ;89;2025-10-16;Directo CR - FERRETERIA EPA, S.A.;15234,64;USD;<null>;FOB  ;FOB  ;FOB  ;108;125;2026-03-30;2026-03-30;<null>;BINTER TRADE LLC. (Dropship CR);<null>;<null>;<null>;CR7;<null>;<null>;false;false;CNY;EPA;OLO6;Produccion;80001480-7;0;Contenedor 40 HC;0;;;;;;;;;;0;0;0;0;0;0;N
6702042;250;SANGTONG SANITARY WARE(HK)CO.,LIMITED                      ;89;2025-10-16;Directo SV - FERRETERIA EPA, S.A. DE C.V.;15375,00;USD;<null>;FOB  ;FOB  ;FOB  ;77;122;2026-01-20;2026-01-20;<null>;BINTER TRADE LLC. (Dropship SV);<null>;<null>;<null>;SV1;<null>;<null>;false;false;CNY;EPA;OLO6;Produccion;80001480-8;0;Contenedor 40 HC;0;;;15/01/2026;;;;;;;0;0;0;SPARX;0;0;N
6702043;250;SANGTONG SANITARY WARE(HK)CO.,LIMITED                      ;89;2025-10-16;Directo SV - FERRETERIA EPA, S.A. DE C.V.;17262,56;USD;<null>;FOB  ;FOB  ;FOB  ;108;122;2026-01-20;2026-01-20;7476;BINTER TRADE LLC. (Dropship SV);-- N/A --;101709;2026-01-23;SV2;ST20251004-SV2;17262,56;false;false;CNY;EPA;OLO6;Transito;CMAU9183864;CMA CGM;Contenedor 40 HC;HSZX00036124;08-01-26;08-01-26;06/01/2026;17-01-26;27-01-26;18-01-26;13-03-26;13-03-26;;3350;0;NAC;SPARX;0;0;N
6702044;250;SANGTONG SANITARY WARE(HK)CO.,LIMITED                      ;89;2025-10-16;Directo SV - FERRETERIA EPA, S.A. DE C.V.;15499,44;USD;<null>;FOB  ;FOB  ;FOB  ;108;122;2026-03-30;2026-03-30;<null>;BINTER TRADE LLC. (Dropship SV);<null>;<null>;<null>;SV3;<null>;<null>;false;false;CNY;EPA;OLO6;Produccion;80001480-10;0;Contenedor 40 HC;0;;;;;;;;;;0;0;0;0;0;0;N
6702045;250;SANGTONG SANITARY WARE(HK)CO.,LIMITED                      ;89;2025-10-16;Directo GT - FERRETERIA EPA, S.A. (Guatemala);15375,00;USD;<null>;FOB  ;FOB  ;FOB  ;108;127;2025-12-30;2025-12-30;7376;BINTER TRADE LLC. (Dropship GT);-- N/A --;101612;2026-01-13;GT1;ST20251004-GT1;15375,00;false;false;CNY;EPA;OLO6;Transito;BEAU4464970;HAPAG LLOYD;Contenedor 40 HC;ASSZX512994;12-12-25;12-12-25;11/12/2025;14-01-26;14-01-26;15-01-26;03-03-26;03-03-26;;3880;0;NAC;AIR SEA WORLDWIDE;0;0;N
6702046;250;SANGTONG SANITARY WARE(HK)CO.,LIMITED                      ;89;2025-10-16;Directo GT - FERRETERIA EPA, S.A. (Guatemala);13002,00;USD;<null>;FOB  ;FOB  ;FOB  ;108;127;2025-12-30;2025-12-30;<null>;BINTER TRADE LLC. (Dropship GT);<null>;<null>;<null>;GT2;<null>;<null>;false;false;CNY;EPA;OLO6;Produccion;80001480-12;0;Contenedor 40 HC;0;;;15/01/2026;;;;;;;0;0;0;SPARX;0;0;N
6702047;250;SANGTONG SANITARY WARE(HK)CO.,LIMITED                      ;89;2025-10-16;Directo GT - FERRETERIA EPA, S.A. (Guatemala);16527,50;USD;<null>;FOB  ;FOB  ;FOB  ;108;127;2025-12-20;2025-12-20;<null>;BINTER TRADE LLC. (Dropship GT);<null>;<null>;<null>;GT3;<null>;<null>;false;false;CNY;EPA;OLO6;Booking;80001480-13;0;Contenedor 40 HC;0;05-01-26;06-01-26;19/12/2025;01-05-26;01-05-26;;;;;3555;0;0;AIR SEA WORLDWIDE;0;0;N
6702048;250;SANGTONG SANITARY WARE(HK)CO.,LIMITED                      ;89;2025-10-16;Directo GT - FERRETERIA EPA, S.A. (Guatemala);11242,40;USD;<null>;FOB  ;FOB  ;FOB  ;108;127;2025-12-30;2025-12-30;<null>;BINTER TRADE LLC. (Dropship GT);<null>;<null>;<null>;GT4;<null>;<null>;false;false;CNY;EPA;OLO6;Produccion;80001480-14;0;Contenedor 40 HC;0;;;15/01/2026;;;;;;;0;0;0;SPARX;0;0;N
6702049;250;SANGTONG SANITARY WARE(HK)CO.,LIMITED                      ;89;2025-10-16;Directo GT - FERRETERIA EPA, S.A. (Guatemala);11548,35;USD;<null>;FOB  ;FOB  ;FOB  ;108;127;2026-01-20;2026-01-20;<null>;BINTER TRADE LLC. (Dropship GT);<null>;<null>;<null>;GT5;<null>;<null>;false;false;CNY;EPA;OLO6;Produccion;80001480-15;0;Contenedor 40 HC;0;;;15/01/2026;;;;;;;0;0;0;SPARX;0;0;N
6702050;250;SANGTONG SANITARY WARE(HK)CO.,LIMITED                      ;89;2025-10-16;Directo GT - FERRETERIA EPA, S.A. (Guatemala);13713,95;USD;<null>;FOB  ;FOB  ;FOB  ;108;127;2025-12-20;2025-12-20;7462;BINTER TRADE LLC. (Dropship GT);-- N/A --;101724;2026-01-23;GT6;ST20251004-GT6;13930,15;false;false;MIXTO;EPA;OLO6;Transito;BEAU4229780;MSC;Contenedor 40 HC;ASSZX512798;08-12-25;10-12-25;05/12/2025;21-12-25;28-12-25;20-12-25;04-02-26;01-02-26;;3555;0;NAC;AIR SEA WORLDWIDE;0;0;N
6702051;250;SANGTONG SANITARY WARE(HK)CO.,LIMITED                      ;89;2025-10-16;Directo GT - FERRETERIA EPA, S.A. (Guatemala);11242,40;USD;<null>;FOB  ;FOB  ;FOB  ;108;127;2026-03-30;2026-03-30;<null>;BINTER TRADE LLC. (Dropship GT);<null>;<null>;<null>;GT7;<null>;<null>;false;false;CNY;EPA;OLO6;Produccion;80001480-17;0;Contenedor 40 HC;0;;;;;;;;;;0;0;0;0;0;0;N
6702052;250;SANGTONG SANITARY WARE(HK)CO.,LIMITED                      ;89;2025-10-16;Directo GT - FERRETERIA EPA, S.A. (Guatemala);16271,86;USD;<null>;FOB  ;FOB  ;FOB  ;108;127;2025-12-16;2025-12-16;7317;BINTER TRADE LLC. (Dropship GT);-- N/A --;101540;2026-01-08;GT8;ST20250806-GT8;16271,86;false;false;CNY;EPA;OLO6;Transito;HAMU1613104;HAPAG LLOYD;Contenedor 40 HC;ASSZX512992;12-12-25;12-12-25;11/12/2025;31-12-25;07-01-26;31-12-25;18-02-26;03-03-26;;3555;0;NAC;AIR SEA WORLDWIDE;0;0;N
6702053;250;SANGTONG SANITARY WARE(HK)CO.,LIMITED                      ;89;2025-10-16;Directo GT - FERRETERIA EPA, S.A. (Guatemala);14725,00;USD;<null>;FOB  ;FOB  ;FOB  ;108;127;2026-03-30;2026-03-30;<null>;BINTER TRADE LLC. (Dropship GT);<null>;<null>;<null>;GT9;<null>;<null>;false;false;CNY;EPA;OLO6;Produccion;80001480-19;0;Contenedor 40 HC;0;;;;;;;;;;0;0;0;0;0;0;N
6702054;250;SANGTONG SANITARY WARE(HK)CO.,LIMITED                      ;89;2025-10-16;Directo GT - FERRETERIA EPA, S.A. (Guatemala);16475,70;USD;<null>;FOB  ;FOB  ;FOB  ;108;127;2026-03-30;2026-03-30;<null>;BINTER TRADE LLC. (Dropship GT);<null>;<null>;<null>;GT10;<null>;<null>;false;false;CNY;EPA;OLO6;Produccion;80001480-20;0;Contenedor 40 HC;0;;;;;;;;;;0;0;0;0;0;0;N
6702055;250;SANGTONG SANITARY WARE(HK)CO.,LIMITED                      ;89;2025-10-16;Directo VE - FERRETERIA EPA, C.A.;15375,00;USD;<null>;FOB  ;CIF  ;FOB  ;108;116;2025-12-16;2025-12-16;7343;BINTER TRADE LLC. (Dropship EPA - VE) ;-- N/A --;101571;2026-01-12;VE1;ST20251004-VE1;15375,00;false;false;CNY;EPA;OLO6;Ingresada;HJCU1599196;CMA CGM;Contenedor 40 HC;BJPBL2600006;23-12-25;23-12-25;19/12/2025;02-01-26;09-01-26;03-01-26;03-03-26;13-03-26;10-03-26;3870;IOLFT26-011;FAK;AIR SEA WORLDWIDE;0;0;N
6702056;250;SANGTONG SANITARY WARE(HK)CO.,LIMITED                      ;89;2025-10-16;Directo VE - FERRETERIA EPA, C.A.;15375,00;USD;<null>;FOB  ;FOB  ;FOB  ;108;116;2025-12-15;2025-12-15;7562;BINTER TRADE LLC. (Dropship EPA - VE) ;-- N/A --;101813;2026-02-11;VE2;ST20251004-VE2;15375,00;false;false;CNY;EPA;OLO6;Transito;CMAU3901408;CMA CGM;Contenedor 40 HC;BJPBL2600063;21-01-26;21-01-26;19/12/2025;04-02-26;18-02-26;09-02-26;14-04-26;14-04-26;;3280;IOLFT26-089;FAK;AIR SEA WORLDWIDE;0;0;N
6702057;250;SANGTONG SANITARY WARE(HK)CO.,LIMITED                      ;89;2025-10-16;Directo VE - FERRETERIA EPA, C.A.;15375,00;USD;<null>;FOB  ;FOB  ;FOB  ;108;116;2025-12-15;2025-12-15;<null>;BINTER TRADE LLC. (Dropship EPA - VE) ;<null>;<null>;<null>;VE3;<null>;<null>;false;false;CNY;EPA;OLO6;Produccion;80001480-23;0;Contenedor 40 HC;0;;;19/12/2025;;;;;;;0;0;0;IN OCEAN;0;0;N
6702058;250;SANGTONG SANITARY WARE(HK)CO.,LIMITED                      ;89;2025-10-16;Directo VE - FERRETERIA EPA, C.A.;15375,00;USD;<null>;FOB  ;FOB  ;FOB  ;108;116;2026-03-30;2026-03-30;<null>;BINTER TRADE LLC. (Dropship EPA - VE) ;<null>;<null>;<null>;VE4;<null>;<null>;false;false;CNY;EPA;OLO6;Produccion;80001480-24;0;Contenedor 40 HC;0;;;;;;;;;;0;0;0;0;0;0;N
6702059;250;SANGTONG SANITARY WARE(HK)CO.,LIMITED                      ;89;2025-10-16;Directo VE - FERRETERIA EPA, C.A.;15375,00;USD;<null>;FOB  ;FOB  ;FOB  ;108;116;2026-03-30;2026-03-30;<null>;BINTER TRADE LLC. (Dropship EPA - VE) ;<null>;<null>;<null>;VE5;<null>;<null>;false;false;CNY;EPA;OLO6;Produccion;80001480-25;0;Contenedor 40 HC;0;;;;;;;;;;0;0;0;0;0;0;N
6702060;250;SANGTONG SANITARY WARE(HK)CO.,LIMITED                      ;89;2025-10-16;Directo VE - FERRETERIA EPA, C.A.;12900,00;USD;<null>;FOB  ;FOB  ;FOB  ;108;116;2026-03-30;2026-03-30;<null>;BINTER TRADE LLC. (Dropship EPA - VE) ;<null>;<null>;<null>;VE6;<null>;<null>;false;false;CNY;EPA;OLO6;Produccion;80001480-26;0;Contenedor 40 HC;0;;;;;;;;;;0;0;0;0;0;0;N
6702061;250;SANGTONG SANITARY WARE(HK)CO.,LIMITED                      ;89;2025-10-16;Directo VE - FERRETERIA EPA, C.A.;29364,60;USD;<null>;FOB  ;CIF  ;FOB  ;108;116;2025-11-30;2025-11-30;7403;BINTER TRADE LLC. (Dropship EPA - VE) ;-- N/A --;101651;2026-01-16;VE7;ST20250806-VE7Z;29364,60;false;false;CNY;EPA;OLO6;Ingresada;CMAU9705383;CMA CGM;Contenedor 40 HC;BJPBL2500110;03-12-25;03-12-25;28/11/2025;25-12-25;08-01-26;03-01-26;03-03-26;03-03-26;10-03-26;4350;IOLFT25-990;FAK;IN OCEAN;0;0;N
6702062;250;SANGTONG SANITARY WARE(HK)CO.,LIMITED                      ;89;2025-10-16;Directo VE - FERRETERIA EPA, C.A.;29364,60;USD;<null>;FOB  ;CIF  ;FOB  ;108;116;2025-11-30;2025-11-30;7236;BINTER TRADE LLC. (Dropship EPA - VE) ;-- N/A --;101464;2025-12-22;VE8;ST20250806-VE8Z;29364,60;false;false;CNY;EPA;OLO6;Ingresada;TRHU8980214;CMA CGM;Contenedor 40 HC;BJPBL2500082;03-12-25;03-12-25;28/11/2025;15-12-25;17-12-25;16-12-25;17-02-26;03-03-26;01-03-26;4350;IOLFT25-929;FAK;IN OCEAN;0;0;N
6702063;250;SANGTONG SANITARY WARE(HK)CO.,LIMITED                      ;89;2025-10-16;Directo VE - FERRETERIA EPA, C.A.;29376,25;USD;<null>;FOB  ;FOB  ;FOB  ;108;116;2026-04-10;2026-04-10;<null>;BINTER TRADE LLC. (Dropship EPA - VE) ;<null>;<null>;<null>;VE9;<null>;<null>;false;false;CNY;EPA;OLO6;Produccion;80001480-29;0;Contenedor 40 HC;0;;;;;;;;;;0;0;0;0;0;0;N
6702064;250;SANGTONG SANITARY WARE(HK)CO.,LIMITED                      ;89;2025-10-16;Directo VE - FERRETERIA EPA, C.A.;11242,40;USD;<null>;FOB  ;CIF  ;FOB  ;108;116;2025-12-30;2025-12-30;<null>;BINTER TRADE LLC. (Dropship EPA - VE) ;<null>;<null>;<null>;VE10;<null>;<null>;false;false;CNY;EPA;OLO6;Booking;SHZ7864997;CMA CGM;Contenedor 40 HC;0;20-01-26;20-01-26;09/01/2026;01-03-26;29-03-26;;;;;3280;0;0;IN OCEAN;0;0;N
6702065;250;SANGTONG SANITARY WARE(HK)CO.,LIMITED                      ;89;2025-10-16;Directo VE - FERRETERIA EPA, C.A.;11242,40;USD;<null>;FOB  ;FOB  ;FOB  ;108;116;2025-12-30;2025-12-30;<null>;BINTER TRADE LLC. (Dropship EPA - VE) ;<null>;<null>;<null>;VE11;<null>;<null>;false;false;CNY;EPA;OLO6;Produccion;80001480-31;0;Contenedor 40 HC;0;;;15/01/2026;;;;;;;0;0;0;IN OCEAN;0;0;N
6702066;250;SANGTONG SANITARY WARE(HK)CO.,LIMITED                      ;89;2025-10-16;Directo VE - FERRETERIA EPA, C.A.;11242,40;USD;<null>;FOB  ;FOB  ;FOB  ;108;116;2025-12-30;2025-12-30;<null>;BINTER TRADE LLC. (Dropship EPA - VE) ;<null>;<null>;<null>;VE12;<null>;<null>;false;false;CNY;EPA;OLO6;Produccion;80001480-32;0;Contenedor 40 HC;0;;;15/01/2026;;;;;;;0;0;0;IN OCEAN;0;0;N
6702067;250;SANGTONG SANITARY WARE(HK)CO.,LIMITED                      ;89;2025-10-16;Directo VE - FERRETERIA EPA, C.A.;11242,40;USD;<null>;FOB  ;FOB  ;FOB  ;108;116;2025-12-30;2025-12-30;<null>;BINTER TRADE LLC. (Dropship EPA - VE) ;<null>;<null>;<null>;VE13;<null>;<null>;false;false;CNY;EPA;OLO6;Produccion;80001480-33;0;Contenedor 40 HC;0;;;15/01/2026;;;;;;;0;0;0;IN OCEAN;0;0;N
6702068;250;SANGTONG SANITARY WARE(HK)CO.,LIMITED                      ;89;2025-10-16;Directo VE - FERRETERIA EPA, C.A.;11242,40;USD;<null>;FOB  ;FOB  ;FOB  ;108;116;2025-12-30;2025-12-30;<null>;BINTER TRADE LLC. (Dropship EPA - VE) ;<null>;<null>;<null>;VE14;<null>;<null>;false;false;CNY;EPA;OLO6;Produccion;80001480-34;0;Contenedor 40 HC;0;;;15/01/2026;;;;;;;0;0;0;IN OCEAN;0;0;N
6702069;250;SANGTONG SANITARY WARE(HK)CO.,LIMITED                      ;89;2025-10-16;Directo VE - FERRETERIA EPA, C.A.;11242,40;USD;<null>;FOB  ;FOB  ;FOB  ;108;116;2026-03-30;2026-03-30;<null>;BINTER TRADE LLC. (Dropship EPA - VE) ;<null>;<null>;<null>;VE15;<null>;<null>;false;false;CNY;EPA;OLO6;Produccion;80001480-35;0;Contenedor 40 HC;0;;;;;;;;;;0;0;0;0;0;0;N
6702070;250;SANGTONG SANITARY WARE(HK)CO.,LIMITED                      ;89;2025-10-16;Directo VE - FERRETERIA EPA, C.A.;11242,40;USD;<null>;FOB  ;FOB  ;FOB  ;108;116;2026-03-30;2026-03-30;<null>;BINTER TRADE LLC. (Dropship EPA - VE) ;<null>;<null>;<null>;VE16;<null>;<null>;false;false;CNY;EPA;OLO6;Produccion;80001480-36;0;Contenedor 40 HC;0;;;;;;;;;;0;0;0;0;0;0;N
6702073;916;UNION HOME CO., LTD.;85;2025-10-17;Directo CR - FERRETERIA EPA, S.A.;22765,00;USD;<null>;FOB  ;FOB  ;FOB  ;174;214;2026-01-15;2026-01-15;7450;BINTER TRADE LLC. (Dropship CR);-- N/A --;101692;2026-01-22;CR #3 Zapatera Oct 25 CNY;UEO2510418;22765,00;false;false;PEDIDO COMPRA;EPA;OLO6;Transito;TEMU7974445;MSC;Contenedor 40 HC;HNGB00070727;13-01-26;13-01-26;07/01/2026;23-01-26;23-01-26;28-01-26;03-03-26;21-03-26;;3750;0;NAC;SPARX;0;0;N
6702074;916;UNION HOME CO., LTD.;85;2025-10-17;Directo CR - FERRETERIA EPA, S.A.;22765,00;USD;<null>;FOB  ;FOB  ;FOB  ;174;214;2026-03-01;2026-03-01;<null>;BINTER TRADE LLC. (Dropship CR);<null>;<null>;<null>;CR #4 Zapatera Oct 25 CNY;<null>;<null>;false;false;PEDIDO COMPRA;EPA;OLO6;Booking;80001469-4;HAPAG LLOYD;Contenedor 40 HC;0;03-03-26;03-03-26;24/02/2026;17-03-26;24-03-26;;;;;0;0;0;SPARX;0;0;N
6702075;916;UNION HOME CO., LTD.;85;2025-10-17;Directo GT - FERRETERIA EPA, S.A. (Guatemala);22765,00;USD;<null>;FOB  ;FOB  ;FOB  ;174;40;2025-11-18;2025-11-18;7373;BINTER TRADE LLC. (Dropship GT);-- N/A --;101605;2026-01-13;GT #5 Zapatera Oct 25 CNY;UEO2510420;22765,00;false;false;PEDIDO COMPRA;EPA;OLO6;Transito;MSDU6443011;HAPAG LLOYD;Contenedor 40 HC;HNGB00070114;20-11-25;20-11-25;13/11/2025;28-12-25;11-01-26;30-12-25;04-02-26;04-02-26;;3599;0;NAC;SPARX;0;0;N
6702078;916;UNION HOME CO., LTD.;85;2025-10-17;Directo GT - FERRETERIA EPA, S.A. (Guatemala);22765,00;USD;<null>;FOB  ;FOB  ;FOB  ;174;40;2025-11-18;2025-11-18;7411;BINTER TRADE LLC. (Dropship GT);-- N/A --;101664;2026-01-19;GT #8 Zapatera Oct 25 CNY;UEO2510423;22765,00;false;false;PEDIDO COMPRA;EPA;OLO6;Transito;MSMU8857022;MSC;Contenedor 40 HC;HNGB00070138;20-11-25;20-11-25;13/11/2025;03-01-26;17-01-26;04-01-26;06-02-26;11-02-26;;3490;0;NAC;SPARX;0;0;N
6702079;916;UNION HOME CO., LTD.;85;2025-10-17;Directo GT - FERRETERIA EPA, S.A. (Guatemala);22765,00;USD;<null>;FOB  ;FOB  ;FOB  ;174;40;2026-03-15;2026-03-15;<null>;BINTER TRADE LLC. (Dropship GT);<null>;<null>;<null>;GT #9 Zapatera Oct 25 CNY;<null>;<null>;false;false;PEDIDO COMPRA;EPA;OLO6;Booking;80001469-9;HAPAG LLOYD;Contenedor 40 HC;0;27-02-26;02-03-26;24/02/2026;25-03-26;25-03-26;;;;;0;0;0;SPARX;0;0;N
6702080;916;UNION HOME CO., LTD.;85;2025-10-17;Directo GT - FERRETERIA EPA, S.A. (Guatemala);22765,00;USD;<null>;FOB  ;FOB  ;FOB  ;174;40;2026-03-15;2026-03-15;<null>;BINTER TRADE LLC. (Dropship GT);<null>;<null>;<null>;GT #10 Zapatera Oct 25 CNY;<null>;<null>;false;false;PEDIDO COMPRA;EPA;OLO6;Booking;80001469-10;0;Contenedor 40 HC;0;02-03-26;02-03-26;24/02/2026;30-03-26;30-03-26;;;;;0;0;0;SPARX;0;0;N
6702081;916;UNION HOME CO., LTD.;85;2025-10-17;Directo GT - FERRETERIA EPA, S.A. (Guatemala);22765,00;USD;<null>;FOB  ;FOB  ;FOB  ;174;40;2026-03-15;2026-03-15;<null>;BINTER TRADE LLC. (Dropship GT);<null>;<null>;<null>;GT #11 Zapatera Oct 25 CNY;<null>;<null>;false;false;PEDIDO COMPRA;EPA;OLO6;Booking;80001469-11;HAPAG LLOYD;Contenedor 40 HC;0;02-03-26;02-03-26;24/02/2026;29-03-26;29-03-26;;;;;0;0;0;SPARX;0;0;N
6702082;916;UNION HOME CO., LTD.;85;2025-10-17;Directo GT - FERRETERIA EPA, S.A. (Guatemala);22765,00;USD;<null>;FOB  ;FOB  ;FOB  ;174;40;2026-05-01;2026-05-01;<null>;BINTER TRADE LLC. (Dropship GT);<null>;<null>;<null>;GT #12 Zapatera Oct 25 CNY;<null>;<null>;false;false;PEDIDO COMPRA;EPA;OLO6;Produccion;80001469-12;0;Contenedor 40 HC;0;;;;;;;;;;0;0;0;0;0;0;N
6702083;916;UNION HOME CO., LTD.;85;2025-10-17;Directo GT - FERRETERIA EPA, S.A. (Guatemala);22765,00;USD;<null>;FOB  ;FOB  ;FOB  ;174;40;2026-05-01;2026-05-01;<null>;BINTER TRADE LLC. (Dropship GT);<null>;<null>;<null>;GT #13 Zapatera Oct 25 CNY;<null>;<null>;false;false;PEDIDO COMPRA;EPA;OLO6;Produccion;80001469-13;0;Contenedor 40 HC;0;;;;;;;;;;0;0;0;0;0;0;N
6702084;916;UNION HOME CO., LTD.;85;2025-10-17;Directo GT - FERRETERIA EPA, S.A. (Guatemala);22765,00;USD;<null>;FOB  ;FOB  ;FOB  ;174;40;2026-05-01;2026-05-01;<null>;BINTER TRADE LLC. (Dropship GT);<null>;<null>;<null>;GT #14 Zapatera Oct 25 CNY;<null>;<null>;false;false;PEDIDO COMPRA;EPA;OLO6;Produccion;80001469-14;0;Contenedor 40 HC;0;;;;;;;;;;0;0;0;0;0;0;N
6702087;916;UNION HOME CO., LTD.;85;2025-10-17;Directo SV - FERRETERIA EPA, S.A. DE C.V.;22765,00;USD;<null>;FOB  ;FOB  ;FOB  ;174;135;2026-01-15;2026-01-15;7521;BINTER TRADE LLC. (Dropship SV);-- N/A --;101770;2026-02-02;SV #3 Zapatera Oct 25 CNY;UEO2510432;22765,00;false;false;PEDIDO COMPRA;EPA;OLO6;Transito;CMAU7604687;CMA CGM;Contenedor 40 HC;HNGB00070699;13-01-26;13-01-26;07/01/2026;23-01-26;06-02-26;24-01-26;13-03-26;13-03-26;;3350;0;NAC;SPARX;0;0;N
6702088;916;UNION HOME CO., LTD.;85;2025-10-17;Directo SV - FERRETERIA EPA, S.A. DE C.V.;22765,00;USD;<null>;FOB  ;FOB  ;FOB  ;174;135;2026-01-15;2026-01-15;7520;BINTER TRADE LLC. (Dropship SV);-- N/A --;101769;2026-02-02;SV #4 Zapatera Oct 25 CNY;UEO2510433;22765,00;false;false;PEDIDO COMPRA;EPA;OLO6;Transito;SELU4232258;CMA CGM;Contenedor 40 HC;HNGB00070700;13-01-26;13-01-26;07/01/2026;23-01-26;06-02-26;24-01-26;13-03-26;13-03-26;;3350;0;NAC;SPARX;0;0;N
6702089;916;UNION HOME CO., LTD.;85;2025-10-17;Directo VE - FERRETERIA EPA, C.A.;22765,00;USD;<null>;FOB  ;FOB  ;FOB  ;174;121;2025-11-18;2025-11-18;7423;BINTER TRADE LLC. (Dropship EPA - VE) ;-- N/A --;101677;2026-01-20;VZ #1 Zapatera Oct 25 CNY;UEO2510434;22765,00;false;false;PEDIDO COMPRA;EPA;OLO6;Ingresada;CMAU6530110;CMA CGM;Contenedor 40 HC;BJPBL2600011;09-12-25;09-12-25;13/11/2025;27-12-25;13-01-26;12-01-26;03-03-26;03-03-26;10-03-26;3800;IOLFT26-029;FAK;IN OCEAN;0;0;N
6702090;916;UNION HOME CO., LTD.;85;2025-10-17;Directo VE - FERRETERIA EPA, C.A.;22765,00;USD;<null>;FOB  ;CIF  ;FOB  ;174;121;2025-12-22;2025-12-22;7491;BINTER TRADE LLC. (Dropship EPA - VE) ;-- N/A --;101741;2026-01-27;VZ #2 Zapatera Oct 25 CNY;UEO2510435;22765,00;false;false;PEDIDO COMPRA;EPA;OLO6;Transito;TRHU8900306;CMA CGM;Contenedor 40 HC;BJPBL2600030;12-01-26;12-01-26;07/01/2026;20-01-26;27-01-26;21-01-26;17-03-26;24-03-26;;3500;IOLFT26-048;FAK;IN OCEAN;0;0;N
6702091;916;UNION HOME CO., LTD.;85;2025-10-17;Directo VE - FERRETERIA EPA, C.A.;22765,00;USD;<null>;FOB  ;CIF  ;FOB  ;174;121;2026-03-01;2026-03-01;<null>;BINTER TRADE LLC. (Dropship EPA - VE) ;<null>;<null>;<null>;VZ #3 Zapatera Oct 25 CNY;<null>;<null>;false;false;PEDIDO COMPRA;EPA;OLO6;Booking;TEMU8435176;CMA CGM;Contenedor 40 HC;BJPBL2600120;02-03-26;02-03-26;24/02/2026;13-03-26;23-03-26;;;;;0;0;0;IN OCEAN;0;0;N
6702092;916;UNION HOME CO., LTD.;85;2025-10-17;Directo VE - FERRETERIA EPA, C.A.;22765,00;USD;<null>;FOB  ;FOB  ;FOB  ;174;121;2026-04-01;2026-04-01;<null>;BINTER TRADE LLC. (Dropship EPA - VE) ;<null>;<null>;<null>;VZ #4 Zapatera Oct 25 CNY;<null>;<null>;false;false;PEDIDO COMPRA;EPA;OLO6;Produccion;80001469-22;0;Contenedor 40 HC;0;;;;;;;;;;0;0;0;0;0;0;N
6702094;2;CHIN HUEI PLASTIC INDUSTRIAL JOINT STOCK;83;2025-10-17;ZF - OVERSEAS LOGISTICS OPERATIONS;47305,38;USD;<null>;FOB  ;FOB  ;FOB  ;29;125;2025-12-01;2025-12-01;7460;BINTER TRADE LLC. (ZF);52026161692;101951;2026-03-17;PIZF;CHMA2530;47305,38;false;false;PEDIDO COMPRA;EPA;OLO6;Ingresada;FCIU7440932;HAPAG LLOYD;Contenedor 40 HC;ASHCM500719;28-11-25;28-11-25;26/11/2025;17-12-25;31-12-25;19-12-25;13-02-26;09-03-26;03-03-26;4325;0;NAC;AIR SEA WORLDWIDE;0;0;N
6702095;2;CHIN HUEI PLASTIC INDUSTRIAL JOINT STOCK;83;2025-10-17;Directo VE - FERRETERIA EPA, C.A.;40319,04;USD;<null>;FOB  ;CIF  ;FOB  ;29;116;2025-12-15;2025-12-15;7422;BINTER TRADE LLC. (Dropship EPA - VE) ;-- N/A --;101676;2026-01-20;PIVE;CHMA2531;40319,04;false;false;PEDIDO COMPRA;EPA;OLO6;Ingresada;MRSU6160152;MAERSK;Contenedor 40 HC;DPBL2601FD0001;02-12-25;02-12-25;26/11/2025;04-01-26;16-01-26;09-01-26;25-02-26;04-03-26;03-03-26;5125;IOLFT26-020;FAK;IN OCEAN;0;0;N
6702096;327;WUHU XINGDIAN INDUSTRY CO., LTD                            ;85;2025-10-21;ZF - OVERSEAS LOGISTICS OPERATIONS;37215,80;USD;<null>;FOB  ;FOB  ;FOB  ;91;125;2026-03-01;2026-03-01;<null>;BINTER TRADE LLC. (ZF);<null>;<null>;<null>;Refuerzo Oct 25 CNY ZF CR;<null>;<null>;false;false;CNY;EPA;OLO6;Booking;80001481-1;HAPAG LLOYD;Contenedor 40 HC;0;06-03-26;06-03-26;04/03/2026;25-03-26;25-03-26;;;;;4535;0;0;AIR SEA WORLDWIDE;0;0;N
6702110;632;Force Manner Co., Ltd.;83;2025-10-21;Directo GT - FERRETERIA EPA, S.A. (Guatemala);21237,34;USD;<null>;FOB  ;FOB  ;FOB  ;93;127;2025-12-12;2025-12-12;7176;BINTER TRADE LLC. (Dropship GT);-- N/A --;101401;2025-12-12;PI 12250089;13250134;21237,34;true;false;CNY;EPA;OLO6;Transito;SEGU6254505;CMA CGM;Contenedor 40 HC;ASSZX511859;10-11-25;10-11-25;07/11/2025;08-12-25;15-12-25;11-12-25;29-01-26;05-02-26;;3555;0;NAC;AIR SEA WORLDWIDE;0;0;N
6702111;860;INTCO INTERNATIONAL(HK) CO., LIMITED;82;2025-10-24;Directo CR - FERRETERIA EPA, S.A.;21312,06;USD;<null>;FOB  ;FOB  ;FOB  ;77;125;2025-12-10;2025-12-10;7429;BINTER TRADE LLC. (Dropship CR);-- N/A --;101682;2026-01-21;CR;YKIRA25038;21312,06;false;true;CNY;EPA;OLO6;Transito;CAIU7728290;MSC;Contenedor 40ft;HTAO00015965;10-12-25;10-12-25;12/11/2025;26-12-25;16-01-26;06-01-26;20-02-26;14-03-26;;3750;0;NAC;SPARX;0;0;N
6702112;860;INTCO INTERNATIONAL(HK) CO., LIMITED;82;2025-10-24;Directo CR - FERRETERIA EPA, S.A.;21224,06;USD;<null>;FOB  ;FOB  ;FOB  ;77;125;2025-12-20;2025-12-20;7451;BINTER TRADE LLC. (Dropship CR);-- N/A --;101806;2026-02-10;CR;YKIRA25039;21224,06;false;true;CNY;EPA;OLO6;Transito;MSNU8631825;MSC;Contenedor 40ft;HTAO00015970;11-12-25;11-12-25;12/11/2025;29-12-25;19-01-26;06-01-26;20-02-26;14-03-26;;3750;0;NAC;SPARX;0;0;N
6702123;860;INTCO INTERNATIONAL(HK) CO., LIMITED;82;2025-10-24;Directo VE - FERRETERIA EPA, C.A.;15733,24;USD;<null>;FOB  ;CIF  ;FOB  ;77;116;2025-12-10;2025-12-10;7407;BINTER TRADE LLC. (Dropship EPA - VE) ;-- N/A --;101654;2026-01-16;VE;YKIRA25033;15733,24;false;false;CNY;EPA;OLO6;Transito;CAIU9279177;CMA CGM;Contenedor 40 HC;BJPBL2500106;12-12-25;12-12-25;12/11/2025;24-12-25;31-12-25;28-12-25;03-03-26;03-03-26;;4130;IOLFT25-975;FAK;IN OCEAN;0;0;N
6702124;860;INTCO INTERNATIONAL(HK) CO., LIMITED;82;2025-10-24;Directo VE - FERRETERIA EPA, C.A.;15733,24;USD;<null>;FOB  ;FOB  ;FOB  ;77;116;2025-12-20;2025-12-20;7398;BINTER TRADE LLC. (Dropship EPA - VE) ;-- N/A --;101646;2026-01-16;VE;YKIRA25032;15733,24;false;false;CNY;EPA;OLO6;Transito;TXGU4344110;CMA CGM;Contenedor 40 HC;BJPBL2500107;12-12-25;12-12-25;12/11/2025;24-12-25;31-12-25;28-12-25;03-03-26;03-03-26;;4130;IOLFT25-976;FAK;IN OCEAN;0;0;N
6702127;890;RAIYUAN INDUSTRIAL LIMITED;85;2025-10-28;Directo CR - FERRETERIA EPA, S.A.;27855,00;USD;<null>;FOB  ;FOB  ;FOB  ;93;125;2026-03-16;2026-03-16;<null>;BINTER TRADE LLC. (Dropship CR);<null>;<null>;<null>;CR #1 Directo Oct 2025 CNY;<null>;<null>;false;false;CNY;EPA;OLO6;Booking;80001490-1;MSC;Contenedor 40 HC;0;09-03-26;10-03-26;09/03/2026;31-03-26;31-03-26;;;;;5085;0;0;AIR SEA WORLDWIDE;0;0;N
6702128;890;RAIYUAN INDUSTRIAL LIMITED;85;2025-10-28;Directo CR - FERRETERIA EPA, S.A.;13679,00;USD;<null>;FOB  ;FOB  ;FOB  ;93;125;2026-01-19;2026-01-19;7591;BINTER TRADE LLC. (Dropship CR);-- N/A --;101846;2026-02-19;CR #2 ZF CR Oct 2025 CNY;BCA6702128;13679,00;false;false;CNY;EPA;OLO6;Transito;HAMU4542215;HAPAG LLOYD;Contenedor 40 HC;ASCANA00017;30-12-25;30-12-25;;30-01-26;25-02-26;26-02-26;17-04-26;17-04-26;;2800;0;NAC;AIR SEA WORLDWIDE;0;0;N
6702129;890;RAIYUAN INDUSTRIAL LIMITED;85;2025-10-28;ZF - OVERSEAS LOGISTICS OPERATIONS;14689,96;USD;<null>;FOB  ;FOB  ;FOB  ;93;125;2026-01-19;2026-01-19;7616;BINTER TRADE LLC. (ZF);;<null>;<null>;CR #2 ZF CA Oct 2025 CNY;BCA6702129;14689,96;false;false;CNY;EPA;OLO6;Transito;HAMU4542215;HAPAG LLOYD;Contenedor 40 HC;ASCANA00016;30-12-25;30-12-25;;30-01-26;04-03-26;26-02-26;17-04-26;17-04-26;;0;0;NAC;AIR SEA WORLDWIDE;0;0;N
6702130;890;RAIYUAN INDUSTRIAL LIMITED;85;2025-10-28;Directo SV - FERRETERIA EPA, S.A. DE C.V.;34622,00;USD;<null>;FOB  ;FOB  ;FOB  ;93;122;2026-01-19;2026-01-19;7587;BINTER TRADE LLC. (Dropship SV);-- N/A --;101840;2026-02-18;SV #3 Directo Oct 2025 CNY;BCA6702130;34622,00;false;false;CNY;EPA;OLO6;Transito;FANU1086962;HAPAG LLOYD;Contenedor 40 HC;ASCAN502042;30-12-25;30-12-25;;13-02-26;20-02-26;12-02-26;19-04-26;19-04-26;;3430;0;NAC;AIR SEA WORLDWIDE;0;0;N
6702131;890;RAIYUAN INDUSTRIAL LIMITED;85;2025-10-28;Directo SV - FERRETERIA EPA, S.A. DE C.V.;31168,00;USD;<null>;FOB  ;FOB  ;FOB  ;93;122;2026-03-23;2026-03-23;<null>;BINTER TRADE LLC. (Dropship SV);<null>;<null>;<null>;SV #4 Directo Oct 2025 CNY;<null>;<null>;false;false;CNY;EPA;OLO6;Booking;80001490-5;MSC;Contenedor 40 HC;0;09-03-26;10-03-26;;31-03-26;31-03-26;;;;;4695;0;0;0;0;0;N
6702132;890;RAIYUAN INDUSTRIAL LIMITED;85;2025-10-28;Directo VE - FERRETERIA EPA, C.A.;26238,10;USD;<null>;FOB  ;CIF  ;FOB  ;93;116;2026-01-19;2026-01-19;7617;BINTER TRADE LLC. (Dropship EPA - VE) ;-- N/A --;101868;2026-02-25;VZ #5 Directo Oct 2025 CNY;BCA6702132;26238,10;false;false;CNY;EPA;OLO6;Transito;MRSU6740377;MAERSK;Contenedor 45ft;BJPBL2600108;16-01-26;16-01-26;;15-02-26;22-02-26;15-02-26;22-04-26;22-04-26;;4800;IOLFT26-105;FAK;IN OCEAN;0;0;N
6702133;890;RAIYUAN INDUSTRIAL LIMITED;85;2025-10-28;Directo VE - FERRETERIA EPA, C.A.;26238,10;USD;<null>;FOB  ;CIF  ;FOB  ;93;116;2026-03-23;2026-03-23;<null>;BINTER TRADE LLC. (Dropship EPA - VE) ;<null>;<null>;<null>;VZ #6 Directo Oct 2025 CNY;<null>;<null>;false;false;CNY;EPA;OLO6;Booking;80001490-7;0;Contenedor 40 HC;0;11-03-26;11-03-26;;13-04-26;13-04-26;;;;;0;0;0;0;0;0;N
6702135;896;JIANGMEN JINRONG TECHNOLOGY CO.,LTD.;83;2025-10-29;Directo CR - FERRETERIA EPA, S.A.;23071,40;USD;<null>;FOB  ;FOB  ;FOB  ;47;214;2025-12-26;2025-12-26;7387;BINTER TRADE LLC. (Dropship CR);-- N/A --;101627;2026-01-14;PI1CR;JL251217F;23071,40;false;false;CNY;EPA;OLO6;Transito;TGBU5681200;HAPAG LLOYD;Contenedor 40 HC;ASSZX513510;05-01-26;05-01-26;30/12/2025;12-01-26;19-01-26;19-01-26;13-03-26;27-03-26;;4050;0;NAC;AIR SEA WORLDWIDE;0;0;N
6702136;896;JIANGMEN JINRONG TECHNOLOGY CO.,LTD.;83;2025-10-29;Directo GT - FERRETERIA EPA, S.A. (Guatemala);20977,90;USD;<null>;FOB  ;FOB  ;FOB  ;47;40;2025-12-26;2025-12-26;7364;BINTER TRADE LLC. (Dropship GT);-- N/A --;101599;2026-01-13;PI2GT;JL251217G;20977,90;false;false;CNY;EPA;OLO6;Transito;SEGU5767904;HAPAG LLOYD;Contenedor 40 HC;ASSZXA00021;05-01-26;05-01-26;30/12/2025;12-01-26;19-01-26;19-01-26;13-03-26;13-03-26;;4210;0;NAC;AIR SEA WORLDWIDE;0;0;N
6702137;896;JIANGMEN JINRONG TECHNOLOGY CO.,LTD.;83;2025-10-29;Directo GT - FERRETERIA EPA, S.A. (Guatemala);20977,90;USD;<null>;FOB  ;FOB  ;FOB  ;47;40;2026-01-07;2026-01-07;7519;BINTER TRADE LLC. (Dropship GT);-- N/A --;101768;2026-02-02;PI3GT;JL260104A;20977,90;false;false;CNY;EPA;OLO6;Transito;MSNU8074550;HAPAG LLOYD;Contenedor 40 HC;ASSNZA00027;19-01-26;19-01-26;05/01/2026;06-02-26;06-02-26;28-01-26;18-03-26;18-03-26;;4210;0;NAC;AIR SEA WORLDWIDE;0;0;N
6702138;896;JIANGMEN JINRONG TECHNOLOGY CO.,LTD.;83;2025-10-29;Directo VE - FERRETERIA EPA, C.A.;18813,60;USD;<null>;FOB  ;CIF  ;FOB  ;47;116;2025-12-26;2025-12-26;7554;BINTER TRADE LLC. (Dropship EPA - VE) ;-- N/A --;101805;2026-02-10;PI4VE;JL260104B;18813,60;false;false;CNY;EPA;OLO6;Transito;ECMU5779652;CMA CGM;Contenedor 40 HC;BJPBL2600078;27-01-26;27-01-26;05/01/2026;06-02-26;13-02-26;04-02-26;14-04-26;14-04-26;;3580;IOLFT26-078;FAK;IN OCEAN;0;0;N
6702139;896;JIANGMEN JINRONG TECHNOLOGY CO.,LTD.;83;2025-10-29;Directo CR - FERRETERIA EPA, S.A.;3292,30;USD;<null>;FOB  ;FOB  ;FOB  ;47;214;2026-01-15;2026-01-15;7525;BINTER TRADE LLC. (Dropship CR);-- N/A --;101778;2026-02-04;PI5ZF;JL260104C;3292,30;false;false;CNY;EPA;OLO6;Transito;HAMU2625012;HAPAG LLOYD;Contenedor 40 HC;ASSZXA00937;19-01-26;19-01-26;05/01/2026;02-02-26;09-02-26;03-02-26;04-03-26;03-04-26;;2950;0;NAC;AIR SEA WORLDWIDE;0;0;N
6702140;896;JIANGMEN JINRONG TECHNOLOGY CO.,LTD.;83;2025-10-29;ZF - OVERSEAS LOGISTICS OPERATIONS;18083,50;USD;<null>;FOB  ;FOB  ;FOB  ;47;214;2026-01-15;2026-01-15;7542;BINTER TRADE LLC. (ZF);;<null>;<null>;PI5ZF;JL260104D;18083,50;false;false;CNY;EPA;OLO6;Transito;HAMU2625012;HAPAG LLOYD;Contenedor 40 HC;ASSZXA00952;19-01-26;19-01-26;05/01/2026;02-02-26;16-02-26;03-02-26;04-03-26;03-04-26;;0;0;NAC;AIR SEA WORLDWIDE;0;0;N
6702141;896;JIANGMEN JINRONG TECHNOLOGY CO.,LTD.;83;2025-10-29;Directo CR - FERRETERIA EPA, S.A.;3292,30;USD;<null>;FOB  ;FOB  ;FOB  ;47;214;2026-02-25;2026-02-25;<null>;BINTER TRADE LLC. (Dropship CR);<null>;<null>;<null>;PI6ZF;<null>;<null>;false;false;CNY;EPA;OLO6;Booking;80001478-U2;0;Contenedor 40 HC;0;17-03-26;17-03-26;26/02/2026;01-04-26;01-04-26;;;;;4785;0;0;AIR SEA WORLDWIDE;0;0;N
6702142;896;JIANGMEN JINRONG TECHNOLOGY CO.,LTD.;83;2025-10-29;ZF - OVERSEAS LOGISTICS OPERATIONS;18083,50;USD;<null>;FOB  ;FOB  ;FOB  ;47;214;2026-02-25;2026-02-25;<null>;BINTER TRADE LLC. (ZF);<null>;<null>;<null>;PI6ZF;<null>;<null>;false;false;CNY;EPA;OLO6;Booking;80001478-U2;0;Contenedor 40 HC;0;17-03-26;17-03-26;26/02/2026;01-04-26;01-04-26;;;;;0;0;0;AIR SEA WORLDWIDE;0;0;N
6702145;334;NINGBO YILONG OUTDOOR PRODUCTS CO.,LTD.                    ;85;2025-10-30;Directo CR - FERRETERIA EPA, S.A.;18816,60;USD;<null>;FOB  ;FOB  ;FOB  ;71;125;2026-01-01;2026-01-01;7592;BINTER TRADE LLC. (Dropship CR);-- N/A --;101845;2026-02-19;Directo CR #1 Oct 25 CNY;258101025;18816,60;false;true;CNY;EPA;OLO6;Transito;TRHU7972071;MSC;Contenedor 40 HC;HNGB00070890;09-01-26;09-01-26;07/01/2026;13-02-26;20-02-26;14-02-26;20-03-26;03-04-26;;4650;0;NAC;SPARX;0;0;N
6702146;334;NINGBO YILONG OUTDOOR PRODUCTS CO.,LTD.                    ;85;2025-10-30;Directo CR - FERRETERIA EPA, S.A.;20215,00;USD;<null>;FOB  ;FOB  ;FOB  ;71;125;2026-03-01;2026-03-01;<null>;BINTER TRADE LLC. (Dropship CR);<null>;<null>;<null>;Directo CR #2 Oct 25 CNY;<null>;<null>;false;true;CNY;EPA;OLO6;Booking;BRU6702146;0;Contenedor 40 HC;0;09-03-26;10-03-26;06/03/2026;15-04-26;14-04-26;;;;;0;0;0;SPARX;0;0;N
6702147;334;NINGBO YILONG OUTDOOR PRODUCTS CO.,LTD.                    ;85;2025-10-30;Directo GT - FERRETERIA EPA, S.A. (Guatemala);20676,00;USD;<null>;FOB  ;FOB  ;FOB  ;71;127;2026-01-01;2026-01-01;7558;BINTER TRADE LLC. (Dropship GT);-- N/A --;101810;2026-02-11;Directo GT #1 Oct 25 CNY;258101027;20676,00;false;false;CNY;EPA;OLO6;Transito;BRU6702147;HAPAG LLOYD;Contenedor 40 HC;HNGB00070697;09-01-26;09-01-26;07/01/2026;09-02-26;16-02-26;10-02-26;19-03-26;19-03-26;;3350;0;NAC;SPARX;0;0;N
6702148;334;NINGBO YILONG OUTDOOR PRODUCTS CO.,LTD.                    ;85;2025-10-30;Directo GT - FERRETERIA EPA, S.A. (Guatemala);22884,00;USD;<null>;FOB  ;FOB  ;FOB  ;71;127;2026-03-01;2026-03-01;<null>;BINTER TRADE LLC. (Dropship GT);<null>;<null>;<null>;Directo GT #2 Oct 25 CNY;<null>;<null>;false;false;CNY;EPA;OLO6;Booking;BRU6702148;0;Contenedor 40 HC;0;10-03-26;10-03-26;06/03/2026;15-04-26;15-04-26;;;;;0;0;0;SPARX;0;0;N
6702149;334;NINGBO YILONG OUTDOOR PRODUCTS CO.,LTD.                    ;85;2025-10-30;Directo GT - FERRETERIA EPA, S.A. (Guatemala);22884,00;USD;<null>;FOB  ;FOB  ;FOB  ;71;127;2026-04-01;2026-04-01;<null>;BINTER TRADE LLC. (Dropship GT);<null>;<null>;<null>;Directo GT #3 Oct 25 CNY;<null>;<null>;false;false;CNY;EPA;OLO6;Produccion;BRU6702149;0;Contenedor 40 HC;0;;;;;;;;;;0;0;0;0;0;0;N
6702150;334;NINGBO YILONG OUTDOOR PRODUCTS CO.,LTD.                    ;85;2025-10-30;Directo SV - FERRETERIA EPA, S.A. DE C.V.;18795,60;USD;<null>;FOB  ;FOB  ;FOB  ;71;122;2026-01-01;2026-01-01;7685;BINTER TRADE LLC. (Dropship SV);-- N/A --;101957;2026-03-18;Directo SV #1 Oct 25 CNY;258101030;18795,60;false;false;CNY;EPA;OLO6;Transito;BMOU6577199;CMA CGM;Contenedor 40 HC;HNGB00070658;09-01-26;09-01-26;07/01/2026;10-03-26;24-03-26;11-03-26;24-04-26;24-04-26;;4350;0;NAC;SPARX;0;0;N
6702151;334;NINGBO YILONG OUTDOOR PRODUCTS CO.,LTD.                    ;85;2025-10-30;Directo SV - FERRETERIA EPA, S.A. DE C.V.;18795,60;USD;<null>;FOB  ;FOB  ;FOB  ;71;122;2026-03-01;2026-03-01;<null>;BINTER TRADE LLC. (Dropship SV);<null>;<null>;<null>;Directo SV #2 Oct 25 CNY;<null>;<null>;false;false;CNY;EPA;OLO6;Booking;BRU6702151;CMA CGM;Contenedor 40 HC;0;09-03-26;10-03-26;06/03/2026;08-04-26;08-04-26;;;;;0;0;0;SPARX;0;0;N
6702152;334;NINGBO YILONG OUTDOOR PRODUCTS CO.,LTD.                    ;85;2025-10-30;Directo SV - FERRETERIA EPA, S.A. DE C.V.;18795,60;USD;<null>;FOB  ;FOB  ;FOB  ;71;122;2026-04-01;2026-04-01;<null>;BINTER TRADE LLC. (Dropship SV);<null>;<null>;<null>;Directo SV #3 Oct 25 CNY;<null>;<null>;false;false;CNY;EPA;OLO6;Produccion;BRU6702152;0;Contenedor 40 HC;0;;;;;;;;;;0;0;0;0;0;0;N
6702153;334;NINGBO YILONG OUTDOOR PRODUCTS CO.,LTD.                    ;85;2025-11-05;Directo VE - Febeca, C.A.;16552,60;USD;<null>;FOB  ;CIF  ;FOB  ;71;116;2026-01-01;2026-01-01;7661;BINTER TRADE LLC. (Dropship FEBECA - VE) ;-- N/A --;101925;2026-03-12;A-6701837;258101102;16552,60;false;false;CNY;EPA;OLO6;Transito;TGBU5351338;CMA CGM;Contenedor 40 HC;BJPBL2600079;21-01-26;21-01-26;07/01/2026;08-02-26;01-03-26;21-02-26;08-04-26;08-04-26;;3430;IOLFT26-129;FAK;IN OCEAN;0;0;N
6702154;334;NINGBO YILONG OUTDOOR PRODUCTS CO.,LTD.                    ;85;2025-11-05;Directo VE - FERRETERIA EPA, C.A.;17951,00;USD;<null>;FOB  ;CIF  ;FOB  ;71;116;2026-03-01;2026-03-01;<null>;BINTER TRADE LLC. (Dropship EPA - VE) ;<null>;<null>;<null>;Directo VZ #2 Oct 25 CNY;<null>;<null>;false;false;CNY;EPA;OLO6;Booking;BRU6702154;0;Contenedor 40 HC;0;11-03-26;11-03-26;06/03/2026;15-04-26;15-04-26;;;;;0;0;0;IN OCEAN;0;0;N
6702155;334;NINGBO YILONG OUTDOOR PRODUCTS CO.,LTD.                    ;85;2025-11-05;Directo VE - FERRETERIA EPA, C.A.;17951,00;USD;<null>;FOB  ;FOB  ;FOB  ;71;116;2026-04-01;2026-04-01;<null>;BINTER TRADE LLC. (Dropship EPA - VE) ;<null>;<null>;<null>;Directo VZ #3 Oct 25 CNY;<null>;<null>;false;false;CNY;EPA;OLO6;Produccion;BRU6702155;0;Contenedor 40 HC;0;;;;;;;;;;0;0;0;0;0;0;N
6702156;901;ZHEJIANG PINYAOO TECHNOLOGY CO., LTD.;82;2025-10-30;Directo VE - FERRETERIA EPA, C.A.;22932,00;USD;<null>;FOB  ;CIF  ;FOB  ;71;116;2025-12-05;2025-12-05;7232;BINTER TRADE LLC. (Dropship EPA - VE) ;-- N/A --;101460;2025-12-22;VE;PY251030-ALEX-1;22932,00;false;false;CNY;EPA;OLO6;Transito;CMAU3507230;CMA CGM;Contenedor 40 HC;BJPBL2500053;26-11-25;26-11-25;;30-11-25;16-12-25;11-12-25;04-02-26;01-02-26;;4130;IOLFT25-907;FAK;0;0;0;N
6702157;901;ZHEJIANG PINYAOO TECHNOLOGY CO., LTD.;82;2025-10-30;Directo VE - FERRETERIA EPA, C.A.;22932,00;USD;<null>;FOB  ;FOB  ;FOB  ;71;116;2026-02-27;2026-02-27;<null>;BINTER TRADE LLC. (Dropship EPA - VE) ;<null>;<null>;<null>;VE;<null>;<null>;false;false;CNY;EPA;OLO6;Produccion;80001506-2;0;Contenedor 40 HC;0;;;06/03/2026;;;;;;;0;0;0;IN OCEAN;0;0;N
6702158;616;ZHENJIANG HOME-RICH IMP&EXP TRADING CO.;83;2025-10-30;Directo CR - FERRETERIA EPA, S.A.;32682,00;USD;<null>;FOB  ;FOB  ;FOB  ;71;120;2025-12-15;2025-12-15;7578;BINTER TRADE LLC. (Dropship CR);-- N/A --;101829;2026-02-17;PI1CR;HMR25B050;32682,00;false;false;CNY;EPA;OLO6;Transito;CAIU4905447;MSC;Contenedor 40 HC;HNGB00070949;28-01-26;28-01-26;19/12/2025;14-02-26;21-02-26;14-02-26;20-03-26;03-04-26;;4650;0;NAC;SPARX;0;0;N
6702159;616;ZHENJIANG HOME-RICH IMP&EXP TRADING CO.;83;2025-10-30;Directo CR - FERRETERIA EPA, S.A.;32682,00;USD;<null>;FOB  ;FOB  ;FOB  ;71;120;2025-12-15;2025-12-15;7593;BINTER TRADE LLC. (Dropship CR);-- N/A --;101847;2026-02-19;PI2CR;HMR25B056;32682,00;false;false;CNY;EPA;OLO6;Transito;TLLU7586693;MSC;Contenedor 40 HC;HNGB00070950;27-01-26;28-01-26;19/12/2025;14-02-26;21-02-26;14-02-26;20-03-26;12-04-26;;4650;0;NAC;SPARX;0;0;N
6702160;616;ZHENJIANG HOME-RICH IMP&EXP TRADING CO.;83;2025-10-30;Directo CR - FERRETERIA EPA, S.A.;32682,00;USD;<null>;FOB  ;FOB  ;FOB  ;71;120;2026-01-15;2026-01-15;<null>;BINTER TRADE LLC. (Dropship CR);<null>;<null>;<null>;PI3CR;<null>;<null>;false;true;CNY;EPA;OLO6;Booking;80001476-3;HAPAG LLOYD;Contenedor 40 HC;0;09-03-26;10-03-26;15/01/2026;31-03-26;31-03-26;;;;;0;0;0;SPARX;0;0;N
6702161;616;ZHENJIANG HOME-RICH IMP&EXP TRADING CO.;83;2025-10-30;Directo CR - FERRETERIA EPA, S.A.;32682,00;USD;<null>;FOB  ;FOB  ;FOB  ;71;120;2026-02-15;2026-02-15;<null>;BINTER TRADE LLC. (Dropship CR);<null>;<null>;<null>;PI4CR;<null>;<null>;false;true;CNY;EPA;OLO6;Booking;80001476-4;0;Contenedor 40 HC;0;13-03-26;16-03-26;11/02/2026;15-04-26;15-04-26;;;;;0;0;0;SPARX;0;0;N
6702162;616;ZHENJIANG HOME-RICH IMP&EXP TRADING CO.;83;2025-10-30;Directo CR - FERRETERIA EPA, S.A.;32682,00;USD;<null>;FOB  ;FOB  ;FOB  ;71;120;2026-03-30;2026-03-30;<null>;BINTER TRADE LLC. (Dropship CR);<null>;<null>;<null>;PI5CR;<null>;<null>;false;true;CNY;EPA;OLO6;Produccion;80001476-5;0;Contenedor 40 HC;0;;;;;;;;;;0;0;0;0;0;0;N
6702163;616;ZHENJIANG HOME-RICH IMP&EXP TRADING CO.;83;2025-10-30;Directo SV - FERRETERIA EPA, S.A. DE C.V.;33774,70;USD;<null>;FOB  ;FOB  ;FOB  ;71;122;2025-12-15;2025-12-15;7637;BINTER TRADE LLC. (Dropship SV);-- N/A --;101898;2026-03-06;PI6SV;HMR25B051;33774,70;false;false;CNY;EPA;OLO6;Transito;TIIU5376150;CMA CGM;Contenedor 40 HC;HNGB00070945;28-01-26;28-01-26;19/12/2025;11-02-26;11-03-26;03-03-26;24-04-26;24-04-26;;4350;0;NAC;SPARX;0;0;N
6702164;616;ZHENJIANG HOME-RICH IMP&EXP TRADING CO.;83;2025-10-30;Directo SV - FERRETERIA EPA, S.A. DE C.V.;33774,70;USD;<null>;FOB  ;FOB  ;FOB  ;71;122;2025-12-15;2025-12-15;7638;BINTER TRADE LLC. (Dropship SV);-- N/A --;101899;2026-03-06;PI7SV;HMR25B058;33774,70;false;false;CNY;EPA;OLO6;Transito;TCLU1527308;CMA CGM;Contenedor 40 HC;HNGB00070946;28-01-26;28-01-26;19/12/2025;11-02-26;11-03-26;03-03-26;24-04-26;24-04-26;;4350;0;NAC;SPARX;0;0;N
6702165;616;ZHENJIANG HOME-RICH IMP&EXP TRADING CO.;83;2025-10-30;Directo SV - FERRETERIA EPA, S.A. DE C.V.;33774,70;USD;<null>;FOB  ;FOB  ;FOB  ;71;122;2026-01-15;2026-01-15;<null>;BINTER TRADE LLC. (Dropship SV);<null>;<null>;<null>;PI8SV;<null>;<null>;false;false;CNY;EPA;OLO6;Booking;80001476-8;CMA CGM;Contenedor 40 HC;0;09-03-26;10-03-26;15/01/2026;24-03-26;24-03-26;;;;;0;0;0;SPARX;0;0;N
6702166;616;ZHENJIANG HOME-RICH IMP&EXP TRADING CO.;83;2025-10-30;Directo SV - FERRETERIA EPA, S.A. DE C.V.;33774,70;USD;<null>;FOB  ;FOB  ;FOB  ;71;122;2026-03-30;2026-03-30;<null>;BINTER TRADE LLC. (Dropship SV);<null>;<null>;<null>;PI9SV;<null>;<null>;false;false;CNY;EPA;OLO6;Produccion;80001476-9;0;Contenedor 40 HC;0;;;;;;;;;;0;0;0;0;0;0;N
6702167;616;ZHENJIANG HOME-RICH IMP&EXP TRADING CO.;83;2025-10-30;Directo GT - FERRETERIA EPA, S.A. (Guatemala);34698,40;USD;<null>;FOB  ;FOB  ;FOB  ;71;127;2025-12-15;2025-12-15;7585;BINTER TRADE LLC. (Dropship GT);-- N/A --;101839;2026-02-18;PI10GT;HMR25B052;34698,40;false;false;CNY;EPA;OLO6;Transito;HAMU5006705;HAPAG LLOYD;Contenedor 40 HC;HNGB00071007;27-01-26;28-01-26;19/12/2025;09-02-26;24-02-26;10-02-26;19-03-26;19-03-26;;3350;0;NAC;SPARX;0;0;N
6702168;616;ZHENJIANG HOME-RICH IMP&EXP TRADING CO.;83;2025-10-30;Directo GT - FERRETERIA EPA, S.A. (Guatemala);35286,40;USD;<null>;FOB  ;FOB  ;FOB  ;71;127;2025-12-15;2025-12-15;<null>;BINTER TRADE LLC. (Dropship GT);<null>;<null>;<null>;PI11GT;<null>;<null>;false;false;CNY;EPA;OLO6;Booking;80001476-11;HAPAG LLOYD;Contenedor 40 HC;0;27-02-26;02-03-26;19/12/2025;29-03-26;29-03-26;;;;;0;0;0;SPARX;0;0;N
6702169;616;ZHENJIANG HOME-RICH IMP&EXP TRADING CO.;83;2025-10-30;Directo GT - FERRETERIA EPA, S.A. (Guatemala);35286,40;USD;<null>;FOB  ;FOB  ;FOB  ;71;127;2026-01-15;2026-01-15;<null>;BINTER TRADE LLC. (Dropship GT);<null>;<null>;<null>;PI12GT;<null>;<null>;false;false;CNY;EPA;OLO6;Booking;80001476-12;0;Contenedor 40 HC;0;06-03-26;06-03-26;15/01/2026;02-04-26;02-04-26;;;;;0;0;0;SPARX;0;0;N
6702170;616;ZHENJIANG HOME-RICH IMP&EXP TRADING CO.;83;2025-10-30;Directo GT - FERRETERIA EPA, S.A. (Guatemala);35286,40;USD;<null>;FOB  ;FOB  ;FOB  ;71;127;2026-02-15;2026-02-15;<null>;BINTER TRADE LLC. (Dropship GT);<null>;<null>;<null>;PI13GT;<null>;<null>;false;false;CNY;EPA;OLO6;Produccion;80001476-13;0;Contenedor 40 HC;0;;;11/02/2026;;;;;;;0;0;0;SPARX;0;0;N
6702171;616;ZHENJIANG HOME-RICH IMP&EXP TRADING CO.;83;2025-10-30;Directo GT - FERRETERIA EPA, S.A. (Guatemala);35286,40;USD;<null>;FOB  ;FOB  ;FOB  ;71;127;2026-03-30;2026-03-30;<null>;BINTER TRADE LLC. (Dropship GT);<null>;<null>;<null>;PI14GT;<null>;<null>;false;false;CNY;EPA;OLO6;Produccion;80001476-14;0;Contenedor 40 HC;0;;;;;;;;;;0;0;0;0;0;0;N
6702172;616;ZHENJIANG HOME-RICH IMP&EXP TRADING CO.;83;2025-10-30;Directo VE - FERRETERIA EPA, C.A.;32365,00;USD;<null>;FOB  ;CIF  ;FOB  ;71;116;2025-12-15;2025-12-15;7629;BINTER TRADE LLC. (Dropship EPA - VE) ;-- N/A --;101885;2026-03-03;PI15VE;HMR25B053;32365,00;false;false;CNY;EPA;OLO6;Transito;TGHU6935385;CMA CGM;Contenedor 40 HC;BJPBL2600084;27-01-26;27-01-26;19/12/2025;09-02-26;02-03-26;21-02-26;11-04-26;11-04-26;;3430;IOLFT26-126;FAK;IN OCEAN;0;0;N
6702173;616;ZHENJIANG HOME-RICH IMP&EXP TRADING CO.;83;2025-10-30;Directo VE - FERRETERIA EPA, C.A.;32365,00;USD;<null>;FOB  ;CIF  ;FOB  ;71;116;2025-12-15;2025-12-15;<null>;BINTER TRADE LLC. (Dropship EPA - VE) ;<null>;<null>;<null>;PI16VE;<null>;<null>;false;false;CNY;EPA;OLO6;Booking;TCNU4760007;CMA CGM;Contenedor 40 HC;BJPBL2600124;02-03-26;02-03-26;19/12/2025;13-03-26;23-03-26;;;;;0;0;0;IN OCEAN;0;0;N
6702174;616;ZHENJIANG HOME-RICH IMP&EXP TRADING CO.;83;2025-10-30;Directo VE - FERRETERIA EPA, C.A.;32365,00;USD;<null>;FOB  ;CIF  ;FOB  ;71;116;2025-12-15;2025-12-15;<null>;BINTER TRADE LLC. (Dropship EPA - VE) ;<null>;<null>;<null>;PI17VE;<null>;<null>;false;false;CNY;EPA;OLO6;Booking;TCLU9255931;CMA CGM;Contenedor 40 HC;BJPBL2600125;02-03-26;02-03-26;19/12/2025;13-03-26;23-03-26;;;;;0;0;0;IN OCEAN;0;0;N
6702175;616;ZHENJIANG HOME-RICH IMP&EXP TRADING CO.;83;2025-10-30;Directo VE - FERRETERIA EPA, C.A.;32365,00;USD;<null>;FOB  ;CIF  ;FOB  ;71;116;2025-12-15;2025-12-15;<null>;BINTER TRADE LLC. (Dropship EPA - VE) ;<null>;<null>;<null>;PI18VE;<null>;<null>;false;false;CNY;EPA;OLO6;Booking;SEGU4616122;CMA CGM;Contenedor 40 HC;BJPBL2600126;02-03-26;02-03-26;19/12/2025;13-03-26;23-03-26;;;;;0;0;0;IN OCEAN;0;0;N
6702176;616;ZHENJIANG HOME-RICH IMP&EXP TRADING CO.;83;2025-10-30;Directo VE - FERRETERIA EPA, C.A.;32365,00;USD;<null>;FOB  ;CIF  ;FOB  ;71;116;2026-01-15;2026-01-15;<null>;BINTER TRADE LLC. (Dropship EPA - VE) ;<null>;<null>;<null>;PI19VE;<null>;<null>;false;false;CNY;EPA;OLO6;Booking;80001476-19;CMA CGM;Contenedor 40 HC;0;11-03-26;11-03-26;15/01/2026;22-03-26;22-03-26;;;;;5460;0;0;IN OCEAN;0;0;N
6702177;616;ZHENJIANG HOME-RICH IMP&EXP TRADING CO.;83;2025-10-30;Directo VE - FERRETERIA EPA, C.A.;32365,00;USD;<null>;FOB  ;CIF  ;FOB  ;71;116;2026-01-15;2026-01-15;<null>;BINTER TRADE LLC. (Dropship EPA - VE) ;<null>;<null>;<null>;PI20VE;<null>;<null>;false;false;CNY;EPA;OLO6;Booking;80001476-20;0;Contenedor 40 HC;0;11-03-26;11-03-26;15/01/2026;10-04-26;10-04-26;;;;;5460;0;0;IN OCEAN;0;0;N
6702178;616;ZHENJIANG HOME-RICH IMP&EXP TRADING CO.;83;2025-10-30;Directo VE - FERRETERIA EPA, C.A.;32365,00;USD;<null>;FOB  ;CIF  ;FOB  ;71;116;2026-01-15;2026-01-15;<null>;BINTER TRADE LLC. (Dropship EPA - VE) ;<null>;<null>;<null>;PI21VE;<null>;<null>;false;false;CNY;EPA;OLO6;Booking;80001476-21;0;Contenedor 40 HC;0;11-03-26;11-03-26;15/01/2026;27-03-26;27-03-26;;;;;5460;0;0;IN OCEAN;0;0;N
6702179;616;ZHENJIANG HOME-RICH IMP&EXP TRADING CO.;83;2025-10-30;Directo VE - FERRETERIA EPA, C.A.;32365,00;USD;<null>;FOB  ;CIF  ;FOB  ;71;116;2026-01-15;2026-01-15;<null>;BINTER TRADE LLC. (Dropship EPA - VE) ;<null>;<null>;<null>;PI22VE;<null>;<null>;false;false;CNY;EPA;OLO6;Booking;80001476-22;0;Contenedor 40 HC;0;11-03-26;11-03-26;15/01/2026;27-03-26;27-03-26;;;;;5460;0;0;IN OCEAN;0;0;N
6702180;616;ZHENJIANG HOME-RICH IMP&EXP TRADING CO.;83;2025-10-30;Directo VE - FERRETERIA EPA, C.A.;32365,00;USD;<null>;FOB  ;FOB  ;FOB  ;71;116;2026-02-15;2026-02-15;<null>;BINTER TRADE LLC. (Dropship EPA - VE) ;<null>;<null>;<null>;PI23VE;<null>;<null>;false;false;CNY;EPA;OLO6;Produccion;80001476-23;0;Contenedor 40 HC;0;;;11/02/2026;;;;;;;0;0;0;IN OCEAN;0;0;N
6702181;616;ZHENJIANG HOME-RICH IMP&EXP TRADING CO.;83;2025-10-30;Directo VE - FERRETERIA EPA, C.A.;32365,00;USD;<null>;FOB  ;FOB  ;FOB  ;71;116;2026-02-15;2026-02-15;<null>;BINTER TRADE LLC. (Dropship EPA - VE) ;<null>;<null>;<null>;PI24VE;<null>;<null>;false;false;CNY;EPA;OLO6;Produccion;80001476-24;0;Contenedor 40 HC;0;;;11/02/2026;;;;;;;0;0;0;IN OCEAN;0;0;N
6702182;616;ZHENJIANG HOME-RICH IMP&EXP TRADING CO.;83;2025-10-30;Directo VE - FERRETERIA EPA, C.A.;32365,00;USD;<null>;FOB  ;FOB  ;FOB  ;71;116;2026-02-15;2026-02-15;<null>;BINTER TRADE LLC. (Dropship EPA - VE) ;<null>;<null>;<null>;PI25VE;<null>;<null>;false;false;CNY;EPA;OLO6;Produccion;80001476-25;0;Contenedor 40 HC;0;;;11/02/2026;;;;;;;0;0;0;IN OCEAN;0;0;N
6702183;616;ZHENJIANG HOME-RICH IMP&EXP TRADING CO.;83;2025-10-30;Directo VE - FERRETERIA EPA, C.A.;32365,00;USD;<null>;FOB  ;FOB  ;FOB  ;71;116;2026-03-30;2026-03-30;<null>;BINTER TRADE LLC. (Dropship EPA - VE) ;<null>;<null>;<null>;PI26VE;<null>;<null>;false;false;CNY;EPA;OLO6;Produccion;80001476-26;0;Contenedor 40 HC;0;;;;;;;;;;0;0;0;0;0;0;N
6702184;616;ZHENJIANG HOME-RICH IMP&EXP TRADING CO.;83;2025-10-30;Directo VE - FERRETERIA EPA, C.A.;32365,00;USD;<null>;FOB  ;FOB  ;FOB  ;71;116;2026-03-30;2026-03-30;<null>;BINTER TRADE LLC. (Dropship EPA - VE) ;<null>;<null>;<null>;PI27VE;<null>;<null>;false;false;CNY;EPA;OLO6;Produccion;80001476-27;0;Contenedor 40 HC;0;;;;;;;;;;0;0;0;0;0;0;N
6702185;616;ZHENJIANG HOME-RICH IMP&EXP TRADING CO.;83;2025-10-30;Directo VE - FERRETERIA EPA, C.A.;32365,00;USD;<null>;FOB  ;FOB  ;FOB  ;71;116;2026-03-30;2026-03-30;<null>;BINTER TRADE LLC. (Dropship EPA - VE) ;<null>;<null>;<null>;PI28VE;<null>;<null>;false;false;CNY;EPA;OLO6;Produccion;80001476-28;0;Contenedor 40 HC;0;;;;;;;;;;0;0;0;0;0;0;N
6702186;368;YONGKANG HONGGANG INDUSTRY & TRADE CO., LTD                ;82;2025-10-31;Directo CR - FERRETERIA EPA, S.A.;10788,28;USD;<null>;FOB  ;FOB  ;FOB  ;71;125;2026-03-05;2026-03-05;7659;BINTER TRADE LLC. (Dropship CR);-- N/A --;101924;2026-03-12;CR;2026HONGGANG-BINTER 001;10788,28;true;true;CNY;EPA;OLO6;Transito;HAMU2056488;HAPAG LLOYD;Contenedor 40 HC;ASNGBA01160;28-01-26;28-01-26;13/01/2026;09-03-26;16-03-26;09-03-26;24-04-26;24-04-26;;4535;0;NAC;AIR SEA WORLDWIDE;0;0;N
6702187;368;YONGKANG HONGGANG INDUSTRY & TRADE CO., LTD                ;82;2025-10-31;GL SV - FERRETERIA EPA, S.A. DE C.V.;10579,52;USD;<null>;FOB  ;FOB  ;FOB  ;71;122;2026-03-05;2026-03-05;<null>;BINTER TRADE LLC. (Zona Franca SV);<null>;<null>;<null>;GL SV;<null>;<null>;true;false;CNY;EPA;OLO6;Transito;TCNU5038663;CMA CGM;Contenedor 40 HC;HNGB00070948;27-01-26;01-03-26;13/01/2026;10-03-26;24-03-26;11-03-26;24-04-26;24-04-26;;4360;0;NAC;SPARX;0;0;N
6702188;368;YONGKANG HONGGANG INDUSTRY & TRADE CO., LTD                ;82;2025-10-31;Directo CR - FERRETERIA EPA, S.A.;5014,68;USD;<null>;FOB  ;FOB  ;FOB  ;71;125;2026-03-05;2026-03-05;7660;BINTER TRADE LLC. (Dropship CR);-- N/A --;101931;2026-03-13;CR;2026HONGGANG-BINTER 003;5014,68;false;true;CNY;EPA;OLO6;Transito;HAMU1244069;HAPAG LLOYD;Contenedor 40 HC;ASNGBA01170;27-01-26;27-01-26;13/01/2026;08-02-26;13-03-26;14-03-26;24-04-26;24-04-26;;4335;0;NAC;AIR SEA WORLDWIDE;0;0;N
6702189;368;YONGKANG HONGGANG INDUSTRY & TRADE CO., LTD                ;82;2025-10-31;ZF - OVERSEAS LOGISTICS OPERATIONS;5644,22;USD;<null>;FOB  ;FOB  ;FOB  ;71;125;2026-03-05;2026-03-05;<null>;BINTER TRADE LLC. (ZF);<null>;<null>;<null>;ZF;<null>;<null>;true;false;CNY;EPA;OLO6;Transito;HAMU1244069;HAPAG LLOYD;Contenedor 40 HC;ASNGBA01172;27-01-26;27-01-26;13/01/2026;08-02-26;20-03-26;14-03-26;24-04-26;24-04-26;;0;0;NAC;AIR SEA WORLDWIDE;0;0;N
6702190;270;HUAIAN CHANGCHENG TEACHING TOOLS LIMITED CO                ;83;2025-10-31;Directo CR - FERRETERIA EPA, S.A.;15114,56;USD;<null>;FOB  ;FOB  ;FOB  ;91;125;2025-12-10;2025-12-10;7579;BINTER TRADE LLC. (Dropship CR);-- N/A --;101830;2026-02-17;PI1CR;GW251101B-1;15114,56;false;true;PEDIDO COMPRA;EPA;OLO6;Transito;TCLU5567377;HAPAG LLOYD;Contenedor 40 HC;ASSHAA00264;12-01-26;12-01-26;05/12/2025;06-02-26;18-02-26;13-02-26;27-03-26;27-03-26;;3720;0;NAC;AIR SEA WORLDWIDE;0;0;N
6702191;270;HUAIAN CHANGCHENG TEACHING TOOLS LIMITED CO                ;83;2025-10-31;Directo CR - FERRETERIA EPA, S.A.;15066,88;USD;<null>;FOB  ;FOB  ;FOB  ;91;125;2026-02-15;2026-02-15;7563;BINTER TRADE LLC. (Dropship CR);-- N/A --;101814;2026-02-11;PI2CR;GW251101B-3;15066,88;false;true;PEDIDO COMPRA;EPA;OLO6;Transito;GESU6162317;HAPAG LLOYD;Contenedor 40 HC;ASSHAA00655;22-01-26;22-01-26;19/01/2026;11-02-26;27-02-26;26-02-26;10-04-26;10-04-26;;2700;0;NAC;AIR SEA WORLDWIDE;0;0;N
6702192;904;INTCO INTERNATIONAL(HK) CO., LIMITED 2;82;2025-10-31;Directo CR - FERRETERIA EPA, S.A.;25591,50;USD;<null>;FOB  ;FOB  ;FOB  ;91;125;2026-03-05;2026-03-05;<null>;BINTER TRADE LLC. (Dropship CR);<null>;<null>;<null>;CR;<null>;<null>;false;false;CNY;EPA;OLO6;Booking;80001507-1;MSC;Contenedor 40ft;0;06-03-26;06-03-26;12/01/2026;05-04-26;22-03-26;;;;;0;0;0;SPARX;0;0;N
6702193;904;INTCO INTERNATIONAL(HK) CO., LIMITED 2;82;2025-10-31;Directo CR - FERRETERIA EPA, S.A.;24969,36;USD;<null>;FOB  ;FOB  ;FOB  ;91;125;2026-03-05;2026-03-05;<null>;BINTER TRADE LLC. (Dropship CR);<null>;<null>;<null>;CR;<null>;<null>;false;false;CNY;EPA;OLO6;Booking;80001507-2;0;Contenedor 40ft;0;06-03-26;06-03-26;12/01/2026;05-04-26;05-04-26;;;;;0;0;0;SPARX;0;0;N
6702194;904;INTCO INTERNATIONAL(HK) CO., LIMITED 2;82;2025-10-31;Directo CR - FERRETERIA EPA, S.A.;25624,28;USD;<null>;FOB  ;FOB  ;FOB  ;91;125;2026-03-05;2026-03-05;<null>;BINTER TRADE LLC. (Dropship CR);<null>;<null>;<null>;CR;<null>;<null>;false;false;CNY;EPA;OLO6;Booking;80001507-3;0;Contenedor 40ft;0;06-03-26;06-03-26;12/01/2026;13-03-26;27-03-26;;;;;0;0;0;SPARX;0;0;N
6702195;904;INTCO INTERNATIONAL(HK) CO., LIMITED 2;82;2025-10-31;GL SV - FERRETERIA EPA, S.A. DE C.V.;25567,98;USD;<null>;FOB  ;FOB  ;FOB  ;91;122;2026-03-05;2026-03-05;<null>;BINTER TRADE LLC. (Zona Franca SV);<null>;<null>;<null>;SV;<null>;<null>;false;false;CNY;EPA;OLO6;Booking;80001507-4;CMA CGM;Contenedor 40ft;0;06-03-26;06-03-26;12/01/2026;02-04-26;02-04-26;;;;;0;0;0;SPARX;0;0;N
6702196;270;HUAIAN CHANGCHENG TEACHING TOOLS LIMITED CO                ;83;2025-10-31;Directo GT - FERRETERIA EPA, S.A. (Guatemala);13696,00;USD;<null>;FOB  ;FOB  ;FOB  ;91;40;2025-12-10;2025-12-10;7547;BINTER TRADE LLC. (Dropship GT);-- N/A --;101799;2026-02-09;PI3GT;GW251101B-2;13696,00;false;false;CNY;EPA;OLO6;Transito;TGBU5917615;HAPAG LLOYD;Contenedor 40 HC;ASSHAA00150;08-01-26;08-01-26;05/12/2025;06-02-26;13-02-26;05-02-26;16-03-26;16-03-26;;3320;0;NAC;AIR SEA WORLDWIDE;0;0;N
6702197;270;HUAIAN CHANGCHENG TEACHING TOOLS LIMITED CO                ;83;2025-10-31;Directo VE - FERRETERIA EPA, C.A.;13696,00;USD;<null>;FOB  ;CIF  ;FOB  ;91;116;2026-02-10;2026-02-10;7641;BINTER TRADE LLC. (Dropship EPA - VE) ;-- N/A --;101902;2026-03-09;PI4VE;GW251101B-4;13696,00;false;false;CNY;EPA;OLO6;Transito;ECMU4899714;CMA CGM;Contenedor 40 HC;BJPBL2600067;22-01-26;22-01-26;19/01/2026;04-02-26;20-02-26;13-02-26;19-04-26;19-04-26;;3280;IOLFT26-121;FAK;IN OCEAN;0;0;N
6702200;329;TAIZHOU BAOLI LEISURE PRODUCTS CO.,LTD                     ;85;2025-11-06;Directo SV - FERRETERIA EPA, S.A. DE C.V.;17540,00;USD;<null>;FOB  ;FOB  ;FOB  ;71;122;2025-12-20;2025-12-20;7416;BINTER TRADE LLC. (Dropship SV);-- N/A --;101668;2026-01-19;Refuerzo SV Nov 25 #1;BLN25D380;17540,00;false;false;CNY;EPA;OLO6;Transito;CMAU5976350;CMA CGM;Contenedor 40 HC;HNGB00070351;17-12-25;17-12-25;10/12/2025;06-01-26;14-01-26;07-01-26;20-02-26;20-02-26;;3350;0;NAC;SPARX;0;0;N
6702201;329;TAIZHOU BAOLI LEISURE PRODUCTS CO.,LTD                     ;85;2025-11-06;Directo SV - FERRETERIA EPA, S.A. DE C.V.;17540,00;USD;<null>;FOB  ;FOB  ;FOB  ;71;122;2026-01-12;2026-01-12;7516;BINTER TRADE LLC. (Dropship SV);-- N/A --;101765;2026-02-02;Refuerzo SV Nov 25 #2;BLN26D062;17540,00;false;false;CNY;EPA;OLO6;Transito;TIIU6180440;CMA CGM;Contenedor 40 HC;HNGB00070318;17-12-25;17-12-25;10/12/2025;14-01-26;31-01-26;21-01-26;27-02-26;27-02-26;;3350;0;NAC;SPARX;0;0;N
6702202;329;TAIZHOU BAOLI LEISURE PRODUCTS CO.,LTD                     ;85;2025-11-06;Directo SV - FERRETERIA EPA, S.A. DE C.V.;17540,00;USD;<null>;FOB  ;FOB  ;FOB  ;71;122;2026-01-26;2026-01-26;7468;BINTER TRADE LLC. (Dropship SV);-- N/A --;101716;2026-01-23;Refuerzo SV Nov 25 #3;BLN26D063;17540,00;false;false;CNY;EPA;OLO6;Transito;SEKU5958818;CMA CGM;Contenedor 40 HC;HNGB00070426;17-12-25;17-12-25;10/12/2025;21-01-26;28-01-26;24-01-26;13-03-26;13-03-26;;3350;0;NAC;SPARX;0;0;N
6702203;464;ZHEJIANG YIMEI TECHNOLOGY CO.,LTD.                         ;89;2025-11-03;Directo CR - FERRETERIA EPA, S.A.;9914,52;USD;<null>;FOB  ;FOB  ;FOB  ;71;125;2025-12-15;2025-12-15;7631;BINTER TRADE LLC. (Dropship CR);-- N/A --;101886;2026-03-04;CR;YM25270-Z-1;9914,52;false;false;CNY;EPA;OLO6;Transito;UASU1006574;HAPAG LLOYD;Contenedor 40 HC;ASNGBA00932;22-01-26;22-01-26;19/12/2025;08-02-26;01-03-26;20-02-26;27-03-26;27-03-26;;2700;0;NAC;AIR SEA WORLDWIDE;0;0;N
6702204;464;ZHEJIANG YIMEI TECHNOLOGY CO.,LTD.                         ;89;2025-11-03;ZF - OVERSEAS LOGISTICS OPERATIONS;17836,44;USD;<null>;FOB  ;FOB  ;FOB  ;71;125;2025-12-15;2025-12-15;7647;BINTER TRADE LLC. (ZF);;<null>;<null>;zf;YM25270-Z;17836,44;false;false;CNY;EPA;OLO6;Transito;UASU1006574;HAPAG LLOYD;Contenedor 40 HC;ASNGBA00933;22-01-26;22-01-26;19/12/2025;08-02-26;01-03-26;20-02-26;27-03-26;27-03-26;;0;0;NAC;AIR SEA WORLDWIDE;0;0;N
6702209;897;QIANYANG TRADING COMPANY, LTD.;85;2025-11-03;Directo VE - FERRETERIA EPA, C.A.;28137,00;USD;<null>;FOB  ;CIF  ;FOB  ;111;116;2025-12-15;2025-12-15;7472;BINTER TRADE LLC. (Dropship EPA - VE) ;-- N/A --;101707;2026-01-23;Directo VZ Oct 25 CNY;BP20251031;28137,00;false;false;CNY;EPA;OLO6;Transito;UETU6184632;CMA CGM;Contenedor 40 HC;BJPBL2600010;23-12-25;23-12-25;19/12/2025;07-01-26;14-01-26;13-01-26;13-03-26;27-03-26;;3800;IOLFT26-023;FAK;IN OCEAN;0;0;N
6702210;250;SANGTONG SANITARY WARE(HK)CO.,LIMITED                      ;89;2025-11-04;Directo GT - FERRETERIA EPA, S.A. (Guatemala);216,20;USD;<null>;FOB  ;FOB  ;FOB  ;108;127;2025-12-20;2025-12-20;7462;BINTER TRADE LLC. (Dropship GT);-- N/A --;101725;2026-01-23;A-6702050;ST20251004-GT6;13930,15;false;false;CNY;EPA;OLO6;Transito;BEAU4229780;MSC;Contenedor 40 HC;ASSZX512798;08-12-25;10-12-25;15/12/2025;21-12-25;28-12-25;20-12-25;04-02-26;16-02-26;;3555;0;NAC;AIR SEA WORLDWIDE;0;0;N
6702211;250;SANGTONG SANITARY WARE(HK)CO.,LIMITED                      ;89;2025-11-04;Directo GT - FERRETERIA EPA, S.A. (Guatemala);335,11;USD;<null>;FOB  ;FOB  ;FOB  ;108;127;2026-03-30;2026-03-30;<null>;BINTER TRADE LLC. (Dropship GT);<null>;<null>;<null>;A-6702054;<null>;<null>;false;false;CNY;EPA;OLO6;Produccion;80001480-20;0;0;0;;;;;;;;;;0;0;0;0;0;0;N
6702212;334;NINGBO YILONG OUTDOOR PRODUCTS CO.,LTD.                    ;85;2025-11-05;Directo VE - FERRETERIA EPA, C.A.;17880,00;USD;<null>;FOB  ;FOB  ;FOB  ;71;116;2026-05-01;2026-05-01;<null>;BINTER TRADE LLC. (Dropship EPA - VE) ;<null>;<null>;<null>;Directo VZ #4 Oct 25 CNY;<null>;<null>;false;false;CNY;EPA;OLO6;Produccion;BRU6702212;0;Contenedor 40 HC;0;;;;;;;;;;0;0;0;0;0;0;N
6702213;250;SANGTONG SANITARY WARE(HK)CO.,LIMITED                      ;89;2025-11-05;Directo VE - Febeca, C.A.;2646,00;USD;<null>;FOB  ;CIF  ;FOB  ;108;121;2025-12-10;2025-12-10;7467;BINTER TRADE LLC. (Dropship FEBECA - VE) ;-- N/A --;101712;2026-01-23;VE;ST20250928-GT10;12999,00;false;false;CNY;EPA;OLO6;Transito;TIIU7408468;CMA CGM;Contenedor 40 HC;BJPBL2600015;29-12-25;29-12-25;19/12/2025;25-01-26;25-01-26;13-01-26;17-03-26;24-03-26;;0;IOLFT26-024;FAK;IN OCEAN;0;0;N
6702214;603;HENAN TOPCERA SANITARY WARE CO., LTD;89;2025-11-06;Directo GT - FERRETERIA EPA, S.A. (Guatemala);11000,00;USD;<null>;FOB  ;FOB  ;FOB  ;77;127;2025-11-30;2025-11-30;7010;BINTER TRADE LLC. (Dropship GT);-- N/A --;101207;2025-11-26;GT1;STB-2025027;11000,00;false;false;PEDIDO COMPRA;EPA;OLO6;Transito;MEDU7016784;MSC;Contenedor 40 HC;ASTAO513777;14-11-25;14-11-25;10/11/2025;28-11-25;28-11-25;05-12-25;15-01-26;01-02-26;;3645;0;NAC;AIR SEA WORLDWIDE;0;0;N
6702215;603;HENAN TOPCERA SANITARY WARE CO., LTD;89;2025-11-06;Directo GT - FERRETERIA EPA, S.A. (Guatemala);11000,00;USD;<null>;FOB  ;FOB  ;FOB  ;77;127;2025-11-30;2025-11-30;7009;BINTER TRADE LLC. (Dropship GT);-- N/A --;101206;2025-11-26;GT;STB-2025028;11000,00;false;false;PEDIDO COMPRA;EPA;OLO6;Transito;MSBU6739243;MSC;Contenedor 40 HC;ASTAO513778;14-11-25;14-11-25;10/11/2025;28-11-25;28-11-25;05-12-25;15-01-26;01-02-26;;3645;0;NAC;AIR SEA WORLDWIDE;0;0;N
6702216;916;UNION HOME CO., LTD.;85;2025-11-06;Directo CR - FERRETERIA EPA, S.A.;23080,00;USD;<null>;FOB  ;FOB  ;FOB  ;174;214;2026-01-10;2026-01-10;7665;BINTER TRADE LLC. (Dropship CR);-- N/A --;101944;2026-03-16;Directo CR #1 Oct 25 CNY;UZE251193;23080,00;false;false;CNY;EPA;OLO6;Transito;UETU8002280;MAERSK;Contenedor 40ft;NGBE08938;22-01-26;22-01-26;15/01/2026;17-02-26;10-03-26;05-03-26;16-04-26;16-04-26;;2629;0;FAK;DHL;0;0;N
6702217;916;UNION HOME CO., LTD.;85;2025-11-06;Directo CR - FERRETERIA EPA, S.A.;28315,10;USD;<null>;FOB  ;FOB  ;DAP  ;174;214;2026-07-01;2026-07-01;<null>;BINTER TRADE LLC. (Dropship CR);<null>;<null>;<null>;Directo CR #2 Oct 25 CNY;<null>;<null>;false;false;CNY;EPA;OLO6;Produccion;80001497-2;0;Contenedor 40ft;0;;;;;;;;;;0;0;0;0;0;0;N
6702218;916;UNION HOME CO., LTD.;85;2025-11-06;Directo SV - FERRETERIA EPA, S.A. DE C.V.;21603,70;USD;<null>;FOB  ;FOB  ;FOB  ;174;135;2026-01-10;2026-01-10;7656;BINTER TRADE LLC. (Dropship SV);-- N/A --;101917;2026-03-11;Directo SV #3 Oct 25 CNY;UZE251195;21603,70;false;false;CNY;EPA;OLO6;Transito;CAIU8413194;CMA CGM;Contenedor 40 HC;HNGB00070864;22-01-26;22-01-26;15/01/2026;11-02-26;11-03-26;03-03-26;17-04-26;24-04-26;;4350;0;NAC;SPARX;0;0;N
6702219;916;UNION HOME CO., LTD.;85;2025-11-06;Directo SV - FERRETERIA EPA, S.A. DE C.V.;31204,70;USD;<null>;FOB  ;FOB  ;FOB  ;174;135;2026-04-01;2026-04-01;<null>;BINTER TRADE LLC. (Dropship SV);<null>;<null>;<null>;Directo SV #4 Oct 25 CNY;<null>;<null>;false;false;CNY;EPA;OLO6;Produccion;80001497-4;0;Contenedor 40 HC;0;;;;;;;;;;0;0;0;0;0;0;N
6702220;916;UNION HOME CO., LTD.;85;2025-11-06;Directo SV - FERRETERIA EPA, S.A. DE C.V.;31204,70;USD;<null>;FOB  ;FOB  ;FOB  ;174;135;2026-06-01;2026-06-01;<null>;BINTER TRADE LLC. (Dropship SV);<null>;<null>;<null>;Directo SV #5 Oct 25 CNY;<null>;<null>;false;false;CNY;EPA;OLO6;Produccion;80001497-5;0;Contenedor 40 HC;0;;;;;;;;;;0;0;0;0;0;0;N
6702221;916;UNION HOME CO., LTD.;85;2025-11-06;Directo VE - FERRETERIA EPA, C.A.;26863,48;USD;<null>;FOB  ;CIF  ;FOB  ;174;121;2026-01-10;2026-01-10;7632;BINTER TRADE LLC. (Dropship EPA - VE) ;-- N/A --;101889;2026-03-05;Directo VE #6 Oct 25 CNY;UZE251198;26863,48;false;false;CNY;EPA;OLO6;Transito;MAGU5497609;CMA CGM;Contenedor 40 HC;BJPBL2600103;21-01-26;27-01-26;15/01/2026;16-02-26;02-03-26;21-02-26;10-04-26;10-04-26;;3430;IOLFT26-134;FAK;IN OCEAN;0;0;N
6702222;916;UNION HOME CO., LTD.;85;2025-11-06;Directo CR - FERRETERIA EPA, S.A.;7090,84;USD;<null>;FOB  ;FOB  ;FOB  ;174;214;2026-01-10;2026-01-10;7666;BINTER TRADE LLC. (Dropship CR);-- N/A --;101932;2026-03-13;ZF CA #7 Oct 25 CNY CR;UZE251199A;7090,84;false;false;CNY;EPA;OLO6;Transito;MRKU6234627;MAERSK;Contenedor 40 HC;NGBE12503;22-01-26;22-01-26;15/01/2026;17-02-26;10-03-26;05-03-26;16-04-26;16-04-26;;2629;0;0;DHL;0;0;N
6702223;916;UNION HOME CO., LTD.;85;2025-11-06;ZF - OVERSEAS LOGISTICS OPERATIONS;24066,54;USD;<null>;FOB  ;FOB  ;FOB  ;174;214;2026-01-10;2026-01-10;<null>;BINTER TRADE LLC. (ZF);<null>;<null>;<null>;ZF CA #7 Oct 25 CNY GT;<null>;<null>;false;false;CNY;EPA;OLO6;Transito;MRKU6234627;MAERSK;Contenedor 40 HC;NGBE08947;22-01-26;22-01-26;15/01/2026;17-02-26;10-03-26;05-03-26;16-04-26;16-04-26;;0;0;0;DHL;0;0;N
6702224;916;UNION HOME CO., LTD.;85;2025-11-06;Directo CR - FERRETERIA EPA, S.A.;4789,00;USD;<null>;FOB  ;FOB  ;DAP  ;174;214;2026-04-01;2026-04-01;<null>;BINTER TRADE LLC. (Dropship CR);<null>;<null>;<null>;ZF CA #8 Oct 25 CNY CR;<null>;<null>;false;false;CNY;EPA;OLO6;Produccion;80001497-U1;0;Contenedor 40 HC;0;;;;;;;;;;0;0;0;0;0;0;N
6702225;916;UNION HOME CO., LTD.;85;2025-11-06;ZF - OVERSEAS LOGISTICS OPERATIONS;8250,00;USD;<null>;FOB  ;<null>;<null>;174;214;2026-04-01;2026-04-01;<null>;BINTER TRADE LLC. (ZF);<null>;<null>;<null>;ZF CA #8 Oct 25 CNY SV;<null>;<null>;false;false;CNY;EPA;OLO6;Produccion;80001497-U1;0;Contenedor 40 HC;0;;;;;;;;;;0;0;0;0;0;0;N
6702226;916;UNION HOME CO., LTD.;85;2025-11-06;ZF - OVERSEAS LOGISTICS OPERATIONS;20839,42;USD;<null>;FOB  ;<null>;<null>;174;214;2026-04-01;2026-04-01;<null>;BINTER TRADE LLC. (ZF);<null>;<null>;<null>;ZF CA #8 Oct 25 CNY VZ;<null>;<null>;false;false;CNY;EPA;OLO6;Produccion;80001497-U1;0;Contenedor 40 HC;0;;;;;;;;;;0;0;0;0;0;0;N
6702227;918;Ningbo Brightenlux Outdoor Products Co.,;83;2025-11-07;Directo CR - FERRETERIA EPA, S.A.;37096,16;USD;<null>;FOB  ;FOB  ;FOB  ;71;125;2026-01-15;2026-01-15;<null>;BINTER TRADE LLC. (Dropship CR);<null>;<null>;<null>;PI1ZF;<null>;<null>;false;false;CNY;EPA;OLO6;Produccion;80001514-U1;0;Contenedor 40ft;0;;;22/01/2026;;;;;;;0;0;0;AIR SEA WORLDWIDE;0;0;N
6702228;918;Ningbo Brightenlux Outdoor Products Co.,;83;2025-11-07;ZF - OVERSEAS LOGISTICS OPERATIONS;46282,38;USD;<null>;FOB  ;<null>;<null>;71;125;2026-01-15;2026-01-15;<null>;BINTER TRADE LLC. (ZF);<null>;<null>;<null>;PI1ZF;<null>;<null>;false;false;CNY;EPA;OLO6;Produccion;80001514-U1;0;Contenedor 40ft;0;;;22/01/2026;;;;;;;0;0;0;AIR SEA WORLDWIDE;0;0;N
6702229;918;Ningbo Brightenlux Outdoor Products Co.,;83;2025-11-07;Directo CR - FERRETERIA EPA, S.A.;37096,16;USD;<null>;FOB  ;FOB  ;FOB  ;71;125;2026-03-25;2026-03-25;<null>;BINTER TRADE LLC. (Dropship CR);<null>;<null>;<null>;PI2ZF;<null>;<null>;false;false;CNY;EPA;OLO6;Produccion;80001514-U2;0;Contenedor 40ft;0;;;;;;;;;;0;0;0;0;0;0;N
6702230;918;Ningbo Brightenlux Outdoor Products Co.,;83;2025-11-07;ZF - OVERSEAS LOGISTICS OPERATIONS;46282,38;USD;<null>;FOB  ;<null>;<null>;71;125;2026-03-25;2026-03-25;<null>;BINTER TRADE LLC. (ZF);<null>;<null>;<null>;PI2ZF;<null>;<null>;false;false;CNY;EPA;OLO6;Produccion;80001514-U2;0;Contenedor 40ft;0;;;;;;;;;;0;0;0;0;0;0;N
6702232;516;TANGSHAN HENGER IMPORT&EXPORT TRADING CO;89;2025-11-10;Directo VE - Febeca, C.A.;2940,00;USD;<null>;FOB  ;CIF  ;FOB  ;77;121;2025-11-30;2025-11-30;7397;BINTER TRADE LLC. (Dropship FEBECA - VE) ;-- N/A --;101645;2026-01-16;FE tapas;XFH251216C;2940,00;false;false;PEDIDO COMPRA;EPA;OLO6;Transito;TCNU7189680;CMA CGM;Contenedor 40 HC;BJPBL2500089;12-11-25;12-11-25;10/11/2025;19-12-25;28-12-25;22-12-25;25-02-26;17-02-26;;4990;IOLFT25-966;FAK;IN OCEAN;0;0;N
6702234;921;GUANGZHOU PRODIGY DAILY-PRODUCTION CO.LT;83;2025-11-12;Directo CR - FERRETERIA EPA, S.A.;27271,32;USD;<null>;FOB  ;FOB  ;FOB  ;39;125;2026-01-10;2026-01-10;<null>;BINTER TRADE LLC. (Dropship CR);<null>;<null>;<null>;PI1ZF;<null>;<null>;false;false;CNY;EPA;OLO6;Produccion;80001515-U1;0;Contenedor 40 HC;0;;;13/01/2026;24-03-26;24-03-26;;;;;0;0;0;AIR SEA WORLDWIDE;0;0;N
6702235;921;GUANGZHOU PRODIGY DAILY-PRODUCTION CO.LT;83;2025-11-12;ZF - OVERSEAS LOGISTICS OPERATIONS;9393,84;USD;<null>;FOB  ;<null>;<null>;39;125;2026-01-10;2026-01-10;<null>;BINTER TRADE LLC. (ZF);<null>;<null>;<null>;PI1ZF;<null>;<null>;false;false;CNY;EPA;OLO6;Produccion;80001515-U1;0;Contenedor 40 HC;0;;;13/01/2026;24-03-26;24-03-26;;;;;0;0;0;AIR SEA WORLDWIDE;0;0;N
6702236;921;GUANGZHOU PRODIGY DAILY-PRODUCTION CO.LT;83;2025-11-12;Directo CR - FERRETERIA EPA, S.A.;27271,32;USD;<null>;FOB  ;FOB  ;FOB  ;39;125;2026-03-20;2026-03-20;<null>;BINTER TRADE LLC. (Dropship CR);<null>;<null>;<null>;PI2ZF;<null>;<null>;false;false;CNY;EPA;OLO6;Produccion;80001515-U2;0;Contenedor 40 HC;0;;;06/03/2026;;;;;;;0;0;0;AIR SEA WORLDWIDE;0;0;N
6702237;921;GUANGZHOU PRODIGY DAILY-PRODUCTION CO.LT;83;2025-11-12;ZF - OVERSEAS LOGISTICS OPERATIONS;9393,84;USD;<null>;FOB  ;<null>;<null>;39;125;2026-03-20;2026-03-20;<null>;BINTER TRADE LLC. (ZF);<null>;<null>;<null>;PI2ZF;<null>;<null>;false;false;CNY;EPA;OLO6;Produccion;80001515-U2;0;Contenedor 40 HC;0;;;06/03/2026;;;;;;;0;0;0;AIR SEA WORLDWIDE;0;0;N
6702238;1000021;ANCHOR ALLIED FACTORY LLC;87;2025-12-04;Directo VE - Febeca, C.A.;62059,20;USD;<null>;EXW  ;EXW  ;<null>;198;121;2026-02-12;2026-02-12;<null>;BINTER TRADE LLC. (Dropship FEBECA - VE) ;<null>;<null>;<null>;ASMACO - PINTURAS SPRAY - PI 5282;<null>;<null>;false;false;PEDIDO COMPRA;MCG;OLO6;Produccion;0;0;0;0;;;;11-03-26;01-04-26;;;;;0;0;0;0;0;0;N
6702239;461;HANGZHOU UNI-HOSEN ELECTROMECHICAL TOOLS CO.,LTD.          ;85;2025-11-14;Directo CR - FERRETERIA EPA, S.A.;39696,56;USD;<null>;FOB  ;FOB  ;FOB  ;71;125;2026-01-26;2026-01-26;<null>;BINTER TRADE LLC. (Dropship CR);<null>;<null>;<null>;Directo CR Oct 25 CNY;<null>;<null>;false;true;CNY;EPA;OLO6;Booking;80001513-1;HAPAG LLOYD;Contenedor 40ft;0;19-01-26;19-01-26;15/01/2026;27-02-26;24-03-26;;;;;0;0;0;SPARX;0;0;N
6702240;461;HANGZHOU UNI-HOSEN ELECTROMECHICAL TOOLS CO.,LTD.          ;85;2025-11-14;Directo VE - FERRETERIA EPA, C.A.;36591,28;USD;<null>;FOB  ;CIF  ;FOB  ;71;116;2026-01-26;2026-01-26;7633;BINTER TRADE LLC. (Dropship EPA - VE) ;-- N/A --;101892;2026-03-05;Directo VZ Oct 25 CNY;25HSA69BM6702240;36591,28;false;false;CNY;EPA;OLO6;Transito;CMAU8511207;CMA CGM;Contenedor 40ft;BJPBL2600093;27-01-26;27-01-26;15/01/2026;16-02-26;02-03-26;21-02-26;10-04-26;10-04-26;;3430;0;FAK;IN OCEAN;0;0;N
6702241;461;HANGZHOU UNI-HOSEN ELECTROMECHICAL TOOLS CO.,LTD.          ;85;2025-11-14;GL SV - FERRETERIA EPA, S.A. DE C.V.;37006,12;USD;<null>;FOB  ;FOB  ;FOB  ;71;122;2026-01-26;2026-01-26;<null>;BINTER TRADE LLC. (Zona Franca SV);<null>;<null>;<null>;Directo GL SV Oct 25 CNY;<null>;<null>;false;false;CNY;EPA;OLO6;Transito;CMAU4416496;CMA CGM;Contenedor 40ft;HNGB00070814;19-01-26;19-01-26;15/01/2026;10-03-26;24-03-26;11-03-26;24-04-26;24-04-26;;4350;0;NAC;SPARX;0;0;N
6702242;461;HANGZHOU UNI-HOSEN ELECTROMECHICAL TOOLS CO.,LTD.          ;85;2025-11-14;Directo CR - FERRETERIA EPA, S.A.;7093,12;USD;<null>;FOB  ;FOB  ;FOB  ;71;125;2026-01-26;2026-01-26;7623;BINTER TRADE LLC. (Dropship CR);-- N/A --;101884;2026-03-03;TLC CR Oct 25 CNY;25HSA69BM6702242;7093,12;false;true;CNY;EPA;OLO6;Transito;HAMU3631642;HAPAG LLOYD;Contenedor 40 HC;ASNGBA00743;19-01-26;19-01-26;14/01/2026;15-02-26;27-02-26;20-02-26;03-04-26;03-04-26;;3320;0;NAC;AIR SEA WORLDWIDE;0;0;N
6702243;461;HANGZHOU UNI-HOSEN ELECTROMECHICAL TOOLS CO.,LTD.          ;85;2025-11-14;ZF - OVERSEAS LOGISTICS OPERATIONS;33269,82;USD;<null>;FOB  ;FOB  ;FOB  ;71;125;2026-01-26;2026-01-26;7649;BINTER TRADE LLC. (ZF);;<null>;<null>;ZF CR Oct 25 CNY;25HSA69BM6702243;33269,82;false;false;CNY;EPA;OLO6;Transito;HAMU3631642;HAPAG LLOYD;Contenedor 40 HC;ASNGBA00744;19-01-26;19-01-26;14/01/2026;15-02-26;27-02-26;20-02-26;03-04-26;03-04-26;;0;0;NAC;AIR SEA WORLDWIDE;0;0;N
6702244;902;JINNUO INDUSTRY (HK) CO., LIMITED;85;2025-11-14;ZF - OVERSEAS LOGISTICS OPERATIONS;39600,00;USD;<null>;FOB  ;FOB  ;FOB  ;93;120;2026-01-08;2026-01-08;7436;BINTER TRADE LLC. (ZF);;<null>;<null>;Pedido Oct 25 CNY;251VI D1114-1;39600,00;false;false;CNY;EPA;OLO6;Transito;TCNU6032000;CMA CGM;Contenedor 40ft;HTAO00016037;23-12-25;23-12-25;22/12/2025;14-01-26;04-02-26;24-01-26;07-03-26;14-03-26;;3750;0;NAC;SPARX;0;0;N
6702245;855;ZHEJIANG DONGRUI INDUSTRIAL AND TRADING;85;2025-11-17;Directo CR - FERRETERIA EPA, S.A.;23382,00;USD;<null>;FOB  ;FOB  ;FOB  ;71;125;2026-01-26;2026-01-26;7545;BINTER TRADE LLC. (Dropship CR);-- N/A --;101798;2026-02-09;Directo CR #1 Nov 25 CNY;DR830-71;23382,00;false;true;CNY;EPA;OLO6;Transito;HAMU4999270;HAPAG LLOYD;Contenedor 40 HC;ASNGB513604;29-12-25;29-12-25;24/12/2025;08-02-26;20-02-26;20-02-26;27-03-26;27-03-26;;2700;0;NAC;AIR SEA WORLDWIDE;0;0;N
6702246;855;ZHEJIANG DONGRUI INDUSTRIAL AND TRADING;85;2025-11-17;Directo GT - FERRETERIA EPA, S.A. (Guatemala);23382,00;USD;<null>;FOB  ;FOB  ;FOB  ;71;127;2026-01-26;2026-01-26;7588;BINTER TRADE LLC. (Dropship GT);-- N/A --;101841;2026-02-18;Directo GT #2 Nov 25 CNY;DR830-72;23382,00;false;false;CNY;EPA;OLO6;Transito;HLBU1304229;HAPAG LLOYD;Contenedor 40 HC;ASNGB513657;29-12-25;29-12-25;24/12/2025;09-02-26;20-02-26;19-02-26;26-03-26;26-03-26;;3320;0;NAC;AIR SEA WORLDWIDE;0;0;N
6702247;855;ZHEJIANG DONGRUI INDUSTRIAL AND TRADING;85;2025-11-17;Directo GT - FERRETERIA EPA, S.A. (Guatemala);23382,00;USD;<null>;FOB  ;FOB  ;FOB  ;71;127;2026-04-01;2026-04-01;7589;BINTER TRADE LLC. (Dropship GT);-- N/A --;101842;2026-02-18;Directo GT #3 Nov 25 CNY;DR830-73;23382,00;false;false;CNY;EPA;OLO6;Transito;HAMU2296344;HAPAG LLOYD;Contenedor 40 HC;ASNGB513658;29-12-25;29-12-25;24/12/2025;15-02-26;20-02-26;19-02-26;26-03-26;26-03-26;;3320;0;NAC;AIR SEA WORLDWIDE;0;0;N
6702248;855;ZHEJIANG DONGRUI INDUSTRIAL AND TRADING;85;2025-11-17;GL SV - FERRETERIA EPA, S.A. DE C.V.;28510,00;USD;<null>;FOB  ;FOB  ;FOB  ;71;122;2026-01-26;2026-01-26;<null>;BINTER TRADE LLC. (Zona Franca SV);<null>;<null>;<null>;GL SV #4 Nov 25 CNY;<null>;<null>;false;false;CNY;EPA;OLO6;Transito;HAMU5052254;HAPAG LLOYD;Contenedor 40 HC;ASNGB513659;29-12-25;29-12-25;24/12/2025;06-02-26;20-02-26;14-02-26;24-03-26;24-03-26;;3130;0;NAC;AIR SEA WORLDWIDE;0;0;N
6702249;855;ZHEJIANG DONGRUI INDUSTRIAL AND TRADING;85;2025-11-17;Directo CR - FERRETERIA EPA, S.A.;12318,00;USD;<null>;FOB  ;FOB  ;FOB  ;71;125;2026-01-26;2026-01-26;7548;BINTER TRADE LLC. (Dropship CR);-- N/A --;101800;2026-02-09;TLC CR #5 Nov 25 CNY;DR830-751;12318,00;false;true;CNY;EPA;OLO6;Transito;HAMU4471810;HAPAG LLOYD;Contenedor 40 HC;ASNGB513660;25-12-25;20-01-26;24/12/2025;08-02-26;20-02-26;20-02-26;27-03-26;27-03-26;;2700;0;NAC;AIR SEA WORLDWIDE;0;0;N
6702250;855;ZHEJIANG DONGRUI INDUSTRIAL AND TRADING;85;2025-11-17;ZF - OVERSEAS LOGISTICS OPERATIONS;10752,00;USD;<null>;FOB  ;FOB  ;FOB  ;71;125;2026-01-26;2026-01-26;7555;BINTER TRADE LLC. (ZF);;<null>;<null>;ZF CA #5 Nov 25 CNY;DR830-752;10752,00;false;false;CNY;EPA;OLO6;Transito;HAMU4471810;HAPAG LLOYD;Contenedor 40 HC;ASNGBA01464;25-12-25;20-01-26;24/12/2025;08-02-26;27-02-26;20-02-26;27-03-26;27-03-26;;0;0;NAC;AIR SEA WORLDWIDE;0;0;N
6702251;891;KELID CERAMICS CO, LTD;82;2025-11-17;Directo CR - FERRETERIA EPA, S.A.;4044,48;USD;<null>;FOB  ;FOB  ;FOB  ;34;125;2025-12-03;2025-12-03;7454;BINTER TRADE LLC. (Dropship CR);-- N/A --;101696;2026-01-22;CR;BA2251-3;14155,08;false;false;CNY;EPA;OLO6;Ingresada;MSKU7305033;MAERSK;Contenedor 20ft;SLHE26010144;26-12-25;26-12-25;22/12/2025;22-01-26;29-01-26;22-01-26;10-03-26;09-03-26;09-03-26;3775;0;NAC;MASTERLINE;0;0;N
6702252;891;KELID CERAMICS CO, LTD;82;2025-11-17;Directo CR - FERRETERIA EPA, S.A.;4811,40;USD;<null>;FOB  ;FOB  ;FOB  ;34;125;2026-03-01;2026-03-01;7454;BINTER TRADE LLC. (Dropship CR);-- N/A --;101697;2026-01-22;CR;BA2251-3;14155,08;false;false;CNY;EPA;OLO6;Ingresada;TCKU1745302;MAERSK;Contenedor 20ft;SLHE26010144;26-12-25;26-12-25;22/12/2025;22-01-26;29-01-26;22-01-26;10-03-26;09-03-26;09-03-26;3775;0;NAC;MASTERLINE;0;0;N
6702253;891;KELID CERAMICS CO, LTD;82;2025-11-17;Directo CR - FERRETERIA EPA, S.A.;5299,20;USD;<null>;FOB  ;FOB  ;FOB  ;34;125;2026-03-01;2026-03-01;7454;BINTER TRADE LLC. (Dropship CR);-- N/A --;101698;2026-01-22;CR;BA2251-3;14155,08;false;false;CNY;EPA;OLO6;Ingresada;MRKU7882537;MAERSK;Contenedor 20ft;SLHE26010144;26-12-25;26-12-25;22/12/2025;22-01-26;29-01-26;22-01-26;10-03-26;09-03-26;09-03-26;3775;0;NAC;MASTERLINE;0;0;N
6702254;891;KELID CERAMICS CO, LTD;82;2025-11-17;Directo CR - FERRETERIA EPA, S.A.;3874,50;USD;<null>;FOB  ;FOB  ;FOB  ;34;125;2026-03-01;2026-03-01;7389;BINTER TRADE LLC. (Dropship CR);-- N/A --;101629;2026-01-14;CR;BA2254-3;12312,90;false;false;CNY;EPA;OLO6;Ingresada;HASU1033181;MAERSK;Contenedor 20ft;SLHE26010100;26-12-25;26-12-25;22/12/2025;10-01-26;24-01-26;11-01-26;24-02-26;09-03-26;09-03-26;3805;0;NAC;MASTERLINE;0;0;N
6702255;891;KELID CERAMICS CO, LTD;82;2025-11-17;Directo CR - FERRETERIA EPA, S.A.;4233,60;USD;<null>;FOB  ;FOB  ;FOB  ;34;125;2025-12-03;2025-12-03;7389;BINTER TRADE LLC. (Dropship CR);-- N/A --;101630;2026-01-14;CR;BA2254-3;12312,90;false;false;CNY;EPA;OLO6;Ingresada;MRKU7927312;MAERSK;Contenedor 20ft;SLHE26010100;26-12-25;26-12-25;22/12/2025;10-01-26;24-01-26;11-01-26;24-02-26;09-03-26;09-03-26;3805;0;NAC;MASTERLINE;0;0;N
6702256;891;KELID CERAMICS CO, LTD;82;2025-11-17;Directo CR - FERRETERIA EPA, S.A.;4204,80;USD;<null>;FOB  ;FOB  ;FOB  ;34;125;2026-03-01;2026-03-01;7389;BINTER TRADE LLC. (Dropship CR);-- N/A --;101631;2026-01-14;CR;BA2254-3;12312,90;false;false;CNY;EPA;OLO6;Ingresada;MSKU4176441;MAERSK;Contenedor 20ft;SLHE26010100;26-12-25;26-12-25;22/12/2025;10-01-26;17-01-26;11-01-26;24-02-26;09-03-26;09-03-26;3805;0;NAC;MASTERLINE;0;0;N
6702257;891;KELID CERAMICS CO, LTD;82;2025-11-17;Directo SV - FERRETERIA EPA, S.A. DE C.V.;4044,48;USD;<null>;FOB  ;FOB  ;FOB  ;34;122;2026-03-01;2026-03-01;7498;BINTER TRADE LLC. (Dropship SV);-- N/A --;101745;2026-01-28;SV;BA2257-4;16177,92;false;false;CNY;EPA;OLO6;Transito;MSKU5008437;MAERSK;Contenedor 20ft;APS20260100395;26-12-25;05-01-26;;23-01-26;30-01-26;23-01-26;09-03-26;09-03-26;;2895;0;NAC;0;0;0;N
6702258;891;KELID CERAMICS CO, LTD;82;2025-11-17;Directo SV - FERRETERIA EPA, S.A. DE C.V.;4044,48;USD;<null>;FOB  ;FOB  ;FOB  ;34;122;2026-03-01;2026-03-01;7498;BINTER TRADE LLC. (Dropship SV);-- N/A --;101746;2026-01-28;SV;BA2257-4;16177,92;false;false;CNY;EPA;OLO6;Transito;MRKU7411157;MAERSK;Contenedor 20ft;APS20260100395;26-12-25;05-01-26;;23-01-26;30-01-26;23-01-26;09-03-26;09-03-26;;2895;0;NAC;0;0;0;N
6702259;891;KELID CERAMICS CO, LTD;82;2025-11-17;Directo SV - FERRETERIA EPA, S.A. DE C.V.;4044,48;USD;<null>;FOB  ;FOB  ;FOB  ;34;122;2026-03-01;2026-03-01;7498;BINTER TRADE LLC. (Dropship SV);-- N/A --;101747;2026-01-28;SV;BA2257-4;16177,92;false;false;CNY;EPA;OLO6;Transito;MRKU8778810;MAERSK;Contenedor 20ft;APS20260100395;26-12-25;05-01-26;;23-01-26;30-01-26;23-01-26;09-03-26;09-03-26;;2895;0;NAC;0;0;0;N
6702260;891;KELID CERAMICS CO, LTD;82;2025-11-17;Directo SV - FERRETERIA EPA, S.A. DE C.V.;4044,48;USD;<null>;FOB  ;FOB  ;FOB  ;34;122;2026-03-01;2026-03-01;7498;BINTER TRADE LLC. (Dropship SV);-- N/A --;101748;2026-01-28;SV;BA2257-4;16177,92;false;false;CNY;EPA;OLO6;Transito;MRKU6538996;MAERSK;Contenedor 20ft;APS20260100395;26-12-25;05-01-26;;23-01-26;30-01-26;23-01-26;09-03-26;09-03-26;;2895;0;NAC;0;0;0;N
6702261;891;KELID CERAMICS CO, LTD;82;2025-11-17;Directo SV - FERRETERIA EPA, S.A. DE C.V.;4044,48;USD;<null>;FOB  ;FOB  ;FOB  ;34;122;2026-03-01;2026-03-01;7458;BINTER TRADE LLC. (Dropship SV);-- N/A --;101721;2026-01-23;SV;BA2261-3;13667,28;false;false;CNY;EPA;OLO6;Transito;MSKU5512073;MAERSK;Contenedor 20ft;APS20260100396;26-12-25;05-01-26;;23-01-26;23-01-26;23-01-26;09-03-26;09-03-26;;2895;0;NAC;WIGO;0;0;N
6702262;891;KELID CERAMICS CO, LTD;82;2025-11-17;Directo SV - FERRETERIA EPA, S.A. DE C.V.;4811,40;USD;<null>;FOB  ;FOB  ;FOB  ;34;122;2026-03-01;2026-03-01;7458;BINTER TRADE LLC. (Dropship SV);-- N/A --;101722;2026-01-23;SV;BA2261-3;13667,28;false;false;CNY;EPA;OLO6;Transito;TGHU1727049;MAERSK;Contenedor 20ft;APS20260100396;26-12-25;05-01-26;;23-01-26;23-01-26;23-01-26;09-03-26;09-03-26;;2895;0;NAC;WIGO;0;0;N
6702263;891;KELID CERAMICS CO, LTD;82;2025-11-17;Directo SV - FERRETERIA EPA, S.A. DE C.V.;4811,40;USD;<null>;FOB  ;FOB  ;FOB  ;34;122;2026-03-01;2026-03-01;7458;BINTER TRADE LLC. (Dropship SV);-- N/A --;101723;2026-01-23;SV;BA2261-3;13667,28;false;false;CNY;EPA;OLO6;Transito;MSKU5723420;MAERSK;Contenedor 20ft;APS20260100396;26-12-25;05-01-26;;23-01-26;23-01-26;23-01-26;09-03-26;09-03-26;;2895;0;NAC;WIGO;0;0;N
6702264;891;KELID CERAMICS CO, LTD;82;2025-11-17;Directo SV - FERRETERIA EPA, S.A. DE C.V.;5016,00;USD;<null>;FOB  ;FOB  ;FOB  ;34;122;2025-12-14;2025-12-14;7409;BINTER TRADE LLC. (Dropship SV);-- N/A --;101659;2026-01-19;SV;BA2264-4;20064,00;false;false;CNY;EPA;OLO6;Transito;CAAU2418880;MAERSK;Contenedor 20ft;APS20260100113;26-12-25;05-01-26;;06-01-26;13-01-26;08-01-26;23-02-26;23-02-26;;2895;0;NAC;WIGO;0;0;N
6702265;891;KELID CERAMICS CO, LTD;82;2025-11-17;Directo SV - FERRETERIA EPA, S.A. DE C.V.;5016,00;USD;<null>;FOB  ;FOB  ;FOB  ;34;122;2025-12-14;2025-12-14;7409;BINTER TRADE LLC. (Dropship SV);-- N/A --;101660;2026-01-19;SV;BA2264-4;20064,00;false;false;CNY;EPA;OLO6;Transito;MRSU0612450;MAERSK;Contenedor 20ft;APS20260100113;26-12-25;05-01-26;;06-01-26;13-01-26;08-01-26;23-02-26;23-02-26;;2895;0;NAC;0;0;0;N
6702266;891;KELID CERAMICS CO, LTD;82;2025-11-17;Directo SV - FERRETERIA EPA, S.A. DE C.V.;5016,00;USD;<null>;FOB  ;FOB  ;FOB  ;34;122;2025-12-14;2025-12-14;7409;BINTER TRADE LLC. (Dropship SV);-- N/A --;101661;2026-01-19;SV;BA2264-4;20064,00;false;false;CNY;EPA;OLO6;Transito;TCLU3305418;MAERSK;Contenedor 20ft;APS20260100113;26-12-25;05-01-26;;06-01-26;13-01-26;08-01-26;23-02-26;23-02-26;;2895;0;NAC;0;0;0;N
6702267;891;KELID CERAMICS CO, LTD;82;2025-11-17;Directo SV - FERRETERIA EPA, S.A. DE C.V.;5016,00;USD;<null>;FOB  ;FOB  ;FOB  ;34;122;2026-03-01;2026-03-01;7409;BINTER TRADE LLC. (Dropship SV);-- N/A --;101662;2026-01-19;SV;BA2264-4;20064,00;false;false;CNY;EPA;OLO6;Transito;TLLU2216037;MAERSK;Contenedor 20ft;APS20260100113;26-12-25;05-01-26;;13-01-26;13-01-26;08-01-26;23-02-26;23-02-26;;2895;0;NAC;0;0;0;N
6702268;891;KELID CERAMICS CO, LTD;82;2025-11-17;Directo SV - FERRETERIA EPA, S.A. DE C.V.;5016,00;USD;<null>;FOB  ;FOB  ;FOB  ;34;122;2026-03-01;2026-03-01;7457;BINTER TRADE LLC. (Dropship SV);-- N/A --;101717;2026-01-23;SV;BA2268-4;20054,50;false;false;CNY;EPA;OLO6;Transito;TLLU2315364;MAERSK;Contenedor 20ft;SLHE26010064;26-12-25;26-12-25;;06-01-26;14-01-26;08-01-26;23-02-26;02-03-26;;2850;0;NAC;0;0;0;N
6702269;891;KELID CERAMICS CO, LTD;82;2025-11-17;Directo SV - FERRETERIA EPA, S.A. DE C.V.;5016,00;USD;<null>;FOB  ;FOB  ;FOB  ;34;122;2026-03-01;2026-03-01;7457;BINTER TRADE LLC. (Dropship SV);-- N/A --;101718;2026-01-23;SV;BA2268-4;20054,50;false;false;CNY;EPA;OLO6;Transito;SUDU1944299;MAERSK;Contenedor 20ft;SLHE26010064;26-12-25;26-12-25;;06-01-26;14-01-26;08-01-26;23-02-26;02-03-26;;2850;0;NAC;0;0;0;N
6702270;891;KELID CERAMICS CO, LTD;82;2025-11-17;Directo SV - FERRETERIA EPA, S.A. DE C.V.;5006,50;USD;<null>;FOB  ;FOB  ;FOB  ;34;122;2026-03-01;2026-03-01;7457;BINTER TRADE LLC. (Dropship SV);-- N/A --;101719;2026-01-23;SV;BA2268-4;20054,50;false;false;CNY;EPA;OLO6;Ingresada;PONU2044786;MAERSK;Contenedor 20ft;SLHE2601164B;26-12-25;26-12-25;;06-01-26;14-01-26;08-01-26;23-02-26;09-03-26;10-03-26;2850;0;NAC;0;0;0;N
6702271;891;KELID CERAMICS CO, LTD;82;2025-11-17;Directo SV - FERRETERIA EPA, S.A. DE C.V.;5016,00;USD;<null>;FOB  ;FOB  ;FOB  ;34;122;2026-03-01;2026-03-01;7457;BINTER TRADE LLC. (Dropship SV);-- N/A --;101720;2026-01-23;SV;BA2268-4;20054,50;false;false;CNY;EPA;OLO6;Transito;TEMU0198611;MAERSK;Contenedor 20ft;SLHE26010064;26-12-25;26-12-25;;06-01-26;14-01-26;08-01-26;23-02-26;02-03-26;;2850;0;NAC;0;0;0;N
6702272;891;KELID CERAMICS CO, LTD;82;2025-11-17;Directo SV - FERRETERIA EPA, S.A. DE C.V.;5016,00;USD;<null>;FOB  ;FOB  ;FOB  ;34;122;2026-03-01;2026-03-01;7456;BINTER TRADE LLC. (Dropship SV);-- N/A --;101713;2026-01-23;SV;BA2275-3;15993,60;false;false;CNY;EPA;OLO6;Transito;MRKU7107859;MAERSK;Contenedor 20ft;SLHE26010071;26-12-25;26-12-25;;06-01-26;14-01-26;08-01-26;23-02-26;02-03-26;;2850;0;NAC;0;0;0;N
6702273;891;KELID CERAMICS CO, LTD;82;2025-11-17;Directo SV - FERRETERIA EPA, S.A. DE C.V.;5016,00;USD;<null>;FOB  ;FOB  ;FOB  ;34;122;2026-03-01;2026-03-01;7456;BINTER TRADE LLC. (Dropship SV);-- N/A --;101714;2026-01-23;SV;BA2275-3;15993,60;false;false;CNY;EPA;OLO6;Transito;MRKU8430697;MAERSK;Contenedor 20ft;SLHE26010071;26-12-25;26-12-25;;06-01-26;14-01-26;08-01-26;23-02-26;02-03-26;;2850;0;NAC;0;0;0;N
6702274;891;KELID CERAMICS CO, LTD;82;2025-11-17;Directo SV - FERRETERIA EPA, S.A. DE C.V.;5462,40;USD;<null>;FOB  ;FOB  ;FOB  ;34;122;2026-03-01;2026-03-01;7453;BINTER TRADE LLC. (Dropship SV);-- N/A --;101694;2026-01-22;SV;BA2274-2;9707,52;false;false;CNY;EPA;OLO6;Transito;MRKU6976170;MAERSK;Contenedor 20ft;SLHE26010065;26-12-25;26-12-25;;08-01-26;15-01-26;08-01-26;23-02-26;02-03-26;;2850;0;NAC;0;0;0;N
6702275;891;KELID CERAMICS CO, LTD;82;2025-11-17;Directo SV - FERRETERIA EPA, S.A. DE C.V.;5961,60;USD;<null>;FOB  ;FOB  ;FOB  ;34;122;2026-03-01;2026-03-01;7456;BINTER TRADE LLC. (Dropship SV);-- N/A --;101715;2026-01-23;SV;BA2275-3;15993,60;false;false;CNY;EPA;OLO6;Transito;CRSU1482393;MAERSK;Contenedor 20ft;SLHE26010071;26-12-25;26-12-25;;06-01-26;14-01-26;08-01-26;23-02-26;02-03-26;;2850;0;NAC;0;0;0;N
6702276;891;KELID CERAMICS CO, LTD;82;2025-11-17;Directo SV - FERRETERIA EPA, S.A. DE C.V.;4245,12;USD;<null>;FOB  ;FOB  ;FOB  ;34;122;2026-03-01;2026-03-01;7453;BINTER TRADE LLC. (Dropship SV);-- N/A --;101695;2026-01-22;SV;BA2274-2;9707,52;false;false;CNY;EPA;OLO6;Transito;TLLU2434620;MAERSK;Contenedor 20ft;SLHE26010065;26-12-25;26-12-25;;08-01-26;15-01-26;08-01-26;23-02-26;02-03-26;;2850;0;NAC;0;0;0;N
6702277;891;KELID CERAMICS CO, LTD;82;2025-11-17;Directo GT - FERRETERIA EPA, S.A. (Guatemala);4245,12;USD;<null>;FOB  ;FOB  ;FOB  ;34;127;2026-03-01;2026-03-01;7379;BINTER TRADE LLC. (Dropship GT);-- N/A --;101616;2026-01-13;GT;BA2277-4;16980,48;false;false;CNY;EPA;OLO6;Ingresada;MSBU3841098;MSC;Contenedor 20ft;SLHE26010027;26-12-25;26-12-25;22/12/2025;07-01-26;07-01-26;31-12-25;25-02-26;21-02-26;12-03-26;4815;0;NAC;MASTERLINE;0;0;N
6702278;891;KELID CERAMICS CO, LTD;82;2025-11-17;Directo GT - FERRETERIA EPA, S.A. (Guatemala);4245,12;USD;<null>;FOB  ;FOB  ;FOB  ;34;127;2026-03-01;2026-03-01;7379;BINTER TRADE LLC. (Dropship GT);-- N/A --;101617;2026-01-13;GT;BA2277-4;16980,48;false;false;CNY;EPA;OLO6;Ingresada;MSBU3836574;MSC;Contenedor 20ft;SLHE26010027;26-12-25;26-12-25;22/12/2025;07-01-26;07-01-26;31-12-25;25-02-26;21-02-26;12-03-26;4815;0;NAC;MASTERLINE;0;0;N
6702279;891;KELID CERAMICS CO, LTD;82;2025-11-17;Directo GT - FERRETERIA EPA, S.A. (Guatemala);4245,12;USD;<null>;FOB  ;FOB  ;FOB  ;34;127;2026-03-01;2026-03-01;7379;BINTER TRADE LLC. (Dropship GT);-- N/A --;101618;2026-01-13;GT;BA2277-4;16980,48;false;false;CNY;EPA;OLO6;Ingresada;MSBU3836548;MSC;Contenedor 20ft;SLHE26010027;26-12-25;26-12-25;22/12/2025;07-01-26;07-01-26;31-12-25;25-02-26;21-02-26;12-03-26;4815;0;NAC;MASTERLINE;0;0;N
6702280;891;KELID CERAMICS CO, LTD;82;2025-11-17;Directo GT - FERRETERIA EPA, S.A. (Guatemala);4245,12;USD;<null>;FOB  ;FOB  ;FOB  ;34;127;2026-03-01;2026-03-01;7379;BINTER TRADE LLC. (Dropship GT);-- N/A --;101619;2026-01-13;GT;BA2277-4;16980,48;false;false;CNY;EPA;OLO6;Ingresada;MSBU3836450;MSC;Contenedor 20ft;SLHE26010027;26-12-25;26-12-25;22/12/2025;07-01-26;07-01-26;31-12-25;25-02-26;21-02-26;12-03-26;4815;0;NAC;MASTERLINE;0;0;N
6702281;891;KELID CERAMICS CO, LTD;82;2025-11-17;Directo GT - FERRETERIA EPA, S.A. (Guatemala);4245,12;USD;<null>;FOB  ;FOB  ;FOB  ;34;127;2026-03-01;2026-03-01;7346;BINTER TRADE LLC. (Dropship GT);-- N/A --;101574;2026-01-12;GT;BA2281-4;16980,48;false;false;CNY;EPA;OLO6;Ingresada;MSBU3836255;MSC;Contenedor 20ft;SLHE26010028;26-12-25;26-12-25;22/12/2025;31-12-25;31-12-25;31-12-25;24-02-26;21-02-26;12-03-26;4815;0;NAC;MASTERLINE;0;0;N
6702282;891;KELID CERAMICS CO, LTD;82;2025-11-17;Directo GT - FERRETERIA EPA, S.A. (Guatemala);4245,12;USD;<null>;FOB  ;FOB  ;FOB  ;34;127;2026-03-01;2026-03-01;7346;BINTER TRADE LLC. (Dropship GT);-- N/A --;101575;2026-01-12;GT;BA2281-4;16980,48;false;false;CNY;EPA;OLO6;Ingresada;MSBU3837122;MSC;Contenedor 20ft;SLHE26010028;26-12-25;26-12-25;22/12/2025;31-12-25;31-12-25;31-12-25;24-02-26;21-02-26;12-03-26;4815;0;NAC;MASTERLINE;0;0;N
6702283;891;KELID CERAMICS CO, LTD;82;2025-11-17;Directo GT - FERRETERIA EPA, S.A. (Guatemala);4245,12;USD;<null>;FOB  ;FOB  ;FOB  ;34;127;2026-03-01;2026-03-01;7346;BINTER TRADE LLC. (Dropship GT);-- N/A --;101576;2026-01-12;GT;BA2281-4;16980,48;false;false;CNY;EPA;OLO6;Ingresada;MSBU3840867;MSC;Contenedor 20ft;SLHE26010028;26-12-25;26-12-25;22/12/2025;31-12-25;31-12-25;31-12-25;24-02-26;21-02-26;12-03-26;4815;0;NAC;MASTERLINE;0;0;N
6702284;891;KELID CERAMICS CO, LTD;82;2025-11-17;Directo GT - FERRETERIA EPA, S.A. (Guatemala);4245,12;USD;<null>;FOB  ;FOB  ;FOB  ;34;127;2026-03-01;2026-03-01;7346;BINTER TRADE LLC. (Dropship GT);-- N/A --;101577;2026-01-12;GT;BA2281-4;16980,48;false;false;CNY;EPA;OLO6;Ingresada;MSBU3829430;MSC;Contenedor 20ft;SLHE26010028;26-12-25;26-12-25;22/12/2025;31-12-25;31-12-25;31-12-25;24-02-26;21-02-26;12-03-26;4815;0;NAC;MASTERLINE;0;0;N
6702285;891;KELID CERAMICS CO, LTD;82;2025-11-17;Directo GT - FERRETERIA EPA, S.A. (Guatemala);4245,12;USD;<null>;FOB  ;FOB  ;FOB  ;34;127;2026-03-01;2026-03-01;7449;BINTER TRADE LLC. (Dropship GT);-- N/A --;101689;2026-01-22;GT;BA2285-3;12735,36;false;false;CNY;EPA;OLO6;Ingresada;MSBU3840532;MSC;Contenedor 20ft;SLHE26010030;26-12-25;26-12-25;22/12/2025;11-01-26;18-01-26;08-01-26;03-03-26;04-03-26;12-03-26;4815;0;NAC;MASTERLINE;0;0;N
6702286;891;KELID CERAMICS CO, LTD;82;2025-11-17;Directo GT - FERRETERIA EPA, S.A. (Guatemala);4245,12;USD;<null>;FOB  ;FOB  ;FOB  ;34;127;2026-03-01;2026-03-01;7449;BINTER TRADE LLC. (Dropship GT);-- N/A --;101690;2026-01-22;GT;BA2285-3;12735,36;false;false;CNY;EPA;OLO6;Ingresada;MEDU5031326;MSC;Contenedor 20ft;SLHE26010030;26-12-25;26-12-25;22/12/2025;11-01-26;18-01-26;08-01-26;03-03-26;04-03-26;12-03-26;4815;0;NAC;MASTERLINE;0;0;N
6702287;891;KELID CERAMICS CO, LTD;82;2025-11-17;Directo GT - FERRETERIA EPA, S.A. (Guatemala);4245,12;USD;<null>;FOB  ;FOB  ;FOB  ;34;127;2026-03-01;2026-03-01;7449;BINTER TRADE LLC. (Dropship GT);-- N/A --;101691;2026-01-22;GT;BA2285-3;12735,36;false;false;CNY;EPA;OLO6;Ingresada;FTAU1518519;MSC;Contenedor 20ft;SLHE26010030;26-12-25;26-12-25;22/12/2025;11-01-26;18-01-26;08-01-26;03-03-26;04-03-26;12-03-26;4815;0;NAC;MASTERLINE;0;0;N
6702288;891;KELID CERAMICS CO, LTD;82;2025-11-17;Directo GT - FERRETERIA EPA, S.A. (Guatemala);4807,00;USD;<null>;FOB  ;FOB  ;FOB  ;34;127;2026-03-01;2026-03-01;7342;BINTER TRADE LLC. (Dropship GT);-- N/A --;101567;2026-01-12;GT;BA2288-4;19228,00;false;false;CNY;EPA;OLO6;Ingresada;MSBU3842854;MSC;Contenedor 20ft;SLHE26010029;26-12-25;26-12-25;22/12/2025;31-12-25;14-01-26;31-12-25;25-02-26;21-02-26;12-03-26;4815;0;NAC;MASTERLINE;0;0;N
6702289;891;KELID CERAMICS CO, LTD;82;2025-11-17;Directo GT - FERRETERIA EPA, S.A. (Guatemala);4807,00;USD;<null>;FOB  ;FOB  ;FOB  ;34;127;2026-03-01;2026-03-01;7342;BINTER TRADE LLC. (Dropship GT);-- N/A --;101568;2026-01-12;GT;BA2288-4;19228,00;false;false;CNY;EPA;OLO6;Ingresada;MSBU3844482;MSC;Contenedor 20ft;SLHE26010029;26-12-25;26-12-25;22/12/2025;31-12-25;07-01-26;31-12-25;25-02-26;21-02-26;12-03-26;4815;0;NAC;MASTERLINE;0;0;N
6702290;891;KELID CERAMICS CO, LTD;82;2025-11-17;Directo GT - FERRETERIA EPA, S.A. (Guatemala);4807,00;USD;<null>;FOB  ;FOB  ;FOB  ;34;127;2026-03-01;2026-03-01;7342;BINTER TRADE LLC. (Dropship GT);-- N/A --;101569;2026-01-12;GT;BA2288-4;19228,00;false;false;CNY;EPA;OLO6;Ingresada;MSBU3836039;MSC;Contenedor 20ft;SLHE26010029;26-12-25;26-12-25;22/12/2025;31-12-25;07-01-26;31-12-25;25-02-26;21-02-26;12-03-26;4815;0;NAC;MASTERLINE;0;0;N
6702291;891;KELID CERAMICS CO, LTD;82;2025-11-17;Directo GT - FERRETERIA EPA, S.A. (Guatemala);4807,00;USD;<null>;FOB  ;FOB  ;FOB  ;34;127;2026-03-01;2026-03-01;7342;BINTER TRADE LLC. (Dropship GT);-- N/A --;101570;2026-01-12;GT;BA2288-4;19228,00;false;false;CNY;EPA;OLO6;Ingresada;MSBU3844184;MSC;Contenedor 20ft;SLHE26010029;26-12-25;26-12-25;22/12/2025;31-12-25;07-01-26;31-12-25;25-02-26;21-02-26;12-03-26;4815;0;NAC;MASTERLINE;0;0;N
6702292;891;KELID CERAMICS CO, LTD;82;2025-11-17;Directo VE - FERRETERIA EPA, C.A.;4241,30;USD;<null>;FOB  ;CIF  ;FOB  ;34;116;2026-03-01;2026-03-01;7515;BINTER TRADE LLC. (Dropship EPA - VE) ;-- N/A --;101764;2026-02-02;VE;BA2292-1;4241,30;false;false;CNY;EPA;OLO6;Transito;MRKU9724485;MAERSK;Contenedor 20ft;BJPBL2600042;07-01-26;07-01-26;22/12/2025;22-01-26;01-02-26;25-01-26;18-03-26;18-03-26;;3880;IOLFT26-060;FAK;IN OCEAN;0;0;N
6702293;605;DongyangHangxiao Electrical Applianco CO;83;2025-11-18;ZF - OVERSEAS LOGISTICS OPERATIONS;6573,60;USD;<null>;FOB  ;FOB  ;FOB  ;71;125;2025-11-19;2025-11-19;7556;BINTER TRADE LLC. (ZF);;<null>;<null>;FEBECA NOV;HXV2500458;6573,60;false;false;PEDIDO COMPRA;Febeca;OLO6;Transito;ONEU6090820;ONE;LCL;ASNGB513493;30-12-25;30-12-25;05/12/2025;29-01-26;05-02-26;29-01-26;06-03-26;13-03-26;;978,96;0;NAC;AIR SEA WORLDWIDE;0;0;N
6702295;889;HangZhou TianYuan Pet Products CO,Ltd;85;2025-11-20;ZF - OVERSEAS LOGISTICS OPERATIONS;15009,66;USD;<null>;FOB  ;FOB  ;FOB  ;91;125;2026-02-09;2026-02-09;<null>;BINTER TRADE LLC. (ZF);<null>;<null>;<null>;ZF CR Oct 25 CNY #1;<null>;<null>;true;false;CNY;EPA;OLO6;Booking;80001517-1;HAPAG LLOYD;Contenedor 40 HC;0;29-01-26;30-01-26;08/01/2026;18-03-26;23-03-26;;;;;3720;0;0;AIR SEA WORLDWIDE;0;0;N
6702296;889;HangZhou TianYuan Pet Products CO,Ltd;85;2025-11-20;ZF - OVERSEAS LOGISTICS OPERATIONS;15009,66;USD;<null>;FOB  ;FOB  ;FOB  ;91;125;2026-02-09;2026-02-09;7557;BINTER TRADE LLC. (ZF);;<null>;<null>;ZF CR Oct 25 CNY #2;226T6B-003;15009,66;true;false;CNY;EPA;OLO6;Transito;TCNU1787323;HAPAG LLOYD;Contenedor 40 HC;ASSHAA00253;12-01-26;12-01-26;08/01/2026;11-02-26;27-02-26;26-02-26;03-04-26;03-04-26;;2700;0;NAC;AIR SEA WORLDWIDE;0;0;N
6702304;279;OKAY LOCK MANUFACTURE CO.,LIMITED                          ;82;2025-11-25;ZF - OVERSEAS LOGISTICS OPERATIONS;42567,72;USD;<null>;FOB  ;FOB  ;FOB  ;113;125;2026-02-05;2026-02-05;7680;BINTER TRADE LLC. (ZF);-- N/A --;<null>;<null>;PI 251122;251122;42567,72;false;false;CNY;EPA;OLO6;Transito;HLBU2295076;HAPAG LLOYD;Contenedor 20ft;ASSZXA00724;26-01-26;26-01-26;21/01/2026;05-02-26;19-02-26;04-02-26;03-04-26;17-04-26;;2975;0;NAC;AIR SEA WORLDWIDE;0;0;N
6702305;279;OKAY LOCK MANUFACTURE CO.,LIMITED                          ;82;2025-11-25;Directo VE - FERRETERIA EPA, C.A.;32468,64;USD;<null>;FOB  ;CIF  ;FOB  ;113;116;2026-02-05;2026-02-05;7600;BINTER TRADE LLC. (Dropship EPA - VE) ;-- N/A --;101855;2026-02-20;PI 251123;251123;32468,64;false;false;CNY;EPA;OLO6;Transito;MSKU5104127;CMA CGM;Contenedor 20ft;BJPBL2600106;27-01-26;27-01-26;21/01/2026;06-02-26;13-02-26;11-02-26;08-04-26;08-04-26;;4430;IOLFT26-098;FAK;IN OCEAN;0;0;N
6702306;924;NINGBO KONWIN ELECTRICAL APPLIANCE CO.,L;83;2025-11-25;Directo CR - FERRETERIA EPA, S.A.;27376,00;USD;<null>;FOB  ;FOB  ;<null>;71;117;2026-01-01;2026-01-01;<null>;BINTER TRADE LLC. (Dropship CR);<null>;<null>;<null>;PI1ZF;<null>;<null>;false;false;CNY;EPA;OLO6;Booking;VTCN600806;0;Contenedor 40 HC;0;18-03-26;18-03-26;16/01/2026;02-04-26;02-04-26;;;;;0;0;0;AIR SEA WORLDWIDE;0;0;N
6702307;924;NINGBO KONWIN ELECTRICAL APPLIANCE CO.,L;83;2025-11-25;ZF - OVERSEAS LOGISTICS OPERATIONS;15312,00;USD;<null>;FOB  ;<null>;<null>;71;117;2026-01-01;2026-01-01;<null>;BINTER TRADE LLC. (ZF);<null>;<null>;<null>;PI1ZF;<null>;<null>;false;false;CNY;EPA;OLO6;Booking;VTCN600806;0;Contenedor 40 HC;0;18-03-26;18-03-26;16/01/2026;02-04-26;02-04-26;;;;;0;0;0;DHL;0;0;N
6702308;924;NINGBO KONWIN ELECTRICAL APPLIANCE CO.,L;83;2025-11-25;Directo VE - FERRETERIA EPA, C.A.;42688,00;USD;<null>;FOB  ;CIF  ;FOB  ;71;116;2026-01-01;2026-01-01;7669;BINTER TRADE LLC. (Dropship EPA - VE) ;-- N/A --;101938;2026-03-13;PI2VE;ZT26RFJ005;42688,00;false;false;CNY;EPA;OLO6;Transito;UETU7439790;CMA CGM;Contenedor 40 HC;BJPBL2600109;10-02-26;10-02-26;16/01/2026;06-03-26;13-03-26;06-03-26;28-04-26;28-04-26;;4500;IOLFT26-150;FAK;IN OCEAN;0;0;N
6702309;443;ZHEJIANG CHENGMING INDUSTRY & TRADE CO.,LTD                ;83;2025-11-25;Directo GT - FERRETERIA EPA, S.A. (Guatemala);18231,77;USD;<null>;FOB  ;FOB  ;FOB  ;71;127;2026-03-31;2026-03-31;<null>;BINTER TRADE LLC. (Dropship GT);<null>;<null>;<null>;Additional PI GT;<null>;<null>;false;false;CNY;EPA;OLO6;Produccion;80001519-1;0;Contenedor 40 HC;0;;;;;;;;;;0;0;0;0;0;0;N
6702310;443;ZHEJIANG CHENGMING INDUSTRY & TRADE CO.,LTD                ;83;2025-11-25;Directo VE - FERRETERIA EPA, C.A.;15727,50;USD;<null>;FOB  ;CIF  ;FOB  ;71;121;2026-03-10;2026-03-10;<null>;BINTER TRADE LLC. (Dropship EPA - VE) ;<null>;<null>;<null>;Additional PI VE;<null>;<null>;false;false;CNY;EPA;OLO6;Booking;80001519-2;CMA CGM;Contenedor 40 HC;0;12-03-26;12-03-26;09/03/2026;22-03-26;22-03-26;;;;;5460;0;0;IN OCEAN;0;0;N
6702311;616;ZHENJIANG HOME-RICH IMP&EXP TRADING CO.;89;2025-11-25;Directo GT - FERRETERIA EPA, S.A. (Guatemala);33994,25;USD;<null>;FOB  ;FOB  ;FOB  ;71;127;2026-03-30;2026-03-30;<null>;BINTER TRADE LLC. (Dropship GT);<null>;<null>;<null>;Additional PIGT;<null>;<null>;false;false;CNY;EPA;OLO6;Booking;80001520-1;0;Contenedor 40 HC;0;09-03-26;10-03-26;09/03/2026;07-04-26;07-04-26;;;;;0;0;0;SPARX;0;0;N
6702315;1;SHANGHAI FLORY IMP&EXP C.O LTD                             ;89;2025-11-26;Directo CR - FERRETERIA EPA, S.A.;11551,30;USD;<null>;FOB  ;FOB  ;FOB  ;71;125;2026-03-10;2026-03-10;<null>;BINTER TRADE LLC. (Dropship CR);<null>;<null>;<null>;CR2;<null>;<null>;true;true;CNY;EPA;OLO6;Booking;FANU 3639250;HAPAG LLOYD;Contenedor 40ft;HNGB00071348;17-02-26;19-02-26;11/02/2026;22-03-26;22-03-26;;;;;0;0;0;SPARX;0;0;N
6702316;1;SHANGHAI FLORY IMP&EXP C.O LTD                             ;89;2025-11-26;Directo CR - FERRETERIA EPA, S.A.;110740,24;USD;<null>;FOB  ;FOB  ;FOB  ;71;125;2025-12-31;2025-12-31;7543;BINTER TRADE LLC. (Dropship CR);-- N/A --;101795;2026-02-09;CR3;2025FR1113;110740,24;false;true;CNY;EPA;OLO6;Transito;CAIU7144932;MSC;Contenedor 40 HC;HNGB00070893;16-01-26;16-01-26;17/12/2025;06-02-26;13-02-26;09-02-26;13-03-26;28-03-26;;3150;0;NAC;SPARX;0;0;N
6702317;1;SHANGHAI FLORY IMP&EXP C.O LTD                             ;89;2025-11-26;Directo CR - FERRETERIA EPA, S.A.;104507,06;USD;<null>;FOB  ;FOB  ;FOB  ;71;125;2025-12-31;2025-12-31;7550;BINTER TRADE LLC. (Dropship CR);-- N/A --;101803;2026-02-10;CR4;2025FR1114;104507,06;false;true;CNY;EPA;OLO6;Transito;MSDU5816126;MSC;Contenedor 40 HC;HNGB00070888;16-01-26;16-01-26;17/12/2025;06-02-26;13-02-26;09-02-26;13-03-26;28-03-26;;3150;0;NAC;SPARX;0;0;N
6702318;1;SHANGHAI FLORY IMP&EXP C.O LTD                             ;89;2025-11-26;Directo CR - FERRETERIA EPA, S.A.;83426,02;USD;<null>;FOB  ;FOB  ;FOB  ;71;125;2026-03-20;2026-03-20;<null>;BINTER TRADE LLC. (Dropship CR);<null>;<null>;<null>;CR5;<null>;<null>;false;true;CNY;EPA;OLO6;Booking;80001484-33;0;Contenedor 40ft;0;17-02-26;18-02-26;11/02/2026;19-03-26;02-04-26;;;;;0;0;0;SPARX;0;0;N
6702321;1;SHANGHAI FLORY IMP&EXP C.O LTD                             ;89;2025-11-26;Directo SV - FERRETERIA EPA, S.A. DE C.V.;19229,00;USD;<null>;FOB  ;FOB  ;FOB  ;71;122;2026-03-10;2026-03-10;<null>;BINTER TRADE LLC. (Dropship SV);<null>;<null>;<null>;SV3;<null>;<null>;true;false;CNY;EPA;OLO6;Booking;80001484-36;CMA CGM;Contenedor 40 HC;0;17-02-26;19-02-26;11/02/2026;25-03-26;25-03-26;;;;;0;0;0;SPARX;0;0;N
6702322;1;SHANGHAI FLORY IMP&EXP C.O LTD                             ;89;2025-11-26;Directo SV - FERRETERIA EPA, S.A. DE C.V.;18278,76;USD;<null>;FOB  ;FOB  ;FOB  ;71;122;2026-02-20;2026-02-20;<null>;BINTER TRADE LLC. (Dropship SV);<null>;<null>;<null>;SV4;<null>;<null>;true;false;CNY;EPA;OLO6;Booking;80001484-37;CMA CGM;Contenedor 40 HC;0;17-02-26;19-02-26;11/02/2026;25-03-26;25-03-26;;;;;0;0;0;SPARX;0;0;N
6702323;1;SHANGHAI FLORY IMP&EXP C.O LTD                             ;89;2025-11-26;Directo SV - FERRETERIA EPA, S.A. DE C.V.;79967,65;USD;<null>;FOB  ;FOB  ;FOB  ;71;122;2025-12-31;2025-12-31;7552;BINTER TRADE LLC. (Dropship SV);-- N/A --;101809;2026-02-11;SV5;2025FR1120;79967,65;false;false;CNY;EPA;OLO6;Transito;MRKU0501351;MAERSK;Contenedor 40ft;SLHE26020062;14-01-26;14-01-26;17/12/2025;03-02-26;18-02-26;11-02-26;23-03-26;30-03-26;;2000;0;NAC;MASTERLINE;0;0;N
6702324;1;SHANGHAI FLORY IMP&EXP C.O LTD                             ;89;2025-11-26;Directo SV - FERRETERIA EPA, S.A. DE C.V.;43558,65;USD;<null>;FOB  ;FOB  ;FOB  ;71;122;2026-03-20;2026-03-20;<null>;BINTER TRADE LLC. (Dropship SV);<null>;<null>;<null>;SV6;<null>;<null>;false;false;CNY;EPA;OLO6;Booking;80001484-39;MAERSK;Contenedor 20ft;0;14-01-26;22-01-26;17/12/2025;31-03-26;31-03-26;;;;;0;0;0;MASTERLINE;0;0;N
6702327;1;SHANGHAI FLORY IMP&EXP C.O LTD                             ;89;2025-11-26;Directo GT - FERRETERIA EPA, S.A. (Guatemala);14346,30;USD;<null>;FOB  ;FOB  ;FOB  ;71;127;2026-03-10;2026-03-10;<null>;BINTER TRADE LLC. (Dropship GT);<null>;<null>;<null>;GT3;<null>;<null>;true;true;CNY;EPA;OLO6;Booking;80001484-42;0;Contenedor 40 HC;0;17-02-26;19-02-26;11/02/2026;18-03-26;01-04-26;;;;;0;0;0;SPARX;0;0;N
6702328;1;SHANGHAI FLORY IMP&EXP C.O LTD                             ;89;2025-11-26;Directo GT - FERRETERIA EPA, S.A. (Guatemala);16020,00;USD;<null>;FOB  ;FOB  ;FOB  ;71;127;2026-03-10;2026-03-10;<null>;BINTER TRADE LLC. (Dropship GT);<null>;<null>;<null>;GT4;<null>;<null>;true;true;CNY;EPA;OLO6;Booking;80001484-43;0;Contenedor 40 HC;0;17-02-26;19-02-26;11/02/2026;18-03-26;01-04-26;;;;;0;0;0;SPARX;0;0;N
6702329;1;SHANGHAI FLORY IMP&EXP C.O LTD                             ;89;2025-11-26;Directo GT - FERRETERIA EPA, S.A. (Guatemala);99062,43;USD;<null>;FOB  ;FOB  ;FOB  ;71;127;2025-12-31;2025-12-31;7537;BINTER TRADE LLC. (Dropship GT);-- N/A --;101797;2026-02-09;GT5;2025FR1126;99062,43;false;true;CNY;EPA;OLO6;Transito;BEAU4273865;MSC;Contenedor 40 HC;HNGB00070802;16-01-26;16-01-26;17/12/2025;01-02-26;15-02-26;01-02-26;09-03-26;09-03-26;;3350;0;NAC;SPARX;0;0;N
6702330;1;SHANGHAI FLORY IMP&EXP C.O LTD                             ;89;2025-11-26;Directo GT - FERRETERIA EPA, S.A. (Guatemala);76804,48;USD;<null>;FOB  ;FOB  ;FOB  ;71;127;2026-03-20;2026-03-20;<null>;BINTER TRADE LLC. (Dropship GT);<null>;<null>;<null>;GT6;<null>;<null>;false;true;CNY;EPA;OLO6;Booking;80001484-45;HAPAG LLOYD;Contenedor 40ft;0;17-02-26;19-02-26;11/02/2026;23-03-26;23-03-26;;;;;0;0;0;SPARX;0;0;N
6702333;1;SHANGHAI FLORY IMP&EXP C.O LTD                             ;89;2025-11-26;Directo VE - FERRETERIA EPA, C.A.;9761,34;USD;<null>;FOB  ;CIF  ;FOB  ;71;116;2026-03-10;2026-03-10;<null>;BINTER TRADE LLC. (Dropship EPA - VE) ;<null>;<null>;<null>;VE3;<null>;<null>;true;false;CNY;EPA;OLO6;Booking;FSCU7285049;CMA CGM;Contenedor 40 HC;BJPBL2600122;12-02-26;12-02-26;11/02/2026;13-03-26;23-03-26;;;;;0;0;0;IN OCEAN;0;0;N
6702334;1;SHANGHAI FLORY IMP&EXP C.O LTD                             ;89;2025-11-26;Directo VE - FERRETERIA EPA, C.A.;14952,00;USD;<null>;FOB  ;CIF  ;FOB  ;71;125;2025-12-22;2025-12-22;7481;BINTER TRADE LLC. (Dropship EPA - VE) ;-- N/A --;101702;2026-01-23;VE4;2025FR1132;14952,00;false;false;CNY;EPA;OLO6;Ingresada;CMAU8794391;CMA CGM;Contenedor 40 HC;BJPBL2600020;29-12-25;29-12-25;17/12/2025;11-01-26;25-01-26;13-01-26;13-03-26;13-03-26;01-03-26;3840;IOLFT26-035;FAK;IN OCEAN;0;0;N
6702335;1;SHANGHAI FLORY IMP&EXP C.O LTD                             ;89;2025-11-26;Directo VE - FERRETERIA EPA, C.A.;16821,00;USD;<null>;FOB  ;CIF  ;FOB  ;71;116;2026-03-10;2026-03-10;<null>;BINTER TRADE LLC. (Dropship EPA - VE) ;<null>;<null>;<null>;VE5;<null>;<null>;true;false;CNY;EPA;OLO6;Booking;80001484-51;CMA CGM;Contenedor 40 HC;0;13-03-26;13-03-26;11/02/2026;22-03-26;22-03-26;;;;;5460;0;0;IN OCEAN;0;0;N
6702336;1;SHANGHAI FLORY IMP&EXP C.O LTD                             ;89;2025-11-26;Directo VE - FERRETERIA EPA, C.A.;16020,00;USD;<null>;FOB  ;CIF  ;FOB  ;71;116;2025-12-22;2025-12-22;7479;BINTER TRADE LLC. (Dropship EPA - VE) ;-- N/A --;101703;2026-01-23;VE6;2025FR1134;16020,00;true;false;CNY;EPA;OLO6;Ingresada;SEGU5179285;CMA CGM;Contenedor 40 HC;BJPBL2600021;29-12-25;29-12-25;17/12/2025;11-01-26;25-01-26;13-01-26;13-03-26;13-03-26;01-03-26;3840;IOLFT26-034;FAK;IN OCEAN;0;0;N
6702337;1;SHANGHAI FLORY IMP&EXP C.O LTD                             ;89;2025-11-26;Directo VE - FERRETERIA EPA, C.A.;89752,04;USD;<null>;FOB  ;FOB  ;FOB  ;71;116;2025-12-31;2025-12-31;7636;BINTER TRADE LLC. (Dropship EPA - VE) ;-- N/A --;101897;2026-03-06;VE7;2025FR1135;89752,04;false;false;CNY;EPA;OLO6;Transito;TCKU6378067;CMA CGM;Contenedor 40 HC;BJPBL2600066;21-01-26;21-01-26;17/12/2025;03-02-26;18-02-26;17-02-26;23-04-26;23-04-26;;3430;IOLFT26-114;FAK;IN OCEAN;0;0;N
6702338;1;SHANGHAI FLORY IMP&EXP C.O LTD                             ;89;2025-11-26;Directo VE - FERRETERIA EPA, C.A.;98362,50;USD;<null>;FOB  ;FOB  ;FOB  ;71;125;2025-12-31;2025-12-31;7639;BINTER TRADE LLC. (Dropship EPA - VE) ;-- N/A --;101941;2026-03-13;VE8;2025FR1136;98362,50;false;false;CNY;EPA;OLO6;Transito;BEAU4656988;CMA CGM;Contenedor 40 HC;BJPBL2600065;21-01-26;21-01-26;17/12/2025;03-02-26;24-02-26;17-02-26;23-04-26;23-04-26;;3430;IOLFT26-118;FAK;IN OCEAN;0;0;N
6702339;1;SHANGHAI FLORY IMP&EXP C.O LTD                             ;89;2025-11-26;Directo VE - FERRETERIA EPA, C.A.;85195,66;USD;<null>;FOB  ;CIF  ;FOB  ;71;116;2026-03-20;2026-03-20;<null>;BINTER TRADE LLC. (Dropship EPA - VE) ;<null>;<null>;<null>;VE9;<null>;<null>;false;false;CNY;EPA;OLO6;Booking;80001484-56;CMA CGM;Contenedor 40 HC;0;12-02-26;12-02-26;11/02/2026;22-04-26;22-04-26;;;;;0;0;0;IN OCEAN;0;0;N
6702340;867;LINYI CONSMOS IMP.&EXP. CO.,LTD.;82;2025-11-26;Directo CR - FERRETERIA EPA, S.A.;19616,80;USD;<null>;FOB  ;FOB  ;FOB  ;77;125;2025-12-31;2025-12-31;7344;BINTER TRADE LLC. (Dropship CR);-- N/A --;101572;2026-01-12;CR;CM-DBT-251128A;19616,80;false;true;CNY;EPA;OLO6;Transito;MSDU8377053;MSC;Contenedor 40 HC;ASTAO515628;15-12-25;15-12-25;10/12/2025;02-01-26;18-01-26;11-01-26;20-02-26;14-03-26;;3720;0;NAC;AIR SEA WORLDWIDE;0;0;N
6702341;867;LINYI CONSMOS IMP.&EXP. CO.,LTD.;82;2025-11-26;Directo CR - FERRETERIA EPA, S.A.;20051,16;USD;<null>;FOB  ;FOB  ;FOB  ;77;125;2025-12-31;2025-12-31;7345;BINTER TRADE LLC. (Dropship CR);-- N/A --;101573;2026-01-12;CR;CM-DBT-251128B;20051,16;false;true;CNY;EPA;OLO6;Transito;TCLU5365967;MSC;Contenedor 40 HC;ASTAO515632;15-12-25;15-12-25;10/12/2025;02-01-26;18-01-26;11-01-26;20-02-26;14-03-26;;3720;0;NAC;AIR SEA WORLDWIDE;0;0;N
6702342;867;LINYI CONSMOS IMP.&EXP. CO.,LTD.;82;2025-11-26;Directo CR - FERRETERIA EPA, S.A.;20051,16;USD;<null>;FOB  ;FOB  ;FOB  ;77;125;2026-02-28;2026-02-28;<null>;BINTER TRADE LLC. (Dropship CR);<null>;<null>;<null>;CR;<null>;<null>;false;true;CNY;EPA;OLO6;Booking;80001518-3;MSC;Contenedor 40 HC;0;04-03-26;04-03-26;02/03/2026;07-04-26;27-03-26;;;;;4535;0;0;AIR SEA WORLDWIDE;0;0;N
6702343;867;LINYI CONSMOS IMP.&EXP. CO.,LTD.;82;2025-11-26;Directo CR - FERRETERIA EPA, S.A.;20002,24;USD;<null>;FOB  ;FOB  ;FOB  ;77;125;2026-02-28;2026-02-28;<null>;BINTER TRADE LLC. (Dropship CR);<null>;<null>;<null>;CR;<null>;<null>;false;true;CNY;EPA;OLO6;Booking;80001518-4;MSC;Contenedor 40 HC;0;04-03-26;04-03-26;02/03/2026;07-04-26;27-03-26;;;;;4535;0;0;AIR SEA WORLDWIDE;0;0;N
6702344;867;LINYI CONSMOS IMP.&EXP. CO.,LTD.;82;2025-11-26;Directo CR - FERRETERIA EPA, S.A.;20230,40;USD;<null>;FOB  ;FOB  ;FOB  ;77;125;2026-02-28;2026-02-28;<null>;BINTER TRADE LLC. (Dropship CR);<null>;<null>;<null>;CR;<null>;<null>;false;true;CNY;EPA;OLO6;Booking;80001518-5;MSC;Contenedor 40 HC;0;04-03-26;04-03-26;02/03/2026;07-04-26;27-03-26;;;;;4535;0;0;AIR SEA WORLDWIDE;0;0;N
6702345;867;LINYI CONSMOS IMP.&EXP. CO.,LTD.;82;2025-11-26;Directo SV - FERRETERIA EPA, S.A. DE C.V.;19490,24;USD;<null>;FOB  ;FOB  ;FOB  ;77;122;2025-12-31;2025-12-31;7366;BINTER TRADE LLC. (Dropship SV);-- N/A --;101600;2026-01-13;SV;CM-DBT-251128F;19490,24;false;false;CNY;EPA;OLO6;Transito;TRHU7582860;MSC;Contenedor 40 HC;ASTAO515617;16-12-25;16-12-25;10/12/2025;04-01-26;16-01-26;11-01-26;14-02-26;14-02-26;;3820;0;NAC;AIR SEA WORLDWIDE;0;0;N
6702346;867;LINYI CONSMOS IMP.&EXP. CO.,LTD.;82;2025-11-26;Directo SV - FERRETERIA EPA, S.A. DE C.V.;20413,64;USD;<null>;FOB  ;FOB  ;FOB  ;77;122;2025-12-31;2025-12-31;7357;BINTER TRADE LLC. (Dropship SV);-- N/A --;101594;2026-01-13;SV;CM-DBT-251128G;20413,64;false;false;CNY;EPA;OLO6;Transito;TIIU4269923;MSC;Contenedor 40 HC;ASTAO515614;16-12-25;16-12-25;10/12/2025;04-01-26;18-01-26;11-01-26;14-02-26;14-02-26;;3820;0;NAC;AIR SEA WORLDWIDE;0;0;N
6702347;867;LINYI CONSMOS IMP.&EXP. CO.,LTD.;82;2025-11-26;Directo SV - FERRETERIA EPA, S.A. DE C.V.;20339,84;USD;<null>;FOB  ;FOB  ;FOB  ;77;122;2026-02-28;2026-02-28;<null>;BINTER TRADE LLC. (Dropship SV);<null>;<null>;<null>;SV;<null>;<null>;false;false;CNY;EPA;OLO6;Booking;80001518-8;MSC;Contenedor 40 HC;0;04-03-26;04-03-26;02/03/2026;29-03-26;29-03-26;;;;;4115;0;0;AIR SEA WORLDWIDE;0;0;N
6702348;867;LINYI CONSMOS IMP.&EXP. CO.,LTD.;82;2025-11-26;Directo SV - FERRETERIA EPA, S.A. DE C.V.;20378,24;USD;<null>;FOB  ;FOB  ;FOB  ;77;122;2026-02-28;2026-02-28;<null>;BINTER TRADE LLC. (Dropship SV);<null>;<null>;<null>;SV;<null>;<null>;false;false;CNY;EPA;OLO6;Booking;80001518-9;0;Contenedor 40 HC;0;04-03-26;04-03-26;02/03/2026;07-04-26;07-04-26;;;;;4115;0;0;AIR SEA WORLDWIDE;0;0;N
6702349;867;LINYI CONSMOS IMP.&EXP. CO.,LTD.;82;2025-11-26;Directo GT - FERRETERIA EPA, S.A. (Guatemala);20398,20;USD;<null>;FOB  ;FOB  ;FOB  ;77;127;2025-12-31;2025-12-31;7368;BINTER TRADE LLC. (Dropship GT);-- N/A --;101601;2026-01-13;GT;CM-DBT-251128J;20398,20;false;false;CNY;EPA;OLO6;Transito;CAIU9947770;MSC;Contenedor 40 HC;ASTAO515630;15-12-25;15-12-25;10/12/2025;02-01-26;18-01-26;11-01-26;05-02-26;09-02-26;;3880;0;NAC;AIR SEA WORLDWIDE;0;0;N
6702350;867;LINYI CONSMOS IMP.&EXP. CO.,LTD.;82;2025-11-26;Directo GT - FERRETERIA EPA, S.A. (Guatemala);20349,28;USD;<null>;FOB  ;FOB  ;FOB  ;77;127;2026-02-28;2026-02-28;<null>;BINTER TRADE LLC. (Dropship GT);<null>;<null>;<null>;GT;<null>;<null>;false;false;CNY;EPA;OLO6;Booking;80001518-11;MSC;Contenedor 40 HC;0;04-03-26;04-03-26;02/03/2026;27-03-26;27-03-26;;;;;4570;0;0;AIR SEA WORLDWIDE;0;0;N
6702352;867;LINYI CONSMOS IMP.&EXP. CO.,LTD.;82;2025-11-26;Directo VE - FERRETERIA EPA, C.A.;21046,90;USD;<null>;FOB  ;CIF  ;FOB  ;77;116;2026-02-28;2026-02-28;<null>;BINTER TRADE LLC. (Dropship EPA - VE) ;<null>;<null>;<null>;VE;<null>;<null>;false;false;CNY;EPA;OLO6;Booking;80001518-13;0;Contenedor 40 HC;0;12-03-26;12-03-26;02/03/2026;26-03-26;26-03-26;;;;;0;0;0;IN OCEAN;0;0;N
6702353;915;JINNUO INDUSTRY (HK) CO., LIMITED.;85;2025-11-27;ZF - OVERSEAS LOGISTICS OPERATIONS;24310,00;USD;<null>;FOB  ;FOB  ;FOB  ;93;125;2026-01-26;2026-01-26;7540;BINTER TRADE LLC. (ZF);;<null>;<null>;Extra ZF CR Nov 25 CNY;20251126XT;24310,00;false;false;CNY;EPA;OLO6;Transito;HLBU1837125;HAPAG LLOYD;Contenedor 40ft;ASSNZA00016;12-01-26;12-01-26;09/01/2026;29-01-26;11-02-26;07-02-26;20-03-26;20-03-26;;3720;0;NAC;AIR SEA WORLDWIDE;0;0;N
6702354;893;TAIZHOU YOUMI HOMELIVING CO LTD;82;2025-11-28;ZF - OVERSEAS LOGISTICS OPERATIONS;21568,42;USD;<null>;FOB  ;FOB  ;FOB  ;71;125;2026-02-28;2026-02-28;<null>;BINTER TRADE LLC. (ZF);<null>;<null>;<null>;ZF;<null>;<null>;false;false;CNY;EPA;OLO6;Booking;DFSU6662482;HAPAG LLOYD;Contenedor 40 HC;ASNGBA01240;30-01-26;30-01-26;26/01/2026;22-03-26;22-03-26;;;;;3720;0;0;AIR SEA WORLDWIDE;0;0;N
6702355;893;TAIZHOU YOUMI HOMELIVING CO LTD;82;2025-11-28;ZF - OVERSEAS LOGISTICS OPERATIONS;20227,52;USD;<null>;FOB  ;FOB  ;FOB  ;71;125;2026-02-28;2026-02-28;<null>;BINTER TRADE LLC. (ZF);<null>;<null>;<null>;ZF;<null>;<null>;false;false;CNY;EPA;OLO6;Booking;HAMU2321350;HAPAG LLOYD;Contenedor 40ft;ASNGBA01238;30-01-26;30-01-26;26/01/2026;22-03-26;22-03-26;;;;;3720;0;0;AIR SEA WORLDWIDE;0;0;N
6702356;860;INTCO INTERNATIONAL(HK) CO., LIMITED;82;2025-11-28;Directo CR - FERRETERIA EPA, S.A.;18407,80;USD;<null>;FOB  ;FOB  ;FOB  ;77;125;2026-02-28;2026-02-28;<null>;BINTER TRADE LLC. (Dropship CR);<null>;<null>;<null>;CR;<null>;<null>;false;true;CNY;EPA;OLO6;Booking;PIDU4405870;PIL;Contenedor 40ft;HTAO00016284;29-01-26;29-01-26;12/01/2026;06-03-26;21-03-26;;;;;0;0;0;SPARX;0;0;N
6702357;860;INTCO INTERNATIONAL(HK) CO., LIMITED;82;2025-11-28;Directo CR - FERRETERIA EPA, S.A.;18407,80;USD;<null>;FOB  ;FOB  ;FOB  ;77;125;2026-02-28;2026-02-28;<null>;BINTER TRADE LLC. (Dropship CR);<null>;<null>;<null>;CR 2 ;<null>;<null>;false;true;CNY;EPA;OLO6;Booking;GAOU7197232;PIL;Contenedor 40ft;HTAO00016285;29-01-26;29-01-26;12/01/2026;06-03-26;20-03-26;;;;;0;0;0;SPARX;0;0;N
6702358;860;INTCO INTERNATIONAL(HK) CO., LIMITED;82;2025-11-28;Directo CR - FERRETERIA EPA, S.A.;19782,32;USD;<null>;FOB  ;FOB  ;FOB  ;77;125;2026-02-28;2026-02-28;<null>;BINTER TRADE LLC. (Dropship CR);<null>;<null>;<null>;CR 3 ;<null>;<null>;false;true;CNY;EPA;OLO6;Booking;PCIU9142053;PIL;Contenedor 40ft;HTAO00016286;29-01-26;29-01-26;12/01/2026;16-03-26;20-03-26;;;;;0;0;0;SPARX;0;0;N
6702359;860;INTCO INTERNATIONAL(HK) CO., LIMITED;82;2025-11-28;Directo CR - FERRETERIA EPA, S.A.;18407,80;USD;<null>;FOB  ;FOB  ;FOB  ;77;125;2026-02-28;2026-02-28;<null>;BINTER TRADE LLC. (Dropship CR);<null>;<null>;<null>;CR 4 ;<null>;<null>;false;true;CNY;EPA;OLO6;Booking;GCXU5181141;PIL;Contenedor 40ft;HTAO00016288;03-02-26;03-02-26;12/01/2026;16-03-26;20-03-26;;;;;0;0;0;SPARX;0;0;N
6702360;860;INTCO INTERNATIONAL(HK) CO., LIMITED;82;2025-11-28;Directo SV - FERRETERIA EPA, S.A. DE C.V.;17033,28;USD;<null>;FOB  ;FOB  ;FOB  ;77;122;2026-01-09;2026-01-09;7536;BINTER TRADE LLC. (Dropship SV);-- N/A --;101787;2026-02-06;SV;YKIRA25048;17033,28;false;false;CNY;EPA;OLO6;Transito;XHCU5372011;CMA CGM;Contenedor 40ft;HTAO00016020;22-12-25;22-12-25;16/12/2025;19-01-26;02-02-26;20-01-26;20-02-26;20-02-26;;3350;0;NAC;SPARX;0;0;N
6702361;860;INTCO INTERNATIONAL(HK) CO., LIMITED;82;2025-11-28;Directo SV - FERRETERIA EPA, S.A. DE C.V.;17033,28;USD;<null>;FOB  ;FOB  ;FOB  ;77;122;2026-01-09;2026-01-09;7535;BINTER TRADE LLC. (Dropship SV);-- N/A --;101790;2026-02-06;SV;YKIRA25050;17033,28;false;false;CNY;EPA;OLO6;Transito;ECMU4880391;CMA CGM;Contenedor 40ft;HTAO00016019;22-12-25;22-12-25;16/12/2025;19-01-26;02-02-26;20-01-26;20-02-26;20-02-26;;3350;0;NAC;SPARX;0;0;N
6702362;860;INTCO INTERNATIONAL(HK) CO., LIMITED;82;2025-11-28;Directo SV - FERRETERIA EPA, S.A. DE C.V.;18407,80;USD;<null>;FOB  ;FOB  ;FOB  ;77;122;2026-02-28;2026-02-28;<null>;BINTER TRADE LLC. (Dropship SV);<null>;<null>;<null>;SV;<null>;<null>;false;false;CNY;EPA;OLO6;Booking;TCKU6398340;CMA CGM;Contenedor 40ft;TAO00016250;29-01-26;29-01-26;12/01/2026;06-03-26;26-03-26;;;;;0;0;0;SPARX;0;0;N
6702363;860;INTCO INTERNATIONAL(HK) CO., LIMITED;82;2025-11-28;Directo SV - FERRETERIA EPA, S.A. DE C.V.;17033,28;USD;<null>;FOB  ;FOB  ;FOB  ;77;122;2026-02-28;2026-02-28;<null>;BINTER TRADE LLC. (Dropship SV);<null>;<null>;<null>;SV;<null>;<null>;false;false;CNY;EPA;OLO6;Booking;80001521-8;CMA CGM;Contenedor 40ft;0;05-03-26;05-03-26;12/01/2026;19-03-26;26-03-26;;;;;0;0;0;SPARX;0;0;N
6702364;860;INTCO INTERNATIONAL(HK) CO., LIMITED;82;2025-11-28;Directo SV - FERRETERIA EPA, S.A. DE C.V.;18407,80;USD;<null>;FOB  ;FOB  ;FOB  ;77;122;2026-02-28;2026-02-28;<null>;BINTER TRADE LLC. (Dropship SV);<null>;<null>;<null>;SV;<null>;<null>;false;false;CNY;EPA;OLO6;Booking;TLLU4539147;CMA CGM;Contenedor 40ft;HTAO00016251;29-01-26;29-01-26;12/01/2026;06-03-26;21-03-26;;;;;0;0;0;SPARX;0;0;N
6702365;860;INTCO INTERNATIONAL(HK) CO., LIMITED;82;2025-11-28;Directo SV - FERRETERIA EPA, S.A. DE C.V.;17033,28;USD;<null>;FOB  ;FOB  ;FOB  ;77;122;2026-02-28;2026-02-28;<null>;BINTER TRADE LLC. (Dropship SV);<null>;<null>;<null>;SV;<null>;<null>;false;false;CNY;EPA;OLO6;Booking;80001521-10;CMA CGM;Contenedor 40ft;0;03-02-26;03-02-26;12/01/2026;15-03-26;22-03-26;;;;;0;0;0;SPARX;0;0;N
6702366;860;INTCO INTERNATIONAL(HK) CO., LIMITED;82;2025-11-28;Directo SV - FERRETERIA EPA, S.A. DE C.V.;18407,80;USD;<null>;FOB  ;FOB  ;FOB  ;77;122;2026-01-09;2026-01-09;7534;BINTER TRADE LLC. (Dropship SV);-- N/A --;101786;2026-02-06;SV;YKIRA25049;18407,80;false;false;CNY;EPA;OLO6;Transito;CAAU4690120;CMA CGM;Contenedor 40ft;HTAO00016018;22-12-25;22-12-25;16/12/2025;19-01-26;02-02-26;20-01-26;20-02-26;20-02-26;;3350;0;NAC;SPARX;0;0;N
6702367;860;INTCO INTERNATIONAL(HK) CO., LIMITED;82;2025-11-28;Directo SV - FERRETERIA EPA, S.A. DE C.V.;21953,40;USD;<null>;FOB  ;FOB  ;FOB  ;77;122;2026-02-28;2026-02-28;<null>;BINTER TRADE LLC. (Dropship SV);<null>;<null>;<null>;SV;<null>;<null>;false;false;CNY;EPA;OLO6;Booking;CMAU6516299;CMA CGM;Contenedor 40ft;HTAO00016249;29-01-26;29-01-26;12/01/2026;06-03-26;26-03-26;;;;;0;0;0;SPARX;0;0;N
6702368;860;INTCO INTERNATIONAL(HK) CO., LIMITED;82;2025-11-28;Directo GT - FERRETERIA EPA, S.A. (Guatemala);19289,44;USD;<null>;FOB  ;FOB  ;FOB  ;77;127;2026-02-28;2026-02-28;7654;BINTER TRADE LLC. (Dropship GT);-- N/A --;101915;2026-03-11;GT;YKIRA26009;19289,44;false;false;CNY;EPA;OLO6;Transito;HAMU4076354;HAPAG LLOYD;Contenedor 40ft;HTAO00016279;29-01-26;29-01-26;12/01/2026;24-02-26;17-03-26;01-03-26;02-04-26;02-04-26;;4500;0;NAC;SPARX;0;0;N
6702369;860;INTCO INTERNATIONAL(HK) CO., LIMITED;82;2025-11-28;Directo GT - FERRETERIA EPA, S.A. (Guatemala);17786,92;USD;<null>;FOB  ;FOB  ;FOB  ;77;127;2026-02-28;2026-02-28;7653;BINTER TRADE LLC. (Dropship GT);-- N/A --;101914;2026-03-11;GT;YKIRA26010;17786,92;false;false;CNY;EPA;OLO6;Transito;FDCU0191571;HAPAG LLOYD;Contenedor 40ft;HTAO00016280;29-01-26;29-01-26;12/01/2026;24-02-26;17-03-26;01-03-26;02-04-26;02-04-26;;4500;0;NAC;SPARX;0;0;N
6702370;860;INTCO INTERNATIONAL(HK) CO., LIMITED;82;2025-11-28;Directo GT - FERRETERIA EPA, S.A. (Guatemala);17786,92;USD;<null>;FOB  ;FOB  ;FOB  ;77;127;2026-02-28;2026-02-28;7670;BINTER TRADE LLC. (Dropship GT);-- N/A --;101939;2026-03-13;GT;YKIRA26011;17786,92;false;false;CNY;EPA;OLO6;Transito;HAMU3998005;HAPAG LLOYD;Contenedor 40ft;HTAO00016281;29-01-26;29-01-26;12/01/2026;24-02-26;10-03-26;01-03-26;02-04-26;02-04-26;;4500;0;NAC;SPARX;0;0;N
6702371;860;INTCO INTERNATIONAL(HK) CO., LIMITED;82;2025-11-28;Directo GT - FERRETERIA EPA, S.A. (Guatemala);19161,44;USD;<null>;FOB  ;FOB  ;FOB  ;77;127;2026-02-28;2026-02-28;7672;BINTER TRADE LLC. (Dropship GT);-- N/A --;101942;2026-03-13;GT;YKIRA26012;19161,44;false;false;CNY;EPA;OLO6;Transito;HAMU3514522;HAPAG LLOYD;Contenedor 40ft;HTAO00016282;29-01-26;29-01-26;12/01/2026;24-02-26;10-03-26;01-03-26;02-04-26;02-04-26;;4500;0;NAC;SPARX;0;0;N
6702372;860;INTCO INTERNATIONAL(HK) CO., LIMITED;82;2025-11-28;Directo GT - FERRETERIA EPA, S.A. (Guatemala);19417,44;USD;<null>;FOB  ;FOB  ;FOB  ;77;127;2026-02-28;2026-02-28;7655;BINTER TRADE LLC. (Dropship GT);-- N/A --;101916;2026-03-11;GT;YKIRA26015;19417,44;false;false;CNY;EPA;OLO6;Transito;FANU1723757;HAPAG LLOYD;Contenedor 40ft;HTAO00016266;03-02-26;03-02-26;12/01/2026;05-03-26;19-03-26;01-03-26;02-04-26;02-04-26;;4500;0;NAC;SPARX;0;0;N
6702373;860;INTCO INTERNATIONAL(HK) CO., LIMITED;82;2025-11-28;Directo VE - FERRETERIA EPA, C.A.;15791,52;USD;<null>;FOB  ;CIF  ;FOB  ;77;116;2026-01-09;2026-01-09;7493;BINTER TRADE LLC. (Dropship EPA - VE) ;-- N/A --;101743;2026-01-27;VE;YKIRA25047;15791,52;false;false;CNY;EPA;OLO6;Ingresada;DFSU6701315;CMA CGM;Contenedor 20ft;BJPBL2600018;30-12-25;30-12-25;16/12/2025;09-01-26;30-01-26;20-01-26;17-03-26;17-03-26;10-03-26;4130;0;FAK;IN OCEAN;0;0;N
6702374;860;INTCO INTERNATIONAL(HK) CO., LIMITED;82;2025-11-28;Directo VE - FERRETERIA EPA, C.A.;14417,00;USD;<null>;FOB  ;FOB  ;FOB  ;77;116;2026-02-28;2026-02-28;<null>;BINTER TRADE LLC. (Dropship EPA - VE) ;<null>;<null>;<null>;VE;<null>;<null>;false;false;CNY;EPA;OLO6;Produccion;80001521-19;0;Contenedor 20ft;0;;;12/01/2026;13-03-26;03-04-26;;;;;0;0;0;IN OCEAN;0;0;N
6702375;860;INTCO INTERNATIONAL(HK) CO., LIMITED;82;2025-11-28;Directo VE - FERRETERIA EPA, C.A.;15791,52;USD;<null>;FOB  ;FOB  ;FOB  ;77;116;2026-02-28;2026-02-28;<null>;BINTER TRADE LLC. (Dropship EPA - VE) ;<null>;<null>;<null>;VE;<null>;<null>;false;false;CNY;EPA;OLO6;Produccion;80001521-20;0;Contenedor 20ft;0;;;12/01/2026;13-03-26;03-04-26;;;;;0;0;0;IN OCEAN;0;0;N
6702376;621;HANGZHOU JUKINGS TECH CO,. LTD;82;2025-12-02;ZF - OVERSEAS LOGISTICS OPERATIONS;52653,76;USD;<null>;FOB  ;FOB  ;FOB  ;71;125;2026-01-28;2026-01-28;7614;BINTER TRADE LLC. (ZF);;<null>;<null>;ZF;J113172512;52653,76;true;false;CNY;EPA;OLO6;Transito;UACU8439091;HAPAG LLOYD;Contenedor 40ft;ASNGBA00621;16-01-26;19-01-26;14/01/2026;03-02-26;10-02-26;05-02-26;20-03-26;20-03-26;;2700;0;NAC;AIR SEA WORLDWIDE;0;0;N
6702377;380;QINGDAO YUDING METAL PRODUCTS CO.LTD                       ;85;2025-12-03;Directo VE - Febeca, C.A.;20050,50;USD;<null>;FOB  ;CIF  ;FOB  ;77;116;2026-01-05;2026-01-05;7546;Febeca, C.A.;-- N/A --;101833;2026-02-18;25/11/2025;BAC6702377;20050,50;false;false;COMPRAS A TERCEROS;TERCEROS;OLO6;Ingresada;APHU7207531;CMA CGM;Contenedor 40 HC;BJPBL2600017;29-12-25;29-12-25;22/12/2025;09-01-26;23-01-26;20-01-26;17-03-26;17-03-26;10-03-26;4130;IOLFT26-054;FAK;IN OCEAN;0;0;N
6702378;347;NINGBO METALIQUE HOME SUPPLIES CO.,LTD;89;2025-12-03;Directo VE - FERRETERIA EPA, C.A.;115209,60;USD;<null>;FOB  ;CIF  ;FOB  ;71;116;2026-01-10;2026-01-10;7662;BINTER TRADE LLC. (Dropship EPA - VE) ;-- N/A --;101934;2026-03-13;VE1;MK-250153;115209,60;false;false;CNY;EPA;OLO6;Transito;FCIU7182695;CMA CGM;Contenedor 40 HC;BJPBL2600085;27-01-26;27-01-26;16/01/2026;08-02-26;28-02-26;21-02-26;10-04-26;10-04-26;;3430;IOLFT26-123;FAK;IN OCEAN;0;0;N
6702379;347;NINGBO METALIQUE HOME SUPPLIES CO.,LTD;89;2025-12-03;Directo VE - FERRETERIA EPA, C.A.;114611,60;USD;<null>;FOB  ;CIF  ;FOB  ;71;116;2026-01-10;2026-01-10;7662;BINTER TRADE LLC. (Dropship EPA - VE) ;-- N/A --;101935;2026-03-13;VE2;MK-250153-1;114611,60;false;false;CNY;EPA;OLO6;Transito;ECMU5742571;CMA CGM;Contenedor 40 HC;BJPBL2600085;27-01-26;27-01-26;16/01/2026;08-02-26;28-02-26;21-02-26;10-04-26;10-04-26;;3430;IOLFT26-123;FAK;IN OCEAN;0;0;N
6702380;347;NINGBO METALIQUE HOME SUPPLIES CO.,LTD;89;2025-12-03;Directo VE - FERRETERIA EPA, C.A.;114611,60;USD;<null>;FOB  ;CIF  ;FOB  ;71;116;2026-01-10;2026-01-10;7662;BINTER TRADE LLC. (Dropship EPA - VE) ;-- N/A --;101936;2026-03-13;VE3;MK-250153-2;114611,60;false;false;CNY;EPA;OLO6;Transito;FSCU7123710;CMA CGM;Contenedor 40 HC;BJPBL2600085;27-01-26;27-01-26;16/01/2026;08-02-26;28-02-26;21-02-26;10-04-26;10-04-26;;3430;IOLFT26-123;FAK;IN OCEAN;0;0;N
6702381;347;NINGBO METALIQUE HOME SUPPLIES CO.,LTD;89;2025-12-03;Directo VE - FERRETERIA EPA, C.A.;114628,60;USD;<null>;FOB  ;CIF  ;FOB  ;71;116;2026-01-10;2026-01-10;7662;BINTER TRADE LLC. (Dropship EPA - VE) ;-- N/A --;101937;2026-03-13;VE4;MK-250153-3;114628,60;false;false;CNY;EPA;OLO6;Transito;FBLU0055496;CMA CGM;Contenedor 40 HC;BJPBL2600085;27-01-26;27-01-26;16/01/2026;08-02-26;28-02-26;21-02-26;10-04-26;10-04-26;;3430;IOLFT26-123;FAK;IN OCEAN;0;0;N
6702382;347;NINGBO METALIQUE HOME SUPPLIES CO.,LTD;89;2025-12-03;Directo VE - FERRETERIA EPA, C.A.;114957,60;USD;<null>;FOB  ;CIF  ;FOB  ;71;116;2026-03-30;2026-03-30;<null>;BINTER TRADE LLC. (Dropship EPA - VE) ;<null>;<null>;<null>;VE5;<null>;<null>;false;false;CNY;EPA;OLO6;Booking;80001487-5;0;Contenedor 40 HC;0;12-03-26;12-03-26;;15-04-26;15-04-26;;;;;0;0;0;0;0;0;N
6702383;347;NINGBO METALIQUE HOME SUPPLIES CO.,LTD;89;2025-12-03;Directo VE - FERRETERIA EPA, C.A.;87160,60;USD;<null>;FOB  ;CIF  ;FOB  ;71;116;2026-03-30;2026-03-30;<null>;BINTER TRADE LLC. (Dropship EPA - VE) ;<null>;<null>;<null>;VE6;<null>;<null>;false;false;CNY;EPA;OLO6;Booking;80001487-6;0;Contenedor 40ft;0;12-03-26;12-03-26;;15-04-26;15-04-26;;;;;0;0;0;0;0;0;N
6702384;347;NINGBO METALIQUE HOME SUPPLIES CO.,LTD;89;2025-12-03;Directo VE - FERRETERIA EPA, C.A.;86204,60;USD;<null>;FOB  ;CIF  ;FOB  ;71;116;2026-03-30;2026-03-30;<null>;BINTER TRADE LLC. (Dropship EPA - VE) ;<null>;<null>;<null>;VE7;<null>;<null>;false;false;CNY;EPA;OLO6;Booking;80001487-7;0;Contenedor 40ft;0;12-03-26;12-03-26;;15-04-26;15-04-26;;;;;0;0;0;0;0;0;N
6702385;347;NINGBO METALIQUE HOME SUPPLIES CO.,LTD;89;2025-12-03;Directo CR - FERRETERIA EPA, S.A.;116842,40;USD;<null>;FOB  ;FOB  ;FOB  ;71;125;2026-01-10;2026-01-10;7607;BINTER TRADE LLC. (Dropship CR);-- N/A --;101866;2026-02-24;CR1;MK-250154;116842,40;false;true;CNY;EPA;OLO6;Transito;CAIU8720668;MSC;Contenedor 40 HC;HNGB00070891;20-01-26;22-01-26;16/01/2026;05-02-26;19-02-26;09-02-26;13-03-26;28-03-26;;4650;0;NAC;SPARX;0;0;N
6702386;347;NINGBO METALIQUE HOME SUPPLIES CO.,LTD;89;2025-12-03;Directo CR - FERRETERIA EPA, S.A.;116842,40;USD;<null>;FOB  ;FOB  ;FOB  ;71;125;2026-01-10;2026-01-10;7568;BINTER TRADE LLC. (Dropship CR);-- N/A --;101852;2026-02-19;CR2;MK-250154-1;116842,40;false;true;CNY;EPA;OLO6;Transito;TGBU5536440;MSC;Contenedor 40 HC;HNGB00070892;20-01-26;22-01-26;16/01/2026;05-02-26;20-02-26;14-02-26;20-03-26;03-04-26;;4650;0;NAC;SPARX;0;0;N
6702387;347;NINGBO METALIQUE HOME SUPPLIES CO.,LTD;89;2025-12-03;Directo CR - FERRETERIA EPA, S.A.;117691,90;USD;<null>;FOB  ;FOB  ;FOB  ;71;125;2026-03-30;2026-03-30;<null>;BINTER TRADE LLC. (Dropship CR);<null>;<null>;<null>;CR3;<null>;<null>;false;true;CNY;EPA;OLO6;Booking;80001487-10;CMA CGM;Contenedor 40 HC;0;05-03-26;05-03-26;;12-04-26;31-03-26;;;;;0;0;0;0;0;0;N
6702388;347;NINGBO METALIQUE HOME SUPPLIES CO.,LTD;89;2025-12-03;Directo SV - FERRETERIA EPA, S.A. DE C.V.;114450,90;USD;<null>;FOB  ;FOB  ;FOB  ;71;122;2026-01-10;2026-01-10;7604;BINTER TRADE LLC. (Dropship SV);-- N/A --;101856;2026-02-23;SV1;MK-250155;114450,90;false;false;CNY;EPA;OLO6;Transito;CMAU7057194;CMA CGM;Contenedor 40 HC;HNGB00070860;21-01-26;21-01-26;16/01/2026;15-02-26;24-02-26;15-02-26;03-04-26;03-04-26;;4490;0;NAC;SPARX;0;0;N
6702389;347;NINGBO METALIQUE HOME SUPPLIES CO.,LTD;89;2025-12-03;Directo SV - FERRETERIA EPA, S.A. DE C.V.;98298,30;USD;<null>;FOB  ;FOB  ;FOB  ;71;122;2026-03-30;2026-03-30;<null>;BINTER TRADE LLC. (Dropship SV);<null>;<null>;<null>;SV2;<null>;<null>;false;false;CNY;EPA;OLO6;Booking;80001487-12;CMA CGM;Contenedor 40ft;0;05-03-26;05-03-26;;08-04-26;08-04-26;;;;;0;0;0;0;0;0;N
6702390;347;NINGBO METALIQUE HOME SUPPLIES CO.,LTD;89;2025-12-03;Directo GT - FERRETERIA EPA, S.A. (Guatemala);132952,60;USD;<null>;FOB  ;FOB  ;FOB  ;71;127;2026-01-10;2026-01-10;7612;BINTER TRADE LLC. (Dropship GT);-- N/A --;101887;2026-03-04;GT1;MK-240156;132952,60;false;false;CNY;EPA;OLO6;Transito;MEDU7532672;MSC;Contenedor 40 HC;HNGB00070895;20-01-26;22-01-26;16/01/2026;09-02-26;23-02-26;10-02-26;18-03-26;18-03-26;;3350;0;NAC;SPARX;0;0;N
6702391;347;NINGBO METALIQUE HOME SUPPLIES CO.,LTD;89;2025-12-03;Directo GT - FERRETERIA EPA, S.A. (Guatemala);115909,10;USD;<null>;FOB  ;FOB  ;FOB  ;71;122;2026-01-10;2026-01-10;7634;BINTER TRADE LLC. (Dropship GT);-- N/A --;101891;2026-03-05;GT2;MK-240156-1;115909,10;false;false;CNY;EPA;OLO6;Transito;GLDU7682990;MSC;Contenedor 40ft;HNGB00070896;22-01-26;22-01-26;16/01/2026;09-02-26;23-02-26;10-02-26;18-03-26;18-03-26;;3350;0;NAC;SPARX;0;0;N
6702392;347;NINGBO METALIQUE HOME SUPPLIES CO.,LTD;89;2025-12-03;Directo GT - FERRETERIA EPA, S.A. (Guatemala);111566,60;USD;<null>;FOB  ;FOB  ;FOB  ;71;122;2026-03-30;2026-03-30;<null>;BINTER TRADE LLC. (Dropship GT);<null>;<null>;<null>;GT3;<null>;<null>;false;false;CNY;EPA;OLO6;Booking;80001487-15;HAPAG LLOYD;Contenedor 40ft;0;05-03-26;05-03-26;;08-04-26;29-03-26;;;;;0;0;0;0;0;0;N
6702393;922;Xiamen Super Star Arts and Crafts Co., L;83;2025-12-03;Directo CR - FERRETERIA EPA, S.A.;6504,00;USD;<null>;FOB  ;FOB  ;FOB  ;108;214;2026-02-15;2026-02-15;7676;BINTER TRADE LLC. (Dropship CR);-- N/A --;101947;2026-03-16;PI1ZF;XSF-25136-1A;6504,00;false;false;CNY;EPA;OLO6;Transito;MSDU4649430;MSC;Contenedor 40ft;ASXMGA00033;10-02-26;10-02-26;02/02/2026;18-03-26;18-03-26;;;;;2950;0;0;AIR SEA WORLDWIDE;0;0;N
6702394;922;Xiamen Super Star Arts and Crafts Co., L;83;2025-12-03;ZF - OVERSEAS LOGISTICS OPERATIONS;14311,00;USD;<null>;FOB  ;<null>;<null>;108;214;2026-02-15;2026-02-15;<null>;BINTER TRADE LLC. (ZF);<null>;<null>;<null>;PI1ZF;<null>;<null>;false;false;CNY;EPA;OLO6;Booking;MSDU4649430;MSC;Contenedor 40ft;ASXMGA00031;10-02-26;10-02-26;02/02/2026;18-03-26;25-03-26;;;;;0;0;0;AIR SEA WORLDWIDE;0;0;N
6702395;922;Xiamen Super Star Arts and Crafts Co., L;83;2025-12-03;Directo CR - FERRETERIA EPA, S.A.;6504,00;USD;<null>;FOB  ;FOB  ;FOB  ;108;214;2026-03-31;2026-03-31;<null>;BINTER TRADE LLC. (Dropship CR);<null>;<null>;<null>;PI2ZF;<null>;<null>;false;false;CNY;EPA;OLO6;Produccion;80001522-U2;0;Contenedor 40ft;0;;;17/03/2026;;;;;;;0;0;0;AIR SEA WORLDWIDE;0;0;N
6702396;922;Xiamen Super Star Arts and Crafts Co., L;83;2025-12-03;ZF - OVERSEAS LOGISTICS OPERATIONS;14311,00;USD;<null>;FOB  ;<null>;<null>;108;214;2026-03-31;2026-03-31;<null>;BINTER TRADE LLC. (ZF);<null>;<null>;<null>;PI2ZF;<null>;<null>;false;false;CNY;EPA;OLO6;Produccion;80001522-U2;0;Contenedor 40ft;0;;;17/03/2026;;;;;;;0;0;0;AIR SEA WORLDWIDE;0;0;N
6702400;603;HENAN TOPCERA SANITARY WARE CO., LTD;89;2025-12-08;Directo GT - FERRETERIA EPA, S.A. (Guatemala);12804,00;USD;<null>;FOB  ;FOB  ;FOB  ;77;127;2025-12-15;2025-12-15;7418;BINTER TRADE LLC. (Dropship GT);-- N/A --;101670;2026-01-19;GT;STB-2025029;12804,00;false;false;PEDIDO ESPECIAL;EPA;OLO6;Transito;TEMU8296471;MSC;Contenedor 40 HC;ASTAO515317;17-12-25;17-12-25;15/12/2025;26-12-25;16-01-26;08-01-26;30-01-26;09-02-26;;3555;0;NAC;AIR SEA WORLDWIDE;0;0;N
6702401;1;SHANGHAI FLORY IMP&EXP C.O LTD                             ;89;2025-12-10;Directo GT - FERRETERIA EPA, S.A. (Guatemala);5200,00;USD;<null>;FOB  ;FOB  ;FOB  ;71;127;2026-03-20;2026-03-20;<null>;BINTER TRADE LLC. (Dropship GT);<null>;<null>;<null>;A-6702330;<null>;<null>;false;true;PEDIDO ESPECIAL;EPA;OLO6;Booking;80001484-45;HAPAG LLOYD;Contenedor 40ft;0;17-02-26;19-02-26;11/02/2026;23-03-26;23-03-26;;;;;0;0;0;SPARX;0;0;N
6702402;929;Jianzhi International Trade (Tianjin) Co;87;2026-03-13;Directo VE - Febeca, C.A.;55299,44;USD;<null>;FOB  ;CIF  ;FOB  ;98;116;2026-01-20;2026-01-20;<null>;<null>;<null>;<null>;<null>;10-dic-25;<null>;<null>;false;false;COMPRAS A TERCEROS;MCG;OLO6;Transito;FCIU5403903;CMA CGM;Contenedor 20ft;BJPBL2600115;09-02-26;09-02-26;;10-03-26;17-03-26;09-03-26;28-04-26;28-04-26;;5095;IOLFT26-164;FAK;IN OCEAN;0;0;N
6702403;925;SHIJIAZHUANG FAR EAST IMPORT & EXPORT TR;89;2025-12-16;Directo CR - FERRETERIA EPA, S.A.;23998,52;USD;<null>;FOB  ;FOB  ;FOB  ;91;125;2026-01-23;2026-01-23;7605;BINTER TRADE LLC. (Dropship CR);-- N/A --;101900;2026-03-06;CR;25-B1190184401 -1;23998,52;false;false;CNY;EPA;OLO6;Transito;TGHU6228417;HAPAG LLOYD;Contenedor 40ft;ASSHAA00138;08-01-26;08-01-26;06/01/2026;06-02-26;18-02-26;13-02-26;27-03-26;27-03-26;;2700;0;NAC;AIR SEA WORLDWIDE;0;0;N
6702404;925;SHIJIAZHUANG FAR EAST IMPORT & EXPORT TR;89;2025-12-16;ZF - OVERSEAS LOGISTICS OPERATIONS;7595,64;USD;<null>;FOB  ;FOB  ;FOB  ;91;125;2026-01-23;2026-01-23;7645;BINTER TRADE LLC. (ZF);;<null>;<null>;ZF1;25-B1190184401 -2;7595,64;false;false;CNY;EPA;OLO6;Transito;TGHU6228417;HAPAG LLOYD;Contenedor 40ft;ASSHAA00138A;08-01-26;08-01-26;06/01/2026;06-02-26;18-02-26;13-02-26;27-03-26;27-03-26;;0;0;NAC;AIR SEA WORLDWIDE;0;0;N
6702405;925;SHIJIAZHUANG FAR EAST IMPORT & EXPORT TR;89;2025-12-16;ZF - OVERSEAS LOGISTICS OPERATIONS;31594,16;USD;<null>;FOB  ;FOB  ;FOB  ;91;125;2026-01-23;2026-01-23;7646;BINTER TRADE LLC. (ZF);;<null>;<null>;ZF2;25-B1190184401 -3;31594,16;false;false;CNY;EPA;OLO6;Transito;FANU3752815;HAPAG LLOYD;Contenedor 40ft;ASSHAA00137;08-01-26;08-01-26;06/01/2026;06-02-26;18-02-26;13-02-26;27-03-26;27-03-26;;3720;0;NAC;AIR SEA WORLDWIDE;0;0;N
6702406;2;CHIN HUEI PLASTIC INDUSTRIAL JOINT STOCK;83;2025-12-17;ZF - OVERSEAS LOGISTICS OPERATIONS;48672,76;USD;<null>;FOB  ;FOB  ;FOB  ;29;125;2026-02-02;2026-02-02;7615;BINTER TRADE LLC. (ZF);;<null>;<null>;PI1ZF;CHMA2603;48672,76;false;false;PEDIDO COMPRA;EPA;OLO6;Transito;SLSU8028068;HAPAG LLOYD;Contenedor 40 HC;ASHCMA00119;22-01-26;22-01-26;15/01/2026;08-02-26;22-02-26;11-02-26;10-04-26;24-04-26;;3700;0;NAC;AIR SEA WORLDWIDE;0;0;N
6702407;2;CHIN HUEI PLASTIC INDUSTRIAL JOINT STOCK;83;2025-12-17;Directo VE - FERRETERIA EPA, C.A.;21882,64;USD;<null>;FOB  ;CIF  ;FOB  ;29;116;2026-02-02;2026-02-02;7608;BINTER TRADE LLC. (Dropship EPA - VE) ;-- N/A --;101860;2026-02-23;PI2VE+FB;CHMA2604;21882,64;false;false;PEDIDO COMPRA;EPA;OLO6;Transito;CXDU1103576;MSC;Contenedor 40 HC;DPBL2602FD0001A;22-01-26;22-01-26;15/01/2026;07-02-26;14-02-26;09-02-26;03-04-26;03-04-26;;4250;IOLFT26-102;FAK;IN OCEAN;0;0;N
6702408;2;CHIN HUEI PLASTIC INDUSTRIAL JOINT STOCK;83;2025-12-17;Directo VE - Febeca, C.A.;26115,60;USD;<null>;FOB  ;CIF  ;FOB  ;29;116;2026-02-02;2026-02-02;7609;BINTER TRADE LLC. (Dropship FEBECA - VE) ;-- N/A --;101861;2026-02-24;PI2VE+FB;CHMA2604-1;26115,60;false;false;PEDIDO COMPRA;Febeca;OLO6;Transito;CXDU1103576;MSC;Contenedor 40 HC;DPBL2602FD0001B;22-01-26;22-01-26;15/01/2026;07-02-26;14-02-26;09-02-26;03-04-26;03-04-26;;0;IOLFT26-102;FAK;IN OCEAN;0;0;N
6702409;2;CHIN HUEI PLASTIC INDUSTRIAL JOINT STOCK;83;2025-12-17;Directo VE - Febeca, C.A.;59464,44;USD;<null>;FOB  ;CIF  ;FOB  ;29;116;2026-02-26;2026-02-26;<null>;BINTER TRADE LLC. (Dropship FEBECA - VE) ;<null>;<null>;<null>;PI3FB;<null>;<null>;false;false;PEDIDO COMPRA;Febeca;OLO6;Transito;MSNU7364827;MSC;Contenedor 40 HC;DPBL2603FD0001;26-02-26;26-02-26;10/02/2026;12-03-26;19-03-26;14-03-26;01-05-26;01-05-26;;0;0;0;IN OCEAN;0;0;N
6702410;927;HANGZHOU PROSTAR ENTERPRISES LTD.;82;2025-12-17;ZF - OVERSEAS LOGISTICS OPERATIONS;453,00;USD;<null>;FOB  ;FOB  ;FOB  ;91;125;2026-03-16;2026-03-16;<null>;BINTER TRADE LLC. (ZF);<null>;<null>;<null>;25D2377;<null>;<null>;false;false;PEDIDO COMPRA;EPA;OLO6;Booking;VTCN600811;HAPAG LLOYD;Contenedor 20ft;0;11-03-26;11-03-26;09/03/2026;01-04-26;01-04-26;;;;;4335;0;0;AIR SEA WORLDWIDE;0;0;N
6702411;928;HANGZHOU PROSTAR ENTERPRISES LTD. EMT;82;2025-12-17;ZF - OVERSEAS LOGISTICS OPERATIONS;27478,36;USD;<null>;FOB  ;FOB  ;FOB  ;91;125;2026-03-16;2026-03-16;<null>;BINTER TRADE LLC. (ZF);<null>;<null>;<null>;25D2377;<null>;<null>;false;false;PEDIDO COMPRA;EPA;OLO6;Booking;VTCN600811;HAPAG LLOYD;Contenedor 20ft;0;11-03-26;11-03-26;09/03/2026;01-04-26;01-04-26;;;;;0;0;0;AIR SEA WORLDWIDE;0;0;N
6702413;1000021;ANCHOR ALLIED FACTORY LLC;87;2025-12-19;Directo VE - Febeca, C.A.;43999,68;USD;<null>;EXW  ;EXW  ;<null>;198;116;2026-03-02;2026-03-02;<null>;BINTER TRADE LLC. (Dropship FEBECA - VE) ;<null>;<null>;<null>;ASMACO - DICIEMBRE 2025 - FEBECA ;<null>;<null>;false;false;PEDIDO COMPRA;MCG;OLO6;Produccion;0;0;0;0;;;;;;;;;;0;0;0;0;0;0;N
6702414;1000021;ANCHOR ALLIED FACTORY LLC;87;2025-12-19;Directo VE - Febeca, C.A.;3774,60;USD;<null>;EXW  ;EXW  ;<null>;198;116;2026-03-02;2026-03-02;<null>;BINTER TRADE LLC. (Dropship FEBECA - VE) ;<null>;<null>;<null>;ASMACO - DICIEMBRE 2025 - SILLACA;<null>;<null>;false;false;PEDIDO COMPRA;MCG;OLO6;Produccion;0;0;0;0;;;;;;;;;;0;0;0;0;0;0;N
6702418;1000021;ANCHOR ALLIED FACTORY LLC;87;2025-12-19;Directo VE - Febeca, C.A.;20953,20;USD;<null>;EXW  ;EXW  ;<null>;198;116;2026-03-03;2026-03-03;<null>;BINTER TRADE LLC. (Dropship FEBECA - VE) ;<null>;<null>;<null>;ASMACO - DICIEMBRE 2025 - EPA;<null>;<null>;false;false;PEDIDO COMPRA;MCG;OLO6;Produccion;0;0;0;0;;;;;;;;;;0;0;0;0;0;0;N
6702419;1000021;ANCHOR ALLIED FACTORY LLC;87;2025-12-19;Directo VE - FERRETERIA EPA, C.A.;28746,00;USD;<null>;EXW  ;EXW  ;<null>;198;116;2026-03-02;2026-03-02;<null>;BEVAL, C.A.;<null>;<null>;<null>;ASMACO - DICIEMBRE 2025 - BEVAL;<null>;<null>;false;false;PEDIDO COMPRA;MCG;OLO6;Produccion;0;0;0;0;;;;;;;;;;0;0;0;0;0;0;N
6702420;603;HENAN TOPCERA SANITARY WARE CO., LTD;89;2025-12-24;Directo CR - Consorcio Ferretero San Jose S.A;11648,00;USD;<null>;FOB  ;FOB  ;FOB  ;77;125;2025-12-30;2025-12-30;7400;BINTER TRADE LLC. (Dropship Cofersa);-- N/A --;101648;2026-01-16;CO1;STB-2025030;11648,00;false;false;CNY;EPA;OLO6;Transito;BMOU6954306;MSC;Contenedor 40 HC;ASTAOA00307;05-01-26;05-01-26;29/12/2025;16-01-26;23-01-26;23-01-26;02-02-26;21-03-26;;3729;0;NAC;AIR SEA WORLDWIDE;0;0;N
6702421;603;HENAN TOPCERA SANITARY WARE CO., LTD;89;2025-12-24;Directo CR - Consorcio Ferretero San Jose S.A;11648,00;USD;<null>;FOB  ;FOB  ;FOB  ;77;125;2025-12-30;2025-12-30;7401;BINTER TRADE LLC. (Dropship Cofersa);-- N/A --;101649;2026-01-16;CO2;STB-2025031;11648,00;false;false;CNY;EPA;OLO6;Transito;UETU6633780;CMA CGM;Contenedor 40 HC;ASTAOA00305;05-01-26;05-01-26;29/12/2025;19-01-26;23-01-26;23-01-26;27-02-26;21-03-26;;3720;0;NAC;AIR SEA WORLDWIDE;0;0;N
6702422;603;HENAN TOPCERA SANITARY WARE CO., LTD;89;2025-12-24;Directo CR - FERRETERIA EPA, S.A.;11648,00;USD;<null>;FOB  ;FOB  ;FOB  ;77;125;2025-12-30;2025-12-30;7402;BINTER TRADE LLC. (Dropship CR);-- N/A --;101650;2026-01-16;CR1;STB-2025032;11648,00;false;false;CNY;EPA;OLO6;Transito;MEDU7104993;MSC;Contenedor 40 HC;ASTAOA00306;05-01-26;05-01-26;29/12/2025;16-01-26;23-01-26;23-01-26;27-02-26;21-03-26;;3720;0;NAC;AIR SEA WORLDWIDE;0;0;N
6702423;603;HENAN TOPCERA SANITARY WARE CO., LTD;89;2025-12-24;Directo SV - FERRETERIA EPA, S.A. DE C.V.;11648,00;USD;<null>;FOB  ;FOB  ;FOB  ;77;122;2025-12-30;2025-12-30;7518;BINTER TRADE LLC. (Dropship SV);-- N/A --;101767;2026-02-02;SV1;STB-2025033;11648,00;false;false;CNY;EPA;OLO6;Transito;FFAU5543702;MSC;Contenedor 40 HC;ASTAOA00301;05-01-26;05-01-26;29/12/2025;16-01-26;03-02-26;24-01-26;03-03-26;03-03-26;;3820;0;NAC;AIR SEA WORLDWIDE;0;0;N
6702424;603;HENAN TOPCERA SANITARY WARE CO., LTD;89;2025-12-24;Directo SV - FERRETERIA EPA, S.A. DE C.V.;11648,00;USD;<null>;FOB  ;FOB  ;FOB  ;77;122;2025-12-30;2025-12-30;7517;BINTER TRADE LLC. (Dropship SV);-- N/A --;101766;2026-02-02;SV;STB-2025034;11648,00;false;false;CNY;EPA;OLO6;Transito;CAAU5589839;MSC;Contenedor 40 HC;ASTAOA00757;05-01-26;05-01-26;29/12/2025;25-01-26;08-02-26;30-01-26;07-03-26;07-03-26;;3820;0;NAC;AIR SEA WORLDWIDE;0;0;N
6702425;603;HENAN TOPCERA SANITARY WARE CO., LTD;89;2025-12-24;Directo VE - FERRETERIA EPA, C.A.;14045,60;USD;<null>;FOB  ;CIF  ;FOB  ;77;116;2025-12-30;2025-12-30;7668;BINTER TRADE LLC. (Dropship EPA - VE) ;-- N/A --;101933;2026-03-13;VE;STB-2025035;14045,60;false;false;CNY;EPA;OLO6;Transito;CMAU3954223;CMA CGM;Contenedor 40 HC;BJPBL2600098;27-01-26;30-01-26;29/12/2025;13-02-26;06-03-26;01-03-26;14-04-26;14-04-26;;3430;IOLFT26-145;FAK;IN OCEAN;0;0;N
6702426;1000021;ANCHOR ALLIED FACTORY LLC;87;2025-12-30;Directo CR - Consorcio Ferretero San Jose S.A;61617,52;USD;<null>;EXW  ;EXW  ;<null>;198;125;2026-03-30;2026-03-30;<null>;BINTER TRADE LLC. (Dropship Cofersa);<null>;<null>;<null>;ASMACO - PEDIDO COFERSA 2025 ;<null>;<null>;false;false;PEDIDO COMPRA;MCG;OLO6;Produccion;0;0;0;0;;;;;;;;;;0;0;0;0;0;0;N
6702427;894;PEDROLLO S.P.A.;87;2026-01-08;Directo VE - Febeca, C.A.;234435,95;EUR;<null>;CIF  ;CIF  ;CIF  ;121;121;2026-03-05;2026-03-05;7628;BINTER TRADE LLC. (Dropship FEBECA - VE) ;-- N/A --;101893;2026-03-06;PEDROLLO - PEDIDO FINAL ;V326000181;234435,95;false;false;PEDIDO COMPRA;MCG;OLO6;Transito;TGHU5197353;ZIM LINES;Contenedor 40 HC;ZIMUGOA1088826;27-02-26;27-02-26;;06-03-26;06-03-26;;;;;5800,26;0;0;DEFINIDO POR EL PROVEEDOR;0;0;N
6702431;329;TAIZHOU BAOLI LEISURE PRODUCTS CO.,LTD                     ;85;2026-01-14;Directo SV - FERRETERIA EPA, S.A. DE C.V.;15767,40;USD;<null>;FOB  ;FOB  ;FOB  ;71;122;2026-02-02;2026-02-02;7611;BINTER TRADE LLC. (Dropship SV);-- N/A --;101864;2026-02-24;SV #1 Enero 26 Mayoreo;BLN26D093;15767,40;false;false;PEDIDO COMPRA;EPA;OLO6;Transito;APHU7090677;CMA CGM;Contenedor 40 HC;HNGB00070967;27-01-26;28-01-26;23/01/2026;11-02-26;25-02-26;15-02-26;03-04-26;03-04-26;;4490;0;NAC;SPARX;0;0;N
6702432;329;TAIZHOU BAOLI LEISURE PRODUCTS CO.,LTD                     ;85;2026-01-14;Directo SV - FERRETERIA EPA, S.A. DE C.V.;15767,40;USD;<null>;FOB  ;FOB  ;FOB  ;71;122;2026-02-23;2026-02-23;7635;BINTER TRADE LLC. (Dropship SV);-- N/A --;101890;2026-03-05;SV #2 Enero 26 Mayoreo;BLN26D094;15767,40;false;false;PEDIDO COMPRA;EPA;OLO6;Transito;TRHU7168124;CMA CGM;Contenedor 40 HC;HNGB00071128;27-01-26;29-01-26;23/01/2026;04-03-26;11-03-26;03-03-26;16-04-26;16-04-26;;4350;0;NAC;SPARX;0;0;N
6702433;329;TAIZHOU BAOLI LEISURE PRODUCTS CO.,LTD                     ;85;2026-01-14;Directo SV - FERRETERIA EPA, S.A. DE C.V.;15767,40;USD;<null>;FOB  ;FOB  ;FOB  ;71;122;2026-03-16;2026-03-16;<null>;BINTER TRADE LLC. (Dropship SV);<null>;<null>;<null>;SV #3 Enero 26 Mayoreo;<null>;<null>;false;false;PEDIDO COMPRA;EPA;OLO6;Booking;80001533-3;CMA CGM;Contenedor 40 HC;0;26-02-26;26-02-26;12/02/2026;25-03-26;25-03-26;;;;;0;0;0;SPARX;0;0;N
6702434;329;TAIZHOU BAOLI LEISURE PRODUCTS CO.,LTD                     ;85;2026-01-14;Directo SV - FERRETERIA EPA, S.A. DE C.V.;15767,40;USD;<null>;FOB  ;FOB  ;FOB  ;71;122;2026-03-29;2026-03-29;<null>;BINTER TRADE LLC. (Dropship SV);<null>;<null>;<null>;SV #4 Enero 26 Mayoreo;<null>;<null>;false;false;PEDIDO COMPRA;EPA;OLO6;Booking;80001533-4;CMA CGM;Contenedor 40 HC;0;26-02-26;26-02-26;04/03/2026;01-04-26;01-04-26;;;;;0;0;0;SPARX;0;0;N
6702435;329;TAIZHOU BAOLI LEISURE PRODUCTS CO.,LTD                     ;85;2026-01-14;Directo SV - FERRETERIA EPA, S.A. DE C.V.;15767,40;USD;<null>;FOB  ;FOB  ;FOB  ;71;122;2026-04-13;2026-04-13;<null>;BINTER TRADE LLC. (Dropship SV);<null>;<null>;<null>;SV #5 Enero 26 Mayoreo;<null>;<null>;false;false;PEDIDO COMPRA;EPA;OLO6;Booking;80001533-5;CMA CGM;Contenedor 40 HC;0;06-03-26;06-03-26;04/03/2026;31-03-26;31-03-26;;;;;0;0;0;SPARX;0;0;N
6702436;329;TAIZHOU BAOLI LEISURE PRODUCTS CO.,LTD                     ;85;2026-01-14;Directo SV - FERRETERIA EPA, S.A. DE C.V.;15767,40;USD;<null>;FOB  ;FOB  ;FOB  ;71;122;2026-04-27;2026-04-27;<null>;BINTER TRADE LLC. (Dropship SV);<null>;<null>;<null>;SV #6 Enero 26 Mayoreo;<null>;<null>;false;false;PEDIDO COMPRA;EPA;OLO6;Booking;80001533-6;CMA CGM;Contenedor 40 HC;0;06-03-26;06-03-26;04/03/2026;31-03-26;31-03-26;;;;;0;0;0;SPARX;0;0;N
6702437;329;TAIZHOU BAOLI LEISURE PRODUCTS CO.,LTD                     ;85;2026-01-14;Directo SV - FERRETERIA EPA, S.A. DE C.V.;15767,40;USD;<null>;FOB  ;FOB  ;FOB  ;71;122;2026-05-11;2026-05-11;<null>;BINTER TRADE LLC. (Dropship SV);<null>;<null>;<null>;SV #7 Enero 26 Mayoreo;<null>;<null>;false;false;PEDIDO COMPRA;EPA;OLO6;Booking;80001533-7;CMA CGM;Contenedor 40 HC;0;06-03-26;06-03-26;04/03/2026;08-04-26;08-04-26;;;;;0;0;0;SPARX;0;0;N
6702442;923;LINCOLN SOLDADURAS DE COLOMBIA LTDA;87;2026-01-30;Directo VE - Febeca, C.A.;59438,40;USD;<null>;FCA  ;FCA  ;<null>;27;27;2026-01-30;2026-01-30;<null>;BINTER TRADE LLC. (Dropship FEBECA - VE) ;<null>;<null>;<null>;ESTA PO REEMPLAZA LA 6702440;<null>;<null>;false;false;PEDIDO COMPRA;MCG;OLO6;Produccion;0;0;0;0;;;;12-03-26;02-04-26;;;;;0;0;0;0;0;0;N
6702444;895;HERRAGRO S.A;87;2026-01-29;Directo VE - Febeca, C.A.;56576,00;USD;<null>;CPT  ;CPT  ;<null>;195;195;2026-03-10;2026-03-10;<null>;BINTER TRADE LLC. (Dropship FEBECA - VE) ;<null>;<null>;<null>;PEDIDO ALAMBRE DE PÚAS - ENERO 2026;<null>;<null>;false;true;PEDIDO COMPRA;MCG;OLO6;Produccion;0;0;0;0;;;;;;;;;;0;0;0;0;0;0;N
6702445;390;LANXI CITY WUXIAN FENGGUANG LIGHTING APPLIANCE CO.,LTD;84;2026-01-29;Directo VE - FERRETERIA EPA, C.A.;31322,00;USD;<null>;FOB  ;FOB  ;EXW  ;71;116;2026-05-30;2026-05-30;<null>;BINTER TRADE LLC. (Dropship EPA - VE) ;<null>;<null>;<null>;2026-01B-VE;<null>;<null>;false;false;PEDIDO COMPRA;EPA;OLO6;Produccion;VTCN600819;0;Contenedor 20ft;0;;;;;;;;;;0;0;0;0;0;0;N
6702446;390;LANXI CITY WUXIAN FENGGUANG LIGHTING APPLIANCE CO.,LTD;84;2026-01-29;Directo VE - FERRETERIA EPA, C.A.;90146,16;USD;<null>;FOB  ;FOB  ;EXW  ;71;125;2026-05-30;2026-05-30;<null>;BINTER TRADE LLC. (ZF);<null>;<null>;<null>;2026-01B-SV+GT;<null>;<null>;false;false;PEDIDO COMPRA;EPA;OLO6;Produccion;VTCN600820;0;Contenedor 40 HC;0;;;;;;;;;;0;0;0;0;0;0;N
6702447;895;HERRAGRO S.A;87;2026-01-30;Directo VE - Febeca, C.A.;56576,00;USD;<null>;CPT  ;CPT  ;<null>;195;195;2026-03-10;2026-03-10;<null>;BINTER TRADE LLC. (Dropship FEBECA - VE) ;<null>;<null>;<null>;PEDIDO ALAMBRE DE PÚAS - ENERO 2026;<null>;<null>;false;true;PEDIDO COMPRA;MCG;OLO6;Produccion;0;0;0;0;;;;;;;;;;0;0;0;0;0;0;N
6702450;865;HENAN LORY SANITARY WARE CO.,LTD.;89;2026-02-06;Directo CR - FERRETERIA EPA, S.A.;8295,00;USD;<null>;FOB  ;FOB  ;FOB  ;77;125;2025-11-22;2025-11-22;7582;BINTER TRADE LLC. (Dropship CR);-- N/A --;101834;2026-02-18;S-6701182;LR251213HP-1-;8295,00;false;false;C/ FACTURA;EPA;OLO6;Transito;0;0;0;6702450;;;;;;;;;;0;0;0;0;0;0;N
6702451;865;HENAN LORY SANITARY WARE CO.,LTD.;89;2026-02-06;Directo CR - FERRETERIA EPA, S.A.;8295,00;USD;<null>;FOB  ;FOB  ;FOB  ;77;125;2025-11-15;2025-11-15;7597;BINTER TRADE LLC. (Dropship CR);-- N/A --;101843;2026-02-19;S-6701159;LR251213HP-;8295,00;false;false;C/ FACTURA;EPA;OLO6;Transito;0;0;0;6702451;;;;;;;;;;0;0;0;0;0;0;N
6702452;865;HENAN LORY SANITARY WARE CO.,LTD.;89;2026-02-06;Directo CR - FERRETERIA EPA, S.A.;9028,50;USD;<null>;FOB  ;FOB  ;FOB  ;77;125;2025-11-15;2025-11-15;7583;BINTER TRADE LLC. (Dropship CR);-- N/A --;101835;2026-02-18;S-6701168;LR251213HP-A;9028,00;false;false;C/ FACTURA;EPA;OLO6;Transito;0;0;0;6702452;;;;;;;;;;0;0;0;0;0;0;N
6702453;494;NINGBO SONLUK ENERGY I/E CO., LTD.;83;2026-02-09;Directo CR - FERRETERIA EPA, S.A.;12715,68;USD;<null>;FOB  ;FOB  ;FOB  ;71;125;2026-03-01;2026-03-01;<null>;BINTER TRADE LLC. (Dropship CR);<null>;<null>;<null>;26-feb;<null>;<null>;false;true;PEDIDO COMPRA;EPA;OLO6;Produccion;80001535-1;0;LCL;0;;;06/03/2026;;;;;;;0;0;0;AIR SEA WORLDWIDE;0;0;N
6702454;494;NINGBO SONLUK ENERGY I/E CO., LTD.;83;2026-02-09;ZF - OVERSEAS LOGISTICS OPERATIONS;11332,72;USD;<null>;FOB  ;<null>;<null>;71;125;2026-03-01;2026-03-01;<null>;BINTER TRADE LLC. (ZF);<null>;<null>;<null>;26-feb;<null>;<null>;false;false;PEDIDO COMPRA;EPA;OLO6;Produccion;80001535-2;0;LCL;0;;;06/03/2026;;;;;;;0;0;0;AIR SEA WORLDWIDE;0;0;N
6702455;930;VSI INDUSTRIAL S.A.C.;87;2026-02-11;Directo VE - Febeca, C.A.;19215,00;USD;<null>;FOB  ;CIF  ;FOB  ;187;116;2026-03-30;2026-03-30;7658;BINTER TRADE LLC. (Dropship FEBECA - VE) ;-- N/A --;101918;2026-03-12;PEDIDO FEBRERO 2026 - FEBECA;F003-183634;19215,00;false;false;PEDIDO COMPRA;MCG;OLO6;Transito;FSCU8547631;ONE;Contenedor 40 HC;PCL-269812-01;13-02-26;17-02-26;16/02/2026;03-03-26;10-03-26;04-03-26;03-04-26;03-04-26;;4190;IOLFT26-144;FAK;IN OCEAN;0;0;N
6702456;930;VSI INDUSTRIAL S.A.C.;87;2026-02-11;Directo VE - Febeca, C.A.;19215,00;USD;<null>;FOB  ;CIF  ;FOB  ;187;116;2026-03-30;2026-03-30;7658;BINTER TRADE LLC. (Dropship FEBECA - VE) ;-- N/A --;101919;2026-03-12;PEDIDO FEBRERO 2026 - FEBECA;F003-183632;19215,00;false;false;PEDIDO COMPRA;MCG;OLO6;Transito;FFAU6748498;ONE;Contenedor 40 HC;PCL-269812-01;13-02-26;17-02-26;16/02/2026;03-03-26;10-03-26;04-03-26;03-04-26;03-04-26;;4190;IOLFT26-144;FAK;IN OCEAN;0;0;N
6702457;930;VSI INDUSTRIAL S.A.C.;87;2026-02-11;Directo VE - Febeca, C.A.;19215,00;USD;<null>;FOB  ;CIF  ;FOB  ;187;116;2026-03-30;2026-03-30;7658;BINTER TRADE LLC. (Dropship FEBECA - VE) ;-- N/A --;101920;2026-03-12;PEDIDO FEBRERO 2026 - FEBECA;F003-183737;19215,00;false;false;PEDIDO COMPRA;MCG;OLO6;Transito;ONEU0279205;ONE;Contenedor 40 HC;PCL-269812-01;13-02-26;17-02-26;16/02/2026;03-03-26;10-03-26;04-03-26;03-04-26;03-04-26;;4190;IOLFT26-144;FAK;IN OCEAN;0;0;N
6702458;930;VSI INDUSTRIAL S.A.C.;87;2026-02-11;Directo VE - Febeca, C.A.;19215,00;USD;<null>;FOB  ;CIF  ;FOB  ;187;116;2026-03-30;2026-03-30;7658;BINTER TRADE LLC. (Dropship FEBECA - VE) ;-- N/A --;101921;2026-03-12;PEDIDO FEBRERO 2026 - FEBECA;F003-183831;19215,00;false;false;PEDIDO COMPRA;MCG;OLO6;Transito;GCXU5269720;ONE;Contenedor 40 HC;PCL-269812-01;13-02-26;17-02-26;16/02/2026;03-03-26;10-03-26;04-03-26;03-04-26;03-04-26;;4190;IOLFT26-144;FAK;IN OCEAN;0;0;N
6702459;930;VSI INDUSTRIAL S.A.C.;87;2026-02-11;Directo VE - Febeca, C.A.;19215,00;USD;<null>;FOB  ;CIF  ;FOB  ;187;116;2026-03-30;2026-03-30;7658;BINTER TRADE LLC. (Dropship FEBECA - VE) ;-- N/A --;101922;2026-03-12;PEDIDO FEBRERO 2026 - FEBECA;F003-183832;19215,00;false;false;PEDIDO COMPRA;MCG;OLO6;Transito;ONEU6094256;ONE;Contenedor 40 HC;PCL-269812-01;13-02-26;17-02-26;16/02/2026;03-03-26;10-03-26;04-03-26;03-04-26;03-04-26;;4190;IOLFT26-144;FAK;IN OCEAN;0;0;N
6702460;930;VSI INDUSTRIAL S.A.C.;87;2026-02-11;Directo VE - Febeca, C.A.;18585,00;USD;<null>;FOB  ;CIF  ;FOB  ;187;116;2026-03-30;2026-03-30;<null>;BINTER TRADE LLC. (Dropship FEBECA - VE) ;<null>;<null>;<null>;PEDIDO FEBRERO 2026 - FEBECA;<null>;<null>;false;false;PEDIDO COMPRA;MCG;OLO6;Booking;0;ONE;Contenedor 40 HC;0;04-03-26;04-03-26;16/02/2026;17-03-26;24-03-26;;;;;4190;0;0;IN OCEAN;0;0;N
6702461;930;VSI INDUSTRIAL S.A.C.;87;2026-02-11;Directo VE - Febeca, C.A.;18585,00;USD;<null>;FOB  ;CIF  ;FOB  ;187;116;2026-03-30;2026-03-30;<null>;BINTER TRADE LLC. (Dropship FEBECA - VE) ;<null>;<null>;<null>;PEDIDO FEBRERO 2026 - FEBECA;<null>;<null>;false;false;PEDIDO COMPRA;MCG;OLO6;Booking;0;ONE;Contenedor 40 HC;0;04-03-26;04-03-26;16/02/2026;17-03-26;24-03-26;;;;;4190;0;0;IN OCEAN;0;0;N
6702462;930;VSI INDUSTRIAL S.A.C.;87;2026-02-11;Directo VE - Febeca, C.A.;18585,00;USD;<null>;FOB  ;CIF  ;FOB  ;187;116;2026-03-30;2026-03-30;<null>;BINTER TRADE LLC. (Dropship FEBECA - VE) ;<null>;<null>;<null>;PEDIDO FEBRERO 2026 - FEBECA;<null>;<null>;false;false;PEDIDO COMPRA;MCG;OLO6;Booking;0;ONE;Contenedor 40 HC;0;04-03-26;04-03-26;16/02/2026;17-03-26;24-03-26;;;;;4190;0;0;IN OCEAN;0;0;N
6702464;250;SANGTONG SANITARY WARE(HK)CO.,LIMITED                      ;89;2026-02-17;Directo CR - FERRETERIA EPA, S.A.;16,00;USD;<null>;FOB  ;FOB  ;<null>;108;125;2026-03-15;2026-03-15;<null>;BINTER TRADE LLC. (Dropship CR);<null>;<null>;<null>;A-6701815;<null>;<null>;true;false;PEDIDO ESPECIAL;EPA;OLO6;Produccion;80001467-4;0;Contenedor 40 HC;0;;;;;;;;;;0;0;0;0;0;0;N
6702465;392;NINGBO WORLDSOURCING I/E CO., LTD.;84;2026-02-17;Directo CR - FERRETERIA EPA, S.A.;26639,38;USD;<null>;FOB  ;FOB  ;FOB  ;71;125;2026-05-15;2026-05-15;<null>;BINTER TRADE LLC. (Dropship CR);<null>;<null>;<null>;CR;<null>;<null>;true;true;PEDIDO COMPRA;EPA;OLO6;Produccion;VTCN600821;0;Contenedor 40 HC;0;;;;;;;;;;0;0;0;0;0;0;N
6702466;392;NINGBO WORLDSOURCING I/E CO., LTD.;84;2026-02-17;Directo CR - Consorcio Ferretero San Jose S.A;2203,04;USD;<null>;FOB  ;FOB  ;<null>;71;125;2026-05-15;2026-05-15;<null>;BINTER TRADE LLC. (Dropship Cofersa);<null>;<null>;<null>;Cofersa;<null>;<null>;true;true;PEDIDO COMPRA;Cofersa;OLO6;Produccion;VTCN600821;0;Contenedor 40 HC;0;;;;;;;;;;0;0;0;0;0;0;N
6702467;392;NINGBO WORLDSOURCING I/E CO., LTD.;84;2026-02-17;Directo CR - FERRETERIA EPA, S.A.;27010,78;USD;<null>;FOB  ;FOB  ;FOB  ;71;125;2026-05-15;2026-05-15;<null>;BINTER TRADE LLC. (Dropship CR);<null>;<null>;<null>;CR;<null>;<null>;true;true;PEDIDO COMPRA;EPA;OLO6;Produccion;VTCN600822;0;Contenedor 40 HC;0;;;;;;;;;;0;0;0;0;0;0;N
6702468;392;NINGBO WORLDSOURCING I/E CO., LTD.;84;2026-02-17;ZF - OVERSEAS LOGISTICS OPERATIONS;1745,60;USD;<null>;FOB  ;<null>;<null>;71;125;2026-05-15;2026-05-15;<null>;BINTER TRADE LLC. (ZF);<null>;<null>;<null>;ZF;<null>;<null>;true;false;PEDIDO COMPRA;EPA;OLO6;Produccion;VTCN600822;0;Contenedor 40 HC;0;;;;;;;;;;0;0;0;0;0;0;N
6702469;392;NINGBO WORLDSOURCING I/E CO., LTD.;84;2026-02-17;ZF - OVERSEAS LOGISTICS OPERATIONS;25452,92;USD;<null>;FOB  ;<null>;<null>;71;125;2026-05-15;2026-05-15;<null>;BINTER TRADE LLC. (ZF);<null>;<null>;<null>;ZF;<null>;<null>;true;false;PEDIDO COMPRA;EPA;OLO6;Produccion;VTCN600823;0;Contenedor 40 HC;0;;;;;;;;;;0;0;0;0;0;0;N
6702470;392;NINGBO WORLDSOURCING I/E CO., LTD.;84;2026-02-17;Directo SV - FERRETERIA EPA, S.A. DE C.V.;24863,06;USD;<null>;FOB  ;FOB  ;FOB  ;71;122;2026-05-15;2026-05-15;<null>;BINTER TRADE LLC. (Dropship SV);<null>;<null>;<null>;SV;<null>;<null>;true;false;PEDIDO COMPRA;EPA;OLO6;Produccion;VTCN600824;0;Contenedor 40 HC;0;;;;;;;;;;0;0;0;0;0;0;N
6702471;392;NINGBO WORLDSOURCING I/E CO., LTD.;84;2026-02-17;Directo GT - FERRETERIA EPA, S.A. (Guatemala);26914,90;USD;<null>;FOB  ;FOB  ;FOB  ;71;127;2026-05-15;2026-05-15;<null>;BINTER TRADE LLC. (Dropship GT);<null>;<null>;<null>;GT 1x40 HC;<null>;<null>;true;false;PEDIDO COMPRA;EPA;OLO6;Produccion;VTCN600825;0;Contenedor 40 HC;0;;;;;;;;;;0;0;0;0;0;0;N
6702472;392;NINGBO WORLDSOURCING I/E CO., LTD.;84;2026-02-17;Directo GT - FERRETERIA EPA, S.A. (Guatemala);26997,40;USD;<null>;FOB  ;FOB  ;FOB  ;71;127;2026-05-15;2026-05-15;<null>;BINTER TRADE LLC. (Dropship GT);<null>;<null>;<null>;GT 1x40 HC ;<null>;<null>;true;false;PEDIDO COMPRA;EPA;OLO6;Produccion;VTCN600826;0;Contenedor 40 HC;0;;;;;;;;;;0;0;0;0;0;0;N
6702473;392;NINGBO WORLDSOURCING I/E CO., LTD.;84;2026-02-17;Directo GT - FERRETERIA EPA, S.A. (Guatemala);26914,90;USD;<null>;FOB  ;FOB  ;FOB  ;71;127;2026-05-15;2026-05-15;<null>;BINTER TRADE LLC. (Dropship GT);<null>;<null>;<null>;GT 1x40HC;<null>;<null>;true;false;PEDIDO COMPRA;EPA;OLO6;Produccion;VTCN600827;0;Contenedor 40 HC;0;;;;;;;;;;0;0;0;0;0;0;N
6702474;392;NINGBO WORLDSOURCING I/E CO., LTD.;84;2026-02-17;Directo VE - FERRETERIA EPA, C.A.;10676,46;USD;<null>;FOB  ;FOB  ;FOB  ;71;116;2026-05-15;2026-05-15;<null>;BINTER TRADE LLC. (Dropship EPA - VE) ;<null>;<null>;<null>;VE;<null>;<null>;true;false;PEDIDO COMPRA;EPA;OLO6;Produccion;VTCN600828;0;Contenedor 40 HC;0;;;;;;;;;;0;0;0;0;0;0;N
6702475;392;NINGBO WORLDSOURCING I/E CO., LTD.;84;2026-02-17;Directo VE - Febeca, C.A.;14620,00;USD;<null>;FOB  ;FOB  ;<null>;71;116;2026-05-15;2026-05-15;<null>;BINTER TRADE LLC. (Dropship FEBECA - VE) ;<null>;<null>;<null>;Sillaca;<null>;<null>;false;false;PEDIDO COMPRA;Febeca;OLO6;Produccion;VTCN600828;0;Contenedor 40 HC;0;;;;;;;;;;0;0;0;0;0;0;N
6702476;392;NINGBO WORLDSOURCING I/E CO., LTD.;84;2026-02-17;Directo VE - FERRETERIA EPA, C.A.;26167,00;USD;<null>;FOB  ;FOB  ;FOB  ;71;116;2026-05-15;2026-05-15;<null>;BINTER TRADE LLC. (Dropship EPA - VE) ;<null>;<null>;<null>;VE 1x40 HC;<null>;<null>;true;false;PEDIDO COMPRA;EPA;OLO6;Produccion;VTCN600829;0;Contenedor 40 HC;0;;;;;;;;;;0;0;0;0;0;0;N
6702477;392;NINGBO WORLDSOURCING I/E CO., LTD.;84;2026-02-17;Directo VE - FERRETERIA EPA, C.A.;26307,88;USD;<null>;FOB  ;FOB  ;FOB  ;71;116;2026-05-15;2026-05-15;<null>;BINTER TRADE LLC. (Dropship EPA - VE) ;<null>;<null>;<null>;VE 1x40 HC;<null>;<null>;true;false;PEDIDO COMPRA;EPA;OLO6;Produccion;VTCN600830;0;Contenedor 40 HC;0;;;;;;;;;;0;0;0;0;0;0;N
6702482;380;QINGDAO YUDING METAL PRODUCTS CO.LTD                       ;85;2026-02-19;Directo VE - Febeca, C.A.;20050,50;USD;<null>;FOB  ;FOB  ;<null>;77;116;2026-02-27;2026-02-27;7598;BINTER TRADE LLC. (Dropship FEBECA - VE) ;-- N/A --;101853;2026-02-19;Uso interno en lugar de PO 6702377;BAC6702377-1;20050,50;false;false;C/ FACTURA;Febeca;OLO6;Transito;VTCN600831;0;Contenedor 40 HC;BJPBL2600017-1;;;;;;;;;;0;0;0;0;0;0;N
6702484;637;Taizhou Taizhiyi Crafts Co., Ltd.;84;2026-02-24;Directo CR - FERRETERIA EPA, S.A.;29092,00;USD;<null>;FOB  ;FOB  ;FOB  ;71;117;2026-05-15;2026-05-15;<null>;BINTER TRADE LLC. (Dropship CR);<null>;<null>;<null>;20260126 - CR;<null>;<null>;false;true;PEDIDO COMPRA;EPA;OLO6;Produccion;VTCN600832;0;Contenedor 40 HC;0;;;;;;;;;;0;0;0;0;0;0;N
6702485;637;Taizhou Taizhiyi Crafts Co., Ltd.;84;2026-02-24;ZF - OVERSEAS LOGISTICS OPERATIONS;19915,60;USD;<null>;FOB  ;<null>;<null>;71;117;2026-05-15;2026-05-15;<null>;BINTER TRADE LLC. (ZF);<null>;<null>;<null>;20260126 - ZF;<null>;<null>;true;false;PEDIDO COMPRA;EPA;OLO6;Produccion;VTCN600832;0;Contenedor 40 HC;0;;;;;;;;;;0;0;0;0;0;0;N
6702487;637;Taizhou Taizhiyi Crafts Co., Ltd.;84;2026-02-24;Directo GT - FERRETERIA EPA, S.A. (Guatemala);19347,20;USD;<null>;FOB  ;FOB  ;EXW  ;71;127;2026-05-15;2026-05-15;<null>;BINTER TRADE LLC. (Dropship GT);<null>;<null>;<null>;20260126 - GT;<null>;<null>;true;false;PEDIDO COMPRA;EPA;OLO6;Produccion;VTCN600833;0;Contenedor 20ft;0;;;;;;;;;;0;0;0;0;0;0;N
6702488;637;Taizhou Taizhiyi Crafts Co., Ltd.;84;2026-02-24;Directo VE - FERRETERIA EPA, C.A.;16761,60;USD;<null>;FOB  ;FOB  ;EXW  ;71;116;2026-05-15;2026-05-15;<null>;BINTER TRADE LLC. (Dropship EPA - VE) ;<null>;<null>;<null>;20260126 - VE;<null>;<null>;false;false;PEDIDO COMPRA;EPA;OLO6;Produccion;VTCN600834;0;Contenedor 20ft;0;;;;;;;;;;0;0;0;0;0;0;N
6702489;904;INTCO INTERNATIONAL(HK) CO., LIMITED 2;82;2026-02-25;Directo CR - FERRETERIA EPA, S.A.;11793,60;USD;<null>;FOB  ;FOB  ;FOB  ;91;125;2026-04-02;2026-04-02;<null>;BINTER TRADE LLC. (Dropship CR);<null>;<null>;<null>;CR-1;<null>;<null>;false;false;PEDIDO COMPRA;EPA;OLO6;Produccion;80001534-1;0;Contenedor 20ft;0;;;17/03/2026;;;;;;;0;0;0;SPARX;0;0;N
6702490;904;INTCO INTERNATIONAL(HK) CO., LIMITED 2;82;2026-02-25;Directo CR - FERRETERIA EPA, S.A.;11793,60;USD;<null>;FOB  ;FOB  ;FOB  ;91;125;2026-04-02;2026-04-02;<null>;BINTER TRADE LLC. (Dropship CR);<null>;<null>;<null>;CR-2;<null>;<null>;false;false;PEDIDO COMPRA;EPA;OLO6;Produccion;80001534-2;0;Contenedor 20ft;0;;;17/03/2026;;;;;;;0;0;0;SPARX;0;0;N
6702491;904;INTCO INTERNATIONAL(HK) CO., LIMITED 2;82;2026-02-25;Directo SV - FERRETERIA EPA, S.A. DE C.V.;12017,60;USD;<null>;FOB  ;FOB  ;FOB  ;91;122;2026-04-02;2026-04-02;<null>;BINTER TRADE LLC. (Dropship SV);<null>;<null>;<null>;SV-1;<null>;<null>;false;false;PEDIDO COMPRA;EPA;OLO6;Produccion;80001534-3;0;Contenedor 20ft;0;;;17/03/2026;;;;;;;0;0;0;SPARX;0;0;N
6702492;904;INTCO INTERNATIONAL(HK) CO., LIMITED 2;82;2026-02-25;Directo GT - FERRETERIA EPA, S.A. (Guatemala);12055,98;USD;<null>;FOB  ;FOB  ;FOB  ;91;127;2026-04-02;2026-04-02;<null>;BINTER TRADE LLC. (Dropship GT);<null>;<null>;<null>;GT-1;<null>;<null>;false;false;PEDIDO COMPRA;EPA;OLO6;Produccion;80001534-4;0;Contenedor 20ft;0;;;17/03/2026;;;;;;;0;0;0;SPARX;0;0;N
6702493;904;INTCO INTERNATIONAL(HK) CO., LIMITED 2;82;2026-02-25;Directo VE - FERRETERIA EPA, C.A.;11793,60;USD;<null>;FOB  ;FOB  ;FOB  ;91;116;2026-04-02;2026-04-02;<null>;BINTER TRADE LLC. (Dropship EPA - VE) ;<null>;<null>;<null>;VZ-1;<null>;<null>;false;false;PEDIDO COMPRA;EPA;OLO6;Produccion;80001534-5;0;Contenedor 20ft;0;;;17/03/2026;;;;;;;0;0;0;IN OCEAN;0;0;N
6702495;915;JINNUO INDUSTRY (HK) CO., LIMITED.;85;2026-03-02;Directo GT - FERRETERIA EPA, S.A. (Guatemala);20332,00;USD;<null>;FOB  ;FOB  ;<null>;93;127;2026-04-20;2026-04-20;<null>;BINTER TRADE LLC. (Dropship GT);<null>;<null>;<null>;Sofá Guatemala #1 Feb 26;<null>;<null>;false;false;PEDIDO ESPECIAL;EPA;OLO6;Produccion;VTCN600836;0;Contenedor 40 HC;0;;;;;;;;;;0;0;0;0;0;0;N
6702496;915;JINNUO INDUSTRY (HK) CO., LIMITED.;85;2026-03-02;Directo GT - FERRETERIA EPA, S.A. (Guatemala);14750,40;USD;<null>;FOB  ;FOB  ;<null>;93;127;2026-04-27;2026-04-27;<null>;BINTER TRADE LLC. (Dropship GT);<null>;<null>;<null>;Sofá Guatemala #2 Feb 26;<null>;<null>;false;false;PEDIDO ESPECIAL;EPA;OLO6;Produccion;VTCN600837;0;Contenedor 40 HC;0;;;;;;;;;;0;0;0;0;0;0;N
6702497;915;JINNUO INDUSTRY (HK) CO., LIMITED.;85;2026-03-02;Directo SV - FERRETERIA EPA, S.A. DE C.V.;20332,00;USD;<null>;FOB  ;FOB  ;<null>;93;122;2026-04-20;2026-04-20;<null>;BINTER TRADE LLC. (Dropship SV);<null>;<null>;<null>;Sofá El Salvador #3 Feb 26;<null>;<null>;false;false;PEDIDO ESPECIAL;EPA;OLO6;Produccion;VTCN600808;0;Contenedor 40 HC;0;;;;;;;;;;0;0;0;0;0;0;N
6702498;915;JINNUO INDUSTRY (HK) CO., LIMITED.;85;2026-03-02;Directo SV - FERRETERIA EPA, S.A. DE C.V.;14750,40;USD;<null>;FOB  ;FOB  ;<null>;93;122;2026-04-20;2026-04-20;<null>;BINTER TRADE LLC. (Dropship SV);<null>;<null>;<null>;Sofá El Salvador #4 Feb 26;<null>;<null>;false;false;PEDIDO ESPECIAL;EPA;OLO6;Produccion;VTCN600835;0;Contenedor 40 HC;0;;;;;;;;;;0;0;0;0;0;0;N
6702499;1000021;ANCHOR ALLIED FACTORY LLC;87;2026-03-04;Directo VE - Febeca, C.A.;3159,90;USD;<null>;CIF  ;CIF  ;<null>;116;116;2026-03-16;2026-03-16;<null>;BINTER TRADE LLC. (Dropship FEBECA - VE) ;<null>;<null>;<null>;PO COMPLEMENTO;<null>;<null>;false;false;PEDIDO COMPRA;MCG;OLO6;Produccion;0;0;0;0;;;;;;;;;;0;0;0;0;0;0;N
6702500;508;NANTONG OSIMAN PLASTIC CO.,LTD                             ;72;2026-03-10;Directo VE - Febeca, C.A.;12975,00;USD;<null>;FOB  ;FOB  ;<null>;91;121;2026-04-17;2026-04-17;<null>;BINTER TRADE LLC. (Dropship FEBECA - VE) ;<null>;<null>;<null>;Febeca;<null>;<null>;false;false;PEDIDO COMPRA;Febeca;OLO6;Produccion;VTCN600838;0;Contenedor 20ft;0;;;;;;;;;;0;0;0;0;0;0;N
6702501;397;GUANDAXING INCORPORATED COMPANY                            ;75;2026-03-10;Directo SV - FERRETERIA EPA, S.A. DE C.V.;11109,80;USD;<null>;FOB  ;FOB  ;<null>;108;122;2026-04-27;2026-04-27;<null>;BINTER TRADE LLC. (Dropship SV);<null>;<null>;<null>;Feria Mueble SV Mar 26;<null>;<null>;false;false;PEDIDO ESPECIAL;EPA;OLO6;Produccion;VTCN600839;0;Contenedor 20ft;0;;;;;;;;;;0;0;0;0;0;0;N
6702506;915;JINNUO INDUSTRY (HK) CO., LIMITED.;75;2026-03-16;Directo SV - FERRETERIA EPA, S.A. DE C.V.;20067,45;USD;<null>;FOB  ;FOB  ;<null>;93;122;2026-04-27;2026-04-27;<null>;BINTER TRADE LLC. (Dropship SV);<null>;<null>;<null>;Pedido Mar 26 Feria Mueble SV;<null>;<null>;false;false;PROMOCIÓN DROPSHIP;EPA;OLO6;Produccion;VTCN600840;0;Contenedor 40 HC;0;;;;;;;;;;0;0;0;0;0;0;N
6702507;923;LINCOLN SOLDADURAS DE COLOMBIA LTDA;87;2026-03-17;Directo VE - Febeca, C.A.;87615,00;USD;<null>;FCA  ;FCA  ;<null>;27;27;2026-03-24;2026-03-24;<null>;BINTER TRADE LLC. (Dropship FEBECA - VE) ;<null>;<null>;<null>;MARZO 2026 - CARRO 2;<null>;<null>;false;false;PEDIDO COMPRA;MCG;OLO6;Produccion;0;0;0;0;;;;;;;;;;0;0;0;0;0;0;N
6702508;923;LINCOLN SOLDADURAS DE COLOMBIA LTDA;87;2026-03-17;Directo VE - Febeca, C.A.;61430,00;USD;<null>;FCA  ;FCA  ;<null>;27;27;2026-03-24;2026-03-24;<null>;BINTER TRADE LLC. (Dropship FEBECA - VE) ;<null>;<null>;<null>;MARZO 2026 - CARRO 3;<null>;<null>;false;false;PEDIDO COMPRA;MCG;OLO6;Produccion;0;0;0;0;;;;;;;;;;0;0;0;0;0;0;N
6702509;923;LINCOLN SOLDADURAS DE COLOMBIA LTDA;87;2026-03-17;Directo VE - Febeca, C.A.;70439,00;USD;<null>;FCA  ;FCA  ;<null>;27;27;2026-03-26;2026-03-26;<null>;BINTER TRADE LLC. (Dropship FEBECA - VE) ;<null>;<null>;<null>;MARZO 2026 - CARRO 4;<null>;<null>;false;false;PEDIDO COMPRA;MCG;OLO6;Produccion;0;0;0;0;;;;;;;;;;0;0;0;0;0;0;N
6702510;923;LINCOLN SOLDADURAS DE COLOMBIA LTDA;87;2026-03-17;Directo VE - Febeca, C.A.;60042,00;USD;<null>;FCA  ;FCA  ;<null>;27;27;2026-03-28;2026-03-28;<null>;BINTER TRADE LLC. (Dropship FEBECA - VE) ;<null>;<null>;<null>;MARZO 2026 - CARRO 5 ;<null>;<null>;false;false;PEDIDO COMPRA;MCG;OLO6;Produccion;0;0;0;0;;;;;;;;;;0;0;0;0;0;0;N
6702511;416;LEPU PLASTIC CO., LTD                                      ;79;2026-03-16;ZF - OVERSEAS LOGISTICS OPERATIONS;3723,00;USD;<null>;FOB  ;<null>;<null>;98;125;2026-04-22;2026-04-22;<null>;BINTER TRADE LLC. (ZF);<null>;<null>;<null>;CR+ZF;<null>;<null>;false;false;PEDIDO COMPRA;EPA;OLO6;Produccion;80001538-1;0;LCL;0;;;;;;;;;;0;0;0;0;0;0;N
6702512;612;HAOBANG HOMEWARE CO.,LIMITED;79;2026-03-16;ZF - OVERSEAS LOGISTICS OPERATIONS;20885,50;USD;<null>;FOB  ;<null>;<null>;93;133;2026-06-12;2026-06-12;<null>;BINTER TRADE LLC. (ZF);<null>;<null>;<null>;ZF;<null>;<null>;false;false;PEDIDO COMPRA;EPA;OLO6;Produccion;80001542-U1;0;Contenedor 20ft;0;;;;;;;;;;0;0;0;0;0;0;N
6702513;612;HAOBANG HOMEWARE CO.,LIMITED;79;2026-03-16;Directo CR - FERRETERIA EPA, S.A.;4675,70;USD;<null>;FOB  ;FOB  ;FOB  ;93;133;2026-06-12;2026-06-12;<null>;BINTER TRADE LLC. (Dropship CR);<null>;<null>;<null>;CR;<null>;<null>;false;true;PEDIDO COMPRA;EPA;OLO6;Produccion;80001542-U1;0;Contenedor 20ft;0;;;;;;;;;;0;0;0;0;0;0;N
7000000;347;NINGBO YINZHOU METALIQUE HOME SUPPLIES CO.,LTD             ;89;2025-02-05;Directo CO - Cencosud Colombia S.A.;6380,00;USD;<null>;FOB  ;FOB  ;<null>;71;16;2025-04-15;2025-04-15;5610;Cencosud Colombia S.A.;-- N/A --;6686;2025-04-22;04-feb-25;MK250006;6380,00;false;true;COMPRAS A TERCEROS;TERCEROS;OLO7;Transito;0;0;0;NGBS25385993;;;;;;;;;;0;0;0;0;0;0;N
7000001;603;HENAN TOPCERA SANITARY WARE CO., LTD;89;2025-02-20;Directo CO - Cencosud Colombia S.A.;34320,00;USD;<null>;FOB  ;FOB  ;<null>;77;16;2025-03-10;2025-03-10;5485;Cencosud Colombia S.A.;-- N/A --;6529;2025-03-26;17-ene-25;STB-COLOMBIA-202501;34320,00;false;false;COMPRAS A TERCEROS;TERCEROS;OLO7;Transito;0;0;0;TAOS25158339;06-03-25;21-03-25;;29-03-25;29-03-25;;;;;0;0;0;0;0;0;N
7000006;890;RAIYUAN INDUSTRIAL LIMITED;80;2025-02-11;Directo PE - Homecenters Peruanos S.A.;6337,20;USD;<null>;FOB  ;FOB  ;<null>;93;182;2025-04-10;2025-04-10;5512;Homecenters Peruanos S.A.;-- N/A --;6568;2025-04-03;18-12-24;BCA7000006;6337,20;false;false;COMPRAS A TERCEROS;TERCEROS;OLO7;Transito;0;0;0;HCAN00031974;;;;;;;;;;0;0;0;0;0;0;N
7000007;1000235;GUANGDONG WIREKING HOUSEHOLD SUPPLIES CO., LTD;87;2025-02-13;Directo PE - Homecenters Peruanos S,A (348706);9432,00;USD;<null>;FOB  ;FOB  ;<null>;93;182;2025-04-07;2025-04-07;5557;Homecenters Peruanos S,A (348706);-- N/A --;6638;2025-04-14;06-feb-25;BA25041001;9432,00;false;false;COMPRAS A TERCEROS;TERCEROS;OLO7;Transito;0;0;0;149501390065;;;;;;;;;;0;0;0;0;0;0;N
7000012;875;QINGDAO SUPERWELD CO., LTD;80;2025-02-19;Directo PE - Implementos Peru S.A.C;4920,00;USD;<null>;FOB  ;FOB  ;<null>;98;187;2025-04-14;2025-04-14;5544;Implementos Peru S.A.C;-- N/A --;6622;2025-04-10;SW2025021102;SW2025030501;4920,00;false;false;COMPRAS A TERCEROS;TERCEROS;OLO7;Transito;0;0;0;TNJ250000658;;;;;;;;;;0;0;0;0;0;0;N
7000013;1000241;NINGBO BEILUN GOOGOL HOUSEHOLD PRODUCTS.,LTD;87;2025-03-04;Directo PE - Homecenters Peruanos S,A (348706);2209,00;USD;<null>;FOB  ;FOB  ;<null>;71;187;2025-04-17;2025-04-17;5564;Homecenters Peruanos S,A (348706);-- N/A --;6639;2025-04-15;20-02-25;25GG101;2209,00;false;false;COMPRAS A TERCEROS;TERCEROS;OLO7;Transito;0;0;0;HNGB00066121;;;;;;;;;;0;0;0;0;0;0;N
7000026;380;QINGDAO YUDING METAL PRODUCTS CO.LTD                       ;85;2025-03-28;Directo MX - Tiendas Soriana S.A De C.V;15096,00;USD;<null>;FOB  ;FOB  ;<null>;77;183;2025-06-10;2025-06-10;5764;Tiendas Soriana S.A De C.V;-- N/A --;6884;2025-06-10;26-mar-25;BAC7000026;15096,00;false;false;COMPRAS A TERCEROS;TERCEROS;OLO7;Transito;0;MSC;Contenedor 40 HC;177FBXBXA4878;08-04-25;05-06-25;;15-06-25;15-06-25;;;;;0;0;0;0;0;0;N
7000028;380;QINGDAO YUDING METAL PRODUCTS CO.LTD                       ;85;2025-03-28;Directo MX - Tiendas Soriana S.A De C.V;15096,00;USD;<null>;FOB  ;FOB  ;<null>;77;183;2025-06-10;2025-06-10;5765;Tiendas Soriana S.A De C.V;-- N/A --;6885;2025-06-10;26-mar-25;BAC7000028;15096,00;false;false;COMPRAS A TERCEROS;TERCEROS;OLO7;Transito;0;MSC;Contenedor 40 HC;177FBXBXA4879;08-04-25;05-06-25;;15-06-25;15-06-25;;;;;0;0;0;0;0;0;N
7000043;1000250;TEEMING DECORATION MATERIAL FACTORY;80;2025-04-14;Directo AR - Cencosud S.A.;9590,00;USD;<null>;FOB  ;FOB  ;<null>;71;132;2025-04-15;2025-04-15;5959;Cencosud S.A.;-- N/A --;7126;2026-02-02;BJ24000041;BJ24000041;9590,00;false;false;COMPRAS A TERCEROS;TERCEROS;OLO7;Transito;HPCU5092854;PIL;0;NGBS25409689;10-12-25;15-01-26;;01-02-26;04-02-26;;23-03-26;01-03-26;;0;0;0;0;0;0;N
7000071;603;HENAN TOPCERA SANITARY WARE CO., LTD;89;2025-05-12;Directo CL - Easy Retail S.A;125840,00;USD;<null>;FOB  ;FOB  ;<null>;77;105;2025-09-17;2025-09-17;5891;Easy Retail S.A;-- N/A --;7050;2025-12-03;E4;STB-CHILE202415;125840,00;false;false;COMPRAS A TERCEROS;TERCEROS;OLO7;Transito;0;MAERSK;Contenedor 40 HC;285375432;22-09-25;26-11-25;;06-12-25;07-12-25;;19-01-26;;;0;0;0;0;0;0;N
7000073;884;MAX HOME APPLIANCE LTD;80;2025-05-15;Directo PE - Homecenters Peruanos S.A.;16000,00;USD;<null>;FOB  ;FOB  ;<null>;71;187;2025-05-16;2025-05-16;5708;Homecenters Peruanos S.A.;-- N/A --;6810;2025-05-15;ok;SIN VALOR COMERCIAL;16000,00;false;false;COMPRAS A TERCEROS;TERCEROS;OLO7;Transito;0;0;0;7000073;;;;;;;;;;0;0;0;0;0;0;N
7000099;603;HENAN TOPCERA SANITARY WARE CO., LTD;89;2025-07-11;Directo CL - Easy Retail S.A;57200,00;USD;<null>;FOB  ;FOB  ;<null>;77;105;2025-07-12;2025-07-12;5793;Easy Retail S.A;-- N/A --;6933;2025-07-11;SEGUNDA PARTE DE 6007276;STB-CHILE202410-B;57200,00;false;false;COMPRAS A TERCEROS;TERCEROS;OLO7;Transito;0;0;0;TAOS25162286;;;;;;;;;;0;0;0;0;0;0;N
7000105;603;HENAN TOPCERA SANITARY WARE CO., LTD;89;2025-07-15;Directo PE - Homecenters Peruanos S.A.;10038,00;USD;<null>;FOB  ;FOB  ;<null>;77;191;2025-09-04;2025-09-04;5850;Homecenters Peruanos S.A.;-- N/A --;7001;2025-09-19;STB-PERU202525;STB-PERU202505;10038,00;false;false;COMPRAS A TERCEROS;TERCEROS;OLO7;Transito;0;CMA CGM;Contenedor 40 HC;QGD2211091;14-08-25;04-09-25;;20-09-25;20-09-25;;;;;0;0;0;SPARX;0;0;N
7000109;865;HENAN LORY SANITARY WARE CO.,LTD.;89;2025-07-18;Directo PE - Homecenters Peruanos S.A.;51192,00;USD;<null>;FOB  ;FOB  ;<null>;77;187;2025-07-19;2025-07-19;5795;Homecenters Peruanos S.A.;-- N/A --;6939;2025-07-18;ok;LR250715HP;51192,00;false;false;COMPRAS A TERCEROS;TERCEROS;OLO7;Transito;0;0;0;140558149232;;;;;;;;;;0;0;0;0;0;0;N
7000112;865;HENAN LORY SANITARY WARE CO.,LTD.;89;2025-07-20;Directo PE - Homecenters Peruanos S.A.;33180,00;USD;<null>;FOB  ;FOB  ;<null>;77;191;2025-09-15;2025-09-15;5853;Homecenters Peruanos S.A.;-- N/A --;7004;2025-09-26;16-jul-25;LR250923HP;33180,00;false;false;COMPRAS A TERCEROS;TERCEROS;OLO7;Transito;0;CMA CGM;0;QGD2215227;25-08-25;08-09-25;;27-09-25;04-10-25;;;;;0;0;0;SPARX;0;0;N
7000121;603;HENAN TOPCERA SANITARY WARE CO., LTD;89;2025-08-08;Directo CL - Easy Retail S.A;114400,00;USD;<null>;FOB  ;FOB  ;<null>;77;105;2025-08-09;2025-08-09;5819;Easy Retail S.A;-- N/A --;6964;2025-08-08;ok;STB-CHILE202412 -B;114400,00;false;false;COMPRAS A TERCEROS;TERCEROS;OLO7;Transito;0;0;0;TAOS25163190;;;;;;;;;;0;0;0;0;0;0;N
7000122;1000241;NINGBO BEILUN GOOGOL HOUSEHOLD PRODUCTS.,LTD;87;2025-08-11;Directo PE - Homecenters Peruanos S,A (348706);1897,00;USD;<null>;FOB  ;FOB  ;<null>;71;187;2025-09-30;2025-09-30;5866;Homecenters Peruanos S,A (348706);-- N/A --;7018;2025-10-15;05-08-25;25GG081;1897,00;false;false;COMPRAS A TERCEROS;TERCEROS;OLO7;Transito;0;0;0;HNGB00069194;23-09-25;09-10-25;;18-10-25;22-10-25;;;;;0;0;0;SPARX;0;0;N
7000128;865;HENAN LORY SANITARY WARE CO.,LTD.;79;2025-12-12;Directo PE - Homecenters Peruanos S.A.;58065,00;USD;<null>;FOB  ;FOB  ;<null>;77;187;2025-11-15;2025-11-15;5903;<null>;-- N/A --;7064;2025-12-12;ok;LR251210HP;58065,00;false;false;COMPRAS A TERCEROS;TERCEROS;OLO7;Transito;0;CMA CGM;0;QGD2364810;27-10-25;27-11-25;;30-11-25;20-12-25;;02-02-26;10-02-26;;0;0;0;SPARX;0;0;N
7000129;865;HENAN LORY SANITARY WARE CO.,LTD.;89;2025-09-02;Directo PE - Homecenters Peruanos S.A.;102384,00;USD;<null>;FOB  ;FOB  ;<null>;77;187;2025-12-15;2025-12-15;<null>;Homecenters Peruanos S.A.;<null>;<null>;<null>;OK;<null>;<null>;false;false;COMPRAS A TERCEROS;TERCEROS;OLO7;Produccion;0;MAERSK;0;264809849;08-12-25;30-12-25;;24-01-26;21-03-26;;01-03-26;01-02-26;;0;0;0;SPARX;0;0;N
7000130;865;HENAN LORY SANITARY WARE CO.,LTD.;89;2025-09-02;Directo PE - Homecenters Peruanos S.A.;99540,00;USD;<null>;FOB  ;FOB  ;<null>;77;187;2026-01-15;2026-01-15;<null>;Homecenters Peruanos S.A.;<null>;<null>;<null>;OK;<null>;<null>;false;false;COMPRAS A TERCEROS;TERCEROS;OLO7;Produccion;0;0;0;0;;;;;;;;;;0;0;0;0;0;0;N
7000133;603;HENAN TOPCERA SANITARY WARE CO., LTD;89;2025-09-02;Directo PE - Homecenters Peruanos S.A.;116480,00;USD;<null>;FOB  ;FOB  ;<null>;77;187;2026-01-15;2026-01-15;<null>;Homecenters Peruanos S.A.;<null>;<null>;<null>;ok;<null>;<null>;false;false;COMPRAS A TERCEROS;TERCEROS;OLO7;Produccion;0;0;0;0;;;;;;;;;;0;0;0;0;0;0;N
7000135;603;HENAN TOPCERA SANITARY WARE CO., LTD;89;2025-08-13;Directo PE - Homecenters Peruanos S.A.;38787,84;USD;<null>;FOB  ;FOB  ;<null>;77;187;2025-12-15;2025-12-15;5909;Homecenters Peruanos S.A.;-- N/A --;7072;2025-12-18;ok;TB-PERU202516;38787,84;false;false;COMPRAS A TERCEROS;TERCEROS;OLO7;Transito;0;CMA CGM;0;QGD2459348;03-12-25;12-12-25;;21-12-25;20-12-25;;;;;0;0;0;SPARX;0;0;N
7000136;603;HENAN TOPCERA SANITARY WARE CO., LTD;89;2025-08-13;Directo PE - Homecenters Peruanos S.A.;77575,68;USD;<null>;FOB  ;FOB  ;<null>;77;187;2026-01-15;2026-01-15;<null>;Homecenters Peruanos S.A.;<null>;<null>;<null>;ok;<null>;<null>;false;false;COMPRAS A TERCEROS;TERCEROS;OLO7;Produccion;0;0;0;0;;;;;;;;;;0;0;0;0;0;0;N
7000138;603;HENAN TOPCERA SANITARY WARE CO., LTD;89;2025-09-02;Directo PE - Homecenters Peruanos S.A.;48048,00;USD;<null>;FOB  ;FOB  ;<null>;77;187;2026-01-15;2026-01-15;5949;Homecenters Peruanos S.A.;-- N/A --;7117;2026-01-26;ok;STB-PERU202519;48048,00;false;false;COMPRAS A TERCEROS;TERCEROS;OLO7;Transito;0;CMA CGM;0;QGD2513800;08-12-25;29-12-25;;20-01-26;30-01-26;;09-03-26;01-02-26;;0;0;0;SPARX;0;0;N
7000140;603;HENAN TOPCERA SANITARY WARE CO., LTD;89;2025-08-18;Directo PE - Homecenters Peruanos S.A.;13860,00;USD;<null>;FOB  ;FOB  ;<null>;77;187;2025-11-15;2025-11-15;5957;Homecenters Peruanos S.A.;-- N/A --;7124;2026-01-31;ok;STB-PERU202522;13860,00;false;false;COMPRAS A TERCEROS;TERCEROS;OLO7;Transito;0;CMA CGM;0;QGD2574590;14-11-25;21-01-26;;03-02-26;06-02-26;;16-03-26;01-03-26;;0;0;0;SPARX;0;0;N
7000141;603;HENAN TOPCERA SANITARY WARE CO., LTD;89;2025-08-18;Directo PE - Homecenters Peruanos S.A.;13860,00;USD;<null>;FOB  ;FOB  ;<null>;77;187;2025-12-15;2025-12-15;<null>;Homecenters Peruanos S.A.;<null>;<null>;<null>;ok;<null>;<null>;false;false;COMPRAS A TERCEROS;TERCEROS;OLO7;Booking;0;CMA CGM;0;QGD2678390,;14-01-26;09-03-26;;28-03-26;28-03-26;;;;;0;0;0;SPARX;0;0;N
7000142;603;HENAN TOPCERA SANITARY WARE CO., LTD;89;2025-09-02;Directo PE - Homecenters Peruanos S.A.;27720,00;USD;<null>;FOB  ;FOB  ;<null>;77;187;2026-01-15;2026-01-15;<null>;Homecenters Peruanos S.A.;<null>;<null>;<null>;ok;<null>;<null>;false;false;COMPRAS A TERCEROS;TERCEROS;OLO7;Produccion;0;0;0;0;;;;;;;;;;0;0;0;0;0;0;N
7000144;603;HENAN TOPCERA SANITARY WARE CO., LTD;89;2025-09-02;Directo PE - Homecenters Peruanos S.A.;28746,00;USD;<null>;FOB  ;FOB  ;<null>;77;187;2026-01-15;2026-01-15;5958;Homecenters Peruanos S.A.;-- N/A --;7125;2026-02-02;ok;STB-PERU202528;28746,00;false;false;COMPRAS A TERCEROS;TERCEROS;OLO7;Transito;0;MAERSK;0;264106306;30-12-25;31-12-25;;31-01-26;03-02-26;;08-03-26;08-03-26;;0;0;0;SPARX;0;0;N
7000146;865;HENAN LORY SANITARY WARE CO.,LTD.;89;2025-08-27;Directo PE - Homecenters Peruanos S.A.;99540,00;USD;<null>;FOB  ;FOB  ;<null>;77;187;2026-03-15;2026-03-15;<null>;Homecenters Peruanos S.A.;<null>;<null>;<null>;ok;<null>;<null>;false;false;COMPRAS A TERCEROS;TERCEROS;OLO7;Produccion;0;0;0;0;;;;;;;;;;0;0;0;0;0;0;N
7000147;865;HENAN LORY SANITARY WARE CO.,LTD.;89;2025-08-19;Directo PE - Homecenters Peruanos S.A.;49770,00;USD;<null>;FOB  ;FOB  ;<null>;77;187;2026-03-15;2026-03-15;<null>;Homecenters Peruanos S.A.;<null>;<null>;<null>;ok;<null>;<null>;false;false;COMPRAS A TERCEROS;TERCEROS;OLO7;Produccion;0;0;0;0;;;;;;;;;;0;0;0;0;0;0;N
7000148;892;HANGZHOU SOURCE NONWOVEN CO.,LTD;80;2025-08-22;Directo MX - Tiendas Soriana S.A De C.V;26945,00;USD;<null>;FOB  ;FOB  ;<null>;71;183;2025-10-01;2025-10-01;<null>;Tiendas Soriana S.A De C.V;<null>;<null>;<null>;02-may-25;<null>;<null>;false;false;COMPRAS A TERCEROS;TERCEROS;OLO7;Produccion;0;0;0;0;;;;;;;;;;0;0;0;0;0;0;N
7000150;603;HENAN TOPCERA SANITARY WARE CO., LTD;89;2025-08-20;Directo CL - Easy Retail S.A;13860,00;USD;<null>;FOB  ;FOB  ;<null>;77;105;2025-10-27;2025-10-27;5955;Easy Retail S.A;-- N/A --;7122;2026-01-29;STB-Chile202418;STB-CHILE202417;13860,00;false;false;COMPRAS A TERCEROS;TERCEROS;OLO7;Transito;0;0;0;TAOS25167310;06-11-25;;;07-02-26;07-02-26;;19-03-26;19-03-26;;0;0;0;0;0;0;N
7000152;392;NINGBO WAHFAY INDUSTRIAL CO., LTD.                         ;83;2025-08-26;Directo MX - Tiendas Soriana S.A De C.V;32669,00;USD;<null>;FOB  ;FOB  ;<null>;36;183;2025-10-01;2025-10-01;<null>;Tiendas Soriana S.A De C.V;<null>;<null>;<null>;22-ago-25;<null>;<null>;false;false;COMPRAS A TERCEROS;TERCEROS;OLO7;Produccion;0;0;0;0;;;;;;;;;;0;0;0;0;0;0;N
7000155;603;HENAN TOPCERA SANITARY WARE CO., LTD;79;2025-08-28;<null>;102960,00;USD;<null>;<null>;<null>;<null>;77;105;2025-08-29;2025-08-29;5833;<null>;-- N/A --;6981;2025-08-28;<null>;STB-CHILE202413-B;102960,00;false;false;COMPRAS A TERCEROS;TERCEROS;OLO7;Transito;0;0;0;TAOS25164638;;;;;;;;;;0;0;0;0;0;0;N
7000157;603;HENAN TOPCERA SANITARY WARE CO., LTD;79;2025-08-29;<null>;34320,00;USD;<null>;<null>;<null>;<null>;77;105;2025-08-30;2025-08-30;5836;<null>;-- N/A --;6984;2025-08-29;<null>;STB-CHILE202413-C;34320,00;false;false;COMPRAS A TERCEROS;TERCEROS;OLO7;Transito;0;0;0;TAOS25164264;;;;;;;;;;0;0;0;0;0;0;N
7000163;865;HENAN LORY SANITARY WARE CO.,LTD.;89;2025-09-02;Directo PE - Homecenters Peruanos S.A.;33180,00;USD;<null>;FOB  ;FOB  ;<null>;77;191;2025-12-15;2025-12-15;<null>;Homecenters Peruanos S.A.;<null>;<null>;<null>;ok;<null>;<null>;false;false;COMPRAS A TERCEROS;TERCEROS;OLO7;Produccion;0;MAERSK;0;263864227;08-12-25;06-01-26;;02-02-26;30-03-26;;20-03-26;20-03-26;;0;0;0;SPARX;0;0;N
7000165;865;HENAN LORY SANITARY WARE CO.,LTD.;89;2025-09-02;Directo PE - Homecenters Peruanos S.A.;16590,00;USD;<null>;FOB  ;FOB  ;<null>;77;217;2025-12-15;2025-12-15;<null>;Homecenters Peruanos S.A.;<null>;<null>;<null>;ok;<null>;<null>;false;false;COMPRAS A TERCEROS;TERCEROS;OLO7;Booking;0;MAERSK;0;0;08-12-25;16-12-25;;;;;;;;0;0;0;0;0;0;N
7000166;865;HENAN LORY SANITARY WARE CO.,LTD.;89;2025-09-02;Directo PE - Homecenters Peruanos S.A.;33180,00;USD;<null>;FOB  ;FOB  ;<null>;77;191;2026-01-15;2026-01-15;<null>;Homecenters Peruanos S.A.;<null>;<null>;<null>;ok;<null>;<null>;false;false;COMPRAS A TERCEROS;TERCEROS;OLO7;Produccion;0;0;0;0;;;;;;;;;;0;0;0;0;0;0;N
7000168;865;HENAN LORY SANITARY WARE CO.,LTD.;89;2025-09-02;Directo PE - Homecenters Peruanos S.A.;16590,00;USD;<null>;FOB  ;FOB  ;<null>;77;217;2026-01-15;2026-01-15;<null>;Homecenters Peruanos S.A.;<null>;<null>;<null>;ok;<null>;<null>;false;false;COMPRAS A TERCEROS;TERCEROS;OLO7;Produccion;0;0;0;0;;;;;;;;;;0;0;0;0;0;0;N
7000169;603;HENAN TOPCERA SANITARY WARE CO., LTD;89;2025-09-02;Directo PE - Homecenters Peruanos S.A.;34944,00;USD;<null>;FOB  ;FOB  ;<null>;77;191;2025-11-15;2025-11-15;5938;Homecenters Peruanos S.A.;-- N/A --;7100;2026-01-06;ok;STB-PERU202507;34944,00;false;false;COMPRAS A TERCEROS;TERCEROS;OLO7;Transito;0;CMA CGM;0;QGD2503365;27-10-25;12-11-25;;23-12-25;12-01-26;;18-02-26;18-02-26;;0;0;0;SPARX;0;0;N
7000172;603;HENAN TOPCERA SANITARY WARE CO., LTD;89;2025-09-02;Directo PE - Homecenters Peruanos S.A.;34944,00;USD;<null>;FOB  ;FOB  ;<null>;77;191;2025-12-15;2025-12-15;5924;Homecenters Peruanos S.A.;-- N/A --;7087;2025-12-22;ok;STB-PERU202510;34944,00;false;false;COMPRAS A TERCEROS;TERCEROS;OLO7;Transito;0;CMA CGM;0;QGD2475018;08-12-25;15-12-25;;27-12-25;28-12-25;;;;;0;0;0;SPARX;0;0;N
7000174;603;HENAN TOPCERA SANITARY WARE CO., LTD;89;2025-09-02;Directo PE - Homecenters Peruanos S.A.;23296,00;USD;<null>;FOB  ;FOB  ;<null>;77;217;2025-12-15;2025-12-15;5940;Homecenters Peruanos S.A.;-- N/A --;7108;2026-01-13;ok;STB-PERU202511;23296,00;false;false;COMPRAS A TERCEROS;TERCEROS;OLO7;Transito;0;MAERSK;0;264809633;08-12-25;16-12-25;;10-01-26;17-01-26;;25-02-26;04-03-26;;0;0;0;SPARX;0;0;N
7000176;603;HENAN TOPCERA SANITARY WARE CO., LTD;89;2025-09-02;Directo PE - Homecenters Peruanos S.A.;34944,00;USD;<null>;FOB  ;FOB  ;<null>;77;191;2026-01-15;2026-01-15;5967;Homecenters Peruanos S.A.;-- N/A --;7134;2026-02-10;ok;STB-PERU202513;34944,00;false;false;COMPRAS A TERCEROS;TERCEROS;OLO7;Transito;0;CMA CGM;0;QGD2612552;23-01-26;02-02-26;;13-02-26;15-02-26;;25-03-26;25-03-26;;0;0;0;SPARX;0;0;N
7000177;603;HENAN TOPCERA SANITARY WARE CO., LTD;89;2025-09-02;Directo PE - Homecenters Peruanos S.A.;23296,00;USD;<null>;FOB  ;FOB  ;<null>;77;217;2026-01-15;2026-01-15;5970;Homecenters Peruanos S.A.;-- N/A --;7137;2026-02-13;ok;STB-PERU202514;23296,00;false;false;COMPRAS A TERCEROS;TERCEROS;OLO7;Transito;0;MAERSK;0;265853644;23-01-26;30-01-26;;21-02-26;20-02-26;;08-04-26;06-05-26;;0;0;0;SPARX;0;0;N
7000178;603;HENAN TOPCERA SANITARY WARE CO., LTD;89;2025-09-02;Directo PE - Homecenters Peruanos S.A.;12012,00;USD;<null>;FOB  ;FOB  ;<null>;77;191;2026-01-15;2026-01-15;<null>;Homecenters Peruanos S.A.;<null>;<null>;<null>;ok;<null>;<null>;false;false;COMPRAS A TERCEROS;TERCEROS;OLO7;Produccion;0;0;0;0;;;;;;;;;;0;0;0;0;0;0;N
7000179;603;HENAN TOPCERA SANITARY WARE CO., LTD;89;2025-09-02;Directo PE - Homecenters Peruanos S.A.;13860,00;USD;<null>;FOB  ;FOB  ;<null>;77;191;2026-01-15;2026-01-15;<null>;Homecenters Peruanos S.A.;<null>;<null>;<null>;ok;<null>;<null>;false;false;COMPRAS A TERCEROS;TERCEROS;OLO7;Produccion;0;0;0;0;;;;;;;;;;0;0;0;0;0;0;N
7000180;603;HENAN TOPCERA SANITARY WARE CO., LTD;89;2025-09-02;Directo PE - Homecenters Peruanos S.A.;9994,50;USD;<null>;FOB  ;FOB  ;<null>;77;191;2025-12-15;2025-12-15;5942;Homecenters Peruanos S.A.;-- N/A --;7110;2026-01-13;ok;STB-PERU202527;9994,50;false;false;COMPRAS A TERCEROS;TERCEROS;OLO7;Transito;0;MAERSK;0;264809845;08-12-25;29-01-26;;17-01-26;17-01-26;;06-03-26;06-03-26;;0;0;0;SPARX;0;0;N
7000181;603;HENAN TOPCERA SANITARY WARE CO., LTD;89;2025-09-02;Directo PE - Homecenters Peruanos S.A.;9582,00;USD;<null>;FOB  ;FOB  ;<null>;77;191;2026-01-15;2026-01-15;<null>;Homecenters Peruanos S.A.;<null>;<null>;<null>;ok;<null>;<null>;false;false;COMPRAS A TERCEROS;TERCEROS;OLO7;Produccion;0;CMA CGM;0;QGD2632587;30-12-25;09-03-26;;20-03-26;27-03-26;;;;;0;0;0;SPARX;0;0;N
7000182;603;HENAN TOPCERA SANITARY WARE CO., LTD;89;2025-09-02;Directo PE - Homecenters Peruanos S.A.;9582,00;USD;<null>;FOB  ;FOB  ;<null>;77;217;2026-01-15;2026-01-15;<null>;Homecenters Peruanos S.A.;<null>;<null>;<null>;ok;<null>;<null>;false;false;COMPRAS A TERCEROS;TERCEROS;OLO7;Booking;0;EVERGREEN;Contenedor 40 HC;140658033872;30-12-25;17-03-26;;14-04-26;14-04-26;;23-05-26;23-05-26;;0;0;0;SPARX;0;0;N
7000191;2;CHIN HUEI PLASTIC INDUSTRIAL JOINT STOCK;83;2025-09-24;Directo CL - Easy Retail S.A;214748,04;USD;<null>;FOB  ;FOB  ;<null>;29;16;2025-11-01;2025-11-01;5917;Cencosud Colombia S.A.;-- N/A --;7080;2025-12-22;25/8/2025;CH-251218;214748,04;false;false;COMPRAS A TERCEROS;TERCEROS;OLO7;Transito;0;0;0;262348282;11-11-25;15-12-25;;22-12-25;05-01-26;;;04-02-26;;0;0;0;0;0;0;N
7000192;2;CHIN HUEI PLASTIC INDUSTRIAL JOINT STOCK;83;2025-09-24;Directo CL - Easy Retail S.A;19782,96;USD;<null>;FOB  ;FOB  ;<null>;29;16;2025-11-01;2025-11-01;5914;Cencosud Colombia S.A.;-- N/A --;7077;2025-12-22;25-ago-25;CH-251219;19782,96;false;false;COMPRAS A TERCEROS;TERCEROS;OLO7;Transito;0;MAERSK;0;263130624;11-11-25;15-12-25;;22-12-25;05-01-26;;;04-02-26;;0;0;0;0;0;0;N
7000194;895;SHANDONG TONGYUE INTERNATIONAL TRADE CO.;80;2025-09-29;Directo VE - Febeca, C.A.;105597,00;USD;<null>;FOB  ;CIF  ;FOB  ;77;116;2025-11-30;2025-11-30;5925;Febeca, C.A.;-- N/A --;7088;2025-12-22;2025TY060;TY2025060;105597,00;false;false;COMPRAS PROGRAMADAS;TERCEROS;OLO7;Transito;ECMU4884735;CMA CGM;Contenedor 40 HC;BJPBL2500103;12-12-25;16-12-25;;24-12-25;25-12-25;28-12-25;03-03-26;03-03-26;;4130;IOLFT25-972;FAK;IN OCEAN;0;0;N
7000197;347;NINGBO YINZHOU METALIQUE HOME SUPPLIES CO.,LTD             ;89;2025-11-11;Directo PE - Homecenters Peruanos S.A.;4570,00;USD;<null>;FOB  ;FOB  ;<null>;71;187;2025-12-30;2025-12-30;5912;Homecenters Peruanos S.A.;-- N/A --;7075;2025-12-22;05-sept-25;MK-250117;4570,00;false;false;COMPRAS A TERCEROS;TERCEROS;OLO7;Transito;0;CMA CGM;Contenedor 40 HC;NGP3139781;27-11-25;08-12-25;;25-12-25;07-01-26;;09-02-26;16-02-26;;0;0;0;SPARX;0;0;N
7000203;879;DINGZHOU CITY LIANGYOU METAL PRODUCTS CO;80;2025-09-26;Directo VE - Febeca, C.A.;20410,80;USD;<null>;FOB  ;CIF  ;FOB  ;98;116;2025-12-20;2025-12-20;<null>;Febeca, C.A.;<null>;<null>;<null>;LY20250922;<null>;<null>;false;false;COMPRAS A TERCEROS;TERCEROS;OLO7;Booking;0;CMA CGM;Contenedor 20ft;0;19-12-25;23-12-25;;12-03-26;26-03-26;;;;;0;0;0;IN OCEAN;0;0;N
7000204;879;DINGZHOU CITY LIANGYOU METAL PRODUCTS CO;80;2025-09-26;Directo VE - Febeca, C.A.;20410,80;USD;<null>;FOB  ;CIF  ;FOB  ;98;116;2025-12-20;2025-12-20;<null>;Febeca, C.A.;<null>;<null>;<null>;LY20250922;<null>;<null>;false;false;COMPRAS A TERCEROS;TERCEROS;OLO7;Booking;0;CMA CGM;Contenedor 20ft;0;19-12-25;23-12-25;;12-03-26;26-03-26;;;;;0;0;0;IN OCEAN;0;0;N
7000205;879;DINGZHOU CITY LIANGYOU METAL PRODUCTS CO;80;2025-09-26;Directo VE - Febeca, C.A.;20410,80;USD;<null>;FOB  ;FOB  ;<null>;98;116;2026-03-10;2026-03-10;<null>;Febeca, C.A.;<null>;<null>;<null>;LY20250922;<null>;<null>;false;false;COMPRAS A TERCEROS;TERCEROS;OLO7;Produccion;0;0;0;0;;;;;;;;;;0;0;0;0;0;0;N
7000207;603;HENAN TOPCERA SANITARY WARE CO., LTD;79;2025-09-26;<null>;510,00;USD;<null>;<null>;<null>;<null>;77;187;2025-09-27;2025-09-27;5855;<null>;-- N/A --;7006;2025-09-26;<null>;STB-PERU202504-;510,00;false;false;COMPRAS A TERCEROS;TERCEROS;OLO7;Transito;0;0;0;177SJNJNA50745V.;;;;;;;;;;0;0;0;0;0;0;N
7000213;874;DINGZHOU YIKANG METAL PRODUCTS CO., LTD;80;2025-09-30;Directo VE - Febeca, C.A.;18876,00;USD;<null>;FOB  ;CIF  ;FOB  ;98;116;2025-12-25;2025-12-25;5944;Febeca, C.A.;-- N/A --;7112;2026-01-14;LY20250922-3;EK-W260109;18876,00;false;false;COMPRAS A TERCEROS;TERCEROS;OLO7;Ingresada;TLLU7712683;CMA CGM;Contenedor 40 HC;BJPBL2600023;18-12-25;26-12-25;18/12/2025;13-01-26;20-01-26;13-01-26;13-03-26;17-03-26;17-03-26;4230;IOLFT26-043;FAK;IN OCEAN;0;0;N
7000214;874;DINGZHOU YIKANG METAL PRODUCTS CO., LTD;80;2025-09-30;Directo VE - Febeca, C.A.;18876,00;USD;<null>;FOB  ;CIF  ;FOB  ;98;116;2026-03-23;2026-03-23;<null>;Febeca, C.A.;<null>;<null>;<null>;LY20250922-2;<null>;<null>;false;false;COMPRAS A TERCEROS;TERCEROS;OLO7;Transito;CMAU7613101;CMA CGM;Contenedor 40 HC;BJPBL2600132;02-03-26;02-03-26;;17-03-26;22-03-26;14-03-26;12-05-26;12-05-26;;0;0;0;0;0;0;N
7000218;874;DINGZHOU YIKANG METAL PRODUCTS CO., LTD;80;2025-10-01;Directo VE - Febeca, C.A.;18865,00;USD;<null>;FOB  ;CIF  ;FOB  ;98;116;2025-12-25;2025-12-25;5943;Febeca, C.A.;-- N/A --;7111;2026-01-14;OK;EK-W260108;18865,00;false;false;COMPRAS A TERCEROS;TERCEROS;OLO7;Ingresada;SEKU5744380;CMA CGM;Contenedor 40 HC;BJPBL2600022;30-12-25;05-01-26;;13-01-26;20-01-26;13-01-26;13-03-26;17-03-26;17-03-26;4230;IOLFT26-042;FAK;IN OCEAN;0;0;N
7000222;1000252;UNION HOME CO.,LTD;87;2025-10-07;Directo MX - Tiendas Soriana S.A De C.V;31620,78;USD;<null>;FOB  ;FOB  ;<null>;71;183;2025-11-30;2025-11-30;<null>;Tiendas Soriana S.A De C.V;<null>;<null>;<null>;29-ago-25;<null>;<null>;false;false;COMPRAS A TERCEROS;TERCEROS;OLO7;Produccion;0;0;0;0;;;;;;;;;;0;0;0;0;0;0;N
7000224;896;FUZHOU POWER ELECTRICAL APPLIANCES CO.,L;80;2025-10-07;Directo PE - Homecenters Peruanos S.A.;28556,96;USD;<null>;FOB  ;FOB  ;<null>;205;187;2025-12-05;2025-12-05;5936;Homecenters Peruanos S.A.;-- N/A --;7098;2025-12-30;2025CX-J20;2025CX-J20;28557,00;false;false;COMPRAS A TERCEROS;TERCEROS;OLO7;Transito;0;EVERGREEN;0;148500329062;26-11-25;03-12-25;;01-01-26;01-01-26;;;;;0;0;0;SPARX;0;0;N
7000225;433;ANTRONIC ELECTRICAL APPLIANCE CO., LIMITED                 ;85;2025-11-11;Directo PE - Homecenters Peruanos S.A.;55790,00;USD;<null>;FOB  ;FOB  ;<null>;91;187;2025-12-17;2025-12-17;5926;Homecenters Peruanos S.A.;-- N/A --;7089;2025-12-22;20251003A;20251031A;55790,00;false;false;COMPRAS A TERCEROS;TERCEROS;OLO7;Transito;0;CMA CGM;0;CHN2918815;28-11-25;03-12-25;;25-12-25;24-12-25;;09-02-26;29-12-26;;0;0;0;SPARX;0;0;N
7000227;890;RAIYUAN INDUSTRIAL LIMITED;80;2025-10-07;Directo MX - Tiendas Soriana S.A De C.V;26520,00;USD;<null>;FOB  ;FOB  ;<null>;111;183;2025-11-30;2025-11-30;<null>;Tiendas Soriana S.A De C.V;<null>;<null>;<null>;OCT 2,2025;<null>;<null>;false;false;COMPRAS A TERCEROS;TERCEROS;OLO7;Produccion;0;0;0;0;22-12-25;;;;;;;;;0;0;0;DHL;0;0;N
7000228;890;RAIYUAN INDUSTRIAL LIMITED;80;2025-10-09;Directo MX - Tiendas Soriana S.A De C.V;26520,00;USD;<null>;FOB  ;FOB  ;<null>;111;183;2026-03-15;2026-03-15;<null>;Tiendas Soriana S.A De C.V;<null>;<null>;<null>;Aug 29,2025;<null>;<null>;false;false;COMPRAS A TERCEROS;TERCEROS;OLO7;Produccion;0;0;0;0;;;;;;;;;;0;0;0;0;0;0;N
7000234;603;HENAN TOPCERA SANITARY WARE CO., LTD;89;2025-10-14;Directo CL - Easy Retail S.A;13860,00;USD;<null>;FOB  ;FOB  ;<null>;77;105;2025-11-17;2025-11-17;<null>;Easy Retail S.A;<null>;<null>;<null>;ok;<null>;<null>;false;false;COMPRAS A TERCEROS;TERCEROS;OLO7;Produccion;0;0;0;0;20-01-26;;;;;;;;;0;0;0;0;0;0;N
7000236;603;HENAN TOPCERA SANITARY WARE CO., LTD;89;2026-02-13;Directo CL - Easy Retail S.A;13860,00;USD;<null>;FOB  ;FOB  ;<null>;77;105;2026-09-01;2026-09-01;<null>;Easy Retail S.A;<null>;<null>;<null>;STB-Chile202419;<null>;<null>;false;false;COMPRAS A TERCEROS;TERCEROS;OLO7;Produccion;0;0;0;0;;;;;;;;;;0;0;0;0;0;0;N
7000239;516;TANGSHAN HENGER IMPORT&EXPORT TRADING CO;89;2025-10-14;Directo CL - Easy Retail S.A;27260,00;USD;<null>;FOB  ;FOB  ;<null>;77;105;2025-12-01;2025-12-01;5934;Easy Retail S.A;-- N/A --;7097;2025-12-29;26-ago-25;XFH251226;27260,00;false;false;COMPRAS A TERCEROS;TERCEROS;OLO7;Transito;0;COSCO;0;6439302710;12-11-25;18-12-25;;30-12-25;01-01-26;;07-02-26;07-02-26;;0;0;0;0;0;0;N
7000244;1000257;XIAMEN SUPER STAR ARTS AND CRAFTS CO., LIMITED;87;2025-10-17;Directo CO - Sodimac Colombia SA;6806,40;USD;<null>;FOB  ;FOB  ;<null>;108;16;2026-01-26;2026-01-26;5960;Sodimac Colombia SA;-- N/A --;7127;2026-02-02;Oct 15,2025;XSF-25127;6806,40;false;false;COMPRAS A TERCEROS;TERCEROS;OLO7;Transito;0;MAERSK;0;S21XMN2604001;31-12-25;23-01-26;;04-01-26;04-02-26;;17-03-26;01-03-26;;0;0;0;AGUNSA;0;0;N
7000245;1000257;XIAMEN SUPER STAR ARTS AND CRAFTS CO., LIMITED;87;2025-10-17;Directo PE - Tiendas Del Mejoramiento Del Hogar S.A.;3152,00;USD;<null>;FOB  ;FOB  ;<null>;108;187;2026-01-15;2026-01-15;<null>;Tiendas Del Mejoramiento Del Hogar S.A.;<null>;<null>;<null>;Oct 15,2025;<null>;<null>;false;false;COMPRAS A TERCEROS;TERCEROS;OLO7;Produccion;0;0;0;FCR S21XMN2605005;04-02-26;10-03-26;;25-03-26;25-03-26;;09-05-26;01-04-26;;0;0;0;0;0;0;N
7000251;1000244;NINGBO METALIQUE HOME SUPPLIES CO.,LTD;80;2025-11-18;Directo PE - Homecenters Peruanos S.A.;113035,22;USD;<null>;FOB  ;FOB  ;<null>;71;187;2025-12-10;2025-12-10;5913;Homecenters Peruanos S.A.;-- N/A --;7076;2025-12-22;16-oct-25;MK250135R MK250151R;113035,22;false;false;COMPRAS A TERCEROS;TERCEROS;OLO7;Transito;0;CMA CGM;0;NGP3139781;27-11-25;08-12-25;;25-12-25;03-01-26;;29-12-25;16-02-26;;0;0;0;SPARX;0;0;N
7000252;1000244;NINGBO METALIQUE HOME SUPPLIES CO.,LTD;80;2025-11-18;Directo PE - Homecenters Peruanos S.A.;54365,32;USD;<null>;FOB  ;FOB  ;<null>;71;187;2025-12-10;2025-12-10;5937;Homecenters Peruanos S.A.;-- N/A --;7099;2025-12-31;16-oct-25;MK-250136;54365,32;false;false;COMPRAS A TERCEROS;TERCEROS;OLO7;Transito;0;EVERGREEN;0;EGLV143566641187;08-12-25;16-12-25;;31-12-25;05-01-26;;04-02-26;04-02-26;;0;0;0;SPARX;0;0;N
7000255;862;ZHEJIANG BONAVIT HOMEWARE CO.,LTD.;89;2025-10-22;Directo DO - Bellon S.A.S;19198,00;USD;<null>;FOB  ;FOB  ;<null>;71;187;2025-12-15;2025-12-15;5950;Bellon S.A.S;-- N/A --;7118;2026-01-27;2025WT015;2025WT015;19198,00;false;false;COMPRAS A TERCEROS;TERCEROS;OLO7;Transito;0;MSC;0;177PNZNZN09E46A;09-12-25;15-12-25;;19-01-26;28-01-26;;;;;0;0;0;0;0;0;N
7000262;2;CHIN HUEI PLASTIC INDUSTRIAL JOINT STOCK;83;2025-10-29;Directo CL - Easy Retail S.A;87083,60;USD;<null>;FOB  ;FOB  ;<null>;29;105;2025-11-25;2025-11-25;5927;Easy Retail S.A;-- N/A --;7090;2025-12-25;04-oct-25;CH-251225;87083,60;false;false;COMPRAS A TERCEROS;TERCEROS;OLO7;Transito;0;0;0;263478276;24-11-25;23-12-25;;28-12-25;01-01-26;;16-02-26;23-02-26;;0;0;0;0;0;0;N
7000263;2;CHIN HUEI PLASTIC INDUSTRIAL JOINT STOCK;83;2025-10-29;Directo CL - Easy Retail S.A;54702,60;USD;<null>;FOB  ;FOB  ;<null>;29;105;2026-02-26;2026-02-26;<null>;Easy Retail S.A;<null>;<null>;<null>;04-oct-25;<null>;<null>;false;false;COMPRAS A TERCEROS;TERCEROS;OLO7;Produccion;0;MAERSK;0;266402855;06-02-26;09-03-26;;15-03-26;30-03-26;;11-05-26;01-04-26;;0;0;0;0;0;0;N
7000264;2;CHIN HUEI PLASTIC INDUSTRIAL JOINT STOCK;83;2025-10-29;Directo CL - Easy Retail S.A;54389,60;USD;<null>;FOB  ;FOB  ;<null>;29;105;2026-04-26;2026-04-26;<null>;Easy Retail S.A;<null>;<null>;<null>;04-oct-25;<null>;<null>;false;false;COMPRAS A TERCEROS;TERCEROS;OLO7;Produccion;0;0;0;0;;;;;;;;;;0;0;0;0;0;0;N
7000266;347;NINGBO YINZHOU METALIQUE HOME SUPPLIES CO.,LTD             ;89;2025-11-11;Directo PE - Homecenters Peruanos S.A.;8840,00;USD;<null>;FOB  ;FOB  ;<null>;71;187;2025-12-20;2025-12-20;5915;Homecenters Peruanos S.A.;-- N/A --;7078;2025-12-22;05-nov-25;MK-250157;8840,00;false;false;COMPRAS A TERCEROS;TERCEROS;OLO7;Transito;0;CMA CGM;0;NGP3139781;27-11-25;08-12-25;;25-12-25;03-01-26;;09-02-26;16-02-26;;0;0;0;SPARX;0;0;N
7000269;1000244;NINGBO METALIQUE HOME SUPPLIES CO.,LTD;80;2025-11-26;Directo VE - Febeca, C.A.;123595,92;USD;<null>;FOB  ;CIF  ;FOB  ;71;116;2026-01-01;2026-01-01;5963;Febeca, C.A.;-- N/A --;7130;2026-02-05;OK;MK-240146;123595,92;false;false;COMPRAS A TERCEROS;TERCEROS;OLO7;Transito;TCNU3975762;CMA CGM;Contenedor 40 HC;BJPBL2600086;21-01-26;27-01-26;;08-02-26;21-02-26;21-02-26;11-04-26;11-04-26;;3430;IOLFT26-125;FAK;IN OCEAN;0;0;N
7000270;1000243;NINGBO BRIGHTENLUX ELECTRIC APPLIANCE CO.,LTD;89;2025-11-14;Directo PE - Homecenters Peruanos S.A.;11384,00;USD;<null>;FOB  ;FOB  ;<null>;71;187;2026-01-15;2026-01-15;5964;Homecenters Peruanos S.A.;-- N/A --;7131;2026-02-09;14-nov-25;BL251120C0712C;11384,00;false;false;COMPRAS A TERCEROS;TERCEROS;OLO7;Transito;FCIU7319670;CMA CGM;0;HSHA00086375;30-12-25;08-01-26;;01-02-26;19-02-26;;17-04-26;17-04-26;;0;0;0;SPARX;0;0;N
7000271;603;HENAN TOPCERA SANITARY WARE CO., LTD;89;2025-11-14;Directo CL - Easy Retail S.A;29106,00;USD;<null>;FOB  ;FOB  ;<null>;77;105;2025-12-01;2025-12-01;<null>;Easy Retail S.A;<null>;<null>;<null>;STB-Chile202520;<null>;<null>;false;false;COMPRAS A TERCEROS;TERCEROS;OLO7;Produccion;0;0;0;0;22-01-26;;;;;;;;;0;0;0;0;0;0;N
7000272;1000241;NINGBO BEILUN GOOGOL HOUSEHOLD PRODUCTS.,LTD;87;2025-11-18;Directo PE - Homecenters Peruanos S.A.;2009,20;USD;<null>;FOB  ;FOB  ;<null>;71;187;2025-12-25;2025-12-25;5930;Homecenters Peruanos S.A.;-- N/A --;7093;2025-12-26;04-11-25;25GG110;2009,20;false;false;COMPRAS A TERCEROS;TERCEROS;OLO7;Transito;MNBU0089239;0;0;HNGB00070372;11-12-25;15-12-25;;31-12-25;31-12-25;;01-02-26;01-02-26;;0;0;0;SPARX;0;0;N
7000277;487;ZHONGSHAN CHANGSHENG METAL PRODUCTS CO., LTD               ;85;2025-11-25;Directo PE - Homecenters Peruanos S.A.;10450,00;USD;<null>;FOB  ;FOB  ;<null>;113;187;2026-01-19;2026-01-19;5948;Homecenters Peruanos S.A.;-- N/A --;7116;2026-01-23;24-nov-25;26CS017735;10450,00;false;false;COMPRAS A TERCEROS;TERCEROS;OLO7;Transito;0;MAERSK;0;264213338;05-01-26;09-01-26;;22-01-26;06-02-26;;08-03-26;08-03-26;;0;0;0;SPARX;0;0;N
7000278;380;QINGDAO YUDING METAL PRODUCTS CO.LTD                       ;85;2025-11-25;Directo PE - Homecenters Peruanos S.A.;26913,60;USD;<null>;FOB  ;FOB  ;<null>;77;187;2025-12-25;2025-12-25;5932;Homecenters Peruanos S.A.;-- N/A --;7095;2025-12-29;23-nov-25;BAC7000278;26913,60;false;false;COMPRAS A TERCEROS;TERCEROS;OLO7;Transito;0;MAERSK;0;264809582;08-12-25;15-12-25;;03-01-26;03-01-26;;08-02-26;08-02-26;;0;0;0;SPARX;0;0;N
7000279;380;QINGDAO YUDING METAL PRODUCTS CO.LTD                       ;85;2025-11-25;Directo PE - Homecenters Peruanos S.A.;40370,40;USD;<null>;FOB  ;FOB  ;<null>;77;187;2025-12-25;2025-12-25;5931;Homecenters Peruanos S.A.;-- N/A --;7094;2025-12-29;23-nov-25;BAC7000279;40370,40;false;false;COMPRAS A TERCEROS;TERCEROS;OLO7;Transito;0;EVERGREEN;0;140558206383;08-12-25;19-12-25;;03-01-26;03-01-26;;11-02-26;18-02-26;;0;0;0;SPARX;0;0;N
7000280;870;F.V. AREA ANDINA S.A.;84;2025-11-26;Directo VE - Febeca, C.A.;21638,00;USD;<null>;FOB  ;CIF  ;FOB  ;41;121;2025-12-30;2025-12-30;5973;BAMERICA CORP. (Dropship FEBECA - VE) ;-- N/A --;7139;2026-02-26;FV - NOVIEMBRE 2025 - PF 3145350 - CONTENEDOR 1;001-003-000006654;21638,00;false;false;PEDIDO COMPRA;MCG;OLO7;Transito;CMAU6144988;CMA CGM;Contenedor 40 HC;GYELAG26009;03-02-26;03-02-26;;18-02-26;23-02-26;14-02-26;08-03-26;08-03-26;;2700;0;FAK;CARGOCORP;0;0;N
7000281;870;F.V. AREA ANDINA S.A.;84;2025-11-26;Directo VE - Febeca, C.A.;23250,00;USD;<null>;FOB  ;CIF  ;FOB  ;41;121;2025-12-30;2025-12-30;5973;BAMERICA CORP. (Dropship FEBECA - VE) ;-- N/A --;7140;2026-02-26;FV - NOVIEMBRE 2025 - PF 3145356 - CONTENEDOR 2;001-003-000006653;23250,00;false;false;PEDIDO COMPRA;MCG;OLO7;Transito;CMAU7825116;CMA CGM;Contenedor 40 HC;GYELAG26009;03-02-26;03-02-26;;18-02-26;04-03-26;14-02-26;08-03-26;08-03-26;;2700;0;FAK;CARGOCORP;0;0;N
7000282;870;F.V. AREA ANDINA S.A.;84;2025-11-26;Directo VE - Febeca, C.A.;23250,00;USD;<null>;FOB  ;CIF  ;FOB  ;41;121;2025-12-30;2025-12-30;5973;BAMERICA CORP. (Dropship FEBECA - VE) ;-- N/A --;7141;2026-02-26;FV - NOVIEMBRE 2025 - PF 3145372 - CONTENEDOR 3;001-003-000006652;23250,00;false;false;PEDIDO COMPRA;MCG;OLO7;Transito;CMAU7689128;CMA CGM;Contenedor 40 HC;GYELAG26009;03-02-26;03-02-26;;18-02-26;04-03-26;14-02-26;08-03-26;08-03-26;;2700;0;FAK;CARGOCORP;0;0;N
7000283;870;F.V. AREA ANDINA S.A.;84;2025-11-26;Directo VE - Febeca, C.A.;20775,00;USD;<null>;FOB  ;CIF  ;FOB  ;41;121;2025-12-30;2025-12-30;5973;BAMERICA CORP. (Dropship FEBECA - VE) ;-- N/A --;7142;2026-02-26;FV - NOVIEMBRE 2025 - PF 3145375 - CONTENEDOR 4;001-003-000006651;20775,00;false;false;PEDIDO COMPRA;MCG;OLO7;Transito;CMAU6489845;CMA CGM;Contenedor 40 HC;GYELAG26009;03-02-26;03-02-26;;18-02-26;04-03-26;14-02-26;08-03-26;08-03-26;;2700;0;FAK;CARGOCORP;0;0;N
7000284;870;F.V. AREA ANDINA S.A.;84;2025-11-26;Directo VE - Febeca, C.A.;20775,00;USD;<null>;FOB  ;CIF  ;FOB  ;41;121;2025-12-30;2025-12-30;5973;BAMERICA CORP. (Dropship FEBECA - VE) ;-- N/A --;7143;2026-02-26;FV - NOVIEMBRE 2025 - PF 3145376 - CONTENEDOR 5;001-003-000006650;20775,00;false;false;PEDIDO COMPRA;MCG;OLO7;Transito;CMAU4297150;CMA CGM;Contenedor 40 HC;GYELAG26009;03-02-26;03-02-26;;18-02-26;04-03-26;14-02-26;08-03-26;08-03-26;;2700;0;FAK;CARGOCORP;0;0;N
7000285;870;F.V. AREA ANDINA S.A.;84;2025-11-26;Directo VE - Febeca, C.A.;23250,00;USD;<null>;FOB  ;CIF  ;FOB  ;41;121;2025-12-30;2025-12-30;5973;BAMERICA CORP. (Dropship FEBECA - VE) ;-- N/A --;7144;2026-02-26;FV - NOVIEMBRE 2025 - PF 3145382 - CONTENEDOR 6;001-003-000006649;23250,00;false;false;PEDIDO COMPRA;MCG;OLO7;Transito;APHU7249990;CMA CGM;Contenedor 40 HC;GYELAG26009;03-02-26;03-02-26;;14-02-26;14-02-26;14-02-26;08-03-26;08-03-26;;2700;0;FAK;CARGOCORP;0;0;N
7000286;870;F.V. AREA ANDINA S.A.;84;2025-11-26;Directo VE - Febeca, C.A.;21638,00;USD;<null>;FOB  ;FOB  ;<null>;41;121;2025-12-30;2025-12-30;<null>;BAMERICA CORP. (Dropship FEBECA - VE) ;<null>;<null>;<null>;FV - NOVIEMBRE 2025 - PF 3145385 - CONTENEDOR 7;<null>;<null>;false;false;PEDIDO COMPRA;MCG;OLO7;Produccion;0;0;0;0;;;;29-03-26;29-03-26;;;;;0;0;0;0;0;0;N
7000287;870;F.V. AREA ANDINA S.A.;84;2025-11-26;Directo VE - Febeca, C.A.;23980,00;USD;<null>;FOB  ;FOB  ;<null>;41;121;2025-12-30;2025-12-30;<null>;BAMERICA CORP. (Dropship FEBECA - VE) ;<null>;<null>;<null>;FV - NOVIEMBRE 2025 - PF 3145392 - CONTENEDOR 8;<null>;<null>;false;false;PEDIDO COMPRA;MCG;OLO7;Produccion;0;0;0;0;;;;29-03-26;29-03-26;;;;;0;0;0;0;0;0;N
7000288;870;F.V. AREA ANDINA S.A.;84;2025-11-26;Directo VE - Febeca, C.A.;24750,00;USD;<null>;FOB  ;FOB  ;<null>;41;121;2025-12-30;2025-12-30;<null>;BAMERICA CORP. (Dropship FEBECA - VE) ;<null>;<null>;<null>;FV - NOVIEMBRE 2025 - PF 3145404 - CONTENEDOR 9;<null>;<null>;false;false;PEDIDO COMPRA;MCG;OLO7;Produccion;0;0;0;0;;;;29-03-26;29-03-26;;;;;0;0;0;0;0;0;N
7000289;870;F.V. AREA ANDINA S.A.;84;2025-11-26;Directo VE - Febeca, C.A.;23100,00;USD;<null>;FOB  ;FOB  ;<null>;41;121;2025-12-30;2025-12-30;<null>;BAMERICA CORP. (Dropship FEBECA - VE) ;<null>;<null>;<null>;FV - NOVIEMBRE 2025 - PF 3145407 - CONTENEDOR 10;<null>;<null>;false;false;PEDIDO COMPRA;MCG;OLO7;Produccion;0;0;0;0;;;;29-03-26;29-03-26;;;;;0;0;0;0;0;0;N
7000290;870;F.V. AREA ANDINA S.A.;84;2025-11-26;Directo VE - Febeca, C.A.;68400,00;USD;<null>;FOB  ;FOB  ;<null>;41;121;2025-12-30;2025-12-30;<null>;BAMERICA CORP. (Dropship FEBECA - VE) ;<null>;<null>;<null>;FV - NOVIEMBRE 2025 - PF 3145413 - CONTENEDOR 11;<null>;<null>;false;false;PEDIDO COMPRA;MCG;OLO7;Booking;0;0;0;0;;;;29-03-26;29-03-26;;;;;0;0;0;0;0;0;N
7000291;347;NINGBO YINZHOU METALIQUE HOME SUPPLIES CO.,LTD             ;89;2025-11-26;Directo PE - Homecenters Peruanos S.A.;11419,60;USD;<null>;FOB  ;FOB  ;<null>;71;187;2026-01-27;2026-01-27;5962;Homecenters Peruanos S.A.;-- N/A --;7129;2026-02-05;20-nov-25;MK-250165;11419,60;false;false;COMPRAS A TERCEROS;TERCEROS;OLO7;Transito;MNBU4115362;MAERSK;0;277629520;07-01-26;13-01-26;;10-02-26;20-02-26;;23-03-26;23-03-26;;0;0;0;SPARX;0;0;N
7000292;880;Ningbo Worldsourcing I/E Co.,Ltd.;80;2025-11-27;Directo PE - Homecenters Peruanos S.A.;5166,72;USD;<null>;FOB  ;FOB  ;<null>;71;187;2025-12-31;2025-12-31;5953;Homecenters Peruanos S.A.;-- N/A --;7121;2026-01-28;22-nov-25;25WS6679;5166,72;false;false;COMPRAS A TERCEROS;TERCEROS;OLO7;Transito;MNBU3651864;MAERSK;0;HNGB00070837;08-12-25;12-12-25;;21-01-26;10-02-26;;12-03-26;15-03-27;;0;0;0;SPARX;0;0;N
7000293;603;HENAN TOPCERA SANITARY WARE CO., LTD;89;2025-11-27;Directo PE - Homecenters Peruanos S.A.;22000,00;USD;<null>;FOB  ;FOB  ;<null>;77;187;2026-01-31;2026-01-31;<null>;Homecenters Peruanos S.A.;<null>;<null>;<null>;STB-PERU202534;<null>;<null>;false;false;COMPRAS A TERCEROS;TERCEROS;OLO7;Produccion;0;0;0;0;30-12-25;;;;;;;;;0;0;0;SPARX;0;0;N
7000294;1000257;XIAMEN SUPER STAR ARTS AND CRAFTS CO., LIMITED;87;2025-11-28;Directo PE - Tiendas Del Mejoramiento Del Hogar S.A.;2368,00;USD;<null>;FOB  ;FOB  ;<null>;108;187;2026-03-15;2026-03-15;<null>;Tiendas Del Mejoramiento Del Hogar S.A.;<null>;<null>;<null>;Nov 26,2025;<null>;<null>;false;false;COMPRAS A TERCEROS;TERCEROS;OLO7;Produccion;0;MSC;0;0;09-03-26;11-03-26;;25-03-26;25-03-26;;09-05-26;01-04-26;;0;0;0;0;0;0;N
7000295;1000235;GUANGDONG WIREKING HOUSEHOLD SUPPLIES CO., LTD;87;2026-01-13;Directo PE - Homecenters Peruanos S.A.;15052,88;USD;<null>;FOB  ;FOB  ;<null>;93;187;2026-01-02;2026-01-02;5939;<null>;-- N/A --;7107;2026-01-13;25-nov-25;BA26011001;15052,88;false;false;COMPRAS A TERCEROS;TERCEROS;OLO7;Transito;0;MAERSK;0;264213006;05-01-26;09-01-26;;15-01-26;16-01-26;;22-02-26;22-02-26;;0;0;0;0;0;0;N
7000296;616;ZHENJIANG HOME-RICH IMP&EXP TRADING CO.;80;2025-12-04;Directo MX - VALVULAS Y ACCESORIOS APOLO SA DE CV;5639,38;USD;<null>;FOB  ;FOB  ;<null>;71;57;2026-01-15;2026-01-15;5975;VALVULAS Y ACCESORIOS APOLO SA DE CV;-- N/A --;7147;2026-03-12;HMR 24B022;TEMU7651817;5639,38;false;false;COMPRAS A TERCEROS;TERCEROS;OLO7;Transito;TEMU7651817;HAPAG LLOYD;0;HLCUNG12601TQXQ3;28-01-26;09-02-26;;08-03-26;13-03-26;;01-04-26;05-04-26;;0;0;0;DHL;0;0;N
7000297;603;HENAN TOPCERA SANITARY WARE CO., LTD;89;2026-01-23;Directo PE - Homecenters Peruanos S.A.;30821,00;USD;<null>;FOB  ;FOB  ;<null>;77;187;2026-01-30;2026-01-30;5968;Homecenters Peruanos S.A.;-- N/A --;7135;2026-02-10;STB-PERU202520;STB-PERU202532;30821,00;false;false;COMPRAS A TERCEROS;TERCEROS;OLO7;Transito;0;EVERGREEN;0;140658006190;30-01-26;26-02-26;;14-02-26;18-02-26;;21-03-26;28-03-26;;0;0;0;0;0;0;N
7000303;865;HENAN LORY SANITARY WARE CO.,LTD.;89;2025-12-10;Directo DO - Ferresuplidores FESU, SRL;10902,00;USD;<null>;FOB  ;FOB  ;<null>;77;188;2025-12-25;2025-12-25;5945;Ferresuplidores FESU, SRL;-- N/A --;7113;2026-01-15;OK;LR251229HP;10902,00;false;false;COMPRAS A TERCEROS;TERCEROS;OLO7;Transito;0;MSC;0;177BHPHPA4156;18-12-25;25-12-25;;02-01-26;11-01-26;;14-02-26;15-02-26;;0;0;0;0;0;0;N
7000304;890;RAIYUAN INDUSTRIAL LIMITED;80;2025-12-11;Directo PE - Homecenters Peruanos S.A.;25058,00;USD;<null>;FOB  ;FOB  ;<null>;93;187;2026-03-15;2026-03-15;<null>;Homecenters Peruanos S.A.;<null>;<null>;<null>;OK;<null>;<null>;false;false;COMPRAS A TERCEROS;TERCEROS;OLO7;Produccion;0;MSC;0;0;06-03-26;10-03-26;;03-04-26;03-04-26;;;;;0;0;0;SPARX;0;0;N
7000305;380;QINGDAO YUDING METAL PRODUCTS CO.LTD                       ;85;2025-12-22;Directo EC - Homecenter Ecuatorianos S.A.S (127597);25900,00;USD;<null>;FOB  ;FOB  ;<null>;77;41;2026-01-15;2026-01-15;5946;Homecenter Ecuatorianos S.A.S (127597);-- N/A --;7114;2026-01-20;12-04-25;BAC7000305;25900,00;false;false;COMPRAS A TERCEROS;TERCEROS;OLO7;Transito;0;EVERGREEN;0;140600034743;24-12-25;06-01-26;;24-01-26;30-01-26;;03-03-26;10-03-26;;0;0;0;0;0;0;N
7000306;347;NINGBO YINZHOU METALIQUE HOME SUPPLIES CO.,LTD             ;79;2026-02-10;Directo EC - Homecenter Ecuatorianos S.A.S (127597);11706,93;USD;<null>;FOB  ;FOB  ;<null>;71;41;2026-01-30;2026-01-30;5965;<null>;-- N/A --;7132;2026-02-10;ok;MK-250172A;11706,93;false;false;COMPRAS A TERCEROS;TERCEROS;OLO7;Transito;0;MAERSK;0;143661435432;14-01-26;22-01-26;;14-02-26;20-02-26;;17-03-26;30-03-26;;0;0;0;0;0;0;N
7000307;347;NINGBO YINZHOU METALIQUE HOME SUPPLIES CO.,LTD             ;79;2026-02-10;Directo EC - Homecenters Ecuatorianos S.A.S;2988,50;USD;<null>;FOB  ;FOB  ;<null>;71;41;2026-01-30;2026-01-30;5966;<null>;-- N/A --;7133;2026-02-10;ok;MK-250172B;2988,50;false;false;COMPRAS A TERCEROS;TERCEROS;OLO7;Transito;0;MAERSK;0;EGLV143661435432..;14-01-26;22-01-26;;14-02-26;20-02-26;;17-03-26;24-03-26;;0;0;0;0;0;0;N
7000308;603;HENAN TOPCERA SANITARY WARE CO., LTD;89;2025-12-12;Directo CO - Decoramia S.A.S.;11648,00;USD;<null>;FOB  ;FOB  ;<null>;77;16;2026-01-22;2026-01-22;5941;Decoramia S.A.S.;-- N/A --;7109;2026-01-13;ok;STB-COLOMBIA-202507;11648,00;false;false;COMPRAS A TERCEROS;TERCEROS;OLO7;Transito;0;MSC;0;177SSHSHA11510V;07-01-26;09-01-26;;16-01-26;05-02-26;;27-02-26;25-03-26;;0;0;0;0;0;0;N
7000309;603;HENAN TOPCERA SANITARY WARE CO., LTD;89;2025-12-12;Directo CO - Decoramia S.A.S.;14225,28;USD;<null>;FOB  ;FOB  ;<null>;77;16;2026-03-15;2026-03-15;<null>;Decoramia S.A.S.;<null>;<null>;<null>;ok;<null>;<null>;false;false;COMPRAS A TERCEROS;TERCEROS;OLO7;Produccion;0;MSC;0;177SSHSHA12203V;05-03-26;19-03-26;;20-03-26;27-03-26;;;;;0;0;0;0;0;0;N
7000311;865;HENAN LORY SANITARY WARE CO.,LTD.;89;2025-12-15;Directo EC - Homecenters Ecuatorianos S.A.S;8295,00;USD;<null>;FOB  ;FOB  ;<null>;77;41;2026-01-04;2026-01-04;<null>;Homecenters Ecuatorianos S.A.S;<null>;<null>;<null>;ok;<null>;<null>;false;false;COMPRAS A TERCEROS;TERCEROS;OLO7;Booking;0;EVERGREEN;0;140503549840;18-12-25;30-12-25;;;;;;;;0;0;0;0;0;0;N
7000312;327;WUHU XINGDIAN INDUSTRY CO., LTD                            ;85;2025-12-15;Directo EC - Homecenters Ecuatorianos S.A.S;16163,47;USD;<null>;FOB  ;FOB  ;<null>;91;41;2026-01-08;2026-01-08;5947;Homecenters Ecuatorianos S.A.S;-- N/A --;7115;2026-01-22;OK;XDF-25177 EC;16163,47;false;false;COMPRAS A TERCEROS;TERCEROS;OLO7;Transito;0;EVERGREEN;0;142552162607;18-12-25;25-12-25;;24-01-26;02-02-26;;24-02-26;03-03-26;;0;0;0;0;0;0;N
7000314;1000241;NINGBO BEILUN GOOGOL HOUSEHOLD PRODUCTS.,LTD;87;2026-01-08;Directo PE - Homecenters Peruanos S.A.;1945,60;USD;<null>;FOB  ;FOB  ;<null>;71;187;2026-01-31;2026-01-31;5961;Homecenters Peruanos S.A.;-- N/A --;7128;2026-02-04;23-12-25;25GG120;1945,60;false;false;COMPRAS A TERCEROS;TERCEROS;OLO7;Transito;0;0;0;HNGB00071017;14-01-26;20-01-26;;08-02-26;20-02-26;;14-03-26;23-03-26;;0;0;0;SPARX;0;0;N
7000315;603;HENAN TOPCERA SANITARY WARE CO., LTD;89;2026-01-07;Directo EC - Homecenters Ecuatorianos S.A.S;23610,60;USD;<null>;FOB  ;FOB  ;<null>;77;41;2026-01-31;2026-01-31;5952;Homecenters Ecuatorianos S.A.S;-- N/A --;7120;2026-01-28;STB-PERU202535;STB-ECUADOR202601;23610,60;false;false;COMPRAS A TERCEROS;TERCEROS;OLO7;Transito;0;EVERGREEN;0;140600197112;19-01-26;21-01-26;;02-02-26;04-02-26;;10-03-26;17-03-26;;0;0;0;0;0;0;N
7000316;487;ZHONGSHAN CHANGSHENG METAL PRODUCTS CO., LTD               ;85;2026-01-15;Directo PE - Homecenters Peruanos S.A.;10450,00;USD;<null>;FOB  ;FOB  ;<null>;113;187;2026-03-31;2026-03-31;<null>;Homecenters Peruanos S.A.;<null>;<null>;<null>;24-nov-25;<null>;<null>;false;false;COMPRAS A TERCEROS;TERCEROS;OLO7;Produccion;0;EVERGREEN;0;0;08-03-26;18-03-26;;10-04-26;10-04-26;;27-05-26;27-05-26;;0;0;0;SPARX;0;0;N
7000319;347;NINGBO YINZHOU METALIQUE HOME SUPPLIES CO.,LTD             ;89;2026-01-15;Directo PE - Homecenters Peruanos S.A.;2621,00;USD;<null>;FOB  ;FOB  ;<null>;71;187;2026-04-10;2026-04-10;<null>;Homecenters Peruanos S.A.;<null>;<null>;<null>;2026.01.06;<null>;<null>;false;false;COMPRAS A TERCEROS;TERCEROS;OLO7;Produccion;0;0;0;0;06-03-26;;;;;;;;;0;0;0;SPARX;0;0;N
7000320;380;QINGDAO YUDING METAL PRODUCTS CO.LTD                       ;85;2026-01-15;Directo PE - Homecenters Peruanos S.A.;41550,00;USD;<null>;FOB  ;FOB  ;<null>;77;187;2026-04-10;2026-04-10;<null>;Homecenters Peruanos S.A.;<null>;<null>;<null>;14/1/2026;<null>;<null>;false;false;COMPRAS A TERCEROS;TERCEROS;OLO7;Produccion;0;0;0;0;08-03-26;;;;;;;;;0;0;0;SPARX;0;0;N
7000321;380;QINGDAO YUDING METAL PRODUCTS CO.LTD                       ;85;2026-01-15;Directo PE - Homecenters Peruanos S.A.;13890,00;USD;<null>;FOB  ;FOB  ;<null>;77;191;2026-04-10;2026-04-10;<null>;Homecenters Peruanos S.A.;<null>;<null>;<null>;OK;<null>;<null>;false;false;COMPRAS A TERCEROS;TERCEROS;OLO7;Produccion;0;0;0;0;08-03-26;;;;;;;;;0;0;0;SPARX;0;0;N
7000322;890;RAIYUAN INDUSTRIAL LIMITED;80;2026-01-16;Directo PE - Homecenters Peruanos S.A.;29979,40;USD;<null>;FOB  ;FOB  ;<null>;93;187;2026-04-17;2026-04-17;<null>;Homecenters Peruanos S.A.;<null>;<null>;<null>;05-01-26;<null>;<null>;false;false;COMPRAS A TERCEROS;TERCEROS;OLO7;Produccion;0;0;0;0;;;;;;;;;;0;0;0;0;0;0;N
7000323;876;QINGDAO BESTOP INDUSTRY CO., LTD;80;2026-01-19;Directo PE - Implementos Peru S.A.C;4920,00;USD;<null>;FOB  ;FOB  ;<null>;98;187;2026-02-01;2026-02-01;5969;Implementos Peru S.A.C;-- N/A --;7136;2026-02-12;TOP2026011301;TOP20260120B;4920,00;false;false;COMPRAS A TERCEROS;TERCEROS;OLO7;Transito;0;MAERSK;0;TNJ260000343;28-01-26;03-02-26;;13-02-26;16-02-26;;23-03-26;06-04-26;;0;0;0;0;0;0;N
7000324;857;NINGBO KONWIN ELECTRICAL APPLIANCE CO ;82;2026-01-21;Directo PE - Homecenters Peruanos S.A.;43700,00;USD;<null>;FOB  ;FOB  ;<null>;71;187;2026-03-27;2026-03-27;<null>;Homecenters Peruanos S.A.;<null>;<null>;<null>;CX25RFJ907;<null>;<null>;false;false;COMPRAS A TERCEROS;TERCEROS;OLO7;Produccion;0;0;0;0;;;;;;;;;;0;0;0;SPARX;0;0;N
7000325;603;HENAN TOPCERA SANITARY WARE CO., LTD;89;2026-01-23;Directo PE - Homecenters Peruanos S.A.;18700,00;USD;<null>;FOB  ;FOB  ;<null>;77;187;2026-01-30;2026-01-30;<null>;Homecenters Peruanos S.A.;<null>;<null>;<null>;ok;<null>;<null>;false;false;COMPRAS A TERCEROS;TERCEROS;OLO7;Produccion;0;0;0;0;;;;;;;;;;0;0;0;0;0;0;N
7000326;1000244;NINGBO METALIQUE HOME SUPPLIES CO.,LTD;80;2026-01-23;Directo MX - VALVULAS Y ACCESORIOS APOLO SA DE CV;37820,00;USD;<null>;FOB  ;FOB  ;<null>;71;57;2026-04-30;2026-04-30;<null>;VALVULAS Y ACCESORIOS APOLO SA DE CV;<null>;<null>;<null>;22/Jan/26;<null>;<null>;false;false;COMPRAS A TERCEROS;TERCEROS;OLO7;Produccion;0;0;0;0;;;;;;;;;;0;0;0;0;0;0;N
7000327;896;FUZHOU POWER ELECTRICAL APPLIANCES CO.,L;80;2026-01-23;Directo PE - Homecenters Peruanos S.A.;22831,00;USD;<null>;FOB  ;FOB  ;<null>;205;187;2026-04-05;2026-04-05;<null>;Homecenters Peruanos S.A.;<null>;<null>;<null>;16-ene-26;<null>;<null>;false;false;COMPRAS A TERCEROS;TERCEROS;OLO7;Produccion;0;0;0;0;13-03-26;;;;;;;;;0;0;0;SPARX;0;0;N
7000328;1000257;XIAMEN SUPER STAR ARTS AND CRAFTS CO., LIMITED;87;2026-01-27;Directo PE - Tiendas Del Mejoramiento Del Hogar S.A.;3880,00;USD;<null>;FOB  ;FOB  ;<null>;108;187;2026-05-04;2026-05-04;<null>;Tiendas Del Mejoramiento Del Hogar S.A.;<null>;<null>;<null>;Jan, 2026;<null>;<null>;false;false;COMPRAS A TERCEROS;TERCEROS;OLO7;Produccion;0;0;0;0;;;;;;;;;;0;0;0;0;0;0;N
7000329;603;HENAN TOPCERA SANITARY WARE CO., LTD;89;2026-02-10;Directo CO - Cencosud Colombia S.A.;25392,64;USD;<null>;FOB  ;FOB  ;<null>;77;16;2026-04-15;2026-04-15;<null>;Cencosud Colombia S.A.;<null>;<null>;<null>;STB-Colombia-202601;<null>;<null>;false;false;COMPRAS A TERCEROS;TERCEROS;OLO7;Produccion;0;0;0;0;;;;;;;;;;0;0;0;0;0;0;N
7000332;603;HENAN TOPCERA SANITARY WARE CO., LTD;89;2026-02-13;Directo CL - Easy Retail S.A;13860,00;USD;<null>;FOB  ;FOB  ;<null>;77;105;2026-07-01;2026-07-01;<null>;Easy Retail S.A;<null>;<null>;<null>;ok;<null>;<null>;false;false;COMPRAS A TERCEROS;TERCEROS;OLO7;Produccion;0;0;0;0;;;;;;;;;;0;0;0;0;0;0;N
7000333;603;HENAN TOPCERA SANITARY WARE CO., LTD;89;2026-02-13;Directo CL - Easy Retail S.A;13860,00;USD;<null>;FOB  ;FOB  ;<null>;77;105;2026-11-01;2026-11-01;<null>;Easy Retail S.A;<null>;<null>;<null>;ok;<null>;<null>;false;false;COMPRAS A TERCEROS;TERCEROS;OLO7;Produccion;0;0;0;0;;;;;;;;;;0;0;0;0;0;0;N
7000334;603;HENAN TOPCERA SANITARY WARE CO., LTD;89;2026-02-13;Directo CL - Easy Retail S.A;13860,00;USD;<null>;FOB  ;FOB  ;<null>;77;105;2026-05-01;2026-05-01;<null>;Easy Retail S.A;<null>;<null>;<null>;ok;<null>;<null>;false;false;COMPRAS A TERCEROS;TERCEROS;OLO7;Produccion;0;0;0;0;;;;;;;;;;0;0;0;0;0;0;N
7000335;603;HENAN TOPCERA SANITARY WARE CO., LTD;89;2026-02-13;Directo CL - Easy Retail S.A;99000,00;USD;<null>;FOB  ;FOB  ;<null>;77;105;2026-03-20;2026-03-20;<null>;Easy Retail S.A;<null>;<null>;<null>;ok;<null>;<null>;false;false;COMPRAS A TERCEROS;TERCEROS;OLO7;Produccion;0;0;0;0;13-03-26;;;;;;;;;0;0;0;0;0;0;N
7000336;603;HENAN TOPCERA SANITARY WARE CO., LTD;79;2026-02-13;<null>;0,20;USD;<null>;<null>;<null>;<null>;77;217;2026-02-14;2026-02-14;5971;<null>;-- N/A --;7138;2026-02-13;<null>;STB--PERU202514;0,20;false;false;COMPRAS A TERCEROS;TERCEROS;OLO7;Transito;0;0;0;265853644.;;;;;;;;;;0;0;0;0;0;0;N
7000338;603;HENAN TOPCERA SANITARY WARE CO., LTD;79;2026-03-12;Directo CL - Easy Retail S.A;47960,00;USD;<null>;FOB  ;FOB  ;<null>;77;105;2026-04-20;2026-04-20;<null>;Easy Retail S.A;<null>;<null>;<null>;STB-Chile202601;<null>;<null>;false;false;COMPRAS A TERCEROS;TERCEROS;OLO7;Produccion;0;0;0;0;;;;;;;;;;0;0;0;0;0;0;N
7000339;603;HENAN TOPCERA SANITARY WARE CO., LTD;89;2026-02-18;Directo CL - Easy Retail S.A;59950,00;USD;<null>;FOB  ;FOB  ;<null>;77;105;2026-06-04;2026-06-04;<null>;Easy Retail S.A;<null>;<null>;<null>;STB-Chile202602;<null>;<null>;false;false;COMPRAS A TERCEROS;TERCEROS;OLO7;Produccion;0;0;0;0;;;;;;;;;;0;0;0;0;0;0;N
7000340;603;HENAN TOPCERA SANITARY WARE CO., LTD;89;2026-02-18;Directo CL - Easy Retail S.A;83930,00;USD;<null>;FOB  ;FOB  ;<null>;77;105;2026-04-20;2026-04-20;<null>;Easy Retail S.A;<null>;<null>;<null>;ok;<null>;<null>;false;false;COMPRAS A TERCEROS;TERCEROS;OLO7;Produccion;0;0;0;0;;;;;;;;;;0;0;0;0;0;0;N
7000341;603;HENAN TOPCERA SANITARY WARE CO., LTD;89;2026-02-18;Directo CL - Easy Retail S.A;83930,00;USD;<null>;FOB  ;FOB  ;<null>;77;105;2026-06-22;2026-06-22;<null>;Easy Retail S.A;<null>;<null>;<null>;STB-Chile202603;<null>;<null>;false;false;COMPRAS A TERCEROS;TERCEROS;OLO7;Produccion;0;0;0;0;;;;;;;;;;0;0;0;0;0;0;N
7000342;603;HENAN TOPCERA SANITARY WARE CO., LTD;89;2026-02-18;Directo CL - Easy Retail S.A;131890,00;USD;<null>;FOB  ;FOB  ;<null>;77;105;2026-08-20;2026-08-20;<null>;Easy Retail S.A;<null>;<null>;<null>;STB-Chile202605;<null>;<null>;false;false;COMPRAS A TERCEROS;TERCEROS;OLO7;Produccion;0;0;0;0;;;;;;;;;;0;0;0;0;0;0;N
7000343;250;SANGTONG SANITARY WARE(HK)CO.,LIMITED                      ;89;2026-03-05;Directo CL - Easy Retail S.A;16960,00;USD;<null>;FOB  ;FOB  ;<null>;93;105;2026-07-20;2026-07-20;<null>;Easy Retail S.A;<null>;<null>;<null>;26/11/2025;<null>;<null>;false;false;COMPRAS A TERCEROS;TERCEROS;OLO7;Produccion;0;0;0;0;;;;;;;;;;0;0;0;0;0;0;N
7000344;250;SANGTONG SANITARY WARE(HK)CO.,LIMITED                      ;89;2026-03-05;Directo CL - Easy Retail S.A;16960,00;USD;<null>;FOB  ;FOB  ;<null>;93;105;2026-04-20;2026-04-20;<null>;Easy Retail S.A;<null>;<null>;<null>;26/11/2025;<null>;<null>;false;false;COMPRAS A TERCEROS;TERCEROS;OLO7;Produccion;0;0;0;0;;;;;;;;;;0;0;0;0;0;0;N
7000347;380;QINGDAO YUDING METAL PRODUCTS CO.LTD                       ;85;2026-02-18;Directo PE - Homecenters Peruanos S.A.;27975,00;USD;<null>;FOB  ;FOB  ;<null>;77;187;2026-04-05;2026-04-05;<null>;Homecenters Peruanos S.A.;<null>;<null>;<null>;10-feb-26;<null>;<null>;false;false;COMPRAS A TERCEROS;TERCEROS;OLO7;Produccion;0;0;0;0;08-03-26;;;;;;;;;0;0;0;SPARX;0;0;N
7000348;1000235;GUANGDONG WIREKING HOUSEHOLD SUPPLIES CO., LTD;87;2026-02-18;Directo PE - Homecenters Peruanos S.A.;20247,36;USD;<null>;FOB  ;FOB  ;<null>;93;187;2026-04-20;2026-04-20;<null>;Homecenters Peruanos S.A.;<null>;<null>;<null>;12-feb-26;<null>;<null>;false;false;COMPRAS A TERCEROS;TERCEROS;OLO7;Produccion;0;0;0;0;;;;;;;;;;0;0;0;0;0;0;N
7000349;516;TANGSHAN HENGER IMPORT&EXPORT TRADING CO;89;2026-02-18;Directo CL - Easy Retail S.A;22214,04;USD;<null>;FOB  ;FOB  ;<null>;77;105;2026-04-06;2026-04-06;<null>;Easy Retail S.A;<null>;<null>;<null>;03-feb-26;<null>;<null>;false;false;COMPRAS A TERCEROS;TERCEROS;OLO7;Produccion;0;0;0;0;;;;;;;;;;0;0;0;0;0;0;N
7000350;516;TANGSHAN HENGER IMPORT&EXPORT TRADING CO;89;2026-02-18;Directo CL - Easy Retail S.A;14859,60;USD;<null>;FOB  ;FOB  ;<null>;77;105;2026-07-01;2026-07-01;<null>;Easy Retail S.A;<null>;<null>;<null>;03-feb-26;<null>;<null>;false;false;COMPRAS A TERCEROS;TERCEROS;OLO7;Produccion;0;0;0;0;;;;;;;;;;0;0;0;0;0;0;N
7000351;516;TANGSHAN HENGER IMPORT&EXPORT TRADING CO;89;2026-02-18;Directo CL - Easy Retail S.A;14859,60;USD;<null>;FOB  ;FOB  ;<null>;77;105;2026-08-03;2026-08-03;<null>;Easy Retail S.A;<null>;<null>;<null>;03-feb-26;<null>;<null>;false;false;COMPRAS A TERCEROS;TERCEROS;OLO7;Produccion;0;0;0;0;;;;;;;;;;0;0;0;0;0;0;N
7000352;516;TANGSHAN HENGER IMPORT&EXPORT TRADING CO;89;2026-02-18;Directo CL - Easy Retail S.A;29719,20;USD;<null>;FOB  ;FOB  ;<null>;77;105;2026-09-01;2026-09-01;<null>;Easy Retail S.A;<null>;<null>;<null>;03-feb-26;<null>;<null>;false;false;COMPRAS A TERCEROS;TERCEROS;OLO7;Produccion;0;0;0;0;;;;;;;;;;0;0;0;0;0;0;N
7000353;516;TANGSHAN HENGER IMPORT&EXPORT TRADING CO;89;2026-02-18;Directo CL - Easy Retail S.A;14859,60;USD;<null>;FOB  ;FOB  ;<null>;77;105;2026-10-01;2026-10-01;<null>;Easy Retail S.A;<null>;<null>;<null>;ok;<null>;<null>;false;false;COMPRAS A TERCEROS;TERCEROS;OLO7;Produccion;0;0;0;0;;;;;;;;;;0;0;0;0;0;0;N
7000354;516;TANGSHAN HENGER IMPORT&EXPORT TRADING CO;89;2026-02-18;Directo CL - Easy Retail S.A;14859,60;USD;<null>;FOB  ;FOB  ;<null>;77;105;2026-11-02;2026-11-02;<null>;Easy Retail S.A;<null>;<null>;<null>;03-feb-26;<null>;<null>;false;false;COMPRAS A TERCEROS;TERCEROS;OLO7;Produccion;0;0;0;0;;;;;;;;;;0;0;0;0;0;0;N
7000355;516;TANGSHAN HENGER IMPORT&EXPORT TRADING CO;89;2026-02-18;Directo CL - Easy Retail S.A;14859,60;USD;<null>;FOB  ;FOB  ;<null>;77;105;2026-12-01;2026-12-01;<null>;Easy Retail S.A;<null>;<null>;<null>;03-feb-26;<null>;<null>;false;false;COMPRAS A TERCEROS;TERCEROS;OLO7;Produccion;0;0;0;0;;;;;;;;;;0;0;0;0;0;0;N
7000358;1000244;NINGBO METALIQUE HOME SUPPLIES CO.,LTD;80;2026-02-19;Directo PE - Homecenters Peruanos S.A.;121294,52;USD;<null>;FOB  ;FOB  ;<null>;71;187;2026-04-30;2026-04-30;<null>;Homecenters Peruanos S.A.;<null>;<null>;<null>;09-feb-26;<null>;<null>;false;false;COMPRAS A TERCEROS;TERCEROS;OLO7;Produccion;0;0;0;0;06-03-26;;;;;;;;;0;0;0;SPARX;0;0;N
7000359;327;WUHU XINGDIAN INDUSTRY CO., LTD                            ;85;2026-02-25;Directo EC - Homecenters Ecuatorianos S.A.S;4615,15;USD;<null>;FOB  ;FOB  ;<null>;91;187;2026-04-14;2026-04-14;<null>;Homecenters Ecuatorianos S.A.S;<null>;<null>;<null>;XDF-26014;<null>;<null>;false;false;COMPRAS A TERCEROS;TERCEROS;OLO7;Produccion;0;0;0;0;;;;;;;;;;0;0;0;0;0;0;N
7000360;603;HENAN TOPCERA SANITARY WARE CO., LTD;89;2026-03-04;Directo PE - Homecenters Peruanos S.A.;42695,50;USD;<null>;FOB  ;FOB  ;<null>;77;187;2026-04-30;2026-04-30;<null>;Homecenters Peruanos S.A.;<null>;<null>;<null>;STB-PERU202601;<null>;<null>;false;false;COMPRAS A TERCEROS;TERCEROS;OLO7;Produccion;0;0;0;0;;;;;;;;;;0;0;0;0;0;0;N
7000361;603;HENAN TOPCERA SANITARY WARE CO., LTD;89;2026-03-04;Directo PE - Homecenters Peruanos S.A.;10510,50;USD;<null>;FOB  ;FOB  ;<null>;77;191;2026-04-30;2026-04-30;<null>;Homecenters Peruanos S.A.;<null>;<null>;<null>;STB-PERU202605;<null>;<null>;false;false;COMPRAS A TERCEROS;TERCEROS;OLO7;Produccion;0;0;0;0;;;;;;;;;;0;0;0;0;0;0;N
7000362;603;HENAN TOPCERA SANITARY WARE CO., LTD;89;2026-03-04;Directo PE - Homecenters Peruanos S.A.;67984,56;USD;<null>;FOB  ;FOB  ;<null>;77;187;2026-04-30;2026-04-30;<null>;Homecenters Peruanos S.A.;<null>;<null>;<null>;STB-PERU202602;<null>;<null>;false;false;COMPRAS A TERCEROS;TERCEROS;OLO7;Produccion;0;0;0;0;;;;;;;;;;0;0;0;0;0;0;N
7000363;603;HENAN TOPCERA SANITARY WARE CO., LTD;89;2026-03-04;Directo PE - Homecenters Peruanos S.A.;13351,92;USD;<null>;FOB  ;FOB  ;<null>;77;191;2026-04-30;2026-04-30;<null>;Homecenters Peruanos S.A.;<null>;<null>;<null>;STB-PERU202606;<null>;<null>;false;false;COMPRAS A TERCEROS;TERCEROS;OLO7;Produccion;0;0;0;0;;;;;;;;;;0;0;0;0;0;0;N
7000364;603;HENAN TOPCERA SANITARY WARE CO., LTD;79;2026-03-10;Directo PE - Homecenters Peruanos S.A.;41768,40;USD;<null>;FOB  ;FOB  ;<null>;77;187;2026-05-31;2026-05-31;<null>;Homecenters Peruanos S.A.;<null>;<null>;<null>;STB-PERU202603;<null>;<null>;false;false;COMPRAS A TERCEROS;TERCEROS;OLO7;Produccion;0;0;0;0;;;;;;;;;;0;0;0;0;0;0;N
7000365;603;HENAN TOPCERA SANITARY WARE CO., LTD;79;2026-03-10;Directo PE - Homecenters Peruanos S.A.;10549,60;USD;<null>;FOB  ;FOB  ;<null>;77;191;2026-05-31;2026-05-31;<null>;Homecenters Peruanos S.A.;<null>;<null>;<null>;STB-PERU202607;<null>;<null>;false;false;COMPRAS A TERCEROS;TERCEROS;OLO7;Produccion;0;0;0;0;;;;;;;;;;0;0;0;0;0;0;N
7000366;603;HENAN TOPCERA SANITARY WARE CO., LTD;89;2026-03-04;Directo PE - Homecenters Peruanos S.A.;81950,59;USD;<null>;FOB  ;FOB  ;<null>;77;187;2026-05-31;2026-05-31;<null>;Homecenters Peruanos S.A.;<null>;<null>;<null>;STB-PERU202604;<null>;<null>;false;false;COMPRAS A TERCEROS;TERCEROS;OLO7;Produccion;0;0;0;0;;;;;;;;;;0;0;0;0;0;0;N
7000367;603;HENAN TOPCERA SANITARY WARE CO., LTD;89;2026-03-04;Directo PE - Homecenters Peruanos S.A.;13562,60;USD;<null>;FOB  ;FOB  ;<null>;77;191;2026-05-31;2026-05-31;<null>;Homecenters Peruanos S.A.;<null>;<null>;<null>;STB-PERU202608;<null>;<null>;false;false;COMPRAS A TERCEROS;TERCEROS;OLO7;Produccion;0;0;0;0;;;;;;;;;;0;0;0;0;0;0;N
7000368;380;QINGDAO YUDING METAL PRODUCTS CO.LTD                       ;78;2026-03-10;Directo MX - Tiendas Soriana S.A De C.V;14520,00;USD;<null>;FOB  ;FOB  ;<null>;77;183;2026-04-10;2026-04-10;<null>;Tiendas Soriana S.A De C.V;<null>;<null>;<null>;16-feb-26;<null>;<null>;false;false;COMPRAS A TERCEROS;TERCEROS;OLO7;Produccion;0;0;Contenedor 40 HC;0;07-03-26;;;;;;;;;0;0;0;DHL;0;0;N
7000369;380;QINGDAO YUDING METAL PRODUCTS CO.LTD                       ;85;2026-03-04;Directo MX - Tiendas Soriana S.A De C.V;18148,00;USD;<null>;FOB  ;FOB  ;<null>;77;183;2026-04-10;2026-04-10;<null>;Tiendas Soriana S.A De C.V;<null>;<null>;<null>;16-feb-26;<null>;<null>;false;false;COMPRAS A TERCEROS;TERCEROS;OLO7;Produccion;0;0;Contenedor 40 HC;0;07-03-26;;;;;;;;;0;0;0;DHL;0;0;N
7000370;896;FUZHOU POWER ELECTRICAL APPLIANCES CO.,L;80;2026-03-06;Directo PE - Homecenters Peruanos S.A.;12000,00;USD;<null>;FOB  ;FOB  ;<null>;205;187;2026-05-15;2026-05-15;<null>;Homecenters Peruanos S.A.;<null>;<null>;<null>;24-feb-26;<null>;<null>;false;false;COMPRAS A TERCEROS;TERCEROS;OLO7;Produccion;0;0;0;0;;;;;;;;;;0;0;0;0;0;0;N
7000371;1000243;NINGBO BRIGHTENLUX ELECTRIC APPLIANCE CO.,LTD;89;2026-03-06;Directo PE - Homecenters Peruanos S.A.;4741,76;USD;<null>;FOB  ;FOB  ;<null>;71;187;2026-05-10;2026-05-10;<null>;Homecenters Peruanos S.A.;<null>;<null>;<null>;16-ene-26;<null>;<null>;false;false;COMPRAS A TERCEROS;TERCEROS;OLO7;Produccion;0;0;0;0;;;;;;;;;;0;0;0;0;0;0;N
7000372;270;HUAIAN CHANGCHENG TEACHING TOOLS LIMITED CO                ;73;2026-03-11;Directo US - Hagalo Home Center (12640);20776,00;USD;<null>;CIF  ;CIF  ;<null>;91;222;2026-04-14;2026-04-14;<null>;Hagalo Home Center (12640);<null>;<null>;<null>;11-mar-26;<null>;<null>;false;false;COMPRAS A TERCEROS;TERCEROS;OLO7;Produccion;0;0;0;0;;;;;;;;;;0;0;0;0;0;0;N
7000373;457;FUJIAN MEIFENG METAL PRODUCTS CO., LTD.;78;2026-03-11;Directo MX - Tiendas Soriana S.A De C.V;20650,00;USD;<null>;FOB  ;FOB  ;<null>;108;56;2026-04-25;2026-04-25;<null>;Tiendas Soriana S.A De C.V;<null>;<null>;<null>;Mar. 5, 2026;<null>;<null>;false;false;COMPRAS A TERCEROS;TERCEROS;OLO7;Produccion;0;0;0;0;;;;;;;;;;0;0;0;0;0;0;N
7000374;380;QINGDAO YUDING METAL PRODUCTS CO.LTD                       ;78;2026-03-12;Directo MX - Tiendas Soriana S.A De C.V;14520,00;USD;<null>;FOB  ;FOB  ;<null>;77;183;2026-04-10;2026-04-10;<null>;Tiendas Soriana S.A De C.V;<null>;<null>;<null>;16-feb-26;<null>;<null>;false;false;COMPRAS A TERCEROS;TERCEROS;OLO7;Produccion;0;0;0;0;;;;;;;;;;0;0;0;0;0;0;N
7000375;380;QINGDAO YUDING METAL PRODUCTS CO.LTD                       ;78;2026-03-17;Directo PE - Homecenters Peruanos S.A.;13890,00;USD;<null>;FOB  ;FOB  ;<null>;77;187;2026-04-20;2026-04-20;<null>;Homecenters Peruanos S.A.;<null>;<null>;<null>;06-mar-26;<null>;<null>;false;false;COMPRAS A TERCEROS;TERCEROS;OLO7;Produccion;0;0;0;0;;;;;;;;;;0;0;0;0;0;0;N
7000376;487;ZHONGSHAN CHANGSHENG METAL PRODUCTS CO., LTD               ;78;2026-03-17;Directo PE - Homecenters Peruanos S.A.;11285,00;USD;<null>;FOB  ;FOB  ;<null>;113;187;2026-04-30;2026-04-30;<null>;Homecenters Peruanos S.A.;<null>;<null>;<null>;12-mar-26;<null>;<null>;false;false;COMPRAS A TERCEROS;TERCEROS;OLO7;Produccion;0;0;0;0;;;;;;;;;;0;0;0;0;0;0;N
