id;company_id;order_number;status;total_amount;ensurence_type;order_date;currency;incoterms;mode;payment_terms;email_agent;tracking_id;net_total;additional_cost;total;length;width;height;volume;weight_kg;weight_lb;pallet_quantity;pallet_quantity_real;bill_of_lading;date_required_in_destination;date_planned_pickup;date_actual_pickup;date_estimated_hub_arrival;date_actual_hub_arrival;date_etd;date_atd;date_eta;date_ata;date_consolidation;release_date;insurance_cost;ground_transport_cost_1;ground_transport_cost_2;cost_nationalization;cost_ofr_estimated;cost_ofr_real;estimated_pallet_cost;real_cost_estimated_po;real_cost_real_po;other_costs;other_expenses;variable_calculare_weight;savings_ofr_fcl;saving_pickup;saving_executed;saving_not_executed;notes;comments;created_at;updated_at;kanban_status_id;ship_to_id;vendor_id;planned_hub_id;actual_hub_id;bill_to_id;material_type;length_cm;width_cm;height_cm;confirmation_hash;hash_expires_at;confirmation_email_sent;confirmation_email_sent_at;update_date_po;confirm_update_date_po;rejection_reason;factory_proforma_number;mbl_number;container_type;container_number;shipping_line;port_of_loading_validated;is_dropship;applies_tlc;applies_af;has_facture_merca;used_rate_ok;uses_bonded_warehouse;apply_technical_note;etd_initial_validated;date_booking_request;date_booking_authorized;date_theorical_load;date_variable_date;date_received;date_etd_initial;inspection_date;vgm_cut_date;balance_payment_date;local_charges_payment_date;bonded_warehouse_enter;bonded_warehouse_exit;receipt_note_date;estimated_dc_availability_date;logistics_incoterm;price_incoterm;reason;category;forwarder_name;cargo_invoice_number;tariff_type;route_label;retail_group;customer_type;trading_company;service_provider;customs_dua;invoice;factura_merca;case_number_file;receipt_note;visibility_notes;departure_port;arrival_port;Invoice_amount;freight_amount;arrival_status;delay_days;container_free_days;etd_dates_difference;eta_dates_difference;date_eta_initial;date_invoice_received;date_vendor_document_received;deleted_at;cbm;dif_load_date;consolidator_name;vendor_number;emision_date_po;forwader_date;last_email_type_sent;last_email_sent_at;email_sent_history;insurance_type;carga_lista_validada;porth_pol;porth_pol_name;porth_pod;porth_pod_name;porth_origin;porth_final_destination;porth_carrier_code;porth_vessel_voyage;porth_shipment_number;porth_modality;freight_type;porth_first_eta;porth_first_etd;porth_ready;porth_to_origin_port;porth_at_origin_port;porth_in_transit;porth_at_destination_port;porth_to_final_destination;porth_delivered;porth_phase;porth_priority;porth_manual_tracking;porth_free_time_at_destination;porth_id;last_porth_sync_at
18107;1;1103764;draft;1327.50;pending;2025-09-19;USD;FOB;MARITIMO;;;;1327.50;;1327.50;;;;;0.00;0.00;0;;;;;;;;2026-02-08 00:00:00;2026-01-22 12:15:00;2026-03-14 17:00:00;2026-03-15 18:26:00;;;;;;;;;;;;;;;;;;;;;2026-03-16 13:39:26;2026-03-22 23:59:37;6;;611;;;;"""[\""Standard\""]""";0.00;0.00;0.00;;;false;;;false;;PI5CR;ASNGB513768;40 HC;FANU3463957;HAPAG-LLOYD;true;false;false;false;false;false;false;false;true;2026-01-05 00:00:00;2026-01-05 00:00:00;2026-01-15 00:00:00;2026-01-15 00:00:00;;2026-01-25 00:00:00;;;;;;;;;FOB;FOB;CNY;;;;NAC;ZF - OVERSEAS LOGISTICS OPERATIONS;73;EPA;OLO1;AIR SEA WORLDWIDE;;1774106-1;;5037;;;NINGBO, CHINA;CALDERA, COSTA RICA;;;;0;0;0;0;2026-03-13 02:00:00;;;;0.00;;HARMONY (ZF);;2025-09-19 00:00:00;2025-11-06 00:00:00;;;;;false;CNNGB;Ningbo;CRCAL;Caldera;;;HLCU;"[""LIMA EXPRESS\/"",""NYK JOANNA\/""]";194083;;MARITIMO;2026-03-13 02:00:00;;;2026-01-12 10:20:00;2026-01-17 14:56:00;2026-01-22 12:15:00;2026-03-15 18:26:00;2026-03-17 20:20:00;;60_to_final_destination;;false;;cmmj7lxalbbzhs66wx1cfjxrs;2026-03-22 23:59:37
18108;1;1103802;draft;71298.00;pending;2025-10-15;USD;FOB;MARITIMO;;;;71298.00;;71298.00;;;;;0.00;0.00;0;;;;;;;;2026-03-22 15:00:00;;2026-05-03 09:00:00;;;;;;;;;;;;;;;;;;;;;;2026-03-16 14:03:16;2026-03-22 23:59:57;3;;614;;;;"""[\""Standard\""]""";0.00;0.00;0.00;;;false;;;false;;TPW-250723888;BJLAG2600129;40 HC;SEKU5732163;CMA CGM;true;false;false;false;false;false;false;false;false;2026-03-04 00:00:00;2026-03-06 00:00:00;2025-11-30 00:00:00;2025-11-30 00:00:00;;2026-03-22 02:00:00;;;;;;;;;CIF;FOB;PEDIDO COMPRA;;;;FAK;Directo VE - FEBECA C.A.;76;Febeca;OLO1;IN OCEAN;;;;;;;NINGBO, CHINA;LA GUAIRA, VENEZUELA;;;;0;0;0;0;2026-05-03 08:00:00;;;;0.00;;Harmony (Drop Ship FEBECA VE);;2025-10-15 00:00:00;2025-11-27 00:00:00;;;;;false;;NINGBO;VELAG;La Guaira;;;CMDU;"[""OOCL HO CHI MINH CITY\/0PPI0E1MA"",""CMA CGM PEMBA\/0V30AN1MA"",""OOCL HO CHI MINH CITY\/0PPI1W1MA"",""CMA CGM PEMBA\/0V30BS1MA""]";194829;;MARITIMO;2026-05-03 08:00:00;2026-03-22 02:00:00;;2026-03-10 17:07:00;2026-03-11 16:50:00;2026-03-22 15:00:00;2026-05-03 09:00:00;;;30_at_origin_port;;false;;cmmta51xs124ls66xydo99jnr;2026-03-22 23:59:56
18109;1;1103808;draft;31195.29;pending;2025-10-15;USD;FOB;MARITIMO;;;;31195.29;;31195.29;;;;;0.00;0.00;0;;;;;;;;2026-03-22 15:00:00;;2026-05-03 09:00:00;;;;;;;;;;;;;;;;;;;;;;2026-03-16 14:03:16;2026-03-22 23:59:57;3;;614;;;;"""[\""Standard\""]""";0.00;0.00;0.00;;;false;;;false;;TPW-250723887-888-7;BJLAG2600129;20ft;TEMU3164894;CMA CGM;true;false;false;false;false;false;false;false;false;2026-03-04 00:00:00;2026-03-06 00:00:00;2025-11-30 00:00:00;2025-11-30 00:00:00;;2026-03-22 02:00:00;;;;;;;;;CIF;FOB;PEDIDO COMPRA;;;;;Directo VE - FEBECA C.A.;76;Febeca;OLO1;IN OCEAN;;;;;;;NINGBO, CHINA;LA GUAIRA, VENEZUELA;;;;0;0;0;0;2026-05-03 08:00:00;;;;0.00;;Harmony (Drop Ship FEBECA VE);;2025-10-15 00:00:00;2025-11-27 00:00:00;;;;;false;;NINGBO;VELAG;La Guaira;;;CMDU;"[""OOCL HO CHI MINH CITY\/0PPI1W1MA"",""CMA CGM PEMBA\/0V30BS1MA"",""OOCL HO CHI MINH CITY\/0PPI0E1MA"",""CMA CGM PEMBA\/0V30AN1MA""]";194830;;MARITIMO;2026-05-03 08:00:00;2026-03-22 02:00:00;;2026-03-10 21:25:00;2026-03-11 21:49:00;2026-03-22 15:00:00;2026-05-03 09:00:00;;;30_at_origin_port;;false;;cmmta54j21269s66x7snel311;2026-03-22 23:59:57
18110;1;1103834;draft;60894.52;pending;2025-11-06;USD;FOB;MARITIMO;;;;60894.52;;60894.52;;;;;0.00;0.00;0;;;;;;;;2026-02-15 00:00:00;2026-01-31 23:18:00;2026-04-04 05:00:00;;;;;;;;;;;;;;;;;;;;;;2026-03-16 14:03:16;2026-03-22 23:59:40;5;;617;;;;"""[\""Standard\""]""";0.00;0.00;0.00;;;false;;;false;;1103834;MTDAMD793801;40 HC;MSDU6118330;MSC;true;false;false;false;false;false;false;true;true;2026-01-08 00:00:00;2026-01-08 00:00:00;2026-02-13 00:00:00;2026-02-13 00:00:00;;2026-01-25 00:00:00;;;;;;;;;FOB;FOB;MIXTO;;;;NAC;ZF - OVERSEAS LOGISTICS OPERATIONS;74;EPA;OLO1;AIR SEA WORLDWIDE;;932;;5109;;;MUNDRA, INDIA;CALDERA, COSTA RICA;60894.52;5495.00;;0;0;0;0;2026-03-20 12:00:00;;;;0.00;;HARMONY (ZF);;2025-11-06 00:00:00;2026-01-05 00:00:00;;;;;false;INMUN;Mundra;CRCAL;Caldera;;;MEDU;"[""A. IDEFIX\/26012N"",""A. IDEFIX\/26012S"",""A. IDEFIX\/"",""MSC VAISHNAVI R.\/"",""MSC TAVVISHI VI\/IU604A"",""MSC TAVVISHI VI\/"",""MSC VAISHNAVI R.\/NN608A""]";194087;;MARITIMO;2026-03-20 12:00:00;;;2026-01-19 19:22:00;2026-01-23 13:32:00;2026-01-31 23:18:00;2026-04-04 05:00:00;;;40_in_transit;;false;;cmmj7md2abcdzs66w0jfh7a13;2026-03-22 23:59:40
18111;1;1103867;draft;40080.32;pending;2025-12-02;USD;FOB;MARITIMO;;;;40080.32;;40080.32;;;;;0.00;0.00;0;;;;;;;;2026-01-26 00:00:00;2026-01-12 00:01:00;2026-03-06 00:00:00;2026-03-06 04:04:00;;;;;;;;;;;;;;;;;;;;;2026-03-16 14:03:16;2026-03-22 23:59:42;5;;610;;;;"""[\""Standard\""]""";0.00;0.00;0.00;;;false;;;false;;PI 271125;GL20260012;20ft;UACU3881916;HAPAG-LLOYD;true;false;false;false;false;false;false;false;true;2025-12-30 00:00:00;2025-12-23 00:00:00;2026-01-05 00:00:00;2026-01-05 00:00:00;;2026-01-12 00:00:00;;;;;;;;;FOB;FOB;MIXTO;;;;NAC;ZF - OVERSEAS LOGISTICS OPERATIONS;74;EPA;OLO1;AIR SEA WORLDWIDE;;IN1103867;;4999;;;BUSAN, KOREA;CALDERA, COSTA RICA;40080.32;3570.00;;0;0;0;0;2026-02-20 00:00:00;;;;0.00;;HARMONY (ZF);;2025-12-02 00:00:00;2025-12-17 00:00:00;;;;;false;KRPUS;Busan;CRCAL;Caldera;;;HLCU;"[""MSC PROCIDA\/"",""NYK SILVIA\/""]";194090;;MARITIMO;;;;2026-01-05 17:38:00;2026-01-11 11:57:00;2026-01-12 00:01:00;2026-03-06 04:04:00;2026-03-07 15:23:00;2026-03-18 10:53:00;70_delivered;;false;;cmmj7mnkkbcprs66w9cnzusc7;2026-03-22 23:59:42
18112;1;1103878;draft;75150.20;pending;2025-12-04;USD;FOB;MARITIMO;;;;75150.20;;75150.20;;;;;0.00;0.00;0;;;;;;;;2026-02-21 00:00:00;2026-02-19 15:00:00;2026-04-17 05:00:00;;;;;;;;;;;;;;;;;;;;;;2026-03-16 14:03:16;2026-03-22 23:59:42;5;;613;;;;"""[\""Standard\""]""";0.00;0.00;0.00;;;false;;;false;;20997;HSZX00036236;40 HC;TLLU4502873;CMA CGM;true;false;false;false;false;false;false;true;true;2026-01-05 00:00:00;2026-01-05 00:00:00;2025-12-31 00:00:00;2025-12-31 00:00:00;;2026-02-03 00:00:00;;;;;;;2026-03-12 00:00:00;;FOB;FOB;PEDIDO COMPRA;;;;NAC;Directo SV - FERRETERIA EPA, S.A. DE C.V.;71;EPA;OLO1;SPARX;-- N/A --;15629;;5107;7517;;SHEKOU PORT, CHINA;ACAJUTLA, EL SALVADOR;75150.20;4490.00;;0;0;0;0;2026-04-17 05:00:00;;;;0.00;;HARMONY (Dropship SV);;2025-12-04 00:00:00;2025-12-22 00:00:00;;;;;false;CNSHK;SHEKOU;SVAQJ;Acajutla;;;CMDU;"[""CMA CGM CAXIAS\/0M32VS1MA"",""CMA CGM SPIRIT\/1WUT9E2MA"",""CMA CGM OSMIUM\/1WU0KE1MA"",""CMA CGM CAXIAS\/0M32WN1MA"",""CMA CGM OSMIUM\/1WU0LW1MA""]";194091;;MARITIMO;2026-04-17 05:00:00;;;2026-02-05 09:00:00;2026-02-06 17:15:00;2026-02-19 15:00:00;2026-04-17 05:00:00;;;40_in_transit;;false;;cmmj7mtlobctrs66wxjxrluw7;2026-03-22 23:59:42
18113;1;1103880;draft;62509.00;pending;2025-12-04;USD;FOB;MARITIMO;;;;62509.00;;62509.00;;;;;0.00;0.00;0;;;;;;;;2026-02-21 00:00:00;2026-02-19 15:00:00;2026-04-17 05:00:00;;;;;;;;;;;;;;;;;;;;;;2026-03-16 14:03:16;2026-03-22 23:59:43;5;;613;;;;"""[\""Standard\""]""";0.00;0.00;0.00;;;false;;;false;;20999;HSZX00036258;40 HC;ECMU4791000;CMA CGM;true;false;false;false;false;false;false;false;true;2026-01-05 00:00:00;2026-01-05 00:00:00;2025-12-31 00:00:00;2025-12-31 00:00:00;;2026-02-14 00:00:00;;;;;;;2026-03-12 00:00:00;;FOB;FOB;PEDIDO COMPRA;;;;NAC;Directo SV - FERRETERIA EPA, S.A. DE C.V.;71;EPA;OLO1;SPARX;-- N/A --;15645;;5108;7518;;SHEKOU PORT, CHINA;ACAJUTLA, EL SALVADOR;62509.00;4490.00;;0;0;0;0;2026-04-17 05:00:00;;;;0.00;;HARMONY (Dropship SV);;2025-12-04 00:00:00;2025-12-22 00:00:00;;;;;false;CNSHK;SHEKOU;SVAQJ;Acajutla;;;CMDU;"[""CMA CGM CAXIAS\/0M32WN1MA"",""CMA CGM CAXIAS\/0M32VS1MA"",""CMA CGM OSMIUM\/1WU0LW1MA"",""CMA CGM SPIRIT\/1WUT9E2MA"",""CMA CGM OSMIUM\/1WU0KE1MA""]";194092;;MARITIMO;2026-04-17 05:00:00;;;2026-02-10 03:30:00;2026-02-10 14:19:00;2026-02-19 15:00:00;2026-04-17 05:00:00;;;40_in_transit;;false;;cmmj7mx9hbcxds66wwdgbdjmf;2026-03-22 23:59:43
18114;1;1103887;draft;37756.66;pending;2025-12-05;USD;FOB;MARITIMO;;;;37756.66;;37756.66;;;;;0.00;0.00;0;;;;;;;;2026-03-18 00:00:00;2026-03-03 23:00:00;2026-04-17 05:00:00;;;;;;;;;;;;;;;;;;;;;;2026-03-16 14:03:16;2026-03-22 23:59:43;5;;611;;;;"""[\""Standard\""]""";0.00;0.00;0.00;;;false;;;false;;PI2SV Additional;HNGB00071096;40 HC;CMAU8926184;CMA CGM;true;false;false;false;false;false;false;true;true;2026-01-29 00:00:00;2026-01-29 00:00:00;2026-02-05 00:00:00;2026-02-05 00:00:00;;2026-03-04 00:00:00;;;;;;;;;FOB;FOB;CNY;;;;NAC;Directo SV - FERRETERIA EPA, S.A. DE C.V.;73;EPA;OLO1;SPARX;;;;;;;NINGBO, CHINA;ACAJUTLA, EL SALVADOR;;4350.00;;0;0;0;0;2026-04-17 05:00:00;;;;0.00;;HARMONY (Dropship SV);;2025-12-05 00:00:00;2026-01-27 00:00:00;;;;;false;;NINGBO;SVAQJ;Acajutla;;;CMDU;"[""CMA CGM CAXIAS\/0M32WN1MA"",""CMA CGM CAXIAS\/0M32VS1MA"",""CMA CGM OSMIUM\/1WU0LW1MA"",""CMA CGM OSMIUM\/1WU0KE1MA""]";194093;;MARITIMO;2026-04-17 05:00:00;;;2026-02-26 07:56:00;2026-03-01 13:08:00;2026-03-03 23:00:00;2026-04-17 05:00:00;;;40_in_transit;;false;;cmmj7n369bd1ls66w21k4dvbq;2026-03-22 23:59:43
18115;1;1103914;draft;65898.90;pending;2025-12-11;USD;FOB;MARITIMO;;;;65898.90;;65898.90;;;;;0.00;0.00;0;;;;;;;;2026-03-05 00:00:00;2026-02-19 20:00:00;2026-03-25 16:00:00;;;;;;;;;;;;;;;;;;;;;;2026-03-16 14:03:16;2026-03-22 23:59:44;5;;620;;;;"""[\""Standard\""]""";0.00;0.00;0.00;;;false;;;false;;EPAGT251003-05;HNGB00070735;40 HC;HLXU8261949;HAPAG-LLOYD;true;false;false;false;false;false;false;false;true;2026-01-16 00:00:00;2026-01-16 00:00:00;2025-12-30 00:00:00;2025-12-30 00:00:00;;2026-02-09 00:00:00;;;;;;;2026-03-05 00:00:00;;FOB;FOB;PEDIDO COMPRA;;;;NAC;Directo GT - FERRETERIA EPA, S.A. (Guatemala);76;EPA;OLO1;SPARX;-- N/A --;0001-223453;;5083;7492;;NINGBO, CHINA;QUETZAL, GUATEMALA;65898.90;4550.00;;0;0;0;0;2026-03-25 16:00:00;;;;0.00;;HARMONY (Dropship GT);;2025-12-11 00:00:00;2025-12-26 00:00:00;;;;;false;CNNGB;Ningbo;GTPRQ;Puerto Quetzal;;;HLCU;"[""POSORJA EXPRESS\/""]";194094;;MARITIMO;2026-03-25 16:00:00;;;2026-02-05 16:21:00;2026-02-13 11:23:00;2026-02-19 20:00:00;2026-03-25 16:00:00;;;40_in_transit;;false;;cmmj7n95mbd5fs66wf4gfc1hm;2026-03-22 23:59:44
18116;1;1103923;draft;90834.98;pending;2025-12-11;USD;FOB;MARITIMO;;;;90834.98;;90834.98;;;;;0.00;0.00;0;;;;;;;;2026-03-11 00:00:00;2026-03-03 23:00:00;2026-04-17 05:00:00;;;;;;;;;;;;;;;;;;;;;;2026-03-16 14:03:16;2026-03-22 23:59:44;5;;620;;;;"""[\""Standard\""]""";0.00;0.00;0.00;;;false;;;false;;EPASV251003-06;HNGB00070804;40 HC;CMAU4292559;CMA CGM;true;false;false;false;false;false;false;false;true;2026-01-12 00:00:00;2026-01-14 00:00:00;2025-12-30 00:00:00;2025-12-30 00:00:00;;2026-03-04 00:00:00;;;;;;;2026-03-05 00:00:00;;FOB;FOB;PEDIDO COMPRA;;;;NAC;Directo SV - FERRETERIA EPA, S.A. DE C.V.;76;EPA;OLO1;SPARX;-- N/A --;0001-223511;;5099;7498;;NINGBO, CHINA;ACAJUTLA, EL SALVADOR;90834.98;3350.00;;0;0;0;0;2026-04-17 05:00:00;;;;0.00;;HARMONY (Dropship SV);;2025-12-11 00:00:00;2026-01-06 00:00:00;;;;;false;;NINGBO;SVAQJ;Acajutla;;;CMDU;"[""CMA CGM CAXIAS\/0M32VS1MA"",""CMA CGM OSMIUM\/1WU0KE1MA"",""CMA CGM OSMIUM\/1WU0LW1MA"",""CMA CGM CAXIAS\/0M32WN1MA""]";194095;;MARITIMO;2026-04-17 05:00:00;;;2026-02-26 09:00:00;2026-02-27 10:38:00;2026-03-03 23:00:00;2026-04-17 05:00:00;;;40_in_transit;;false;;cmmj7ncscbd9ns66w75keuu4g;2026-03-22 23:59:44
18117;1;1103925;draft;77466.80;pending;2025-12-11;USD;FOB;MARITIMO;;;;77466.80;;77466.80;;;;;0.00;0.00;0;;;;;;;;2026-02-24 00:00:00;2026-02-17 22:48:00;2026-03-31 16:00:00;;;;;;;;;;;;;;;;;;;;;;2026-03-16 14:03:16;2026-03-22 23:59:45;5;;620;;;;"""[\""Standard\""]""";0.00;0.00;0.00;;;false;;;false;;EPAVZ251003-01;BJPBL2600057;40 HC;CMAU7810245;CMA CGM;true;false;false;false;false;false;false;false;true;2026-01-21 00:00:00;2026-01-21 00:00:00;2025-12-15 00:00:00;2025-12-15 00:00:00;;2026-02-10 00:00:00;;;;;;;2026-03-06 00:00:00;;CIF;FOB;PEDIDO COMPRA;;;IOLFT26-115;FAK;Directo VE - FERRETERIA EPA, C.A.;76;EPA;OLO1;IN OCEAN;-- N/A --;0001-223423;;5104;7506;;NINGBO, CHINA;PUERTO CABELLO, VENEZUELA;77466.80;3430.00;;0;0;0;0;2026-03-31 16:00:00;;;;0.00;;Harmony (Drop Ship EPA VE);;2025-12-11 00:00:00;2025-12-12 00:00:00;;;;;false;;NINGBO;VEPBL;Puerto Cabello;;;CMDU;"[""MAYA BAY\/0V300N1MA"",""CMA CGM LIBERTY\/0PPHQE1MA"",""CMA CGM LIBERTY\/0PPHRW1MA"",""MAYA BAY\/0V301S1MA""]";194096;;MARITIMO;2026-03-31 16:00:00;;;2026-01-29 01:57:00;2026-02-01 10:29:00;2026-02-17 22:48:00;2026-03-31 16:00:00;;;40_in_transit;;false;;cmmj7ng7sbdczs66wjbhziapu;2026-03-22 23:59:45
18118;1;1103926;draft;103292.80;pending;2025-12-11;USD;FOB;MARITIMO;;;;103292.80;;103292.80;;;;;0.00;0.00;0;;;;;;;;2026-02-24 00:00:00;2026-02-17 22:48:00;2026-03-31 16:00:00;;;;;;;;;;;;;;;;;;;;;;2026-03-16 14:03:16;2026-03-22 23:59:45;5;;620;;;;"""[\""Standard\""]""";0.00;0.00;0.00;;;false;;;false;;EPAVZ251003-02;BJPBL2600068;40 HC;TLLU4265494;CMA CGM;true;false;false;false;false;false;false;false;true;2026-01-21 00:00:00;2026-01-21 00:00:00;2025-12-15 00:00:00;2025-12-15 00:00:00;;2026-02-03 00:00:00;;;;;;;2026-03-06 00:00:00;;CIF;FOB;PEDIDO COMPRA;;;IOLFT26-117;FAK;Directo VE - FERRETERIA EPA, C.A.;76;EPA;OLO1;IN OCEAN;-- N/A --;0001-223414;;5103;7505;;NINGBO, CHINA;PUERTO CABELLO, VENEZUELA;103292.80;3430.00;;0;0;0;0;2026-03-31 16:00:00;;;;0.00;;Harmony (Drop Ship EPA VE);;2025-12-11 00:00:00;2025-12-12 00:00:00;;;;;false;;NINGBO;VEPBL;Puerto Cabello;;;CMDU;"[""MAYA BAY\/0V301S1MA"",""CMA CGM LIBERTY\/0PPHQE1MA"",""CMA CGM LIBERTY\/0PPHRW1MA"",""MAYA BAY\/0V300N1MA""]";194097;;MARITIMO;2026-03-31 16:00:00;;;2026-01-29 11:31:00;2026-02-02 11:03:00;2026-02-17 22:48:00;2026-03-31 16:00:00;;;40_in_transit;;false;;cmmj7njhrbdgds66wgcl1lx4m;2026-03-22 23:59:45
18119;1;1103927;draft;168036.50;pending;2025-12-11;USD;FOB;MARITIMO;;;;168036.50;;168036.50;;;;;0.00;0.00;0;;;;;;;;2026-03-15 00:00:00;2026-03-09 01:18:00;2026-04-10 01:00:00;;;;;;;;;;;;;;;;;;;;;;2026-03-16 14:03:16;2026-03-22 23:59:57;5;;620;;;;"""[\""Standard\""]""";0.00;0.00;0.00;;;false;;;false;;EPAVZ251003-03;BJPBL2600080;40 HC;CMAU4583512;CMA CGM;true;false;false;false;false;false;false;false;true;2026-01-19 00:00:00;2026-01-19 00:00:00;2026-01-15 00:00:00;2026-01-15 00:00:00;;2026-02-18 00:00:00;;;;;;;2026-03-13 00:00:00;;CIF;FOB;PEDIDO COMPRA;;;IOLFT26-155;FAK;Directo VE - FERRETERIA EPA, C.A.;76;EPA;OLO1;IN OCEAN;-- N/A --;0001-223463;;5113;7520;;SHANGHAI, CHINA;PUERTO CABELLO, VENEZUELA;100044.50;3450.00;;0;0;0;0;2026-04-10 01:00:00;;;;0.00;;Harmony (Drop Ship EPA VE);;2025-12-11 00:00:00;2026-01-05 00:00:00;;;;;false;;SHANGHAI;VEPBL;Puerto Cabello;;;CMDU;"[""CMA CGM KAILAS\/1PPSME1MA""]";194831;;MARITIMO;2026-04-10 01:00:00;;;2026-02-03 19:16:00;2026-02-11 17:50:00;2026-03-09 01:18:00;2026-04-10 01:00:00;;;40_in_transit;;false;;cmmta5ney12c4s66x6xws85m5;2026-03-22 23:59:57
18120;1;1103931;draft;70993.10;pending;2025-12-11;USD;FOB;MARITIMO;;;;70993.10;;70993.10;;;;;0.00;0.00;0;;;;;;;;2026-02-24 00:00:00;2026-02-17 22:48:00;2026-03-28 05:00:00;;;;;;;;;;;;;;;;;;;;;;2026-03-16 14:03:16;2026-03-22 23:59:46;5;;620;;;;"""[\""Standard\""]""";0.00;0.00;0.00;;;false;;;false;;EPAVZ251003-07;BJPBL2600061;40 HC;SEGU5268187;CMA CGM;true;false;false;false;false;false;false;false;true;2026-01-21 00:00:00;2026-01-21 00:00:00;2025-12-30 00:00:00;2025-12-30 00:00:00;;2026-01-27 00:00:00;;;;;;;;;CIF;FOB;PEDIDO COMPRA;;;;;ZF - FERRETERIA EPA, C.A.;76;EPA;OLO1;IN OCEAN;;0001-223409;;5078;;;NINGBO, CHINA;MOIN, COSTA RICA;70993.10;;;0;0;0;0;2026-03-31 16:00:00;;;;0.00;;HARMONY (ZF);;2025-12-11 00:00:00;2025-12-12 00:00:00;;;;;false;;NINGBO;CRMOB;Moin;;;CMDU;"[""CMA CGM LIBERTY\/0PPHRW1MA"",""CMA CGM FIORDLAND\/1RROWN1MA"",""CMA CGM LIBERTY\/0PPHQE1MA""]";194099;;MARITIMO;2026-03-31 16:00:00;;;2026-01-28 22:42:00;2026-02-01 14:48:00;2026-02-17 22:48:00;2026-03-28 05:00:00;;;40_in_transit;;false;;cmmj7nqf0bdnzs66wvo38ljif;2026-03-22 23:59:46
18121;1;1103933;draft;10753.68;pending;2025-12-11;USD;FOB;MARITIMO;;;;10753.68;;10753.68;;;;;0.00;0.00;0;;;;;;;;2026-02-24 00:00:00;2026-02-17 22:48:00;2026-03-31 16:00:00;;;;;;;;;;;;;;;;;;;;;;2026-03-16 14:03:16;2026-03-22 23:59:46;5;;620;;;;"""[\""Standard\""]""";0.00;0.00;0.00;;;false;;;false;;EPAVZ251003-09;BJPBL2600070;40 HC;GLDU9861058;CMA CGM;true;false;false;false;false;false;false;false;true;2026-01-21 00:00:00;2026-01-21 00:00:00;2026-01-15 00:00:00;2026-01-15 00:00:00;;2026-02-04 00:00:00;;;;;;;2026-03-06 00:00:00;;FOB;;PEDIDO COMPRA;;;IOLFT26-116;FAK;Directo VE - FERRETERIA EPA, C.A.;76;EPA;OLO1;IN OCEAN;-- N/A --;0001-223408;;5102;7504;;NINGBO, CHINA;PUERTO CABELLO, VENEZUELA;10753.68;3430.00;;0;0;0;0;2026-03-31 16:00:00;;;;0.00;;Harmony (Drop Ship EPA VE);;2025-12-11 00:00:00;2025-12-26 00:00:00;;;;;false;;NINGBO;VEPBL;Puerto Cabello;;;CMDU;"[""MAYA BAY\/0V300N1MA"",""CMA CGM LIBERTY\/0PPHRW1MA"",""MAYA BAY\/0V301S1MA"",""CMA CGM LIBERTY\/0PPHQE1MA""]";194100;;MARITIMO;2026-03-31 16:00:00;;;2026-01-30 03:38:00;2026-02-01 10:19:00;2026-02-17 22:48:00;2026-03-31 16:00:00;;;40_in_transit;;false;;cmmj7ntoabdr7s66w8x1nfxm2;2026-03-22 23:59:46
18122;1;1103934;draft;34126.92;pending;2025-12-11;USD;FOB;MARITIMO;;;;34126.92;;34126.92;;;;;0.00;0.00;0;;;;;;;;2026-02-24 00:00:00;2026-02-17 22:48:00;2026-03-31 16:00:00;;;;;;;;;;;;;;;;;;;;;;2026-03-16 14:03:16;2026-03-22 23:59:47;5;;620;;;;"""[\""Standard\""]""";0.00;0.00;0.00;;;false;;;false;;EPAVZ251003-10;ADHBL002602015;40 HC;FFAU5281114;CMA CGM;true;false;false;false;false;false;false;false;true;2026-01-21 00:00:00;2026-01-21 00:00:00;2025-12-11 00:00:00;2025-12-11 00:00:00;;2026-02-03 00:00:00;;;;;;;2026-03-06 00:00:00;;FOB;;PEDIDO COMPRA;;;IOLFT26-112;FAK;Directo VE - FERRETERIA EPA, C.A.;76;EPA;OLO1;IN OCEAN;-- N/A --;0001-223424;;5105;7507;;NINGBO, CHINA;PUERTO CABELLO, VENEZUELA;34126.92;3430.00;;0;0;0;0;2026-03-31 16:00:00;;;;0.00;;Harmony (Drop Ship EPA VE);;2025-12-11 00:00:00;2025-12-19 00:00:00;;;;;false;;NINGBO;VEPBL;Puerto Cabello;;;CMDU;"[""CMA CGM LIBERTY\/0PPHQE1MA"",""MAYA BAY\/0V300N1MA"",""MAYA BAY\/0V301S1MA"",""CMA CGM LIBERTY\/0PPHRW1MA""]";194101;;MARITIMO;2026-03-31 16:00:00;;;2026-01-30 02:04:00;2026-02-01 06:38:00;2026-02-17 22:48:00;2026-03-31 16:00:00;;;40_in_transit;;false;;cmmj7nxb6bdvhs66w1btoitv9;2026-03-22 23:59:47
18123;1;1103940;draft;67062.87;pending;2025-12-11;USD;FOB;MARITIMO;;;;67062.87;;67062.87;;;;;0.00;0.00;0;;;;;;;;2026-02-25 00:00:00;2026-02-26 15:30:00;2026-04-03 14:00:00;;;;;;;;;;;;;;;;;;;;;;2026-03-16 14:03:16;2026-03-22 23:59:47;5;;606;;;;"""[\""Standard\""]""";0.00;0.00;0.00;;;false;;;false;;21023;ASCANA00156;20ft;TCLU6714554;HAPAG-LLOYD;true;false;false;false;false;false;false;true;true;2026-01-21 00:00:00;2026-01-21 00:00:00;2025-12-28 00:00:00;2025-12-28 00:00:00;;2026-02-11 00:00:00;;;;;;;;;FOB;FOB;PEDIDO COMPRA;;;;NAC;ZF - OVERSEAS LOGISTICS OPERATIONS;71;EPA;OLO1;AIR SEA WORLDWIDE;;15635;;5077;;;YANTIAN PORT, CHINA;CALDERA, COSTA RICA;67062.87;3000.00;;0;0;0;0;2026-04-03 14:00:00;;;;0.00;;HARMONY (ZF);;2025-12-11 00:00:00;2026-01-14 00:00:00;;;;;false;CNYTN;Yantian Port;CRCAL;Caldera;;;HLCU;"[""MONTEVIDEO EXPRESS\/"",""NYK LAURA\/""]";194102;;MARITIMO;2026-04-03 14:00:00;;;2026-02-07 17:58:00;2026-02-15 16:00:00;2026-02-26 15:30:00;2026-04-03 14:00:00;;;40_in_transit;;false;;cmmj7o0rnbdz5s66wg3796yi9;2026-03-22 23:59:47
18124;1;1103942;draft;22512.82;pending;2025-12-11;USD;FOB;MARITIMO;;;;22512.82;;22512.82;;;;;0.00;0.00;0;;;;;;;;2026-02-21 00:00:00;2026-02-11 18:21:00;2026-04-16 07:00:00;;;;;;;;;;;;;;;;;;;;;;2026-03-16 14:03:16;2026-03-22 23:59:48;5;;606;;;;"""[\""Standard\""]""";0.00;0.00;0.00;;;false;;;false;;21025;HCAN00034436;40 HC;BMOU1336291;CMA CGM;true;false;false;false;false;false;false;true;true;2026-01-21 00:00:00;2026-01-21 00:00:00;2026-02-28 00:00:00;2026-02-28 00:00:00;;2026-02-14 00:00:00;;;;;;;2026-03-10 00:00:00;;FOB;FOB;PEDIDO COMPRA;;;;;Directo GT - FERRETERIA EPA, S.A. (Guatemala);71;EPA;OLO1;SPARX;-- N/A --;15628;;5081;7514;;NANSHA PORT, CHINA;QUETZAL, GUATEMALA;22512.82;3290.00;;0;0;0;0;2026-04-23 07:00:00;;;;0.00;;HARMONY (Dropship GT);;2025-12-11 00:00:00;2026-01-19 00:00:00;;;;;false;CNNSA;Nansha Port;GTPRQ;Puerto Quetzal;;;CMDU;"[""YING TAI 919\/NRA4VN"",""CMA CGM SPIRIT\/1WUT9E2MA"",""CMA CGM CAXIAS\/0M32WN1MA"",""CMA CGM OSMIUM\/1WU0KE1MA"",""CMA CGM OSMIUM\/1WU0LW1MA"",""CMA CGM CAXIAS\/0M32VS1MA""]";194103;;MARITIMO;2026-04-23 07:00:00;;;2026-02-06 06:01:00;2026-02-07 05:07:00;2026-02-11 18:21:00;2026-04-16 07:00:00;;;40_in_transit;;false;;cmmj7o5ylbe3ps66wmmc5rtk3;2026-03-22 23:59:48
18125;1;1103943;draft;52876.66;pending;2025-12-11;USD;FOB;MARITIMO;;;;52876.66;;52876.66;;;;;0.00;0.00;0;;;;;;;;2026-02-21 00:00:00;2026-02-11 18:17:00;2026-04-16 07:00:00;;;;;;;;;;;;;;;;;;;;;;2026-03-16 14:03:16;2026-03-22 23:59:48;5;;606;;;;"""[\""Standard\""]""";0.00;0.00;0.00;;;false;;;false;;21026;HCAN00034453;40 HC;FFAU7663482;CMA CGM;true;false;false;false;false;false;false;true;true;2026-01-21 00:00:00;2026-01-21 00:00:00;2025-12-28 00:00:00;2025-12-28 00:00:00;;2026-02-14 00:00:00;;;;;;;2026-03-06 00:00:00;;FOB;FOB;PEDIDO COMPRA;;;;NAC;Directo GT - FERRETERIA EPA, S.A. (Guatemala);71;EPA;OLO1;SPARX;-- N/A --;15642;;5093;7511;;NANSHA PORT, CHINA;QUETZAL, GUATEMALA;52876.66;3600.00;;0;0;0;0;2026-04-23 07:00:00;;;;0.00;;HARMONY (Dropship GT);;2025-12-11 00:00:00;2026-01-14 00:00:00;;;;;false;CNNSA;Nansha Port;GTPRQ;Puerto Quetzal;;;CMDU;"[""CMA CGM OSMIUM\/1WU0KE1MA"",""CMA CGM CAXIAS\/0M32VS1MA"",""CMA CGM SPIRIT\/1WUT9E2MA"",""YING TAI 919\/NRA4VN"",""CMA CGM CAXIAS\/0M32WN1MA"",""CMA CGM OSMIUM\/1WU0LW1MA""]";194104;;MARITIMO;2026-04-23 07:00:00;;;2026-02-07 09:05:00;2026-02-08 04:13:00;2026-02-11 18:17:00;2026-04-16 07:00:00;;;40_in_transit;;false;;cmmj7o97hbe6ps66wyfam2oai;2026-03-22 23:59:48
18126;1;1103948;draft;42885.40;pending;2025-12-11;USD;FOB;MARITIMO;;;;42885.40;;42885.40;;;;;0.00;0.00;0;;;;;;;;2026-03-16 00:00:00;2026-03-13 05:54:00;2026-05-05 16:00:00;;;;;;;;;;;;;;;;;;;;;;2026-03-16 14:03:17;2026-03-22 23:59:57;5;;606;;;;"""[\""Standard\""]""";0.00;0.00;0.00;;;false;;;false;;21031;BJPBL2600131;40 HC;CMAU9337506;CMA CGM;true;false;false;false;false;false;false;true;true;2026-01-28 00:00:00;2026-01-28 00:00:00;2025-12-28 00:00:00;2025-12-28 00:00:00;;2026-02-10 00:00:00;;;;;;;;;CIF;FOB;CNY;;;;;Directo VE - FERRETERIA EPA, C.A.;71;EPA;OLO1;IN OCEAN;;;;;;;NANSHA PORT, CHINA;PUERTO CABELLO, VENEZUELA;;4800.00;;0;0;0;0;2026-05-05 16:00:00;;;;0.00;;Harmony (Drop Ship EPA VE);;2025-12-11 00:00:00;2026-01-14 00:00:00;;;;;false;CNNSA;Nansha Port;VEPBL;Puerto Cabello;;;CMDU;"[""YANTIAN I\/0PPGXW2MA"",""OOCL HO CHI MINH CITY\/0PPI0E1MA"",""OOCL HO CHI MINH CITY\/0PPI1W1MA"",""CMA CGM PEMBA\/0V30BS1MA"",""HONG CHUANG 888\/5OC4VN""]";194832;;MARITIMO;2026-05-05 16:00:00;;;2026-03-11 06:57:00;2026-03-12 08:25:00;2026-03-13 05:54:00;2026-05-05 16:00:00;;;40_in_transit;;false;;cmmta688t12ifs66xeqmpoxis;2026-03-22 23:59:57
18127;1;1103954;draft;58515.88;pending;2025-12-11;USD;FOB;MARITIMO;;;;58515.88;;58515.88;;;;;0.00;0.00;0;;;;;;;;2026-03-02 00:00:00;2026-02-21 14:29:00;2026-04-07 16:00:00;;;;;;;;;;;;;;;;;;;;;;2026-03-16 14:03:17;2026-03-22 23:59:58;5;;606;;;;"""[\""Standard\""]""";0.00;0.00;0.00;;;false;;;false;;21037;BJPBL2600096;40 HC;TGBU6326999;CMA CGM;true;false;false;false;false;false;false;true;true;2026-01-27 00:00:00;2026-01-27 00:00:00;2025-12-28 00:00:00;2025-12-28 00:00:00;;2026-02-16 00:00:00;;;;;;;2026-03-05 00:00:00;;CIF;FOB;CNY;;;;FAK;Directo VE - FERRETERIA EPA, C.A.;71;EPA;OLO1;IN OCEAN;-- N/A --;15640;;5097;7495;;NINGBO, CHINA;PUERTO CABELLO, VENEZUELA;58515.88;3430.00;;0;0;0;0;2026-04-07 16:00:00;;;;0.00;;Harmony (Drop Ship EPA VE);;2025-12-11 00:00:00;2026-01-14 00:00:00;;;;;false;;NINGBO;VEPBL;Puerto Cabello;;;CMDU;"[""CMA CGM ADONIS\/0BEN3W1MA"",""CMA CGM HOPE\/0PPHSE1MA"",""CMA CGM HOPE\/0PPHTW1MA"",""CMA CGM FORT ST LOUIS\/0V303S1MA"",""CMA CGM FORT ST LOUIS\/0V302N1MA""]";194833;;MARITIMO;2026-04-07 16:00:00;;;2026-02-07 06:49:00;2026-02-17 13:57:00;2026-02-21 14:29:00;2026-04-07 16:00:00;;;40_in_transit;;false;;cmmta6bn412kos66xmgiqgn0c;2026-03-22 23:59:58
18128;1;1103995;draft;47546.40;pending;2025-12-18;USD;FOB;MARITIMO;;;;47546.40;;47546.40;;;;;0.00;0.00;0;;;;;;;;2026-03-22 15:00:00;;2026-05-05 16:00:00;;;;;;;;;;;;;;;;;;;;;;2026-03-16 14:03:17;2026-03-22 23:59:58;3;;620;;;;"""[\""Standard\""]""";0.00;0.00;0.00;;;false;;;false;;EPAVZ251003-11;BJPBL2600128;40 HC;TCNU5493630;CMA CGM;true;false;false;false;false;false;false;false;false;2026-03-05 00:00:00;2026-03-05 00:00:00;2026-01-15 00:00:00;2026-01-15 00:00:00;;2026-03-22 02:00:00;;;;;;;;;CIF;FOB;PEDIDO COMPRA;;;;;Directo VE - FERRETERIA EPA, C.A.;76;EPA;OLO1;IN OCEAN;;;;;;;NINGBO, CHINA;PUERTO CABELLO, VENEZUELA;;;;0;0;0;0;2026-05-05 15:00:00;;;;0.00;;Harmony (Drop Ship EPA VE);;2025-12-18 00:00:00;2025-12-29 00:00:00;;;;;false;;NINGBO;VEPBL;Puerto Cabello;;;CMDU;"[""OOCL HO CHI MINH CITY\/0PPI0E1MA"",""CMA CGM PEMBA\/0V30AN1MA"",""OOCL HO CHI MINH CITY\/0PPI1W1MA"",""CMA CGM PEMBA\/0V30BS1MA""]";194834;;MARITIMO;2026-05-05 15:00:00;2026-03-22 02:00:00;;2026-03-09 17:51:00;2026-03-10 18:13:00;2026-03-22 15:00:00;2026-05-05 16:00:00;;;30_at_origin_port;;false;;cmmta6f9n12o6s66xjjyuv1bf;2026-03-22 23:59:58
18129;1;1104008;draft;38732.00;pending;2026-01-05;USD;FOB;MARITIMO;;;;38732.00;;38732.00;;;;;0.00;0.00;0;;;;;;;;2026-03-15 00:00:00;2026-03-09 01:18:00;2026-04-07 01:00:00;;;;;;;;;;;;;;;;;;;;;;2026-03-16 14:03:17;2026-03-22 23:59:58;5;;620;;;;"""[\""Standard\""]""";0.00;0.00;0.00;;;false;;;false;;FEB251013-06;BJLAG2600081;40 HC;FBLU0110459;CMA CGM;true;false;false;false;false;false;false;false;true;2026-01-16 00:00:00;2026-01-16 00:00:00;2026-01-31 00:00:00;2026-01-31 00:00:00;;2026-02-18 00:00:00;;;;;;;2026-03-13 00:00:00;;CIF;FOB;PEDIDO COMPRA;;;IOLFT26-156;FAK;Directo VE - FEBECA C.A.;76;Febeca;OLO1;IN OCEAN;-- N/A --;0001-223437;;5112;7519;;SHANGHAI, CHINA;LA GUAIRA, VENEZUELA;38732.00;3450.00;;0;0;0;0;2026-04-07 01:00:00;;;;0.00;;Harmony (Drop Ship FEBECA VE);;2026-01-05 00:00:00;2026-01-06 00:00:00;;;;;false;;SHANGHAI;VELAG;La Guaira;;;CMDU;"[""CMA CGM KAILAS\/1PPSME1MA""]";194835;;MARITIMO;2026-04-07 01:00:00;;;2026-02-06 05:27:00;2026-02-11 15:22:00;2026-03-09 01:18:00;2026-04-07 01:00:00;;;40_in_transit;;false;;cmmta6ika12ros66xkfpcehrn;2026-03-22 23:59:58
18130;1;1104019;draft;7874.40;pending;2026-01-12;USD;FOB;MARITIMO;;;;7874.40;;7874.40;;;;;0.00;0.00;0;;;;;;;;2026-02-17 00:00:00;2026-02-05 08:45:00;2026-03-13 14:00:00;2026-03-20 09:00:00;;;;;;;;;;;;;;;;;;;;;2026-03-16 14:03:17;2026-03-22 23:59:54;6;;626;;;;"""[\""Standard\""]""";0.00;0.00;0.00;;;false;;;false;;PI 1105269;ASNGBA00629;40 HC;HAMU3582430;HAPAG-LLOYD;true;false;false;false;false;false;false;false;true;2026-01-19 00:00:00;2026-01-19 00:00:00;2026-01-23 00:00:00;2026-01-23 00:00:00;;2026-02-03 00:00:00;;;;;;;;;FOB;;PEDIDO COMPRA;;;;NAC;ZF - OVERSEAS LOGISTICS OPERATIONS;74;EPA;OLO1;AIR SEA WORLDWIDE;;55048;;5076;;;NINGBO, CHINA;CALDERA, COSTA RICA;7874.40;;;0;0;0;0;2026-03-13 14:00:00;;;;0.00;;HARMONY (ZF);;2026-01-12 00:00:00;2026-01-15 00:00:00;;;;;false;CNNGB;Ningbo;CRCAL;Caldera;;;HLCU;"[""BUENOS AIRES EXPRESS\/"",""ALIAGA EXPRESS\/""]";194362;;MARITIMO;2026-03-13 14:00:00;;;2026-01-29 07:12:00;2026-01-30 12:10:00;2026-02-05 08:45:00;2026-03-20 09:00:00;2026-03-21 17:26:00;;60_to_final_destination;;false;;cmmm8d2d90lq5s66ykqjoo703;2026-03-22 23:59:54
18131;1;1104027;draft;27093.50;pending;2026-02-06;USD;FOB;MARITIMO;;;;27093.50;;27093.50;;;;;0.00;0.00;0;;;;;;;;2026-03-14 10:30:00;2026-03-14 11:12:00;2026-04-26 09:00:00;;;;;;;;;;;;;;;;;;;;;;2026-03-16 14:03:17;2026-03-22 23:59:56;5;;620;;;;"""[\""Standard\""]""";0.00;0.00;0.00;;;false;;;false;;FEB251124;BJLAG2600119;40 HC;CMAU7590639;CMA CGM;true;false;false;false;false;false;false;false;true;2026-02-09 00:00:00;2026-02-09 00:00:00;2026-02-13 00:00:00;2026-02-13 00:00:00;;2026-03-14 10:30:00;;;;;;;;;CIF;FOB;PEDIDO COMPRA;;;;;Directo VE - FEBECA C.A.;76;Febeca;OLO1;;;;;;;;TAIZHOU, CHINA;LA GUAIRA, VENEZUELA;;;;0;0;0;0;2026-04-26 09:00:00;;;;0.00;;Harmony (Drop Ship FEBECA VE);;2026-02-06 00:00:00;;;;;;false;CNTZO;Taizhou;VELAG;La Guaira;;;CMDU;"[""CMA CGM DIGNITY\/0PPHYE1MA"",""CMA CGM DIGNITY\/0PPHZW1MA"",""CMA CGM FORT ST LOUIS\/0V309S1MA"",""CMA CGM FORT ST LOUIS\/0V308N1MA""]";194373;;MARITIMO;2026-04-26 09:00:00;2026-03-14 10:30:00;;2026-03-07 09:10:00;2026-03-07 15:32:00;2026-03-14 11:12:00;2026-04-26 09:00:00;;;40_in_transit;;false;;cmmmh55p10p2ds66yvqs5lwy9;2026-03-22 23:59:56
18132;1;1103370;draft;34479.82;pending;2025-01-20;USD;FOB;MARITIMO;;;;34479.82;;34479.82;;;;;0.00;0.00;0;;;;;;;;;;;;;;;;;;;;;;;;;;;;;;;;2026-03-19 14:49:02;2026-03-23 00:00:23;5;;606;;;;"""[\""Standard\""]""";0.00;0.00;0.00;;;false;;;false;;PO para uso interno, Sustituye 1103335.;ASCAN401384-;40 HC;VTCN100451;;false;false;false;false;false;false;false;true;false;;;2025-02-16 00:00:00;2025-02-16 00:00:00;;;;;;;;;2025-01-21 00:00:00;;FOB;FOB;C/ FACTURA;;;;;Directo SV - FERRETERIA EPA, S.A. DE C.V.;71;EPA;OLO1;;-- N/A --;15182--;;4437;6795;;NINGBO, CHINA;CALDERA, COSTA RICA;34479.82;;;0;0;0;0;;;;;0.00;;HARMONY (Dropship SV);;2025-01-20 00:00:00;;;;;;false;;;;;;;;[];195457;;MARITIMO;;;;;;;;;;10_ready;;false;;cmn2f2sn8019ps66xfbh8fg5q;2026-03-23 00:00:23
18133;1;1103451;draft;95797.69;pending;2025-04-04;USD;CIF;MARITIMO;;;;95797.69;;95797.69;;;;;0.00;0.00;0;;;;;;;;2025-05-06 00:00:00;;;;;;;;;;;;;;;;;;;;;;;;2026-03-19 14:52:24;2026-03-23 00:00:10;5;;632;;;;"""[\""Standard\""]""";0.00;0.00;0.00;;;false;;;false;;2031995;PO 1103451;LCL;645-1;;false;false;false;false;false;false;false;true;false;;;2025-04-23 00:00:00;2025-04-23 00:00:00;;2025-05-06 00:00:00;;;;;;;2025-04-25 00:00:00;;CIF;FCA;PEDIDO COMPRA;;;;;Directo CR - FERRETERIA EPA, S.A.;71;EPA;OLO1;;-- N/A --;196275;;4582;6954;;COLON, PANAMA;CALDERA, COSTA RICA;95797.69;;;0;0;0;0;;;;;0.00;;HARMONY (Dropship CR);;2025-04-04 00:00:00;;;;;;false;;;;;;;;[];195458;;MARITIMO;;;;;;;;;;10_ready;;false;;cmn2f2wtc01axs66xa39oh6dp;2026-03-23 00:00:10
18134;1;1103452;draft;14795.53;pending;2025-04-04;USD;CIF;MARITIMO;;;;14795.53;;14795.53;;;;;0.00;0.00;0;;;;;;;;;;;;;;;;;;;;;;;;;;;;;;;;2026-03-19 14:52:24;2026-03-23 00:00:12;5;;632;;;;"""[\""Standard\""]""";0.00;0.00;0.00;;;false;;;false;;2031994;PO 1103452;LCL;645-2;;false;false;false;false;false;false;false;true;false;;;2025-04-23 00:00:00;2025-04-23 00:00:00;;;;;;;;;2025-04-21 00:00:00;;CIF;FCA;PEDIDO COMPRA;;;;;Directo SV - FERRETERIA EPA, S.A. DE C.V.;71;EPA;OLO1;;-- N/A --;196131;;4573;6945;;COLON, PANAMA;CALDERA, COSTA RICA;14795.53;;;0;0;0;0;;;;;0.00;;HARMONY (Dropship SV);;2025-04-04 00:00:00;;;;;;false;;;;;;;;[];195459;;MARITIMO;;;;;;;;;;10_ready;;false;;cmn2f2yv301c5s66xrv32unu6;2026-03-23 00:00:12
18135;1;1103455;draft;35147.50;pending;2025-04-07;USD;CIF;MARITIMO;;;;35147.50;;35147.50;;;;;0.00;0.00;0;;;;;;;;2025-05-02 00:00:00;;;;;;;;;;;;;;;;;;;;;;;;2026-03-19 14:52:24;2026-03-23 00:00:13;5;;632;;;;"""[\""Standard\""]""";0.00;0.00;0.00;;;false;;;false;;2032319;PO 1103455;LCL;VTCN100484;;false;false;false;false;false;false;false;true;false;;;2025-04-25 00:00:00;2025-04-25 00:00:00;;2025-05-02 00:00:00;;;;;;;2025-04-22 00:00:00;;CIF;;PEDIDO COMPRA;;;;;Directo SV - FERRETERIA EPA, S.A. DE C.V.;71;EPA;OLO1;;-- N/A --;196140;;4579;6949;;COLON, PANAMA;ACAJUTLA, EL SALVADOR;35147.50;;;0;0;0;0;;;;;0.00;;HARMONY (Dropship SV);;2025-04-07 00:00:00;;;;;;false;;;;;;;;[];195460;;MARITIMO;;;;;;;;;;10_ready;;false;;cmn2f31eq01dds66xw0ms6xuf;2026-03-23 00:00:13
18136;1;1103745;draft;1042.80;pending;2025-09-19;USD;FOB;MARITIMO;;;;1042.80;;1042.80;;;;;0.00;0.00;0;;;;;;;;2025-12-22 00:00:00;2025-12-11 00:00:00;2026-02-05 00:00:00;;;;;;;;;;;;;;;;;;;;;;2026-03-19 14:52:24;2026-03-23 00:00:24;5;;611;;;;"""[\""Standard\""]""";0.00;0.00;0.00;;;false;;;false;;PI13VE;BJPBL2500068;40 HC;CMAU4204500;CMA CGM;false;false;false;false;false;false;false;true;false;2025-11-29 00:00:00;2025-11-28 00:00:00;2025-11-30 00:00:00;2025-11-30 00:00:00;;2025-12-08 00:00:00;;;;;;;2025-12-19 00:00:00;;CIF;FOB;CNY;;;IOLFT25-915;FAK;Directo VE - FERRETERIA EPA, C.A.;73;EPA;OLO1;IN OCEAN;-- N/A --;1774114;;4941;7337;;NINGBO, CHINA;CABELLO, VENEZUELA;26678.40;4950.00;;0;0;0;0;2026-01-04 00:00:00;;;;0.00;;Harmony (Drop Ship EPA VE);;2025-09-19 00:00:00;2025-11-07 00:00:00;;;;;false;;;;;;;CMDU;[];195461;;MARITIMO;;;;;;;;;;10_ready;;false;;cmn2f33gj01els66xfrfd5wox;2026-03-23 00:00:24
18137;1;1103751;draft;47354.20;pending;2025-09-19;USD;FOB;MARITIMO;;;;47354.20;;47354.20;;;;;0.00;0.00;0;;;;;;;;2026-02-08 00:00:00;2026-01-22 12:15:00;2026-03-14 17:00:00;2026-03-15 18:26:00;;;;;;;;;;;;;;;;;;;;;2026-03-19 14:52:24;2026-03-22 23:59:37;5;;611;;;;"""[\""Standard\""]""";0.00;0.00;0.00;;;false;;;false;;PI5CR;ASNGB513767;40 HC;FANU3463957;HAPAG-LLOYD;true;false;true;false;false;false;false;true;true;2026-01-05 00:00:00;2026-01-05 00:00:00;2026-01-15 00:00:00;2026-01-15 00:00:00;;2026-01-25 00:00:00;;;;;;;2026-02-06 00:00:00;;FOB;FOB;CNY;;;;NAC;Directo CR - FERRETERIA EPA, S.A.;73;EPA;OLO1;AIR SEA WORLDWIDE;-- N/A --;1774106;;5016;7432;;NINGBO, CHINA;CALDERA, COSTA RICA;47354.20;3720.00;;0;0;0;0;2026-03-13 02:00:00;;;;0.00;;HARMONY (Dropship CR);;2025-09-19 00:00:00;2025-11-06 00:00:00;;;;;false;CNNGB;Ningbo;CRCAL;Caldera;;;HLCU;"[""LIMA EXPRESS\/"",""NYK JOANNA\/""]";194083;;MARITIMO;2026-03-13 02:00:00;;;2026-01-12 10:20:00;2026-01-17 14:56:00;2026-01-22 12:15:00;2026-03-15 18:26:00;2026-03-17 20:20:00;;60_to_final_destination;;false;;cmmj7lxalbbzhs66wx1cfjxrs;2026-03-22 23:59:37
18138;1;1103752;draft;48925.62;pending;2025-09-19;USD;FOB;MARITIMO;;;;48925.62;;48925.62;;;;;0.00;0.00;0;;;;;;;;2026-02-22 00:00:00;2026-02-23 17:00:00;2026-04-03 02:00:00;;;;;;;;;;;;;;;;;;;;;;2026-03-19 14:52:24;2026-03-23 00:00:16;5;;611;;;;"""[\""Standard\""]""";0.00;0.00;0.00;;;false;;;false;;PI6CR;ASNGB513770;40 HC;SEGU5097422;HAPAG-LLOYD;true;false;true;false;false;false;false;true;true;2026-01-05 00:00:00;2026-01-05 00:00:00;2026-02-15 00:00:00;2026-02-15 00:00:00;;2026-02-17 00:00:00;;;;;;;2026-02-17 00:00:00;;FOB;FOB;CNY;;;;NAC;Directo CR - FERRETERIA EPA, S.A.;73;EPA;OLO1;AIR SEA WORLDWIDE;-- N/A --;1774107;;5052;7454;;NINGBO, CHINA;CALDERA, COSTA RICA;48925.62;2700.00;;0;0;0;0;2026-04-03 02:00:00;;;;0.00;;HARMONY (Dropship CR);;2025-09-19 00:00:00;2025-11-07 00:00:00;;;;;false;CNNGB;Ningbo;CRCAL;Caldera;;;HLCU;"[""ONE SAPPHIRE\/"",""NYK JOANNA\/""]";195462;;MARITIMO;2026-04-03 02:00:00;;;2026-02-07 08:34:00;2026-02-14 17:33:00;2026-02-23 17:00:00;2026-04-03 02:00:00;;;40_in_transit;;false;;cmn2f37yi01gns66xg8an3erm;2026-03-23 00:00:16
18139;1;1103755;draft;52337.78;pending;2025-09-19;USD;FOB;MARITIMO;;;;52337.78;;52337.78;;;;;0.00;0.00;0;;;;;;;;2026-01-28 00:00:00;2026-01-24 00:00:00;2026-03-13 00:00:00;;;;;;;;;;;;;;;;;;;;;;2026-03-19 14:52:24;2026-03-23 00:00:18;5;;611;;;;"""[\""Standard\""]""";0.00;0.00;0.00;;;false;;;false;;PI9SV;HNGB00070538;40 HC;TCNU3993703;CMA CGM;false;false;false;false;false;false;false;true;false;2026-01-05 00:00:00;2026-01-05 00:00:00;2026-01-15 00:00:00;2026-01-15 00:00:00;;2026-01-21 00:00:00;;;;;;;2026-01-23 00:00:00;;FOB;FOB;MIXTO;;;;NAC;Directo SV - FERRETERIA EPA, S.A. DE C.V.;73;EPA;OLO1;AIR SEA WORLDWIDE;-- N/A --;1774110;;5008;7405;;NINGBO, CHINA;ACAJUTLA, EL SALVADOR;52337.78;3350.00;;0;0;0;0;2026-03-13 00:00:00;;;;0.00;;HARMONY (Dropship SV);;2025-09-19 00:00:00;2025-11-07 00:00:00;;;;;false;;;;;;;CMDU;[];195463;;MARITIMO;;;;;;;;;;10_ready;;false;;cmn2f3bco01j5s66x9hyvqjyr;2026-03-23 00:00:18
18140;1;1103758;draft;45407.06;pending;2025-09-19;USD;FOB;MARITIMO;;;;45407.06;;45407.06;;;;;0.00;0.00;0;;;;;;;;2026-02-08 00:00:00;2026-02-01 00:00:00;2026-03-12 00:00:00;;;;;;;;;;;;;;;;;;;;;;2026-03-19 14:52:24;2026-03-23 00:00:18;5;;611;;;;"""[\""Standard\""]""";0.00;0.00;0.00;;;false;;;false;;PI12GT;ASNGB513771;40 HC;HAMU2297417;HAPAG-LLOYD;false;false;false;false;false;false;false;true;false;2026-01-05 00:00:00;2026-01-05 00:00:00;2026-01-15 00:00:00;2026-01-15 00:00:00;;2026-01-25 00:00:00;;;;;;;2026-01-29 00:00:00;;FOB;FOB;MIXTO;;;;NAC;Directo GT - FERRETERIA EPA, S.A. (Guatemala);73;EPA;OLO1;AIR SEA WORLDWIDE;-- N/A --;1774113;;5015;7414;;NINGBO, CHINA;QUETZAL, GUATEMALA;45407.06;3880.00;;0;0;0;0;2026-03-12 00:00:00;;;;0.00;;HARMONY (Dropship GT);;2025-09-19 00:00:00;2025-11-07 00:00:00;;;;;false;;;;;;;HLCU;[];195464;;MARITIMO;;;;;;;;;;10_ready;;false;;cmn2f3e7201l3s66xkmijw5ay;2026-03-23 00:00:18
18141;1;1103759;draft;25635.60;pending;2025-09-19;USD;FOB;MARITIMO;;;;25635.60;;25635.60;;;;;0.00;0.00;0;;;;;;;;2025-12-22 00:00:00;2025-12-11 00:00:00;2026-02-05 00:00:00;;;;;;;;;;;;;;;;;;;;;;2026-03-19 14:52:24;2026-03-23 00:00:24;5;;611;;;;"""[\""Standard\""]""";0.00;0.00;0.00;;;false;;;false;;PI13VE;BJPBL2500068;40 HC;CMAU4204500;CMA CGM;false;false;false;false;false;false;false;true;false;2025-11-29 00:00:00;2025-11-21 00:00:00;2025-11-30 00:00:00;2025-11-30 00:00:00;;2025-12-08 00:00:00;;;;;;;2025-12-19 00:00:00;;CIF;FOB;CNY;;;IOLFT25-915;FAK;Directo VE - FERRETERIA EPA, C.A.;73;EPA;OLO1;IN OCEAN;-- N/A --;1774114;;4941;7338;;NINGBO, CHINA;PUERTO CABELLO, VENEZUELA;26678.40;;;0;0;0;0;2026-01-04 00:00:00;;;;0.00;;Harmony (Drop Ship EPA VE);;2025-09-19 00:00:00;2025-11-07 00:00:00;;;;;false;;;;;;;CMDU;[];195461;;MARITIMO;;;;;;;;;;10_ready;;false;;cmn2f33gj01els66xfrfd5wox;2026-03-23 00:00:24
18142;1;1103761;draft;23574.95;pending;2025-09-19;USD;FOB;MARITIMO;;;;23574.95;;23574.95;;;;;0.00;0.00;0;;;;;;;;2026-02-24 00:00:00;2026-02-17 00:00:00;2026-04-23 00:00:00;;;;;;;;;;;;;;;;;;;;;;2026-03-19 14:52:24;2026-03-23 00:00:25;5;;611;;;;"""[\""Standard\""]""";0.00;0.00;0.00;;;false;;;false;;PI15VE;BJPBL2600071;40 HC;ECMU7594196;CMA CGM;false;false;false;false;false;false;false;true;false;2026-01-21 00:00:00;2026-01-21 00:00:00;2026-02-15 00:00:00;2026-02-15 00:00:00;;2026-02-04 00:00:00;;;;;;;2026-03-03 00:00:00;;FOB;FOB;CNY;;;IOLFT26-113;FAK;Directo VE - FERRETERIA EPA, C.A.;73;EPA;OLO1;IN OCEAN;-- N/A --;1774116;;5086;7485;;NINGBO, CHINA;PUERTO CABELLO, VENEZUELA;23574.95;3430.00;;0;0;0;0;2026-04-23 00:00:00;;;;0.00;;Harmony (Drop Ship EPA VE);;2025-09-19 00:00:00;2025-11-07 00:00:00;;;;;false;;;;;;;CMDU;[];195465;;MARITIMO;;;;;;;;;;10_ready;;false;;cmn2f3j3b01n9s66xpn7cklsf;2026-03-23 00:00:25
18143;1;1103777;draft;23661.12;pending;2025-09-29;USD;FOB;MARITIMO;;;;23661.12;;23661.12;;;;;0.00;0.00;0;;;;;;;;2026-03-24 00:00:00;;;;;;;;;;;;;;;;;;;;;;;;2026-03-19 14:52:24;2026-03-23 00:00:20;3;;612;;;;"""[\""Standard\""]""";0.00;0.00;0.00;;;false;;;false;;SV2;;20ft;726-2;CMA CGM;false;false;false;false;false;false;false;false;false;2026-03-10 00:00:00;2026-03-10 00:00:00;2026-03-01 00:00:00;2026-03-01 00:00:00;;2026-03-24 00:00:00;;;;;;;;;FOB;FOB;CNY;;;;;Directo SV - FERRETERIA EPA, S.A. DE C.V.;79;EPA;OLO1;SPARX;;;;;;;NINGBO, CHINA;ACAJUTLA, EL SALVADOR;;;;0;0;0;0;;;;;0.00;;HARMONY (Dropship SV);;2025-09-29 00:00:00;2025-11-10 00:00:00;;;;;false;;;;;;;CMDU;[];195466;;MARITIMO;;;;;;;;;;10_ready;;false;;cmn2f3m4j01pds66xxzruvwqo;2026-03-23 00:00:20
18144;1;1103788;draft;66980.38;pending;2025-10-09;USD;FOB;MARITIMO;;;;66980.38;;66980.38;;;;;0.00;0.00;0;;;;;;;;2026-02-11 00:00:00;2026-02-05 00:00:00;2026-03-20 00:00:00;;;;;;;;;;;;;;;;;;;;;;2026-03-19 14:52:24;2026-03-23 00:00:21;5;;613;;;;"""[\""Standard\""]""";0.00;0.00;0.00;;;false;;;false;;ARR#3;ASSZX511830;40 HC;SEGU5841160;HAPAG-LLOYD;false;false;true;false;false;false;false;false;false;2025-11-07 00:00:00;2025-11-07 00:00:00;2025-10-24 00:00:00;2025-10-24 00:00:00;;2026-01-29 00:00:00;;;;;;;2026-02-11 00:00:00;;FOB;FOB;PEDIDO COMPRA;;;;NAC;Directo CR - FERRETERIA EPA, S.A.;71;EPA;OLO1;AIR SEA WORLDWIDE;-- N/A --;15604;;5028;7450;;JIANGMEN, CHINA;CALDERA, COSTA RICA;66980.38;3720.00;;0;0;0;0;2026-03-20 00:00:00;;;;0.00;;HARMONY (Dropship CR);;2025-10-09 00:00:00;2025-10-29 00:00:00;;;;;false;;;;;;;HLCU;[];195467;;MARITIMO;;;;;;;;;;10_ready;;false;;cmn2f3p7m01rfs66x3hwiv0pr;2026-03-23 00:00:21
18145;1;1103790;draft;40199.00;pending;2025-10-09;USD;FOB;MARITIMO;;;;40199.00;;40199.00;;;;;0.00;0.00;0;;;;;;;;2026-02-08 00:00:00;2026-02-02 10:18:00;2026-03-29 14:00:00;;;;;;;;;;;;;;;;;;;;;;2026-03-19 14:52:24;2026-03-23 00:00:26;5;;613;;;;"""[\""Standard\""]""";0.00;0.00;0.00;;;false;;;false;;ARR#5;ASSZX511649;40 HC;MSMU5423038;MSC;true;false;false;false;false;false;false;true;true;2025-10-31 00:00:00;2025-10-31 00:00:00;2025-10-24 00:00:00;2025-10-24 00:00:00;;2026-02-01 00:00:00;;;;;;;2026-02-04 00:00:00;;FOB;FOB;PEDIDO COMPRA;;;;NAC;Directo GT - FERRETERIA EPA, S.A. (Guatemala);71;EPA;OLO1;AIR SEA WORLDWIDE;-- N/A --;21085;;5018;7429;;SHEKOU PORT, CHINA;QUETZAL, GUATEMALA;40199.00;3555.00;;0;0;0;0;2026-03-29 14:00:00;;;;0.00;;HARMONY (Dropship GT);;2025-10-09 00:00:00;2025-10-29 00:00:00;;;;;false;CNSHK;SHEKOU;GTPRQ;Puerto Quetzal;;;MEDU;"[""MSC JULIETTE\/FA604A"",""MSC JULIETTE\/"",""CONTI COURAGE\/QM607A"",""CONTI COURAGE\/"",""MSC SOMYA III\/LO612A"",""MSC SOMYA III\/""]";195468;;MARITIMO;2026-03-29 14:00:00;;;2026-01-28 06:04:00;2026-01-28 12:36:00;2026-02-02 10:18:00;2026-03-29 14:00:00;;;40_in_transit;;false;;cmn2f3s7d01tls66x0r3274r3;2026-03-23 00:00:26
18146;1;1103791;draft;47167.68;pending;2025-10-09;USD;FOB;MARITIMO;;;;47167.68;;47167.68;;;;;0.00;0.00;0;;;;;;;;2025-12-11 00:00:00;2025-12-06 16:18:00;2026-02-05 00:00:00;2026-02-05 07:05:00;;;;;;;;;;;;;;;;;;;;;2026-03-19 14:52:24;2026-03-23 00:00:28;5;;613;;;;"""[\""Standard\""]""";0.00;0.00;0.00;;;false;;;false;;ARR#6;ASCAN501678;20ft;MSCU4809073;MSC;true;false;false;false;false;false;false;true;true;2025-10-31 00:00:00;2025-10-31 00:00:00;2025-10-24 00:00:00;2025-10-24 00:00:00;;2025-12-04 00:00:00;;;;;;;2025-12-09 00:00:00;;FOB;FOB;PEDIDO COMPRA;;;;NAC;Directo GT - FERRETERIA EPA, S.A. (Guatemala);71;EPA;OLO1;AIR SEA WORLDWIDE;-- N/A --;15539;;4918;7318;;NANSHA PORT, CHINA;QUETZAL, GUATEMALA;47167.68;3935.00;;0;0;0;0;2026-01-08 00:00:00;;;;0.00;;HARMONY (Dropship GT);;2025-10-09 00:00:00;2025-10-29 00:00:00;;;;;false;CNNSA;Nansha Port;GTPRQ;Puerto Quetzal;;;MEDU;"[""MSC LOME V\/GY544R"",""MSC LOME V\/"",""MSC VIVIENNE\/FA548A"",""MSC VIVIENNE\/"",""MSC TIPHAINE II\/LO602B"",""MSC TIPHAINE II\/""]";195469;;MARITIMO;;;;2025-11-21 12:25:00;2025-11-22 07:46:00;2025-12-06 16:18:00;2026-02-05 07:05:00;2026-02-12 17:39:00;2026-02-16 15:20:00;70_delivered;;false;;cmn2f3vge01w9s66x14ieazqj;2026-03-23 00:00:28
18147;1;1103792;draft;51122.51;pending;2025-10-09;USD;FOB;MARITIMO;;;;51122.51;;51122.51;;;;;0.00;0.00;0;;;;;;;;2026-02-03 00:00:00;2026-01-28 00:00:00;2026-03-24 00:00:00;;;;;;;;;;;;;;;;;;;;;;2026-03-19 14:52:24;2026-03-23 00:00:29;5;;613;;;;"""[\""Standard\""]""";0.00;0.00;0.00;;;false;;;false;;ARR#7;ASSZX511655;40 HC;DFSU7080320;HAPAG-LLOYD;false;false;false;false;false;false;false;true;false;2025-10-31 00:00:00;2025-10-31 00:00:00;2025-10-24 00:00:00;2025-10-24 00:00:00;;2026-01-27 00:00:00;;;;;;;2026-02-03 00:00:00;;FOB;FOB;PEDIDO COMPRA;;;;NAC;Directo SV - FERRETERIA EPA, S.A. DE C.V.;71;EPA;OLO1;AIR SEA WORLDWIDE;-- N/A --;15605;;5023;7424;;JIANGMEN, CHINA;ACAJUTLA, EL SALVADOR;51122.51;3820.00;;0;0;0;0;2026-03-24 00:00:00;;;;0.00;;HARMONY (Dropship SV);;2025-10-09 00:00:00;2025-10-29 00:00:00;;;;;false;;;;;;;HLCU;[];195470;;MARITIMO;;;;;;;;;;10_ready;;false;;cmn2f3yyn01zbs66xg1he8i7n;2026-03-23 00:00:29
18148;1;1103795;draft;56143.68;pending;2025-10-09;USD;FOB;MARITIMO;;;;56143.68;;56143.68;;;;;0.00;0.00;0;;;;;;;;2026-01-07 00:00:00;2026-01-01 00:00:00;2026-03-17 00:00:00;2026-03-01 00:00:00;;;;;;;;;;;;;;;;;;;;;2026-03-19 14:52:24;2026-03-23 00:00:31;10;;613;;;;"""[\""Standard\""]""";0.00;0.00;0.00;;;false;;;false;;ARR#10;BJPBL2600008;40 HC;TCLU4351465;CMA CGM;false;false;false;false;false;false;false;true;false;2025-11-07 00:00:00;2025-11-07 00:00:00;2025-10-24 00:00:00;2025-10-24 00:00:00;;2025-12-26 00:00:00;;;;;;;2026-01-26 00:00:00;;CIF;FOB;PEDIDO COMPRA;;;IOLFT25-992;FAK;Directo VE - FERRETERIA EPA, C.A.;71;EPA;OLO1;IN OCEAN;-- N/A --;15587;;4991;7409;;JIANGMEN, CHINA;PUERTO CABELLO, VENEZUELA;56143.68;3990.00;;0;0;0;0;2026-02-24 00:00:00;;;;0.00;;Harmony (Drop Ship EPA VE);;2025-10-09 00:00:00;2025-10-29 00:00:00;;;;;false;;;;;;;CMDU;[];195471;;MARITIMO;;;;;;;;;;10_ready;;false;;cmn2f422a021hs66xrcd86vpd;2026-03-23 00:00:31
18149;1;1103801;draft;57378.58;pending;2025-10-15;USD;FOB;MARITIMO;;;;57378.58;;57378.58;;;;;0.00;0.00;0;;;;;;;;2026-02-11 00:00:00;2026-02-08 00:00:00;2026-03-28 00:00:00;;;;;;;;;;;;;;;;;;;;;;2026-03-19 14:52:25;2026-03-23 00:00:31;5;;633;;;;"""[\""Standard\""]""";0.00;0.00;0.00;;;false;;;false;;25SN-09-021;BJPBL2600072;20ft;TRHU3865898;;false;false;false;false;false;false;false;false;false;2026-01-30 00:00:00;2026-01-30 00:00:00;2025-11-30 00:00:00;2025-11-30 00:00:00;;2026-02-04 00:00:00;;;;;;;2026-02-25 00:00:00;;CIF;FOB;PEDIDO COMPRA;;;IOLFT26-084;FAK;Directo VE - FEBECA C.A.;76;Febeca;OLO1;IN OCEAN;-- N/A --;25YGJD-170;;5048;7480;;NINGBO, CHINA;LA GUAIRA, VENEZUELA;57378.58;3380.00;;0;0;0;0;2026-03-28 00:00:00;;;;0.00;;Harmony (Drop Ship FEBECA VE);;2025-10-15 00:00:00;2025-11-27 00:00:00;;;;;false;;;;;;;;[];195472;;MARITIMO;;;;;;;;;;10_ready;;false;;cmn2f45io023js66x2tmpzfmc;2026-03-23 00:00:31
18150;1;1103814;draft;5356.52;pending;2025-10-16;USD;FOB;MARITIMO;;;;5356.52;;5356.52;;;;;0.00;0.00;0;;;;;;;;2025-11-30 00:00:00;2025-11-21 00:00:00;2026-02-05 00:00:00;;;;;;;;;;;;;;;;;;;;;;2026-03-19 14:52:25;2026-03-23 00:00:32;5;;634;;;;"""[\""Standard\""]""";0.00;0.00;0.00;;;false;;;false;;PI. No.: KC2025577;BJPBL2500008;20ft;CMAU3128495;CMA CGM;false;false;false;false;false;false;false;false;false;2025-11-07 00:00:00;2025-11-07 00:00:00;2025-11-11 00:00:00;2025-11-11 00:00:00;;2025-11-30 00:00:00;;;;;;;2025-12-05 00:00:00;;CIF;FOB;CNY;;;IOLFT25-852;FAK;Directo VE - FERRETERIA EPA, C.A.;78;EPA;OLO1;IN OCEAN;-- N/A --;SA20251255;;4922;7315;;TIANJIN, CHINA;PUERTO CABELLO, VENEZUELA;5356.52;5200.00;;0;0;0;0;2026-01-13 00:00:00;;;;0.00;;Harmony (Drop Ship EPA VE);;2025-10-16 00:00:00;2025-10-30 00:00:00;;;;;false;;;;;;;CMDU;[];195473;;MARITIMO;;;;;;;;;;10_ready;;false;;cmn2f48490259s66x0emsnj2l;2026-03-23 00:00:32
18151;1;1103815;draft;5356.52;pending;2025-10-16;USD;FOB;MARITIMO;;;;5356.52;;5356.52;;;;;0.00;0.00;0;;;;;;;;2025-11-30 00:00:00;2025-11-21 00:00:00;2026-02-03 00:00:00;;;;;;;;;;;;;;;;;;;;;;2026-03-19 14:52:25;2026-03-23 00:00:33;5;;634;;;;"""[\""Standard\""]""";0.00;0.00;0.00;;;false;;;false;;PI. No.: KC2025578;BJPBL2500007;20ft;BMOU1097047;CMA CGM;false;false;false;false;false;false;false;false;false;2025-11-07 00:00:00;2025-11-07 00:00:00;2025-11-11 00:00:00;2025-11-11 00:00:00;;2025-11-30 00:00:00;;;;;;;2025-12-05 00:00:00;;FOB;FOB;CNY;;;IOLFT25-813;FAK;Directo VE - FERRETERIA EPA, C.A.;78;EPA;OLO1;IN OCEAN;-- N/A --;SA20251256;;4920;7314;;TIANJIN, CHINA;PUERTO CABELLO, VENEZUELA;5356.52;5200.00;;0;0;0;0;2026-01-13 00:00:00;;;;0.00;;Harmony (Drop Ship EPA VE);;2025-10-16 00:00:00;2025-10-30 00:00:00;;;;;false;;;;;;;CMDU;[];195474;;MARITIMO;;;;;;;;;;10_ready;;false;;cmn2f4bb5026xs66xplv3ljvk;2026-03-23 00:00:33
18152;1;1103819;draft;62151.00;pending;2025-10-20;USD;FOB;MARITIMO;;;;62151.00;;62151.00;;;;;0.00;0.00;0;;;;;;;;2026-01-28 00:00:00;2026-01-20 20:42:00;2026-03-14 00:00:00;2026-03-17 10:08:00;;;;;;;;;;;;;;;;;;;;;2026-03-19 14:52:25;2026-03-23 00:00:33;5;;635;;;;"""[\""Standard\""]""";0.00;0.00;0.00;;;false;;;false;;826;HSHA00085353;40 HC;MSMU6273117;MSC;true;false;true;false;false;false;false;false;true;2025-12-24 00:00:00;2025-12-24 00:00:00;2026-01-31 00:00:00;2026-01-31 00:00:00;;2026-01-14 00:00:00;;;;;;;2026-01-26 00:00:00;;FOB;FOB;PEDIDO COMPRA;;;;NAC;Directo CR - FERRETERIA EPA, S.A.;76;EPA;OLO1;SPARX;-- N/A --;54854;;5002;7406;;SHANGHAI, CHINA;CALDERA, COSTA RICA;62151.83;3750.00;;0;0;0;0;2026-02-19 00:00:00;;;;0.00;;HARMONY (Dropship CR);;2025-10-20 00:00:00;2025-12-11 00:00:00;;;;;false;CNSHA;Shanghai;CRCAL;Caldera;;;MEDU;"[""MSC JASPER VIII\/GN601E"",""MSC JASPER VIII\/"",""MSC ORION\/UX602A"",""MSC ORION\/"",""A. IDEFIX\/26009N"",""A. IDEFIX\/""]";195475;;MARITIMO;;;;2026-01-11 16:32:00;2026-01-16 18:16:00;2026-01-20 20:42:00;2026-03-17 10:08:00;2026-03-20 12:09:00;2026-03-20 14:40:00;70_delivered;;false;;cmn2f4f3x029fs66xx0chagou;2026-03-23 00:00:33
18153;1;1103820;draft;121439.00;pending;2025-10-20;USD;FOB;MARITIMO;;;;121439.00;;121439.00;;;;;0.00;0.00;0;;;;;;;;2026-01-28 00:00:00;2026-01-20 20:42:00;2026-03-14 00:00:00;2026-03-17 10:08:00;;;;;;;;;;;;;;;;;;;;;2026-03-19 14:52:25;2026-03-23 00:00:34;6;;635;;;;"""[\""Standard\""]""";0.00;0.00;0.00;;;false;;;false;;826;HSHA00085529;40 HC;MSMU6273117;MSC;true;false;false;false;false;false;false;false;true;2025-12-24 00:00:00;2025-12-24 00:00:00;2026-01-31 00:00:00;2026-01-31 00:00:00;;2026-01-14 00:00:00;;;;;;;;;FOB;FOB;PEDIDO COMPRA;;;;NAC;ZF - OVERSEAS LOGISTICS OPERATIONS;76;EPA;OLO1;SPARX;;54853;;5000;;;SHANGHAI, CHINA;CALDERA, COSTA RICA;121440.88;;;0;0;0;0;2026-02-19 00:00:00;;;;0.00;;HARMONY (ZF);;2025-10-20 00:00:00;2025-12-11 00:00:00;;;;;false;CNSHA;Shanghai;CRCAL;Caldera;;;MEDU;"[""MSC JASPER VIII\/GN601E"",""MSC JASPER VIII\/"",""MSC ORION\/UX602A"",""MSC ORION\/"",""A. IDEFIX\/26009N"",""A. IDEFIX\/""]";195475;;MARITIMO;;;;2026-01-11 16:32:00;2026-01-16 18:16:00;2026-01-20 20:42:00;2026-03-17 10:08:00;2026-03-20 12:09:00;2026-03-20 14:40:00;70_delivered;;false;;cmn2f4f3x029fs66xx0chagou;2026-03-23 00:00:34
18154;1;1103825;draft;18673.40;pending;2025-10-29;USD;FOB;;;;;18673.40;;18673.40;;;;;0.00;0.00;0;;;;;;;;2026-01-17 00:00:00;2026-01-19 00:00:00;2026-03-14 00:00:00;;;;;;;;;;;;;;;;;;;;;;2026-03-19 14:52:25;2026-03-22 23:59:05;5;;615;;;;"""[\""Standard\""]""";0.00;0.00;0.00;;;false;;;false;;Directo CR Oct 25 CNY #1;HNGB00070308;40ft;MSDU6309070;MSC;false;false;false;false;false;false;false;false;false;2025-12-15 00:00:00;2025-12-15 00:00:00;2025-12-20 00:00:00;2025-12-20 00:00:00;;2026-01-02 00:00:00;;;;;;;2026-01-15 00:00:00;;FOB;FOB;CNY;;;;NAC;Directo CR - FERRETERIA EPA, S.A.;75;EPA;OLO1;SPARX;-- N/A --;GJ252151;;4988;7388;;NINGBO, CHINA;CALDERA, COSTA RICA;18673.40;3750.00;;0;0;0;0;2026-02-20 00:00:00;;;;0.00;;HARMONY (Dropship CR);;2025-10-29 00:00:00;2025-12-05 00:00:00;;;;;false;;;;;;;;;;;;;;;;;;;;;;;false;;cmn2f4l4k02cxs66xi6p6i3sf;
18155;1;1103826;draft;18673.40;pending;2025-10-29;USD;FOB;;;;;18673.40;;18673.40;;;;;0.00;0.00;0;;;;;;;;2026-03-12 00:00:00;2026-02-19 00:00:00;2026-03-23 00:00:00;;;;;;;;;;;;;;;;;;;;;;2026-03-19 14:52:25;2026-03-22 23:59:10;5;;615;;;;"""[\""Standard\""]""";0.00;0.00;0.00;;;false;;;false;;Directo CR Oct 25 CNY #2;HNGB00071132;40ft;MRKU4430596;MAERSK;false;false;false;false;false;false;false;false;false;2026-02-02 00:00:00;2026-02-02 00:00:00;2026-03-01 00:00:00;2026-03-01 00:00:00;;2026-02-19 00:00:00;;;;;;;2026-03-12 00:00:00;;FOB;FOB;CNY;;;;NAC;Directo CR - FERRETERIA EPA, S.A.;75;EPA;OLO1;SPARX;-- N/A --;GJ260217;;5110;7516;;NINGBO, CHINA;CALDERA, COSTA RICA;18673.40;4650.00;;0;0;0;0;2026-03-17 00:00:00;;;;0.00;;HARMONY (Dropship CR);;2025-10-29 00:00:00;2026-01-28 00:00:00;;;;;false;;;;;;;;;;;;;;;;;;;;;;;false;;cmn2f4opa02ffs66x7jvf7iu1;
18156;1;1103828;draft;20289.00;pending;2025-10-29;USD;FOB;;;;;20289.00;;20289.00;;;;;0.00;0.00;0;;;;;;;;2026-02-26 00:00:00;2026-02-19 00:00:00;2026-03-26 00:00:00;;;;;;;;;;;;;;;;;;;;;;2026-03-19 14:52:25;2026-03-22 23:59:15;5;;615;;;;"""[\""Standard\""]""";0.00;0.00;0.00;;;false;;;false;;Directo GT Oct 25 CNY #4;HNGB00071053;40ft;FANU1842930;HAPAG LLOYD;false;false;false;false;false;false;false;false;false;2026-02-02 00:00:00;2026-02-02 00:00:00;2026-03-01 00:00:00;2026-03-01 00:00:00;;2026-02-16 00:00:00;;;;;;;2026-02-20 00:00:00;;FOB;FOB;CNY;;;;NAC;Directo GT - FERRETERIA EPA, S.A. (Guatemala);75;EPA;OLO1;SPARX;-- N/A --;GJ260212;;5074;7469;;NINGBO, CHINA;QUETZAL, GUATEMALA;20289.00;4550.00;;0;0;0;0;2026-03-26 00:00:00;;;;0.00;;HARMONY (Dropship GT);;2025-10-29 00:00:00;2026-01-28 00:00:00;;;;;false;;;;;;;;;;;;;;;;;;;;;;;false;;cmn2f4s7c02hls66xvna5asp9;
18157;1;1103835;draft;125663.40;pending;2025-11-10;USD;FOB;;;;;125663.40;;125663.40;;;;;0.00;0.00;0;;;;;;;;2026-03-28 00:00:00;;;;;;;;;;;;;;;;;;;;;;;;2026-03-19 14:52:25;2026-03-22 23:59:19;3;;618;;;;"""[\""Standard\""]""";0.00;0.00;0.00;;;false;;;false;;ANU/107;;40 HC;747-1;;false;false;false;false;false;false;false;false;false;2026-03-11 00:00:00;2026-03-12 00:00:00;2026-01-30 00:00:00;2026-01-30 00:00:00;;2026-03-28 00:00:00;;;;;;;;;FOB;FOB;PEDIDO COMPRA;;;;;ZF - OVERSEAS LOGISTICS OPERATIONS;74;EPA;OLO1;AIR SEA WORLDWIDE;;;;;;;MUNDRA, INDIA;SAN JOSE, COSTA RICA;;;;0;0;0;0;;;;;0.00;;HARMONY (ZF);;2025-11-10 00:00:00;2026-01-07 00:00:00;;;;;false;;;;;;;;;;;;;;;;;;;;;;;false;;cmn2f4vix02k1s66x9d74xj5z;
18158;1;1103838;draft;59219.46;pending;2025-11-12;USD;FOB;;;;;59219.46;;59219.46;;;;;0.00;0.00;0;;;;;;;;2025-12-24 00:00:00;2025-12-10 00:00:00;2026-03-07 00:00:00;;;;;;;;;;;;;;;;;;;;;;2026-03-19 14:52:25;2026-03-22 23:59:22;5;;606;;;;"""[\""Standard\""]""";0.00;0.00;0.00;;;false;;;false;;ARR07;ASCAN501815;40 HC;UETU7354651;CMA CGM;false;false;true;false;false;false;false;true;false;2025-11-25 00:00:00;2025-11-26 00:00:00;2025-12-26 00:00:00;2025-12-26 00:00:00;;2025-12-10 00:00:00;;;;;;;2025-12-23 00:00:00;;FOB;FOB;PEDIDO COMPRA;;;;NAC;Directo CR - FERRETERIA EPA, S.A.;71;EPA;OLO1;AIR SEA WORLDWIDE;-- N/A --;15546;;4938;7349;;NANSHA, CHINA;CALDERA, COSTA RICA;59219.46;3610.00;;0;0;0;0;2026-02-14 00:00:00;;;;0.00;;HARMONY (Dropship CR);;2025-11-12 00:00:00;2025-11-19 00:00:00;;;;;false;;;;;;;;;;;;;;;;;;;;;;;false;;cmn2f4xs702lls66xwkquvwv7;
18159;1;1103843;draft;44704.29;pending;2025-11-12;USD;FOB;;;;;44704.29;;44704.29;;;;;0.00;0.00;0;;;;;;;;2025-12-19 00:00:00;2025-12-13 00:00:00;2026-03-03 00:00:00;2026-03-01 00:00:00;;;;;;;;;;;;;;;;;;;;;2026-03-19 14:52:25;2026-03-22 23:59:26;10;;606;;;;"""[\""Standard\""]""";0.00;0.00;0.00;;;false;;;false;;ARR08;BJPBL2500081;40 HC;TXGU8150746;CMA CGM;false;false;false;false;false;false;false;true;false;2025-12-03 00:00:00;2025-12-03 00:00:00;2025-12-26 00:00:00;2025-12-26 00:00:00;;2025-12-12 00:00:00;;;;;;;2025-12-23 00:00:00;;CIF;FOB;PEDIDO COMPRA;;;IOLFT25-922;FAK;Directo VE - FERRETERIA EPA, C.A.;71;EPA;OLO1;IN OCEAN;-- N/A --;15562;;4949;7352;;NANSHA, CHINA;PUERTO CABELLO, VENEZUELA;44704.29;5450.00;;0;0;0;0;2026-02-17 00:00:00;;;;0.00;;Harmony (Drop Ship EPA VE);;2025-11-12 00:00:00;2025-11-19 00:00:00;;;;;false;;;;;;;;;;;;;;;;;;;;;;;false;;cmn2f516s02n9s66xb1dv193q;
18160;1;1103851;draft;66294.93;pending;2025-11-12;USD;FOB;;;;;66294.93;;66294.93;;;;;0.00;0.00;0;;;;;;;;2026-01-12 00:00:00;2025-12-25 00:00:00;2026-02-04 00:00:00;;;;;;;;;;;;;;;;;;;;;;2026-03-19 14:52:25;2026-03-22 23:59:30;5;;606;;;;"""[\""Standard\""]""";0.00;0.00;0.00;;;false;;;false;;ARR16;HCAN00034098;40 HC;MSMU5046588;MSC;false;false;false;false;false;false;false;true;false;2025-12-08 00:00:00;2025-12-09 00:00:00;2025-12-26 00:00:00;2025-12-26 00:00:00;;2025-12-29 00:00:00;;;;;;;2026-01-13 00:00:00;;FOB;FOB;MIXTO;;;;NAC;Directo GT - FERRETERIA EPA, C.A.;71;EPA;OLO1;SPARX;-- N/A --;15575;;4978;7381;;NANSHA, CHINA;CALDERA, COSTA RICA;66294.93;4140.00;;0;0;0;0;2026-02-04 00:00:00;;;;0.00;;HARMONY (Dropship GT);;2025-11-12 00:00:00;2025-11-20 00:00:00;;;;;false;;;;;;;;;;;;;;;;;;;;;;;false;;cmn2f545u02oxs66x8d0a975d;
18161;1;1103859;draft;20646.54;pending;2025-11-18;USD;FOB;;;;;20646.54;;20646.54;;;;;0.00;0.00;0;;;;;;;;2026-02-13 00:00:00;2026-02-06 00:00:00;2026-03-03 00:00:00;2026-03-01 00:00:00;;;;;;;;;;;;;;;;;;;;;2026-03-19 14:52:25;2026-03-22 23:59:35;10;;609;;;;"""[\""Standard\""]""";0.00;0.00;0.00;;;false;;;false;;Order Number 4020449;ADHBL002602012;40 HC;CMAU3890345;CMA CGM;false;false;false;false;false;false;false;false;false;2026-01-15 00:00:00;2026-01-15 00:00:00;2025-12-08 00:00:00;2025-12-08 00:00:00;;2026-01-27 00:00:00;;;;;;;2026-02-13 00:00:00;;CIF;FOB;PEDIDO COMPRA;;;IOLFT26-085;FAK;Directo VE - FERRETERIA EPA, C.A.;78;EPA;OLO1;IN OCEAN;-- N/A --;2632985;;5050;7451;;HOUSTON, UNITED STATES;PUERTO CABELLO, VENEZUELA;20646.54;3400.00;;0;0;0;0;2026-03-03 00:00:00;;;;0.00;;Harmony (Drop Ship EPA VE);;2025-11-18 00:00:00;2025-11-20 00:00:00;;;;;false;;;;;;;;;;;;;;;;;;;;;;;false;;cmn2f57sy02r1s66xb5s2s0ot;
18162;1;1103860;draft;20646.54;pending;2025-11-18;USD;FOB;;;;;20646.54;;20646.54;;;;;0.00;0.00;0;;;;;;;;2026-03-18 00:00:00;;2026-04-04 00:00:00;;;;;;;;;;;;;;;;;;;;;;2026-03-19 14:52:25;2026-03-22 23:59:39;5;;609;;;;"""[\""Standard\""]""";0.00;0.00;0.00;;;false;;;false;;Order Number 4020448;ADHBL002601009;40 HC;ECMU5576357;CMA CGM;false;false;false;false;false;false;false;false;false;2025-12-08 00:00:00;2025-12-09 00:00:00;2025-12-08 00:00:00;2025-12-08 00:00:00;;2026-01-27 00:00:00;;;;;;;2026-02-04 00:00:00;;CIF;FOB;PEDIDO COMPRA;;;;;Directo VE - FERRETERIA EPA, C.A.;78;EPA;OLO1;IN OCEAN;-- N/A --;2632764;;5034;7431;;HOUSTON, UNITED STATES;PUERTO CABELLO, VENEZUELA;20646.54;;;0;0;0;0;2026-04-04 00:00:00;;;;0.00;;Harmony (Drop Ship EPA VE);;2025-11-18 00:00:00;2025-11-20 00:00:00;;;;;false;;;;;;;;;;;;;;;;;;;;;;;false;;cmn2f5b1b02sps66xy29fofgq;
18163;1;1103865;draft;41396.54;pending;2025-11-27;USD;FOB;;;;;41396.54;;41396.54;;;;;0.00;0.00;0;;;;;;;;2026-03-25 00:00:00;;;;;;;;;;;;;;;;;;;;;;;;2026-03-19 14:52:25;2026-03-22 23:59:44;3;;619;;;;"""[\""Standard\""]""";0.00;0.00;0.00;;;false;;;false;;GS25EPA-09;ASNGBA01682;40 HC;TCKU6549426;HAPAG LLOYD;false;false;true;false;false;false;false;false;false;2026-02-27 00:00:00;2026-02-27 00:00:00;2026-02-28 00:00:00;2026-02-28 00:00:00;;2026-03-25 00:00:00;;;;;;;;;FOB;FOB;PEDIDO COMPRA;;;;;Directo CR - FERRETERIA EPA, S.A.;76;EPA;OLO1;AIR SEA WORLDWIDE;;;;;;;NINGBO, CHINA;CALDERA, COSTA RICA;;2700.00;;0;0;0;0;;;;;0.00;;HARMONY (Dropship CR);;2025-11-27 00:00:00;2026-02-24 00:00:00;;;;;false;;;;;;;;;;;;;;;;;;;;;;;false;;cmn2f5f2m02uls66x6z9krxrk;
18164;1;1103866;draft;58843.13;pending;2025-11-27;USD;FOB;;;;;58843.13;;58843.13;;;;;0.00;0.00;0;;;;;;;;2026-03-25 00:00:00;;;;;;;;;;;;;;;;;;;;;;;;2026-03-19 14:52:25;2026-03-22 23:59:47;3;;619;;;;"""[\""Standard\""]""";0.00;0.00;0.00;;;false;;;false;;GS25EPA-10;ASNGBA01681;40 HC;TCKU6549426;HAPAG LLOYD;false;false;false;false;false;false;false;false;false;2026-02-27 00:00:00;2026-02-27 00:00:00;2026-02-28 00:00:00;2026-02-28 00:00:00;;2026-03-25 00:00:00;;;;;;;;;FOB;FOB;PEDIDO COMPRA;;;;;ZF - OVERSEAS LOGISTICS OPERATIONS;76;EPA;OLO1;AIR SEA WORLDWIDE;;;;;;;NINGBO, CHINA;CALDERA, COSTA RICA;;;;0;0;0;0;;;;;0.00;;HARMONY (ZF);;2025-11-27 00:00:00;2026-02-24 00:00:00;;;;;false;;;;;;;;;;;;;;;;;;;;;;;false;;cmn2f5f2m02uls66x6z9krxrk;
18165;1;1103868;draft;70501.97;pending;2025-12-04;USD;FOB;;;;;70501.97;;70501.97;;;;;0.00;0.00;0;;;;;;;;;;;;;;;;;;;;;;;;;;;;;;;;2026-03-19 14:52:25;2026-03-19 14:52:25;5;;613;;;;"""[\""Standard\""]""";0.00;0.00;0.00;;;false;;;false;;20987;;;;;false;false;true;false;false;false;false;true;false;;;2025-12-31 00:00:00;2025-12-31 00:00:00;;;;;;;;;2026-02-09 00:00:00;;FOB;FOB;MIXTO;;;;;Directo CR - FERRETERIA EPA, S.A.;71;EPA;OLO1;;-- N/A --;15608;;5029;7437;;JIANGMEN, CHINA;CALDERA, COSTA RICA;70501.97;;;0;0;0;0;;;;;0.00;;HARMONY (Dropship CR);;2025-12-04 00:00:00;;;;;;false;;;;;;;;;;;;;;;;;;;;;;;false;;;
18166;1;1103869;draft;45351.60;pending;2025-12-04;USD;FOB;;;;;45351.60;;45351.60;;;;;0.00;0.00;0;;;;;;;;;;;;;;;;;;;;;;;;;;;;;;;;2026-03-19 14:52:25;2026-03-19 14:52:25;5;;613;;;;"""[\""Standard\""]""";0.00;0.00;0.00;;;false;;;false;;20988;;;;;false;false;true;false;false;false;false;true;false;;;2025-12-31 00:00:00;2025-12-31 00:00:00;;;;;;;;;2026-01-20 00:00:00;;FOB;FOB;CNY;;;;;Directo CR - FERRETERIA EPA, S.A.;71;EPA;OLO1;;-- N/A --;15586;;4995;7401;;JIANGMEN, CHINA;CALDERA, COSTA RICA;45351.60;;;0;0;0;0;;;;;0.00;;HARMONY (Dropship CR);;2025-12-04 00:00:00;;;;;;false;;;;;;;;;;;;;;;;;;;;;;;false;;;
18167;1;1103870;draft;81442.50;pending;2025-12-04;USD;FOB;;;;;81442.50;;81442.50;;;;;0.00;0.00;0;;;;;;;;;;;;;;;;;;;;;;;;;;;;;;;;2026-03-19 14:52:25;2026-03-19 14:52:25;5;;613;;;;"""[\""Standard\""]""";0.00;0.00;0.00;;;false;;;false;;20989;;;;;false;false;true;false;false;false;false;true;false;;;2025-12-31 00:00:00;2025-12-31 00:00:00;;;;;;;;;2026-01-13 00:00:00;;FOB;FOB;CNY;;;;;Directo CR - FERRETERIA EPA, S.A.;71;EPA;OLO1;;-- N/A --;15585;;4984;7383;;JIANGMEN, CHINA;CALDERA, COSTA RICA;81442.50;;;0;0;0;0;;;;;0.00;;HARMONY (Dropship CR);;2025-12-04 00:00:00;;;;;;false;;;;;;;;;;;;;;;;;;;;;;;false;;;
18168;1;1103871;draft;61573.30;pending;2025-12-04;USD;FOB;;;;;61573.30;;61573.30;;;;;0.00;0.00;0;;;;;;;;;;;;;;;;;;;;;;;;;;;;;;;;2026-03-19 14:52:25;2026-03-19 14:52:25;5;;613;;;;"""[\""Standard\""]""";0.00;0.00;0.00;;;false;;;false;;20990;;;;;false;false;true;false;false;false;false;true;false;;;2025-12-30 00:00:00;2025-12-30 00:00:00;;;;;;;;;2026-03-16 00:00:00;;FOB;FOB;PEDIDO COMPRA;;;;;Directo CR - FERRETERIA EPA, S.A.;71;EPA;OLO1;;-- N/A --;15650;;5111;7521;;JIANGMEN, CHINA;CALDERA, COSTA RICA;61573.30;;;0;0;0;0;;;;;0.00;;HARMONY (Dropship CR);;2025-12-04 00:00:00;;;;;;false;;;;;;;;;;;;;;;;;;;;;;;false;;;
18169;1;1103872;draft;73210.70;pending;2025-12-04;USD;FOB;;;;;73210.70;;73210.70;;;;;0.00;0.00;0;;;;;;;;;;;;;;;;;;;;;;;;;;;;;;;;2026-03-19 14:52:25;2026-03-19 14:52:25;5;;613;;;;"""[\""Standard\""]""";0.00;0.00;0.00;;;false;;;false;;20991;;;;;false;false;true;false;false;false;false;true;false;;;2025-12-31 00:00:00;2025-12-31 00:00:00;;;;;;;;;2026-02-09 00:00:00;;FOB;FOB;MIXTO;;;;;Directo CR - FERRETERIA EPA, S.A.;71;EPA;OLO1;;-- N/A --;15617;;5036;7438;;JIANGMEN, CHINA;CALDERA, COSTA RICA;73210.70;;;0;0;0;0;;;;;0.00;;HARMONY (Dropship CR);;2025-12-04 00:00:00;;;;;;false;;;;;;;;;;;;;;;;;;;;;;;false;;;
18170;1;1103873;draft;58794.30;pending;2025-12-04;USD;FOB;;;;;58794.30;;58794.30;;;;;0.00;0.00;0;;;;;;;;;;;;;;;;;;;;;;;;;;;;;;;;2026-03-19 14:52:25;2026-03-19 14:52:25;3;;613;;;;"""[\""Standard\""]""";0.00;0.00;0.00;;;false;;;false;;20992;;;;;false;false;true;false;false;false;false;false;false;;;2025-12-31 00:00:00;2025-12-31 00:00:00;;;;;;;;;;;FOB;FOB;CNY;;;;;Directo CR - FERRETERIA EPA, S.A.;71;EPA;OLO1;;;;;;;;JIANGMEN, CHINA;CALDERA, COSTA RICA;;;;0;0;0;0;;;;;0.00;;HARMONY (Dropship CR);;2025-12-04 00:00:00;;;;;;false;;;;;;;;;;;;;;;;;;;;;;;false;;;
18171;1;1103874;draft;51765.10;pending;2025-12-04;USD;FOB;;;;;51765.10;;51765.10;;;;;0.00;0.00;0;;;;;;;;;;;;;;;;;;;;;;;;;;;;;;;;2026-03-19 14:52:25;2026-03-19 14:52:25;5;;613;;;;"""[\""Standard\""]""";0.00;0.00;0.00;;;false;;;false;;20993;;;;;false;false;false;false;false;false;false;true;false;;;2025-12-31 00:00:00;2025-12-31 00:00:00;;;;;;;;;2026-01-29 00:00:00;;FOB;FOB;PEDIDO COMPRA;;;;;Directo GT - FERRETERIA EPA, S.A. (Guatemala);71;EPA;OLO1;;-- N/A --;15595;;5006;7415;;JIANGMEN, CHINA;QUETZAL, GUATEMALA;51765.10;;;0;0;0;0;;;;;0.00;;HARMONY (Dropship GT);;2025-12-04 00:00:00;;;;;;false;;;;;;;;;;;;;;;;;;;;;;;false;;;
18172;1;1103875;draft;20595.30;pending;2025-12-04;USD;FOB;;;;;20595.30;;20595.30;;;;;0.00;0.00;0;;;;;;;;;;;;;;;;;;;;;;;;;;;;;;;;2026-03-19 14:52:25;2026-03-19 14:52:25;5;;613;;;;"""[\""Standard\""]""";0.00;0.00;0.00;;;false;;;false;;20994;;;;;false;false;false;false;false;false;false;true;false;;;2025-12-31 00:00:00;2025-12-31 00:00:00;;;;;;;;;2026-02-19 00:00:00;;FOB;FOB;PEDIDO COMPRA;;;;;Directo GT - FERRETERIA EPA, S.A. (Guatemala);71;EPA;OLO1;;-- N/A --;15638;;5054;7464;;JIANGMEN, CHINA;QUETZAL, GUATEMALA;20595.30;;;0;0;0;0;;;;;0.00;;HARMONY (Dropship GT);;2025-12-04 00:00:00;;;;;;false;;;;;;;;;;;;;;;;;;;;;;;false;;;
18173;1;1103876;draft;50324.72;pending;2025-12-04;USD;FOB;;;;;50324.72;;50324.72;;;;;0.00;0.00;0;;;;;;;;;;;;;;;;;;;;;;;;;;;;;;;;2026-03-19 14:52:25;2026-03-19 14:52:25;5;;613;;;;"""[\""Standard\""]""";0.00;0.00;0.00;;;false;;;false;;20995;;;;;false;false;false;false;false;false;false;true;false;;;2025-12-30 00:00:00;2025-12-30 00:00:00;;;;;;;;;2026-02-16 00:00:00;;FOB;FOB;MIXTO;;;;;Directo SV - FERRETERIA EPA, S.A. (Guatemala);71;EPA;OLO1;;-- N/A --;15609;;5051;7453;;JIANGMEN, CHINA;ACAJUTLA, EL SALVADOR;50324.72;;;0;0;0;0;;;;;0.00;;HARMONY (Dropship SV);;2025-12-04 00:00:00;;;;;;false;;;;;;;;;;;;;;;;;;;;;;;false;;;
18174;1;1103877;draft;54351.57;pending;2025-12-04;USD;FOB;;;;;54351.57;;54351.57;;;;;0.00;0.00;0;;;;;;;;;;;;;;;;;;;;;;;;;;;;;;;;2026-03-19 14:52:25;2026-03-19 14:52:25;5;;613;;;;"""[\""Standard\""]""";0.00;0.00;0.00;;;false;;;false;;20996;;;;;false;false;false;false;false;false;false;true;false;;;2025-12-31 00:00:00;2025-12-31 00:00:00;;;;;;;;;2026-01-29 00:00:00;;FOB;FOB;PEDIDO COMPRA;;;;;Directo SV - FERRETERIA EPA, S.A. (Guatemala);71;EPA;OLO1;;-- N/A --;15594;;5005;7416;;JIANGMEN, CHINA;ACAJUTLA, EL SALVADOR;54351.57;;;0;0;0;0;;;;;0.00;;HARMONY (Dropship SV);;2025-12-04 00:00:00;;;;;;false;;;;;;;;;;;;;;;;;;;;;;;false;;;
18175;1;1103879;draft;76678.58;pending;2025-12-04;USD;FOB;;;;;76678.58;;76678.58;;;;;0.00;0.00;0;;;;;;;;;;;;;;;;;;;;;;;;;;;;;;;;2026-03-19 14:52:25;2026-03-19 14:52:25;5;;613;;;;"""[\""Standard\""]""";0.00;0.00;0.00;;;false;;;false;;20998;;;;;false;false;false;false;false;false;false;true;false;;;2025-12-31 00:00:00;2025-12-31 00:00:00;;;;;;;;;2026-01-23 00:00:00;;FOB;FOB;MIXTO;;;;;Directo SV - FERRETERIA EPA, S.A. DE C.V.;71;EPA;OLO1;;-- N/A --;15593;;5004;7402;;JIANGMEN, CHINA;ACAJUTLA, EL SALVADOR;76678.58;;;0;0;0;0;;;;;0.00;;HARMONY (Dropship SV);;2025-12-04 00:00:00;;;;;;false;;;;;;;;;;;;;;;;;;;;;;;false;;;
18176;1;1103881;draft;42573.00;pending;2025-12-04;USD;FOB;;;;;42573.00;;42573.00;;;;;0.00;0.00;0;;;;;;;;;;;;;;;;;;;;;;;;;;;;;;;;2026-03-19 14:52:25;2026-03-19 14:52:25;5;;613;;;;"""[\""Standard\""]""";0.00;0.00;0.00;;;false;;;false;;21000;;;;;false;false;false;false;false;false;false;true;false;;;2025-12-31 00:00:00;2025-12-31 00:00:00;;;;;;;;;2026-02-10 00:00:00;;FOB;FOB;CNY;;;;;Directo SV - FERRETERIA EPA, S.A. DE C.V.;71;EPA;OLO1;;-- N/A --;15616;;5043;7441;;JIANGMEN, CHINA;ACAJUTLA, EL SALVADOR;42573.00;;;0;0;0;0;;;;;0.00;;HARMONY (Dropship SV);;2025-12-04 00:00:00;;;;;;false;;;;;;;;;;;;;;;;;;;;;;;false;;;
18177;1;1103882;draft;36393.80;pending;2025-12-04;USD;FOB;;;;;36393.80;;36393.80;;;;;0.00;0.00;0;;;;;;;;;;;;;;;;;;;;;;;;;;;;;;;;2026-03-19 14:52:25;2026-03-19 14:52:25;3;;613;;;;"""[\""Standard\""]""";0.00;0.00;0.00;;;false;;;false;;21001;;;;;false;false;false;false;false;false;false;false;false;;;2025-12-31 00:00:00;2025-12-31 00:00:00;;;;;;;;;;;FOB;;CNY;;;;;Directo SV - FERRETERIA EPA, S.A. DE C.V.;71;EPA;OLO1;;;;;;;;JIANGMEN, CHINA;ACAJUTLA, EL SALVADOR;;;;0;0;0;0;;;;;0.00;;HARMONY (Dropship SV);;2025-12-04 00:00:00;;;;;;false;;;;;;;;;;;;;;;;;;;;;;;false;;;
18178;1;1103883;draft;40640.00;pending;2025-12-04;USD;FOB;;;;;40640.00;;40640.00;;;;;0.00;0.00;0;;;;;;;;;;;;;;;;;;;;;;;;;;;;;;;;2026-03-19 14:52:25;2026-03-19 14:52:25;5;;613;;;;"""[\""Standard\""]""";0.00;0.00;0.00;;;false;;;false;;21002;;;;;false;false;false;false;false;false;false;true;false;;;2025-12-31 00:00:00;2025-12-31 00:00:00;;;;;;;;;2026-02-17 00:00:00;;CIF;FOB;MIXTO;;;;;Directo VE - FERRETERIA EPA, C.A.;71;EPA;OLO1;;-- N/A --;15610;;5049;7458;;JIANGMEN, CHINA;PUERTO CABELLO, VENEZUELA;40640.00;;;0;0;0;0;;;;;0.00;;Harmony (Drop Ship EPA VE);;2025-12-04 00:00:00;;;;;;false;;;;;;;;;;;;;;;;;;;;;;;false;;;
18179;1;1103884;draft;52745.24;pending;2025-12-04;USD;FOB;;;;;52745.24;;52745.24;;;;;0.00;0.00;0;;;;;;;;;;;;;;;;;;;;;;;;;;;;;;;;2026-03-19 14:52:25;2026-03-19 14:52:25;5;;613;;;;"""[\""Standard\""]""";0.00;0.00;0.00;;;false;;;false;;21003;;;;;false;false;false;false;false;false;false;true;false;;;2025-12-31 00:00:00;2025-12-31 00:00:00;;;;;;;;;2026-02-03 00:00:00;;CIF;FOB;PEDIDO COMPRA;;;;;Directo VE - FERRETERIA EPA, C.A.;71;EPA;OLO1;;-- N/A --;15607;;5022;7423;;JIANGMEN, CHINA;PUERTO CABELLO, VENEZUELA;52745.24;;;0;0;0;0;;;;;0.00;;Harmony (Drop Ship EPA VE);;2025-12-04 00:00:00;;;;;;false;;;;;;;;;;;;;;;;;;;;;;;false;;;
18180;1;1103885;draft;69719.52;pending;2025-12-04;USD;FOB;;;;;69719.52;;69719.52;;;;;0.00;0.00;0;;;;;;;;;;;;;;;;;;;;;;;;;;;;;;;;2026-03-19 14:52:26;2026-03-19 14:52:26;3;;613;;;;"""[\""Standard\""]""";0.00;0.00;0.00;;;false;;;false;;21004;;;;;false;false;false;false;false;false;false;true;false;;;2025-12-31 00:00:00;2025-12-31 00:00:00;;;;;;;;;;;CIF;FOB;CNY;;;;;Directo VE - FERRETERIA EPA, C.A.;71;EPA;OLO1;;;;;;;;JIANGMEN, CHINA;PUERTO CABELLO, VENEZUELA;;;;0;0;0;0;;;;;0.00;;Harmony (Drop Ship EPA VE);;2025-12-04 00:00:00;;;;;;false;;;;;;;;;;;;;;;;;;;;;;;false;;;
18181;1;1103886;draft;41430.77;pending;2025-12-05;USD;FOB;;;;;41430.77;;41430.77;;;;;0.00;0.00;0;;;;;;;;;;;;;;;;;;;;;;;;;;;;;;;;2026-03-19 14:52:26;2026-03-19 14:52:26;5;;611;;;;"""[\""Standard\""]""";0.00;0.00;0.00;;;false;;;false;;PI1CR additional;;;;;false;false;true;false;false;false;false;true;false;;;2026-02-05 00:00:00;2026-02-05 00:00:00;;;;;;;;;2026-02-19 00:00:00;;FOB;FOB;CNY;;;;;Directo CR - FERRETERIA EPA, S.A.;73;EPA;OLO1;;-- N/A --;1774117;;5060;7467;;NINGBO, CHINA;CALDERA, COSTA RICA;41430.77;;;0;0;0;0;;;;;0.00;;HARMONY (Dropship CR);;2025-12-05 00:00:00;;;;;;false;;;;;;;;;;;;;;;;;;;;;;;false;;;
18182;1;1103888;draft;35963.50;pending;2025-12-05;USD;FOB;;;;;35963.50;;35963.50;;;;;0.00;0.00;0;;;;;;;;;;;;;;;;;;;;;;;;;;;;;;;;2026-03-19 14:52:26;2026-03-19 14:52:26;5;;611;;;;"""[\""Standard\""]""";0.00;0.00;0.00;;;false;;;false;;PI3SV Additional;;;;;false;false;false;false;false;false;false;true;false;;;2026-03-05 00:00:00;2026-03-05 00:00:00;;;;;;;;;2026-03-17 00:00:00;;FOB;FOB;MIXTO;;;;;Directo SV - FERRETERIA EPA, S.A. DE C.V.;73;EPA;OLO1;;-- N/A --;1774119;;5116;7524;;NINGBO, CHINA;ACAJUTLA, EL SALVADOR;35963.50;;;0;0;0;0;;;;;0.00;;HARMONY (Dropship SV);;2025-12-05 00:00:00;;;;;;false;;;;;;;;;;;;;;;;;;;;;;;false;;;
18183;1;1103889;draft;37756.66;pending;2025-12-05;USD;FOB;;;;;37756.66;;37756.66;;;;;0.00;0.00;0;;;;;;;;;;;;;;;;;;;;;;;;;;;;;;;;2026-03-19 14:52:26;2026-03-23 00:00:08;3;;611;;;;"""[\""Standard\""]""";0.00;0.00;0.00;q1EvwisY4W1uwjkH3PULKrzI0miW9FQKu3VYW2aK68SvlLOvatbIvnYJlG86kS3y;2026-03-26 00:00:08;false;;;false;;PI4SV Additional;;;;;false;false;false;false;false;false;false;true;false;;;2026-03-25 00:00:00;2026-03-25 00:00:00;;;;;;;;;;;FOB;FOB;CNY;;;;;Directo SV - FERRETERIA EPA, S.A. DE C.V.;73;EPA;OLO1;;;;;;;;NINGBO, CHINA;ACAJUTLA, EL SALVADOR;;;;0;0;0;0;;;;;0.00;;HARMONY (Dropship SV);;2025-12-05 00:00:00;;;;;;false;;;;;;;;;;;;;;;;;;;;;;;false;;;
18184;1;1103890;draft;35334.68;pending;2025-12-05;USD;FOB;;;;;35334.68;;35334.68;;;;;0.00;0.00;0;;;;;;;;;;;;;;;;;;;;;;;;;;;;;;;;2026-03-19 14:52:26;2026-03-19 14:52:26;5;;611;;;;"""[\""Standard\""]""";0.00;0.00;0.00;;;false;;;false;;PI5GT Additional;;;;;false;false;false;false;false;false;false;true;false;;;2026-02-05 00:00:00;2026-02-05 00:00:00;;;;;;;;;2026-02-17 00:00:00;;FOB;FOB;CNY;;;;;Directo GT - FERRETERIA EPA, S.A. (Guatemala);73;EPA;OLO1;;-- N/A --;1774121;;5055;7455;;NINGBO, CHINA;QUETZAL, GUATEMALA;35334.68;;;0;0;0;0;;;;;0.00;;HARMONY (Dropship GT);;2025-12-05 00:00:00;;;;;;false;;;;;;;;;;;;;;;;;;;;;;;false;;;
18185;1;1103891;draft;39569.86;pending;2025-12-05;USD;FOB;;;;;39569.86;;39569.86;;;;;0.00;0.00;0;;;;;;;;;;;;;;;;;;;;;;;;;;;;;;;;2026-03-19 14:52:26;2026-03-19 14:52:26;5;;611;;;;"""[\""Standard\""]""";0.00;0.00;0.00;;;false;;;false;;PI6VE Additional;;;;;false;false;false;false;false;false;false;true;false;;;2026-02-05 00:00:00;2026-02-05 00:00:00;;;;;;;;;2026-03-10 00:00:00;;CIF;FOB;CNY;;;;;Directo VE - FERRETERIA EPA, C.A.;73;EPA;OLO1;;-- N/A --;1774122;;5087;7513;;NINGBO, CHINA;QUETZAL, GUATEMALA;39569.86;;;0;0;0;0;;;;;0.00;;Harmony (Drop Ship EPA VE);;2025-12-05 00:00:00;;;;;;false;;;;;;;;;;;;;;;;;;;;;;;false;;;
18186;1;1103892;draft;62967.12;pending;2025-12-11;USD;FOB;;;;;62967.12;;62967.12;;;;;0.00;0.00;0;;;;;;;;;;;;;;;;;;;;;;;;;;;;;;;;2026-03-19 14:52:26;2026-03-19 14:52:26;5;;620;;;;"""[\""Standard\""]""";0.00;0.00;0.00;;;false;;;false;;EPACR251003-01;;;;;false;false;true;false;false;false;false;false;false;;;2025-12-15 00:00:00;2025-12-15 00:00:00;;;;;;;;;2026-02-17 00:00:00;;FOB;FOB;PEDIDO COMPRA;;;;;Directo CR - FERRETERIA EPA, S.A.;76;EPA;OLO1;;-- N/A --;0001-223452;;5061;7460;;NINGBO, CHINA;CALDERA, COSTA RICA;62967.12;;;0;0;0;0;;;;;0.00;;HARMONY (Dropship CR);;2025-12-11 00:00:00;;;;;;false;;;;;;;;;;;;;;;;;;;;;;;false;;;
18187;1;1103897;draft;62502.32;pending;2025-12-11;USD;FOB;;;;;62502.32;;62502.32;;;;;0.00;0.00;0;;;;;;;;;;;;;;;;;;;;;;;;;;;;;;;;2026-03-19 14:52:26;2026-03-19 14:52:26;10;;620;;;;"""[\""Standard\""]""";0.00;0.00;0.00;;;false;;;false;;EPACR251003-02;;;;;false;false;true;false;false;false;false;false;false;;;2025-12-15 00:00:00;2025-12-15 00:00:00;;;;;;;;;2026-02-09 00:00:00;;FOB;FOB;PEDIDO COMPRA;;;;;Directo CR - FERRETERIA EPA, S.A.;76;EPA;OLO1;;-- N/A --;0001-223344;;4983;7435;;NINGBO, CHINA;CALDERA, COSTA RICA;62502.32;;;0;0;0;0;;;;;0.00;;HARMONY (Dropship CR);;2025-12-11 00:00:00;;;;;;false;;;;;;;;;;;;;;;;;;;;;;;false;;;
18188;1;1103898;draft;98197.50;pending;2025-12-11;USD;FOB;;;;;98197.50;;98197.50;;;;;0.00;0.00;0;;;;;;;;;;;;;;;;;;;;;;;;;;;;;;;;2026-03-19 14:52:26;2026-03-19 14:52:26;5;;620;;;;"""[\""Standard\""]""";0.00;0.00;0.00;;;false;;;false;;EPACR251003-03;;;;;false;false;true;false;false;false;false;false;false;;;2025-12-15 00:00:00;2025-12-15 00:00:00;;;;;;;;;2026-02-20 00:00:00;;FOB;FOB;PEDIDO COMPRA;;;;;Directo CR - FERRETERIA EPA, S.A.;76;EPA;OLO1;;-- N/A --;0001-223448;;5062;7470;;NINGBO, CHINA;CALDERA, COSTA RICA;98197.50;;;0;0;0;0;;;;;0.00;;HARMONY (Dropship CR);;2025-12-11 00:00:00;;;;;;false;;;;;;;;;;;;;;;;;;;;;;;false;;;
18189;1;1103899;draft;127471.40;pending;2025-12-11;USD;FOB;;;;;127471.40;;127471.40;;;;;0.00;0.00;0;;;;;;;;;;;;;;;;;;;;;;;;;;;;;;;;2026-03-19 14:52:26;2026-03-19 14:52:26;5;;620;;;;"""[\""Standard\""]""";0.00;0.00;0.00;;;false;;;false;;EPACR251003-04;;;;;false;false;true;false;false;false;false;false;false;;;2025-12-15 00:00:00;2025-12-15 00:00:00;;;;;;;;;2026-02-20 00:00:00;;FOB;FOB;PEDIDO COMPRA;;;;;Directo CR - FERRETERIA EPA, S.A.;76;EPA;OLO1;;-- N/A --;0001-223451;;5064;7468;;NINGBO, CHINA;CALDERA, COSTA RICA;127471.40;;;0;0;0;0;;;;;0.00;;HARMONY (Dropship CR);;2025-12-11 00:00:00;;;;;;false;;;;;;;;;;;;;;;;;;;;;;;false;;;
18190;1;1103900;draft;35146.92;pending;2025-12-11;USD;FOB;;;;;35146.92;;35146.92;;;;;0.00;0.00;0;;;;;;;;;;;;;;;;;;;;;;;;;;;;;;;;2026-03-19 14:52:26;2026-03-19 14:52:26;5;;620;;;;"""[\""Standard\""]""";0.00;0.00;0.00;;;false;;;false;;EPACR251003-05;;;;;false;false;true;false;false;false;false;false;false;;;2025-12-15 00:00:00;2025-12-15 00:00:00;;;;;;;;;2026-01-26 00:00:00;;FOB;;PEDIDO COMPRA;;;;;Directo CR - FERRETERIA EPA, S.A.;76;EPA;OLO1;;-- N/A --;0001-223359;;4985;7411;;NINGBO, CHINA;CALDERA, COSTA RICA;35146.92;;;0;0;0;0;;;;;0.00;;HARMONY (Dropship CR);;2025-12-11 00:00:00;;;;;;false;;;;;;;;;;;;;;;;;;;;;;;false;;;
18191;1;1103902;draft;34891.12;pending;2025-12-11;USD;FOB;;;;;34891.12;;34891.12;;;;;0.00;0.00;0;;;;;;;;;;;;;;;;;;;;;;;;;;;;;;;;2026-03-19 14:52:26;2026-03-19 14:52:26;5;;620;;;;"""[\""Standard\""]""";0.00;0.00;0.00;;;false;;;false;;EPACR251003-06;;;;;false;false;true;false;false;false;false;false;false;;;2025-12-15 00:00:00;2025-12-15 00:00:00;;;;;;;;;2026-01-26 00:00:00;;FOB;FOB;PEDIDO COMPRA;;;;;Directo CR - FERRETERIA EPA, S.A.;76;EPA;OLO1;;-- N/A --;0001-223360;;4986;7410;;NINGBO, CHINA;CALDERA, COSTA RICA;34891.12;;;0;0;0;0;;;;;0.00;;HARMONY (Dropship CR);;2025-12-11 00:00:00;;;;;;false;;;;;;;;;;;;;;;;;;;;;;;false;;;
18192;1;1103903;draft;44805.60;pending;2025-12-11;USD;FOB;;;;;44805.60;;44805.60;;;;;0.00;0.00;0;;;;;;;;;;;;;;;;;;;;;;;;;;;;;;;;2026-03-19 14:52:26;2026-03-19 14:52:26;5;;620;;;;"""[\""Standard\""]""";0.00;0.00;0.00;;;false;;;false;;EPACR251003-07;;;;;false;false;true;false;false;false;false;false;false;;;2025-12-30 00:00:00;2025-12-30 00:00:00;;;;;;;;;2026-02-17 00:00:00;;FOB;FOB;PEDIDO COMPRA;;;;;Directo CR - FERRETERIA EPA, S.A.;76;EPA;OLO1;;-- N/A --;0001-223458;;5065;7461;;NINGBO, CHINA;CALDERA, COSTA RICA;44805.60;;;0;0;0;0;;;;;0.00;;HARMONY (Dropship CR);;2025-12-11 00:00:00;;;;;;false;;;;;;;;;;;;;;;;;;;;;;;false;;;
18193;1;1103904;draft;68778.00;pending;2025-12-11;USD;FOB;;;;;68778.00;;68778.00;;;;;0.00;0.00;0;;;;;;;;;;;;;;;;;;;;;;;;;;;;;;;;2026-03-19 14:52:26;2026-03-19 14:52:26;5;;620;;;;"""[\""Standard\""]""";0.00;0.00;0.00;;;false;;;false;;EPACR251003-08;;;;;false;false;true;false;false;false;false;false;false;;;2026-01-15 00:00:00;2026-01-15 00:00:00;;;;;;;;;2026-02-09 00:00:00;;FOB;FOB;PEDIDO COMPRA;;;;;Directo CR - FERRETERIA EPA, S.A.;76;EPA;OLO1;;-- N/A --;0001-223416;;5035;7434;;NINGBO, CHINA;CALDERA, COSTA RICA;68778.00;;;0;0;0;0;;;;;0.00;;HARMONY (Dropship CR);;2025-12-11 00:00:00;;;;;;false;;;;;;;;;;;;;;;;;;;;;;;false;;;
18194;1;1103905;draft;68789.70;pending;2025-12-11;USD;FOB;;;;;68789.70;;68789.70;;;;;0.00;0.00;0;;;;;;;;;;;;;;;;;;;;;;;;;;;;;;;;2026-03-19 14:52:26;2026-03-19 14:52:26;5;;620;;;;"""[\""Standard\""]""";0.00;0.00;0.00;;;false;;;false;;EPACR251003-09;;;;;false;false;true;false;false;false;false;false;false;;;2026-01-15 00:00:00;2026-01-15 00:00:00;;;;;;;;;2026-02-04 00:00:00;;FOB;FOB;PEDIDO COMPRA;;;;;Directo CR - FERRETERIA EPA, S.A.;76;EPA;OLO1;;-- N/A --;0001-223390;;5017;7427;;NINGBO, CHINA;CALDERA, COSTA RICA;68789.70;;;0;0;0;0;;;;;0.00;;HARMONY (Dropship CR);;2025-12-11 00:00:00;;;;;;false;;;;;;;;;;;;;;;;;;;;;;;false;;;
18195;1;1103906;draft;136375.70;pending;2025-12-11;USD;FOB;;;;;136375.70;;136375.70;;;;;0.00;0.00;0;;;;;;;;;;;;;;;;;;;;;;;;;;;;;;;;2026-03-19 14:52:26;2026-03-19 14:52:26;5;;620;;;;"""[\""Standard\""]""";0.00;0.00;0.00;;;false;;;false;;EPACR251003-10;;;;;false;false;true;false;false;false;false;false;false;;;2026-01-15 00:00:00;2026-01-15 00:00:00;;;;;;;;;2026-02-20 00:00:00;;FOB;FOB;PEDIDO COMPRA;;;;;Directo CR - FERRETERIA EPA, S.A.;76;EPA;OLO1;;-- N/A --;0001-223439;;5066;7473;;NINGBO, CHINA;CALDERA, COSTA RICA;136375.70;;;0;0;0;0;;;;;0.00;;HARMONY (Dropship CR);;2025-12-11 00:00:00;;;;;;false;;;;;;;;;;;;;;;;;;;;;;;false;;;
18196;1;1103907;draft;119516.60;pending;2025-12-11;USD;FOB;;;;;119516.60;;119516.60;;;;;0.00;0.00;0;;;;;;;;;;;;;;;;;;;;;;;;;;;;;;;;2026-03-19 14:52:26;2026-03-19 14:52:26;5;;620;;;;"""[\""Standard\""]""";0.00;0.00;0.00;;;false;;;false;;EPACR251003-11;;;;;false;false;true;false;false;false;false;false;false;;;2026-01-15 00:00:00;2026-01-15 00:00:00;;;;;;;;;2026-02-20 00:00:00;;FOB;FOB;PEDIDO COMPRA;;;;;Directo CR - FERRETERIA EPA, S.A.;76;EPA;OLO1;;-- N/A --;0001-223440;;5069;7472;;NINGBO, CHINA;CALDERA, COSTA RICA;119516.60;;;0;0;0;0;;;;;0.00;;HARMONY (Dropship CR);;2025-12-11 00:00:00;;;;;;false;;;;;;;;;;;;;;;;;;;;;;;false;;;
18197;1;1103908;draft;267600.00;pending;2025-12-11;USD;FOB;;;;;267600.00;;267600.00;;;;;0.00;0.00;0;;;;;;;;;;;;;;;;;;;;;;;;;;;;;;;;2026-03-19 14:52:26;2026-03-19 14:52:26;5;;620;;;;"""[\""Standard\""]""";0.00;0.00;0.00;;;false;;;false;;EPACR251003-12;;;;;false;false;true;false;false;false;false;false;false;;;2026-01-15 00:00:00;2026-01-15 00:00:00;;;;;;;;;2026-02-09 00:00:00;;FOB;FOB;PEDIDO COMPRA;;;;;Directo CR - FERRETERIA EPA, S.A.;76;EPA;OLO1;;-- N/A --;0001-223391, 0001-223392;;5032;7436;;NINGBO, CHINA;CALDERA, COSTA RICA;267600.00;;;0;0;0;0;;;;;0.00;;HARMONY (Dropship CR);;2025-12-11 00:00:00;;;;;;false;;;;;;;;;;;;;;;;;;;;;;;false;;;
18198;1;1103909;draft;113808.00;pending;2025-12-11;USD;FOB;;;;;113808.00;;113808.00;;;;;0.00;0.00;0;;;;;;;;;;;;;;;;;;;;;;;;;;;;;;;;2026-03-19 14:52:26;2026-03-19 14:52:26;5;;620;;;;"""[\""Standard\""]""";0.00;0.00;0.00;;;false;;;false;;EPACR251003-13;;;;;false;false;true;false;false;false;false;false;false;;;2026-01-15 00:00:00;2026-01-15 00:00:00;;;;;;;;;;;FOB;FOB;PEDIDO COMPRA;;;;;Directo CR - FERRETERIA EPA, S.A.;76;EPA;OLO1;;;;;;;;NINGBO, CHINA;CALDERA, COSTA RICA;;;;0;0;0;0;;;;;0.00;;HARMONY (Dropship CR);;2025-12-11 00:00:00;;;;;;false;;;;;;;;;;;;;;;;;;;;;;;false;;;
18199;1;1103910;draft;98263.26;pending;2025-12-11;USD;FOB;;;;;98263.26;;98263.26;;;;;0.00;0.00;0;;;;;;;;;;;;;;;;;;;;;;;;;;;;;;;;2026-03-19 14:52:26;2026-03-19 14:52:26;5;;620;;;;"""[\""Standard\""]""";0.00;0.00;0.00;;;false;;;false;;EPAGT251003-01;;;;;false;false;false;false;false;false;false;false;false;;;2025-12-15 00:00:00;2025-12-15 00:00:00;;;;;;;;;2026-02-11 00:00:00;;FOB;FOB;PEDIDO COMPRA;;;;;Directo GT - FERRETERIA EPA, S.A. (Guatemala);76;EPA;OLO1;;-- N/A --;0001-223428;;5044;7449;;NINGBO, CHINA;QUETZAL, GUATEMALA;98263.26;;;0;0;0;0;;;;;0.00;;HARMONY (Dropship GT);;2025-12-11 00:00:00;;;;;;false;;;;;;;;;;;;;;;;;;;;;;;false;;;
18200;1;1103911;draft;93769.75;pending;2025-12-11;USD;FOB;;;;;93769.75;;93769.75;;;;;0.00;0.00;0;;;;;;;;;;;;;;;;;;;;;;;;;;;;;;;;2026-03-19 14:52:26;2026-03-19 14:52:26;5;;620;;;;"""[\""Standard\""]""";0.00;0.00;0.00;;;false;;;false;;EPAGT251003-02;;;;;false;false;false;false;false;false;false;false;false;;;2025-12-15 00:00:00;2025-12-15 00:00:00;;;;;;;;;2026-02-10 00:00:00;;FOB;FOB;PEDIDO COMPRA;;;;;Directo GT - FERRETERIA EPA, S.A. (Guatemala);76;EPA;OLO1;;-- N/A --;0001-223429;;5045;7445;;NINGBO, CHINA;QUETZAL, GUATEMALA;93769.75;;;0;0;0;0;;;;;0.00;;HARMONY (Dropship GT);;2025-12-11 00:00:00;;;;;;false;;;;;;;;;;;;;;;;;;;;;;;false;;;
18201;1;1103912;draft;26586.89;pending;2025-12-11;USD;FOB;;;;;26586.89;;26586.89;;;;;0.00;0.00;0;;;;;;;;;;;;;;;;;;;;;;;;;;;;;;;;2026-03-19 14:52:26;2026-03-19 14:52:26;5;;620;;;;"""[\""Standard\""]""";0.00;0.00;0.00;;;false;;;false;;EPAGT251003-03;;;;;false;false;false;false;false;false;false;false;false;;;2025-12-30 00:00:00;2025-12-30 00:00:00;;;;;;;;;2026-02-04 00:00:00;;FOB;FOB;PEDIDO COMPRA;;;;;Directo GT - FERRETERIA EPA, S.A. (Guatemala);76;EPA;OLO1;;-- N/A --;0001-223389;;5024;7428;;NINGBO, CHINA;QUETZAL, GUATEMALA;26586.89;;;0;0;0;0;;;;;0.00;;HARMONY (Dropship GT);;2025-12-11 00:00:00;;;;;;false;;;;;;;;;;;;;;;;;;;;;;;false;;;
18202;1;1103913;draft;53505.70;pending;2025-12-11;USD;FOB;;;;;53505.70;;53505.70;;;;;0.00;0.00;0;;;;;;;;;;;;;;;;;;;;;;;;;;;;;;;;2026-03-19 14:52:26;2026-03-19 14:52:26;5;;620;;;;"""[\""Standard\""]""";0.00;0.00;0.00;;;false;;;false;;EPAGT251003-04;;;;;false;false;false;false;false;false;false;false;false;;;2025-12-30 00:00:00;2025-12-30 00:00:00;;;;;;;;;2026-02-03 00:00:00;;FOB;FOB;PEDIDO COMPRA;;;;;Directo GT - FERRETERIA EPA, S.A. (Guatemala);76;EPA;OLO1;;-- N/A --;0001-223400;;5026;7419;;NINGBO, CHINA;QUETZAL, GUATEMALA;53505.70;;;0;0;0;0;;;;;0.00;;HARMONY (Dropship GT);;2025-12-11 00:00:00;;;;;;false;;;;;;;;;;;;;;;;;;;;;;;false;;;
18203;1;1103915;draft;28674.65;pending;2025-12-11;USD;FOB;;;;;28674.65;;28674.65;;;;;0.00;0.00;0;;;;;;;;;;;;;;;;;;;;;;;;;;;;;;;;2026-03-19 14:52:26;2026-03-19 14:52:26;5;;620;;;;"""[\""Standard\""]""";0.00;0.00;0.00;;;false;;;false;;EPAGT251003-06;;;;;false;false;false;false;false;false;false;false;false;;;2025-12-30 00:00:00;2025-12-30 00:00:00;;;;;;;;;2026-02-03 00:00:00;;FOB;FOB;PEDIDO COMPRA;;;;;Directo GT - FERRETERIA EPA, S.A. (Guatemala);76;EPA;OLO1;;-- N/A --;1022026;;5027;7420;;NINGBO, CHINA;QUETZAL, GUATEMALA;28674.65;;;0;0;0;0;;;;;0.00;;HARMONY (Dropship GT);;2025-12-11 00:00:00;;;;;;false;;;;;;;;;;;;;;;;;;;;;;;false;;;
18204;1;1103916;draft;62792.50;pending;2025-12-11;USD;FOB;;;;;62792.50;;62792.50;;;;;0.00;0.00;0;;;;;;;;;;;;;;;;;;;;;;;;;;;;;;;;2026-03-19 14:52:26;2026-03-19 14:52:26;5;;620;;;;"""[\""Standard\""]""";0.00;0.00;0.00;;;false;;;false;;EPAGT251003-07;;;;;false;false;false;false;false;false;false;false;false;;;2026-01-15 00:00:00;2026-01-15 00:00:00;;;;;;;;;2026-02-18 00:00:00;;FOB;FOB;PEDIDO COMPRA;;;;;Directo GT - FERRETERIA EPA, S.A. (Guatemala);76;EPA;OLO1;;-- N/A --;0001-223436;;5056;7463;;NINGBO, CHINA;QUETZAL, GUATEMALA;62792.50;;;0;0;0;0;;;;;0.00;;HARMONY (Dropship GT);;2025-12-11 00:00:00;;;;;;false;;;;;;;;;;;;;;;;;;;;;;;false;;;
18205;1;1103917;draft;192246.03;pending;2025-12-11;USD;FOB;;;;;192246.03;;192246.03;;;;;0.00;0.00;0;;;;;;;;;;;;;;;;;;;;;;;;;;;;;;;;2026-03-19 14:52:26;2026-03-19 14:52:26;5;;620;;;;"""[\""Standard\""]""";0.00;0.00;0.00;;;false;;;false;;EPAGT251003-08;;;;;false;false;false;false;false;false;false;false;false;;;2026-01-15 00:00:00;2026-01-15 00:00:00;;;;;;;;;2026-02-19 00:00:00;;FOB;FOB;PEDIDO COMPRA;;;;;Directo GT - FERRETERIA EPA, S.A. (Guatemala);76;EPA;OLO1;;-- N/A --;0001-223431, 0001-223432;;5073;7466;;NINGBO, CHINA;QUETZAL, GUATEMALA;192246.03;;;0;0;0;0;;;;;0.00;;HARMONY (Dropship GT);;2025-12-11 00:00:00;;;;;;false;;;;;;;;;;;;;;;;;;;;;;;false;;;
18206;1;1103918;draft;99346.66;pending;2025-12-11;USD;FOB;;;;;99346.66;;99346.66;;;;;0.00;0.00;0;;;;;;;;;;;;;;;;;;;;;;;;;;;;;;;;2026-03-19 14:52:26;2026-03-19 14:52:26;5;;620;;;;"""[\""Standard\""]""";0.00;0.00;0.00;;;false;;;false;;EPASV251003-01;;;;;false;false;false;false;false;false;false;false;false;;;2025-12-15 00:00:00;2025-12-15 00:00:00;;;;;;;;;2026-02-10 00:00:00;;FOB;FOB;PEDIDO COMPRA;;;;;Directo SV - FERRETERIA EPA, S.A. DE C.V.;76;EPA;OLO1;;-- N/A --;0001-223419;;5041;7443;;NINGBO, CHINA;ACAJUTLA, EL SALVADOR;99346.66;;;0;0;0;0;;;;;0.00;;HARMONY (Dropship SV);;2025-12-11 00:00:00;;;;;;false;;;;;;;;;;;;;;;;;;;;;;;false;;;
18207;1;1103919;draft;56541.35;pending;2025-12-11;USD;FOB;;;;;56541.35;;56541.35;;;;;0.00;0.00;0;;;;;;;;;;;;;;;;;;;;;;;;;;;;;;;;2026-03-19 14:52:26;2026-03-19 14:52:26;5;;620;;;;"""[\""Standard\""]""";0.00;0.00;0.00;;;false;;;false;;EPASV251003-02;;;;;false;false;false;false;false;false;false;false;false;;;2025-12-15 00:00:00;2025-12-15 00:00:00;;;;;;;;;2026-02-10 00:00:00;;FOB;FOB;PEDIDO COMPRA;;;;;Directo SV - FERRETERIA EPA, S.A. DE C.V.;76;EPA;OLO1;;-- N/A --;0001-223378;;5040;7442;;NINGBO, CHINA;ACAJUTLA, EL SALVADOR;56541.35;;;0;0;0;0;;;;;0.00;;HARMONY (Dropship SV);;2025-12-11 00:00:00;;;;;;false;;;;;;;;;;;;;;;;;;;;;;;false;;;
18208;1;1103920;draft;49227.00;pending;2025-12-11;USD;FOB;;;;;49227.00;;49227.00;;;;;0.00;0.00;0;;;;;;;;;;;;;;;;;;;;;;;;;;;;;;;;2026-03-19 14:52:26;2026-03-19 14:52:26;5;;620;;;;"""[\""Standard\""]""";0.00;0.00;0.00;;;false;;;false;;EPASV251003-03;;;;;false;false;false;false;false;false;false;false;false;;;2025-12-30 00:00:00;2025-12-30 00:00:00;;;;;;;;;2026-02-02 00:00:00;;FOB;FOB;PEDIDO COMPRA;;;;;Directo SV - FERRETERIA EPA, S.A. DE C.V.;76;EPA;OLO1;;-- N/A --;0001-223375;;5025;7417;;NINGBO, CHINA;ACAJUTLA, EL SALVADOR;49227.00;;;0;0;0;0;;;;;0.00;;HARMONY (Dropship SV);;2025-12-11 00:00:00;;;;;;false;;;;;;;;;;;;;;;;;;;;;;;false;;;
18209;1;1103921;draft;66558.59;pending;2025-12-11;USD;FOB;;;;;66558.59;;66558.59;;;;;0.00;0.00;0;;;;;;;;;;;;;;;;;;;;;;;;;;;;;;;;2026-03-19 14:52:26;2026-03-19 14:52:26;5;;620;;;;"""[\""Standard\""]""";0.00;0.00;0.00;;;false;;;false;;EPASV251003-04;;;;;false;false;false;false;false;false;false;false;false;;;2025-12-30 00:00:00;2025-12-30 00:00:00;;;;;;;;;2026-02-19 00:00:00;;FOB;FOB;PEDIDO COMPRA;;;;;Directo SV - FERRETERIA EPA, S.A. DE C.V.;76;EPA;OLO1;;-- N/A --;0001-223441;;5063;7465;;NINGBO, CHINA;ACAJUTLA, EL SALVADOR;66558.59;;;0;0;0;0;;;;;0.00;;HARMONY (Dropship SV);;2025-12-11 00:00:00;;;;;;false;;;;;;;;;;;;;;;;;;;;;;;false;;;
18210;1;1103922;draft;47721.91;pending;2025-12-11;USD;FOB;;;;;47721.91;;47721.91;;;;;0.00;0.00;0;;;;;;;;;;;;;;;;;;;;;;;;;;;;;;;;2026-03-19 14:52:26;2026-03-19 14:52:26;5;;620;;;;"""[\""Standard\""]""";0.00;0.00;0.00;;;false;;;false;;EPASV251003-05;;;;;false;false;false;false;false;false;false;false;false;;;2025-12-30 00:00:00;2025-12-30 00:00:00;;;;;;;;;2026-02-17 00:00:00;;FOB;FOB;PEDIDO COMPRA;;;;;Directo SV - FERRETERIA EPA, S.A. DE C.V.;76;EPA;OLO1;;-- N/A --;0001-223447;;5057;7456;;NINGBO, CHINA;ACAJUTLA, EL SALVADOR;47721.91;;;0;0;0;0;;;;;0.00;;HARMONY (Dropship SV);;2025-12-11 00:00:00;;;;;;false;;;;;;;;;;;;;;;;;;;;;;;false;;;
18211;1;1103924;draft;175921.62;pending;2025-12-11;USD;FOB;;;;;175921.62;;175921.62;;;;;0.00;0.00;0;;;;;;;;;;;;;;;;;;;;;;;;;;;;;;;;2026-03-19 14:52:27;2026-03-19 14:52:27;5;;620;;;;"""[\""Standard\""]""";0.00;0.00;0.00;;;false;;;false;;EPASV251003-07;;;;;false;false;false;false;false;false;false;false;false;;;2026-01-15 00:00:00;2026-01-15 00:00:00;;;;;;;;;2026-02-24 00:00:00;;FOB;FOB;PEDIDO COMPRA;;;;;Directo SV - FERRETERIA EPA, S.A. DE C.V.;76;EPA;OLO1;;-- N/A --;0001-223456, 0001-223457;;5075;7477;;NINGBO, CHINA;ACAJUTLA, EL SALVADOR;175921.62;;;0;0;0;0;;;;;0.00;;HARMONY (Dropship SV);;2025-12-11 00:00:00;;;;;;false;;;;;;;;;;;;;;;;;;;;;;;false;;;
18212;1;1103928;draft;78060.48;pending;2025-12-11;USD;FOB;;;;;78060.48;;78060.48;;;;;0.00;0.00;0;;;;;;;;;;;;;;;;;;;;;;;;;;;;;;;;2026-03-19 14:52:27;2026-03-19 14:52:27;5;;620;;;;"""[\""Standard\""]""";0.00;0.00;0.00;;;false;;;false;;EPAVZ251003-04;;;;;false;false;false;false;false;false;false;false;false;;;2025-12-15 00:00:00;2025-12-15 00:00:00;;;;;;;;;2026-01-26 00:00:00;;CIF;FOB;PEDIDO COMPRA;;;;;Directo VE - FERRETERIA EPA, C.A.;76;EPA;OLO1;;-- N/A --;0001-223370;;5012;7413;;NINGBO, CHINA;PUERTO CABELLO, VENEZUELA;78060.48;;;0;0;0;0;;;;;0.00;;Harmony (Drop Ship EPA VE);;2025-12-11 00:00:00;;;;;;false;;;;;;;;;;;;;;;;;;;;;;;false;;;
18213;1;1103929;draft;135604.00;pending;2025-12-11;USD;FOB;;;;;135604.00;;135604.00;;;;;0.00;0.00;0;;;;;;;;;;;;;;;;;;;;;;;;;;;;;;;;2026-03-19 14:52:27;2026-03-19 14:52:27;5;;620;;;;"""[\""Standard\""]""";0.00;0.00;0.00;;;false;;;false;;EPAVZ251003-05;;;;;false;false;false;false;false;false;false;false;false;;;2025-12-30 00:00:00;2025-12-30 00:00:00;;;;;;;;;;;CIF;FOB;PEDIDO COMPRA;;;;;ZF - FERRETERIA EPA, C.A.;76;EPA;OLO1;;;0001-223425;;5079;;;NINGBO, CHINA;PUERTO CABELLO, VENEZUELA;135604.00;;;0;0;0;0;;;;;0.00;;HARMONY (ZF);;2025-12-11 00:00:00;;;;;;false;;;;;;;;;;;;;;;;;;;;;;;false;;;
18214;1;1103930;draft;75172.50;pending;2025-12-11;USD;FOB;;;;;75172.50;;75172.50;;;;;0.00;0.00;0;;;;;;;;;;;;;;;;;;;;;;;;;;;;;;;;2026-03-19 14:52:27;2026-03-19 14:52:27;5;;620;;;;"""[\""Standard\""]""";0.00;0.00;0.00;;;false;;;false;;EPAVZ251003-06;;;;;false;false;false;false;false;false;false;false;false;;;2025-12-30 00:00:00;2025-12-30 00:00:00;;;;;;;;;2026-01-20 00:00:00;;CIF;FOB;PEDIDO COMPRA;;;;;Directo VE - FERRETERIA EPA, C.A.;76;EPA;OLO1;;-- N/A --;0001-223345;;4994;7400;;NINGBO, CHINA;PUERTO CABELLO, VENEZUELA;75172.50;;;0;0;0;0;;;;;0.00;;Harmony (Drop Ship EPA VE);;2025-12-11 00:00:00;;;;;;false;;;;;;;;;;;;;;;;;;;;;;;false;;;
18215;1;1103932;draft;50899.26;pending;2025-12-11;USD;FOB;;;;;50899.26;;50899.26;;;;;0.00;0.00;0;;;;;;;;;;;;;;;;;;;;;;;;;;;;;;;;2026-03-19 14:52:27;2026-03-19 14:52:27;5;;620;;;;"""[\""Standard\""]""";0.00;0.00;0.00;;;false;;;false;;EPAVZ251003-08;;;;;false;false;false;false;false;false;false;false;false;;;2025-12-15 00:00:00;2025-12-15 00:00:00;;;;;;;;;2026-02-10 00:00:00;;FOB;FOB;PEDIDO COMPRA;;;;;Directo VE - FERRETERIA EPA, C.A.;76;EPA;OLO1;;-- N/A --;0001-223402;;5046;7444;;NINGBO, CHINA;PUERTO CABELLO, VENEZUELA;50899.26;;;0;0;0;0;;;;;0.00;;Harmony (Drop Ship EPA VE);;2025-12-11 00:00:00;;;;;;false;;;;;;;;;;;;;;;;;;;;;;;false;;;
18216;1;1103935;draft;42772.54;pending;2025-12-11;USD;FOB;;;;;42772.54;;42772.54;;;;;0.00;0.00;0;;;;;;;;;;;;;;;;;;;;;;;;;;;;;;;;2026-03-19 14:52:27;2026-03-19 14:52:27;5;;606;;;;"""[\""Standard\""]""";0.00;0.00;0.00;;;false;;;false;;21018;;;;;false;false;true;false;false;false;false;true;false;;;2025-12-28 00:00:00;2025-12-28 00:00:00;;;;;;;;;2026-03-04 00:00:00;;FOB;FOB;MIXTO;;;;;Directo CR - FERRETERIA EPA, S.A.;71;EPA;OLO1;;-- N/A --;15644;;5070;7490;;NANSHA, CHINA;CALDERA, COSTA RICA;42772.54;;;0;0;0;0;;;;;0.00;;HARMONY (Dropship CR);;2025-12-11 00:00:00;;;;;;false;;;;;;;;;;;;;;;;;;;;;;;false;;;
18217;1;1103936;draft;37546.34;pending;2025-12-11;USD;FOB;;;;;37546.34;;37546.34;;;;;0.00;0.00;0;;;;;;;;;;;;;;;;;;;;;;;;;;;;;;;;2026-03-19 14:52:27;2026-03-19 14:52:27;5;;606;;;;"""[\""Standard\""]""";0.00;0.00;0.00;;;false;;;false;;21019;;;;;false;false;true;false;false;false;false;true;false;;;2025-12-28 00:00:00;2025-12-28 00:00:00;;;;;;;;;2026-02-11 00:00:00;;FOB;FOB;PEDIDO COMPRA;;;;;Directo CR - FERRETERIA EPA, S.A.;71;EPA;OLO1;;-- N/A --;15615;;5042;7447;;NANSHA, CHINA;CALDERA, COSTA RICA;37546.34;;;0;0;0;0;;;;;0.00;;HARMONY (Dropship CR);;2025-12-11 00:00:00;;;;;;false;;;;;;;;;;;;;;;;;;;;;;;false;;;
18218;1;1103937;draft;52012.49;pending;2025-12-11;USD;FOB;;;;;52012.49;;52012.49;;;;;0.00;0.00;0;;;;;;;;;;;;;;;;;;;;;;;;;;;;;;;;2026-03-19 14:52:27;2026-03-19 14:52:27;5;;606;;;;"""[\""Standard\""]""";0.00;0.00;0.00;;;false;;;false;;21020;;;;;false;false;true;false;false;false;false;true;false;;;2025-12-28 00:00:00;2025-12-28 00:00:00;;;;;;;;;2026-02-24 00:00:00;;FOB;FOB;PEDIDO COMPRA;;;;;Directo CR - FERRETERIA EPA, S.A.;71;EPA;OLO1;;-- N/A --;15636;;5071;7476;;NANSHA, CHINA;CALDERA, COSTA RICA;52012.49;;;0;0;0;0;;;;;0.00;;HARMONY (Dropship CR);;2025-12-11 00:00:00;;;;;;false;;;;;;;;;;;;;;;;;;;;;;;false;;;
18219;1;1103938;draft;44072.60;pending;2025-12-11;USD;FOB;;;;;44072.60;;44072.60;;;;;0.00;0.00;0;;;;;;;;;;;;;;;;;;;;;;;;;;;;;;;;2026-03-19 14:52:27;2026-03-19 14:52:27;2;;606;;;;"""[\""Standard\""]""";0.00;0.00;0.00;;;false;;;false;;21021;;;;;false;false;true;false;false;false;false;true;false;;;2025-12-28 00:00:00;2025-12-28 00:00:00;;;;;;;;;;;FOB;FOB;CNY;;;;;Directo CR - FERRETERIA EPA, S.A.;71;EPA;OLO1;;;;;;;;NANSHA, CHINA;CALDERA, COSTA RICA;;;;0;0;0;0;;;;;0.00;;HARMONY (Dropship CR);;2025-12-11 00:00:00;;;;;;false;;;;;;;;;;;;;;;;;;;;;;;false;;;
18220;1;1103939;draft;78252.87;pending;2025-12-11;USD;FOB;;;;;78252.87;;78252.87;;;;;0.00;0.00;0;;;;;;;;;;;;;;;;;;;;;;;;;;;;;;;;2026-03-19 14:52:27;2026-03-19 14:52:27;5;;606;;;;"""[\""Standard\""]""";0.00;0.00;0.00;;;false;;;false;;21022;;;;;false;false;true;false;false;false;false;true;false;;;2025-12-28 00:00:00;2025-12-28 00:00:00;;;;;;;;;2026-02-20 00:00:00;;FOB;FOB;MIXTO;;;;;Directo CR - FERRETERIA EPA, S.A.;71;EPA;OLO1;;-- N/A --;15643;;5072;7471;;NANSHA, CHINA;CALDERA, COSTA RICA;78252.87;;;0;0;0;0;;;;;0.00;;HARMONY (Dropship CR);;2025-12-11 00:00:00;;;;;;false;;;;;;;;;;;;;;;;;;;;;;;false;;;
18221;1;1103941;draft;55625.83;pending;2025-12-11;USD;FOB;;;;;55625.83;;55625.83;;;;;0.00;0.00;0;;;;;;;;;;;;;;;;;;;;;;;;;;;;;;;;2026-03-19 14:52:27;2026-03-19 14:52:27;3;;606;;;;"""[\""Standard\""]""";0.00;0.00;0.00;;;false;;;false;;21024;;;;;false;false;false;false;false;false;false;true;false;;;2025-12-28 00:00:00;2025-12-28 00:00:00;;;;;;;;;;;FOB;FOB;CNY;;;;;ZF - OVERSEAS LOGISTICS OPERATIONS;71;EPA;OLO1;;;;;;;;NANSHA, CHINA;ACAJUTLA, EL SALVADOR;;;;0;0;0;0;;;;;0.00;;HARMONY (ZF);;2025-12-11 00:00:00;;;;;;false;;;;;;;;;;;;;;;;;;;;;;;false;;;
18222;1;1103944;draft;30301.30;pending;2025-12-11;USD;FOB;;;;;30301.30;;30301.30;;;;;0.00;0.00;0;;;;;;;;;;;;;;;;;;;;;;;;;;;;;;;;2026-03-19 14:52:27;2026-03-19 14:52:27;5;;606;;;;"""[\""Standard\""]""";0.00;0.00;0.00;;;false;;;false;;21027;;;;;false;false;false;false;false;false;false;true;false;;;2025-12-28 00:00:00;2025-12-28 00:00:00;;;;;;;;;2026-03-04 00:00:00;;FOB;FOB;PEDIDO COMPRA;;;;;Directo GT - FERRETERIA EPA, S.A. (Guatemala);71;EPA;OLO1;;-- N/A --;21027;;5082;7491;;NANSHA, CHINA;QUETZAL, GUATEMALA;30301.30;;;0;0;0;0;;;;;0.00;;HARMONY (Dropship GT);;2025-12-11 00:00:00;;;;;;false;;;;;;;;;;;;;;;;;;;;;;;false;;;
18223;1;1103945;draft;100249.35;pending;2025-12-11;USD;FOB;;;;;100249.35;;100249.35;;;;;0.00;0.00;0;;;;;;;;;;;;;;;;;;;;;;;;;;;;;;;;2026-03-19 14:52:27;2026-03-19 14:52:27;5;;606;;;;"""[\""Standard\""]""";0.00;0.00;0.00;;;false;;;false;;21028;;;;;false;false;false;false;false;false;false;true;false;;;2025-12-28 00:00:00;2025-12-28 00:00:00;;;;;;;;;2026-02-23 00:00:00;;CIF;FOB;PEDIDO COMPRA;;;;;Directo VE - FERRETERIA EPA, C.A.;71;EPA;OLO1;;-- N/A --;15627;;5068;7475;;NANSHA, CHINA;PUERTO CABELLO, VENEZUELA;100249.35;;;0;0;0;0;;;;;0.00;;Harmony (Drop Ship EPA VE);;2025-12-11 00:00:00;;;;;;false;;;;;;;;;;;;;;;;;;;;;;;false;;;
18224;1;1103946;draft;63944.10;pending;2025-12-11;USD;FOB;;;;;63944.10;;63944.10;;;;;0.00;0.00;0;;;;;;;;;;;;;;;;;;;;;;;;;;;;;;;;2026-03-19 14:52:27;2026-03-19 14:52:27;3;;606;;;;"""[\""Standard\""]""";0.00;0.00;0.00;;;false;;;false;;21029;;;;;false;false;false;false;false;false;false;true;false;;;2025-12-28 00:00:00;2025-12-28 00:00:00;;;;;;;;;;;CIF;FOB;CNY;;;;;Directo VE - FERRETERIA EPA, C.A.;71;EPA;OLO1;;;;;;;;NANSHA, CHINA;PUERTO CABELLO, VENEZUELA;;;;0;0;0;0;;;;;0.00;;Harmony (Drop Ship EPA VE);;2025-12-11 00:00:00;;;;;;false;;;;;;;;;;;;;;;;;;;;;;;false;;;
18225;1;1103947;draft;53792.25;pending;2025-12-11;USD;FOB;;;;;53792.25;;53792.25;;;;;0.00;0.00;0;;;;;;;;;;;;;;;;;;;;;;;;;;;;;;;;2026-03-19 14:52:27;2026-03-19 14:52:27;2;;606;;;;"""[\""Standard\""]""";0.00;0.00;0.00;;;false;;;false;;21030;;;;;false;false;false;false;false;false;false;true;false;;;2025-12-28 00:00:00;2025-12-28 00:00:00;;;;;;;;;;;FOB;FOB;CNY;;;;;Directo VE - FERRETERIA EPA, C.A.;71;EPA;OLO1;;;;;;;;NANSHA, CHINA;PUERTO CABELLO, VENEZUELA;;;;0;0;0;0;;;;;0.00;;Harmony (Drop Ship EPA VE);;2025-12-11 00:00:00;;;;;;false;;;;;;;;;;;;;;;;;;;;;;;false;;;
18226;1;1103949;draft;35895.31;pending;2025-12-11;USD;FOB;;;;;35895.31;;35895.31;;;;;0.00;0.00;0;;;;;;;;;;;;;;;;;;;;;;;;;;;;;;;;2026-03-19 14:52:27;2026-03-19 14:52:27;5;;606;;;;"""[\""Standard\""]""";0.00;0.00;0.00;;;false;;;false;;21032;;;;;false;false;false;false;false;false;false;true;false;;;2025-12-28 00:00:00;2025-12-28 00:00:00;;;;;;;;;2026-02-18 00:00:00;;CIF;FOB;PEDIDO COMPRA;;;;;Directo VE - FERRETERIA EPA, C.A.;71;EPA;OLO1;;-- N/A --;15626;;5053;7462;;NANSHA, CHINA;PUERTO CABELLO, VENEZUELA;35895.31;;;0;0;0;0;;;;;0.00;;Harmony (Drop Ship EPA VE);;2025-12-11 00:00:00;;;;;;false;;;;;;;;;;;;;;;;;;;;;;;false;;;
18227;1;1103950;draft;35855.28;pending;2025-12-11;USD;FOB;;;;;35855.28;;35855.28;;;;;0.00;0.00;0;;;;;;;;;;;;;;;;;;;;;;;;;;;;;;;;2026-03-19 14:52:27;2026-03-19 14:52:27;5;;606;;;;"""[\""Standard\""]""";0.00;0.00;0.00;;;false;;;false;;21033;;;;;false;false;false;false;false;false;false;true;false;;;2025-12-28 00:00:00;2025-12-28 00:00:00;;;;;;;;;;;CIF;FOB;CNY;;;;;Directo VE - FERRETERIA EPA, C.A.;71;EPA;OLO1;;;;;;;;NANSHA, CHINA;PUERTO CABELLO, VENEZUELA;;;;0;0;0;0;;;;;0.00;;Harmony (Drop Ship EPA VE);;2025-12-11 00:00:00;;;;;;false;;;;;;;;;;;;;;;;;;;;;;;false;;;
18228;1;1103951;draft;41968.99;pending;2025-12-11;USD;FOB;;;;;41968.99;;41968.99;;;;;0.00;0.00;0;;;;;;;;;;;;;;;;;;;;;;;;;;;;;;;;2026-03-19 14:52:27;2026-03-19 14:52:27;5;;606;;;;"""[\""Standard\""]""";0.00;0.00;0.00;;;false;;;false;;21034;;;;;false;false;false;false;false;false;false;true;false;;;2025-12-28 00:00:00;2025-12-28 00:00:00;;;;;;;;;2026-02-17 00:00:00;;CIF;FOB;MIXTO;;;;;Directo VE - FERRETERIA EPA, C.A.;71;EPA;OLO1;;-- N/A --;15625;;5058;7457;;NANSHA, CHINA;PUERTO CABELLO, VENEZUELA;41968.99;;;0;0;0;0;;;;;0.00;;Harmony (Drop Ship EPA VE);;2025-12-11 00:00:00;;;;;;false;;;;;;;;;;;;;;;;;;;;;;;false;;;
18229;1;1103952;draft;44308.53;pending;2025-12-11;USD;FOB;;;;;44308.53;;44308.53;;;;;0.00;0.00;0;;;;;;;;;;;;;;;;;;;;;;;;;;;;;;;;2026-03-19 15:19:30;2026-03-19 15:19:30;5;;606;;;;"""[\""Standard\""]""";0.00;0.00;0.00;;;false;;;false;;21035;;;;;false;false;false;false;false;false;false;true;false;;;2025-12-28 00:00:00;2025-12-28 00:00:00;;;;;;;;;2026-02-23 00:00:00;;CIF;FOB;PEDIDO COMPRA;;;;;Directo VE - FERRETERIA EPA, C.A.;71;EPA;OLO1;;-- N/A --;15624;;5067;7474;;NANSHA, CHINA;PUERTO CABELLO, VENEZUELA;44308.53;;;0;0;0;0;;;;;0.00;;Harmony (Drop Ship EPA VE);;2025-12-11 00:00:00;;;;;;false;;;;;;;;;;;;;;;;;;;;;;;false;;;
18230;1;1103953;draft;63431.15;pending;2025-12-11;USD;FOB;;;;;63431.15;;63431.15;;;;;0.00;0.00;0;;;;;;;;;;;;;;;;;;;;;;;;;;;;;;;;2026-03-19 15:19:30;2026-03-19 15:19:30;3;;606;;;;"""[\""Standard\""]""";0.00;0.00;0.00;;;false;;;false;;21036;;;;;false;false;false;false;false;false;false;true;false;;;2025-12-28 00:00:00;2025-12-28 00:00:00;;;;;;;;;;;CIF;FOB;CNY;;;;;Directo VE - FERRETERIA EPA, C.A.;71;EPA;OLO1;;;;;;;;NANSHA, CHINA;PUERTO CABELLO, VENEZUELA;;;;0;0;0;0;;;;;0.00;;Harmony (Drop Ship EPA VE);;2025-12-11 00:00:00;;;;;;false;;;;;;;;;;;;;;;;;;;;;;;false;;;
18231;1;1103955;draft;67691.50;pending;2025-12-11;USD;FOB;;;;;67691.50;;67691.50;;;;;0.00;0.00;0;;;;;;;;;;;;;;;;;;;;;;;;;;;;;;;;2026-03-19 15:19:30;2026-03-19 15:19:30;5;;606;;;;"""[\""Standard\""]""";0.00;0.00;0.00;;;false;;;false;;21038;;;;;false;false;false;false;false;false;false;true;false;;;2025-12-28 00:00:00;2025-12-28 00:00:00;;;;;;;;;2026-03-05 00:00:00;;CIF;FOB;CNY;;;;;Directo VE - FERRETERIA EPA, C.A.;71;EPA;OLO1;;-- N/A --;15639;;5095;7494;;NANSHA, CHINA;PUERTO CABELLO, VENEZUELA;67691.50;;;0;0;0;0;;;;;0.00;;Harmony (Drop Ship EPA VE);;2025-12-11 00:00:00;;;;;;false;;;;;;;;;;;;;;;;;;;;;;;false;;;
18232;1;1103956;draft;116815.91;pending;2025-12-11;USD;FOB;;;;;116815.91;;116815.91;;;;;0.00;0.00;0;;;;;;;;;;;;;;;;;;;;;;;;;;;;;;;;2026-03-19 15:19:30;2026-03-19 15:19:30;2;;606;;;;"""[\""Standard\""]""";0.00;0.00;0.00;;;false;;;false;;21040;;;;;false;false;true;false;false;false;false;true;false;;;2026-03-01 00:00:00;2026-03-01 00:00:00;;;;;;;;;;;FOB;FOB;CNY;;;;;Directo CR - FERRETERIA EPA, S.A.;71;EPA;OLO1;;;;;;;;NANSHA, CHINA;CALDERA, COSTA RICA;;;;0;0;0;0;;;;;0.00;;HARMONY (Dropship CR);;2025-12-11 00:00:00;;;;;;false;;;;;;;;;;;;;;;;;;;;;;;false;;;
18233;1;1103957;draft;58932.02;pending;2025-12-11;USD;FOB;;;;;58932.02;;58932.02;;;;;0.00;0.00;0;;;;;;;;;;;;;;;;;;;;;;;;;;;;;;;;2026-03-19 15:19:30;2026-03-19 15:19:30;2;;606;;;;"""[\""Standard\""]""";0.00;0.00;0.00;;;false;;;false;;21041;;;;;false;false;true;false;false;false;false;true;false;;;2026-03-01 00:00:00;2026-03-01 00:00:00;;;;;;;;;;;FOB;FOB;CNY;;;;;Directo CR - FERRETERIA EPA, S.A.;71;EPA;OLO1;;;;;;;;NANSHA, CHINA;CALDERA, COSTA RICA;;;;0;0;0;0;;;;;0.00;;HARMONY (Dropship CR);;2025-12-11 00:00:00;;;;;;false;;;;;;;;;;;;;;;;;;;;;;;false;;;
18234;1;1103958;draft;64371.82;pending;2025-12-11;USD;FOB;;;;;64371.82;;64371.82;;;;;0.00;0.00;0;;;;;;;;;;;;;;;;;;;;;;;;;;;;;;;;2026-03-19 15:19:30;2026-03-19 15:19:30;2;;606;;;;"""[\""Standard\""]""";0.00;0.00;0.00;;;false;;;false;;21042;;;;;false;false;true;false;false;false;false;true;false;;;2026-03-01 00:00:00;2026-03-01 00:00:00;;;;;;;;;;;FOB;FOB;CNY;;;;;Directo CR - FERRETERIA EPA, S.A.;71;EPA;OLO1;;;;;;;;NANSHA, CHINA;CALDERA, COSTA RICA;;;;0;0;0;0;;;;;0.00;;HARMONY (Dropship CR);;2025-12-11 00:00:00;;;;;;false;;;;;;;;;;;;;;;;;;;;;;;false;;;
18235;1;1103959;draft;39393.89;pending;2025-12-11;USD;FOB;;;;;39393.89;;39393.89;;;;;0.00;0.00;0;;;;;;;;;;;;;;;;;;;;;;;;;;;;;;;;2026-03-19 15:19:30;2026-03-19 15:19:30;2;;606;;;;"""[\""Standard\""]""";0.00;0.00;0.00;;;false;;;false;;21043;;;;;false;false;true;false;false;false;false;true;false;;;2026-03-01 00:00:00;2026-03-01 00:00:00;;;;;;;;;;;FOB;FOB;CNY;;;;;Directo CR - FERRETERIA EPA, S.A.;71;EPA;OLO1;;;;;;;;NANSHA, CHINA;CALDERA, COSTA RICA;;;;0;0;0;0;;;;;0.00;;HARMONY (Dropship CR);;2025-12-11 00:00:00;;;;;;false;;;;;;;;;;;;;;;;;;;;;;;false;;;
18236;1;1103960;draft;45090.87;pending;2025-12-11;USD;FOB;;;;;45090.87;;45090.87;;;;;0.00;0.00;0;;;;;;;;;;;;;;;;;;;;;;;;;;;;;;;;2026-03-19 15:19:30;2026-03-19 15:19:30;2;;606;;;;"""[\""Standard\""]""";0.00;0.00;0.00;;;false;;;false;;21044;;;;;false;false;true;false;false;false;false;true;false;;;2026-03-01 00:00:00;2026-03-01 00:00:00;;;;;;;;;;;FOB;FOB;CNY;;;;;Directo CR - FERRETERIA EPA, S.A.;71;EPA;OLO1;;;;;;;;NANSHA, CHINA;CALDERA, COSTA RICA;;;;0;0;0;0;;;;;0.00;;HARMONY (Dropship CR);;2025-12-11 00:00:00;;;;;;false;;;;;;;;;;;;;;;;;;;;;;;false;;;
18237;1;1103961;draft;52315.15;pending;2025-12-11;USD;FOB;;;;;52315.15;;52315.15;;;;;0.00;0.00;0;;;;;;;;;;;;;;;;;;;;;;;;;;;;;;;;2026-03-19 15:19:30;2026-03-19 15:19:30;3;;606;;;;"""[\""Standard\""]""";0.00;0.00;0.00;;;false;;;false;;21045;;;;;false;false;true;false;false;false;false;true;false;;;2026-03-01 00:00:00;2026-03-01 00:00:00;;;;;;;;;;;FOB;FOB;CNY;;;;;Directo CR - FERRETERIA EPA, S.A.;71;EPA;OLO1;;;;;;;;NANSHA, CHINA;CALDERA, COSTA RICA;;;;0;0;0;0;;;;;0.00;;HARMONY (Dropship CR);;2025-12-11 00:00:00;;;;;;false;;;;;;;;;;;;;;;;;;;;;;;false;;;
18238;1;1103962;draft;61729.27;pending;2025-12-11;USD;FOB;;;;;61729.27;;61729.27;;;;;0.00;0.00;0;;;;;;;;;;;;;;;;;;;;;;;;;;;;;;;;2026-03-19 15:19:31;2026-03-19 15:19:31;2;;606;;;;"""[\""Standard\""]""";0.00;0.00;0.00;;;false;;;false;;21046;;;;;false;false;true;false;false;false;false;true;false;;;2026-03-01 00:00:00;2026-03-01 00:00:00;;;;;;;;;;;FOB;FOB;CNY;;;;;Directo CR - FERRETERIA EPA, S.A.;71;EPA;OLO1;;;;;;;;NANSHA, CHINA;CALDERA, COSTA RICA;;;;0;0;0;0;;;;;0.00;;HARMONY (Dropship CR);;2025-12-11 00:00:00;;;;;;false;;;;;;;;;;;;;;;;;;;;;;;false;;;
18239;1;1103963;draft;84764.23;pending;2025-12-11;USD;FOB;;;;;84764.23;;84764.23;;;;;0.00;0.00;0;;;;;;;;;;;;;;;;;;;;;;;;;;;;;;;;2026-03-19 15:19:31;2026-03-19 15:19:31;2;;606;;;;"""[\""Standard\""]""";0.00;0.00;0.00;;;false;;;false;;21047;;;;;false;false;true;false;false;false;false;true;false;;;2026-03-01 00:00:00;2026-03-01 00:00:00;;;;;;;;;;;FOB;FOB;CNY;;;;;Directo CR - FERRETERIA EPA, S.A.;71;EPA;OLO1;;;;;;;;NANSHA, CHINA;CALDERA, COSTA RICA;;;;0;0;0;0;;;;;0.00;;HARMONY (Dropship CR);;2025-12-11 00:00:00;;;;;;false;;;;;;;;;;;;;;;;;;;;;;;false;;;
18240;1;1103964;draft;41267.48;pending;2025-12-11;USD;FOB;;;;;41267.48;;41267.48;;;;;0.00;0.00;0;;;;;;;;;;;;;;;;;;;;;;;;;;;;;;;;2026-03-19 15:19:31;2026-03-19 15:19:31;2;;606;;;;"""[\""Standard\""]""";0.00;0.00;0.00;;;false;;;false;;21048;;;;;false;false;false;false;false;false;false;true;false;;;2026-03-01 00:00:00;2026-03-01 00:00:00;;;;;;;;;;;DAP;DAP;CNY;;;;;ZF - OVERSEAS LOGISTICS OPERATIONS;71;EPA;OLO1;;;;;;;;NANSHA, CHINA;ACAJUTLA, EL SALVADOR;;;;0;0;0;0;;;;;0.00;;HARMONY (ZF);;2025-12-11 00:00:00;;;;;;false;;;;;;;;;;;;;;;;;;;;;;;false;;;
18241;1;1103965;draft;53152.13;pending;2025-12-11;USD;FOB;;;;;53152.13;;53152.13;;;;;0.00;0.00;0;;;;;;;;;;;;;;;;;;;;;;;;;;;;;;;;2026-03-19 15:19:31;2026-03-19 15:19:31;2;;606;;;;"""[\""Standard\""]""";0.00;0.00;0.00;;;false;;;false;;21049;;;;;false;false;false;false;false;false;false;true;false;;;2026-03-01 00:00:00;2026-03-01 00:00:00;;;;;;;;;;;;;CNY;;;;;ZF - OVERSEAS LOGISTICS OPERATIONS;71;EPA;OLO1;;;;;;;;NANSHA, CHINA;ACAJUTLA, EL SALVADOR;;;;0;0;0;0;;;;;0.00;;HARMONY (ZF);;2025-12-11 00:00:00;;;;;;false;;;;;;;;;;;;;;;;;;;;;;;false;;;
18242;1;1103966;draft;45484.57;pending;2025-12-11;USD;FOB;;;;;45484.57;;45484.57;;;;;0.00;0.00;0;;;;;;;;;;;;;;;;;;;;;;;;;;;;;;;;2026-03-19 15:19:31;2026-03-19 15:19:31;2;;606;;;;"""[\""Standard\""]""";0.00;0.00;0.00;;;false;;;false;;21050;;;;;false;false;false;false;false;false;false;true;false;;;2026-03-01 00:00:00;2026-03-01 00:00:00;;;;;;;;;;;DAP;DAP;CNY;;;;;ZF - OVERSEAS LOGISTICS OPERATIONS;71;EPA;OLO1;;;;;;;;NANSHA, CHINA;ACAJUTLA, EL SALVADOR;;;;0;0;0;0;;;;;0.00;;HARMONY (ZF);;2025-12-11 00:00:00;;;;;;false;;;;;;;;;;;;;;;;;;;;;;;false;;;
18243;1;1103967;draft;27030.71;pending;2025-12-11;USD;FOB;;;;;27030.71;;27030.71;;;;;0.00;0.00;0;;;;;;;;;;;;;;;;;;;;;;;;;;;;;;;;2026-03-19 15:19:31;2026-03-19 15:19:31;2;;606;;;;"""[\""Standard\""]""";0.00;0.00;0.00;;;false;;;false;;21051;;;;;false;false;false;false;false;false;false;true;false;;;2026-03-01 00:00:00;2026-03-01 00:00:00;;;;;;;;;;;DAP;DAP;CNY;;;;;ZF - OVERSEAS LOGISTICS OPERATIONS;71;EPA;OLO1;;;;;;;;NANSHA, CHINA;ACAJUTLA, EL SALVADOR;;;;0;0;0;0;;;;;0.00;;HARMONY (ZF);;2025-12-11 00:00:00;;;;;;false;;;;;;;;;;;;;;;;;;;;;;;false;;;
18244;1;1103968;draft;49736.10;pending;2025-12-11;USD;FOB;;;;;49736.10;;49736.10;;;;;0.00;0.00;0;;;;;;;;;;;;;;;;;;;;;;;;;;;;;;;;2026-03-19 15:19:31;2026-03-19 15:19:31;2;;606;;;;"""[\""Standard\""]""";0.00;0.00;0.00;;;false;;;false;;21052;;;;;false;false;false;false;false;false;false;true;false;;;2026-03-01 00:00:00;2026-03-01 00:00:00;;;;;;;;;;;FOB;FOB;CNY;;;;;Directo GT - FERRETERIA EPA, S.A. (Guatemala);71;EPA;OLO1;;;;;;;;NANSHA, CHINA;QUETZAL, GUATEMALA;;;;0;0;0;0;;;;;0.00;;HARMONY (Dropship GT);;2025-12-11 00:00:00;;;;;;false;;;;;;;;;;;;;;;;;;;;;;;false;;;
18245;1;1103969;draft;55912.05;pending;2025-12-11;USD;FOB;;;;;55912.05;;55912.05;;;;;0.00;0.00;0;;;;;;;;;;;;;;;;;;;;;;;;;;;;;;;;2026-03-19 15:19:31;2026-03-19 15:19:31;2;;606;;;;"""[\""Standard\""]""";0.00;0.00;0.00;;;false;;;false;;21053;;;;;false;false;false;false;false;false;false;true;false;;;2026-03-01 00:00:00;2026-03-01 00:00:00;;;;;;;;;;;FOB;FOB;CNY;;;;;Directo GT - FERRETERIA EPA, S.A. (Guatemala);71;EPA;OLO1;;;;;;;;NANSHA, CHINA;QUETZAL, GUATEMALA;;;;0;0;0;0;;;;;0.00;;HARMONY (Dropship GT);;2025-12-11 00:00:00;;;;;;false;;;;;;;;;;;;;;;;;;;;;;;false;;;
18246;1;1103970;draft;47602.38;pending;2025-12-11;USD;FOB;;;;;47602.38;;47602.38;;;;;0.00;0.00;0;;;;;;;;;;;;;;;;;;;;;;;;;;;;;;;;2026-03-19 15:19:31;2026-03-19 15:19:31;2;;606;;;;"""[\""Standard\""]""";0.00;0.00;0.00;;;false;;;false;;21054;;;;;false;false;false;false;false;false;false;true;false;;;2026-03-01 00:00:00;2026-03-01 00:00:00;;;;;;;;;;;FOB;FOB;CNY;;;;;Directo GT - FERRETERIA EPA, S.A. (Guatemala);71;EPA;OLO1;;;;;;;;NANSHA, CHINA;QUETZAL, GUATEMALA;;;;0;0;0;0;;;;;0.00;;HARMONY (Dropship GT);;2025-12-11 00:00:00;;;;;;false;;;;;;;;;;;;;;;;;;;;;;;false;;;
18247;1;1103971;draft;47573.99;pending;2025-12-11;USD;FOB;;;;;47573.99;;47573.99;;;;;0.00;0.00;0;;;;;;;;;;;;;;;;;;;;;;;;;;;;;;;;2026-03-19 15:19:31;2026-03-19 15:19:31;2;;606;;;;"""[\""Standard\""]""";0.00;0.00;0.00;;;false;;;false;;21055;;;;;false;false;false;false;false;false;false;true;false;;;2026-03-01 00:00:00;2026-03-01 00:00:00;;;;;;;;;;;FOB;FOB;CNY;;;;;Directo GT - FERRETERIA EPA, S.A. (Guatemala);71;EPA;OLO1;;;;;;;;NANSHA, CHINA;QUETZAL, GUATEMALA;;;;0;0;0;0;;;;;0.00;;HARMONY (Dropship GT);;2025-12-11 00:00:00;;;;;;false;;;;;;;;;;;;;;;;;;;;;;;false;;;
18248;1;1103972;draft;37114.94;pending;2025-12-11;USD;FOB;;;;;37114.94;;37114.94;;;;;0.00;0.00;0;;;;;;;;;;;;;;;;;;;;;;;;;;;;;;;;2026-03-19 15:19:31;2026-03-19 15:19:31;2;;606;;;;"""[\""Standard\""]""";0.00;0.00;0.00;;;false;;;false;;21056;;;;;false;false;false;false;false;false;false;true;false;;;2026-03-01 00:00:00;2026-03-01 00:00:00;;;;;;;;;;;FOB;FOB;CNY;;;;;Directo GT - FERRETERIA EPA, S.A. (Guatemala);71;EPA;OLO1;;;;;;;;NANSHA, CHINA;QUETZAL, GUATEMALA;;;;0;0;0;0;;;;;0.00;;HARMONY (Dropship GT);;2025-12-11 00:00:00;;;;;;false;;;;;;;;;;;;;;;;;;;;;;;false;;;
18249;1;1103973;draft;57194.00;pending;2025-12-11;USD;FOB;;;;;57194.00;;57194.00;;;;;0.00;0.00;0;;;;;;;;;;;;;;;;;;;;;;;;;;;;;;;;2026-03-19 15:19:31;2026-03-19 15:19:31;3;;606;;;;"""[\""Standard\""]""";0.00;0.00;0.00;;;false;;;false;;21057;;;;;false;false;false;false;false;false;false;true;false;;;2026-03-01 00:00:00;2026-03-01 00:00:00;;;;;;;;;;;FOB;FOB;CNY;;;;;Directo GT - FERRETERIA EPA, S.A. (Guatemala);71;EPA;OLO1;;;;;;;;NANSHA, CHINA;QUETZAL, GUATEMALA;;;;0;0;0;0;;;;;0.00;;HARMONY (Dropship GT);;2025-12-11 00:00:00;;;;;;false;;;;;;;;;;;;;;;;;;;;;;;false;;;
18250;1;1103974;draft;82498.38;pending;2025-12-11;USD;FOB;;;;;82498.38;;82498.38;;;;;0.00;0.00;0;;;;;;;;;;;;;;;;;;;;;;;;;;;;;;;;2026-03-19 15:19:31;2026-03-19 15:19:31;2;;606;;;;"""[\""Standard\""]""";0.00;0.00;0.00;;;false;;;false;;21058;;;;;false;false;false;false;false;false;false;true;false;;;2026-03-08 00:00:00;2026-03-08 00:00:00;;;;;;;;;;;FOB;FOB;CNY;;;;;Directo GT - FERRETERIA EPA, S.A. (Guatemala);71;EPA;OLO1;;;;;;;;NANSHA, CHINA;QUETZAL, GUATEMALA;;;;0;0;0;0;;;;;0.00;;HARMONY (Dropship GT);;2025-12-11 00:00:00;;;;;;false;;;;;;;;;;;;;;;;;;;;;;;false;;;
18251;1;1103975;draft;146734.99;pending;2025-12-11;USD;FOB;;;;;146734.99;;146734.99;;;;;0.00;0.00;0;;;;;;;;;;;;;;;;;;;;;;;;;;;;;;;;2026-03-19 15:19:31;2026-03-19 15:19:31;2;;606;;;;"""[\""Standard\""]""";0.00;0.00;0.00;;;false;;;false;;21059;;;;;false;false;false;false;false;false;false;false;false;;;2026-03-01 00:00:00;2026-03-01 00:00:00;;;;;;;;;;;FOB;;CNY;;;;;ZF - FERRETERIA EPA, C.A.;71;EPA;OLO1;;;;;;;;NANSHA, CHINA;PUERTO CABELLO, VENEZUELA;;;;0;0;0;0;;;;;0.00;;HARMONY (ZF);;2025-12-11 00:00:00;;;;;;false;;;;;;;;;;;;;;;;;;;;;;;false;;;
18252;1;1103976;draft;58695.59;pending;2025-12-11;USD;FOB;;;;;58695.59;;58695.59;;;;;0.00;0.00;0;;;;;;;;;;;;;;;;;;;;;;;;;;;;;;;;2026-03-19 15:19:31;2026-03-19 15:19:31;2;;606;;;;"""[\""Standard\""]""";0.00;0.00;0.00;;;false;;;false;;21060;;;;;false;false;false;false;false;false;false;true;false;;;2026-03-01 00:00:00;2026-03-01 00:00:00;;;;;;;;;;;CIF;FOB;CNY;;;;;Directo VE - FERRETERIA EPA, C.A.;71;EPA;OLO1;;;;;;;;NANSHA, CHINA;PUERTO CABELLO, VENEZUELA;;;;0;0;0;0;;;;;0.00;;Harmony (Drop Ship EPA VE);;2025-12-11 00:00:00;;;;;;false;;;;;;;;;;;;;;;;;;;;;;;false;;;
18253;1;1103977;draft;48540.10;pending;2025-12-11;USD;FOB;;;;;48540.10;;48540.10;;;;;0.00;0.00;0;;;;;;;;;;;;;;;;;;;;;;;;;;;;;;;;2026-03-19 15:19:31;2026-03-19 15:19:31;2;;606;;;;"""[\""Standard\""]""";0.00;0.00;0.00;;;false;;;false;;21061;;;;;false;false;false;false;false;false;false;false;false;;;2026-03-01 00:00:00;2026-03-01 00:00:00;;;;;;;;;;;FOB;;CNY;;;;;Directo VE - FERRETERIA EPA, C.A.;71;EPA;OLO1;;;;;;;;NANSHA, CHINA;PUERTO CABELLO, VENEZUELA;;;;0;0;0;0;;;;;0.00;;Harmony (Drop Ship EPA VE);;2025-12-11 00:00:00;;;;;;false;;;;;;;;;;;;;;;;;;;;;;;false;;;
18254;1;1103978;draft;62305.60;pending;2025-12-11;USD;FOB;;;;;62305.60;;62305.60;;;;;0.00;0.00;0;;;;;;;;;;;;;;;;;;;;;;;;;;;;;;;;2026-03-19 15:19:31;2026-03-19 15:19:31;2;;606;;;;"""[\""Standard\""]""";0.00;0.00;0.00;;;false;;;false;;21062;;;;;false;false;false;false;false;false;false;true;false;;;2026-03-01 00:00:00;2026-03-01 00:00:00;;;;;;;;;;;FOB;FOB;CNY;;;;;Directo VE - FERRETERIA EPA, C.A.;71;EPA;OLO1;;;;;;;;NANSHA, CHINA;PUERTO CABELLO, VENEZUELA;;;;0;0;0;0;;;;;0.00;;Harmony (Drop Ship EPA VE);;2025-12-11 00:00:00;;;;;;false;;;;;;;;;;;;;;;;;;;;;;;false;;;
18255;1;1103979;draft;30327.12;pending;2025-12-11;USD;FOB;;;;;30327.12;;30327.12;;;;;0.00;0.00;0;;;;;;;;;;;;;;;;;;;;;;;;;;;;;;;;2026-03-19 15:19:31;2026-03-19 15:19:31;2;;606;;;;"""[\""Standard\""]""";0.00;0.00;0.00;;;false;;;false;;21063;;;;;false;false;false;false;false;false;false;true;false;;;2026-03-01 00:00:00;2026-03-01 00:00:00;;;;;;;;;;;FOB;FOB;CNY;;;;;Directo VE - FERRETERIA EPA, C.A.;71;EPA;OLO1;;;;;;;;NANSHA, CHINA;PUERTO CABELLO, VENEZUELA;;;;0;0;0;0;;;;;0.00;;Harmony (Drop Ship EPA VE);;2025-12-11 00:00:00;;;;;;false;;;;;;;;;;;;;;;;;;;;;;;false;;;
18256;1;1103980;draft;42871.06;pending;2025-12-11;USD;FOB;;;;;42871.06;;42871.06;;;;;0.00;0.00;0;;;;;;;;;;;;;;;;;;;;;;;;;;;;;;;;2026-03-19 15:19:31;2026-03-19 15:19:31;3;;606;;;;"""[\""Standard\""]""";0.00;0.00;0.00;;;false;;;false;;21064;;;;;false;false;false;false;false;false;false;true;false;;;2026-03-01 00:00:00;2026-03-01 00:00:00;;;;;;;;;;;CIF;FOB;CNY;;;;;Directo VE - FERRETERIA EPA, C.A.;71;EPA;OLO1;;;;;;;;NANSHA, CHINA;PUERTO CABELLO, VENEZUELA;;;;0;0;0;0;;;;;0.00;;Harmony (Drop Ship EPA VE);;2025-12-11 00:00:00;;;;;;false;;;;;;;;;;;;;;;;;;;;;;;false;;;
18257;1;1103981;draft;33048.68;pending;2025-12-11;USD;FOB;;;;;33048.68;;33048.68;;;;;0.00;0.00;0;;;;;;;;;;;;;;;;;;;;;;;;;;;;;;;;2026-03-19 15:19:31;2026-03-19 15:19:31;2;;606;;;;"""[\""Standard\""]""";0.00;0.00;0.00;;;false;;;false;;21065;;;;;false;false;false;false;false;false;false;true;false;;;2026-03-01 00:00:00;2026-03-01 00:00:00;;;;;;;;;;;FOB;FOB;CNY;;;;;Directo VE - FERRETERIA EPA, C.A.;71;EPA;OLO1;;;;;;;;NANSHA, CHINA;PUERTO CABELLO, VENEZUELA;;;;0;0;0;0;;;;;0.00;;Harmony (Drop Ship EPA VE);;2025-12-11 00:00:00;;;;;;false;;;;;;;;;;;;;;;;;;;;;;;false;;;
18258;1;1103982;draft;58900.60;pending;2025-12-11;USD;FOB;;;;;58900.60;;58900.60;;;;;0.00;0.00;0;;;;;;;;;;;;;;;;;;;;;;;;;;;;;;;;2026-03-19 15:19:31;2026-03-19 15:19:31;3;;606;;;;"""[\""Standard\""]""";0.00;0.00;0.00;;;false;;;false;;21066;;;;;false;false;false;false;false;false;false;true;false;;;2026-03-01 00:00:00;2026-03-01 00:00:00;;;;;;;;;;;CIF;FOB;CNY;;;;;Directo VE - FERRETERIA EPA, C.A.;71;EPA;OLO1;;;;;;;;NANSHA, CHINA;PUERTO CABELLO, VENEZUELA;;;;0;0;0;0;;;;;0.00;;Harmony (Drop Ship EPA VE);;2025-12-11 00:00:00;;;;;;false;;;;;;;;;;;;;;;;;;;;;;;false;;;
18259;1;1103983;draft;45578.97;pending;2025-12-11;USD;FOB;;;;;45578.97;;45578.97;;;;;0.00;0.00;0;;;;;;;;;;;;;;;;;;;;;;;;;;;;;;;;2026-03-19 15:19:31;2026-03-19 15:19:31;2;;606;;;;"""[\""Standard\""]""";0.00;0.00;0.00;;;false;;;false;;21067;;;;;false;false;false;false;false;false;false;true;false;;;2026-03-01 00:00:00;2026-03-01 00:00:00;;;;;;;;;;;FOB;FOB;CNY;;;;;Directo VE - FERRETERIA EPA, C.A.;71;EPA;OLO1;;;;;;;;NANSHA, CHINA;PUERTO CABELLO, VENEZUELA;;;;0;0;0;0;;;;;0.00;;Harmony (Drop Ship EPA VE);;2025-12-11 00:00:00;;;;;;false;;;;;;;;;;;;;;;;;;;;;;;false;;;
18260;1;1103984;draft;48780.42;pending;2025-12-11;USD;FOB;;;;;48780.42;;48780.42;;;;;0.00;0.00;0;;;;;;;;;;;;;;;;;;;;;;;;;;;;;;;;2026-03-19 15:19:31;2026-03-19 15:19:31;3;;606;;;;"""[\""Standard\""]""";0.00;0.00;0.00;;;false;;;false;;21068;;;;;false;false;false;false;false;false;false;true;false;;;2026-03-01 00:00:00;2026-03-01 00:00:00;;;;;;;;;;;CIF;FOB;CNY;;;;;Directo VE - FERRETERIA EPA, C.A.;71;EPA;OLO1;;;;;;;;NANSHA, CHINA;PUERTO CABELLO, VENEZUELA;;;;0;0;0;0;;;;;0.00;;Harmony (Drop Ship EPA VE);;2025-12-11 00:00:00;;;;;;false;;;;;;;;;;;;;;;;;;;;;;;false;;;
18261;1;1103985;draft;57097.91;pending;2025-12-11;USD;FOB;;;;;57097.91;;57097.91;;;;;0.00;0.00;0;;;;;;;;;;;;;;;;;;;;;;;;;;;;;;;;2026-03-19 15:19:31;2026-03-19 15:19:31;2;;606;;;;"""[\""Standard\""]""";0.00;0.00;0.00;;;false;;;false;;21069;;;;;false;false;false;false;false;false;false;true;false;;;2026-03-01 00:00:00;2026-03-01 00:00:00;;;;;;;;;;;FOB;FOB;CNY;;;;;Directo VE - FERRETERIA EPA, C.A.;71;EPA;OLO1;;;;;;;;NANSHA, CHINA;PUERTO CABELLO, VENEZUELA;;;;0;0;0;0;;;;;0.00;;Harmony (Drop Ship EPA VE);;2025-12-11 00:00:00;;;;;;false;;;;;;;;;;;;;;;;;;;;;;;false;;;
18262;1;1103986;draft;61738.35;pending;2025-12-11;USD;FOB;;;;;61738.35;;61738.35;;;;;0.00;0.00;0;;;;;;;;;;;;;;;;;;;;;;;;;;;;;;;;2026-03-19 15:19:31;2026-03-19 15:19:31;3;;606;;;;"""[\""Standard\""]""";0.00;0.00;0.00;;;false;;;false;;21070;;;;;false;false;false;false;false;false;false;true;false;;;2026-03-01 00:00:00;2026-03-01 00:00:00;;;;;;;;;;;CIF;FOB;CNY;;;;;Directo VE - FERRETERIA EPA, C.A.;71;EPA;OLO1;;;;;;;;NANSHA, CHINA;PUERTO CABELLO, VENEZUELA;;;;0;0;0;0;;;;;0.00;;Harmony (Drop Ship EPA VE);;2025-12-11 00:00:00;;;;;;false;;;;;;;;;;;;;;;;;;;;;;;false;;;
18263;1;1103987;draft;71932.40;pending;2025-12-11;USD;FOB;;;;;71932.40;;71932.40;;;;;0.00;0.00;0;;;;;;;;;;;;;;;;;;;;;;;;;;;;;;;;2026-03-19 15:19:31;2026-03-19 15:19:31;3;;606;;;;"""[\""Standard\""]""";0.00;0.00;0.00;;;false;;;false;;21071;;;;;false;false;false;false;false;false;false;true;false;;;2026-03-01 00:00:00;2026-03-01 00:00:00;;;;;;;;;;;CIF;FOB;CNY;;;;;Directo VE - FERRETERIA EPA, C.A.;71;EPA;OLO1;;;;;;;;NANSHA, CHINA;PUERTO CABELLO, VENEZUELA;;;;0;0;0;0;;;;;0.00;;Harmony (Drop Ship EPA VE);;2025-12-11 00:00:00;;;;;;false;;;;;;;;;;;;;;;;;;;;;;;false;;;
18264;1;1103988;draft;74735.36;pending;2025-12-11;USD;FOB;;;;;74735.36;;74735.36;;;;;0.00;0.00;0;;;;;;;;;;;;;;;;;;;;;;;;;;;;;;;;2026-03-19 15:19:31;2026-03-19 15:19:31;3;;606;;;;"""[\""Standard\""]""";0.00;0.00;0.00;;;false;;;false;;21072;;;;;false;false;false;false;false;false;false;true;false;;;2026-03-01 00:00:00;2026-03-01 00:00:00;;;;;;;;;;;CIF;FOB;CNY;;;;;Directo VE - FERRETERIA EPA, C.A.;71;EPA;OLO1;;;;;;;;NANSHA, CHINA;PUERTO CABELLO, VENEZUELA;;;;0;0;0;0;;;;;0.00;;Harmony (Drop Ship EPA VE);;2025-12-11 00:00:00;;;;;;false;;;;;;;;;;;;;;;;;;;;;;;false;;;
18265;1;1103989;draft;3343.66;pending;2025-12-11;USD;FOB;;;;;3343.66;;3343.66;;;;;0.00;0.00;0;;;;;;;;;;;;;;;;;;;;;;;;;;;;;;;;2026-03-19 15:19:31;2026-03-19 15:19:31;2;;606;;;;"""[\""Standard\""]""";0.00;0.00;0.00;;;false;;;false;;21073;;;;;false;false;false;false;false;false;false;false;false;;;2026-01-08 00:00:00;2026-01-08 00:00:00;;;;;;;;;;;;;CNY;;;;;ZF - OVERSEAS LOGISTICS OPERATIONS;71;EPA;OLO1;;;;;;;;NANSHA, CHINA;CALDERA, COSTA RICA;;;;0;0;0;0;;;;;0.00;;HARMONY (ZF);;2025-12-11 00:00:00;;;;;;false;;;;;;;;;;;;;;;;;;;;;;;false;;;
18266;1;1103990;draft;43917.12;pending;2025-12-11;USD;FOB;;;;;43917.12;;43917.12;;;;;0.00;0.00;0;;;;;;;;;;;;;;;;;;;;;;;;;;;;;;;;2026-03-19 15:19:31;2026-03-19 15:19:31;3;;606;;;;"""[\""Standard\""]""";0.00;0.00;0.00;;;false;;;false;;21073;;;;;false;false;false;false;false;false;false;true;false;;;2026-01-08 00:00:00;2026-01-08 00:00:00;;;;;;;;;;;CIF;CIF;CNY;;;;;ZF - OVERSEAS LOGISTICS OPERATIONS;71;EPA;OLO1;;;;;;;;NANSHA, CHINA;CALDERA, COSTA RICA;;;;0;0;0;0;;;;;0.00;;HARMONY (ZF);;2025-12-11 00:00:00;;;;;;false;;;;;;;;;;;;;;;;;;;;;;;false;;;
18267;1;1103991;draft;81733.49;pending;2025-12-11;USD;FOB;;;;;81733.49;;81733.49;;;;;0.00;0.00;0;;;;;;;;;;;;;;;;;;;;;;;;;;;;;;;;2026-03-19 15:19:31;2026-03-19 15:19:31;2;;606;;;;"""[\""Standard\""]""";0.00;0.00;0.00;;;false;;;false;;21076;;;;;false;false;false;false;false;false;false;true;false;;;2026-01-08 00:00:00;2026-01-08 00:00:00;;;;;;;;;;;CPT;CPT;CNY;;;;;ZF - OVERSEAS LOGISTICS OPERATIONS;71;EPA;OLO1;;;;;;;;NANSHA, CHINA;CALDERA, COSTA RICA;;;;0;0;0;0;;;;;0.00;;HARMONY (ZF);;2025-12-11 00:00:00;;;;;;false;;;;;;;;;;;;;;;;;;;;;;;false;;;
18268;1;1103992;draft;26851.30;pending;2025-12-11;USD;FOB;;;;;26851.30;;26851.30;;;;;0.00;0.00;0;;;;;;;;;;;;;;;;;;;;;;;;;;;;;;;;2026-03-19 15:19:31;2026-03-19 15:19:31;2;;606;;;;"""[\""Standard\""]""";0.00;0.00;0.00;;;false;;;false;;21074;;;;;false;false;false;false;false;false;false;true;false;;;2026-01-08 00:00:00;2026-01-08 00:00:00;;;;;;;;;;;DAP;DAP;CNY;;;;;ZF - OVERSEAS LOGISTICS OPERATIONS;71;EPA;OLO1;;;;;;;;NANSHA, CHINA;CALDERA, COSTA RICA;;;;0;0;0;0;;;;;0.00;;HARMONY (ZF);;2025-12-11 00:00:00;;;;;;false;;;;;;;;;;;;;;;;;;;;;;;false;;;
18269;1;1104003;draft;90992.70;pending;2026-01-05;USD;FOB;;;;;90992.70;;90992.70;;;;;0.00;0.00;0;;;;;;;;;;;;;;;;;;;;;;;;;;;;;;;;2026-03-19 15:19:31;2026-03-19 15:19:31;5;;620;;;;"""[\""Standard\""]""";0.00;0.00;0.00;;;false;;;false;;FEB251013-01;;;;;false;false;false;false;false;false;false;false;false;;;2026-01-31 00:00:00;2026-01-31 00:00:00;;;;;;;;;2026-03-05 00:00:00;;CIF;FOB;PEDIDO COMPRA;;;;;Directo VE - FEBECA C.A.;76;Febeca;OLO1;;-- N/A --;0001-223454;;5094;7501;;NINGBO, CHINA;PUERTO CABELLO, VENEZUELA;90992.70;;;0;0;0;0;;;;;0.00;;Harmony (Drop Ship FEBECA VE);;2026-01-05 00:00:00;;;;;;false;;;;;;;;;;;;;;;;;;;;;;;false;;;
18270;1;1104004;draft;48899.20;pending;2026-01-05;USD;FOB;;;;;48899.20;;48899.20;;;;;0.00;0.00;0;;;;;;;;;;;;;;;;;;;;;;;;;;;;;;;;2026-03-19 15:19:31;2026-03-19 15:19:31;5;;620;;;;"""[\""Standard\""]""";0.00;0.00;0.00;;;false;;;false;;FEB251013-02;;;;;false;false;false;false;false;false;false;false;false;;;2026-01-31 00:00:00;2026-01-31 00:00:00;;;;;;;;;2026-03-06 00:00:00;;CIF;FOB;PEDIDO COMPRA;;;;;Directo VE - FEBECA C.A.;76;Febeca;OLO1;;-- N/A --;0001-223442;;5101;7503;;NINGBO, CHINA;PUERTO CABELLO, VENEZUELA;48899.20;;;0;0;0;0;;;;;0.00;;Harmony (Drop Ship FEBECA VE);;2026-01-05 00:00:00;;;;;;false;;;;;;;;;;;;;;;;;;;;;;;false;;;
18271;1;1104005;draft;43931.00;pending;2026-01-05;USD;FOB;;;;;43931.00;;43931.00;;;;;0.00;0.00;0;;;;;;;;;;;;;;;;;;;;;;;;;;;;;;;;2026-03-19 15:19:31;2026-03-19 15:19:31;5;;620;;;;"""[\""Standard\""]""";0.00;0.00;0.00;;;false;;;false;;FEB251013-03;;;;;false;false;false;false;false;false;false;false;false;;;2026-01-31 00:00:00;2026-01-31 00:00:00;;;;;;;;;2026-03-03 00:00:00;;CIF;FOB;PEDIDO COMPRA;;;;;Directo VE - FEBECA C.A.;76;Febeca;OLO1;;-- N/A --;0001-223467;;5088;7488;;NINGBO, CHINA;PUERTO CABELLO, VENEZUELA;43931.00;;;0;0;0;0;;;;;0.00;;Harmony (Drop Ship FEBECA VE);;2026-01-05 00:00:00;;;;;;false;;;;;;;;;;;;;;;;;;;;;;;false;;;
18272;1;1104006;draft;27307.50;pending;2026-01-05;USD;FOB;;;;;27307.50;;27307.50;;;;;0.00;0.00;0;;;;;;;;;;;;;;;;;;;;;;;;;;;;;;;;2026-03-19 15:19:31;2026-03-19 15:19:31;5;;620;;;;"""[\""Standard\""]""";0.00;0.00;0.00;;;false;;;false;;FEB251013-04;;;;;false;false;false;false;false;false;false;false;false;;;2026-01-31 00:00:00;2026-01-31 00:00:00;;;;;;;;;2026-02-09 00:00:00;;CIF;;PEDIDO COMPRA;;;;;Directo VE - FEBECA C.A.;76;Febeca;OLO1;;-- N/A --;0001-223397;;5039;7440;;NINGBO, CHINA;PUERTO CABELLO, VENEZUELA;27307.50;;;0;0;0;0;;;;;0.00;;Harmony (Drop Ship FEBECA VE);;2026-01-05 00:00:00;;;;;;false;;;;;;;;;;;;;;;;;;;;;;;false;;;
18273;1;1104007;draft;100061.00;pending;2026-01-05;USD;FOB;;;;;100061.00;;100061.00;;;;;0.00;0.00;0;;;;;;;;;;;;;;;;;;;;;;;;;;;;;;;;2026-03-19 15:19:31;2026-03-19 15:19:31;5;;620;;;;"""[\""Standard\""]""";0.00;0.00;0.00;;;false;;;false;;FEB251013-05;;;;;false;false;false;false;false;false;false;false;false;;;2026-01-31 00:00:00;2026-01-31 00:00:00;;;;;;;;;2026-03-06 00:00:00;;FOB;;PEDIDO COMPRA;;;;;Directo VE - FEBECA C.A.;76;Febeca;OLO1;;-- N/A --;0001-223438;;5092;7509;;NINGBO, CHINA;PUERTO CABELLO, VENEZUELA;100061.00;;;0;0;0;0;;;;;0.00;;Harmony (Drop Ship FEBECA VE);;2026-01-05 00:00:00;;;;;;false;;;;;;;;;;;;;;;;;;;;;;;false;;;
18274;1;1104009;draft;51629.96;pending;2026-01-05;USD;FOB;;;;;51629.96;;51629.96;;;;;0.00;0.00;0;;;;;;;;;;;;;;;;;;;;;;;;;;;;;;;;2026-03-19 15:19:32;2026-03-19 15:19:32;5;;620;;;;"""[\""Standard\""]""";0.00;0.00;0.00;;;false;;;false;;FEB251013-07;;;;;false;false;false;false;false;false;false;false;false;;;2026-01-31 00:00:00;2026-01-31 00:00:00;;;;;;;;;2026-03-05 00:00:00;;FOB;;PEDIDO COMPRA;;;;;Directo VE - FEBECA C.A.;76;Febeca;OLO1;;-- N/A --;0001-223459;;5096;7502;;NINGBO, CHINA;PUERTO CABELLO, VENEZUELA;51629.86;;;0;0;0;0;;;;;0.00;;Harmony (Drop Ship FEBECA VE);;2026-01-05 00:00:00;;;;;;false;;;;;;;;;;;;;;;;;;;;;;;false;;;
18275;1;1104010;draft;66698.30;pending;2026-01-05;USD;FOB;;;;;66698.30;;66698.30;;;;;0.00;0.00;0;;;;;;;;;;;;;;;;;;;;;;;;;;;;;;;;2026-03-19 15:19:32;2026-03-19 15:19:32;5;;620;;;;"""[\""Standard\""]""";0.00;0.00;0.00;;;false;;;false;;FEB251013-08;;;;;false;false;false;false;false;false;false;false;false;;;2026-01-31 00:00:00;2026-01-31 00:00:00;;;;;;;;;2026-03-06 00:00:00;;FOB;;PEDIDO COMPRA;;;;;Directo VE - FEBECA C.A.;76;Febeca;OLO1;;-- N/A --;0001-223427;;5091;7510;;NINGBO, CHINA;PUERTO CABELLO, VENEZUELA;66698.30;;;0;0;0;0;;;;;0.00;;Harmony (Drop Ship FEBECA VE);;2026-01-05 00:00:00;;;;;;false;;;;;;;;;;;;;;;;;;;;;;;false;;;
18276;1;1104011;draft;48395.40;pending;2026-01-05;USD;FOB;;;;;48395.40;;48395.40;;;;;0.00;0.00;0;;;;;;;;;;;;;;;;;;;;;;;;;;;;;;;;2026-03-19 15:19:32;2026-03-19 15:19:32;5;;620;;;;"""[\""Standard\""]""";0.00;0.00;0.00;;;false;;;false;;FEB251013-09;;;;;false;false;false;false;false;false;false;false;false;;;2026-01-31 00:00:00;2026-01-31 00:00:00;;;;;;;;;2026-03-05 00:00:00;;CIF;FOB;PEDIDO COMPRA;;;;;Directo VE - FEBECA C.A.;76;Febeca;OLO1;;-- N/A --;0001-223444;;5098;7499;;NINGBO, CHINA;PUERTO CABELLO, VENEZUELA;48395.40;;;0;0;0;0;;;;;0.00;;Harmony (Drop Ship FEBECA VE);;2026-01-05 00:00:00;;;;;;false;;;;;;;;;;;;;;;;;;;;;;;false;;;
18277;1;1104012;draft;35098.80;pending;2026-01-05;USD;FOB;;;;;35098.80;;35098.80;;;;;0.00;0.00;0;;;;;;;;;;;;;;;;;;;;;;;;;;;;;;;;2026-03-19 15:19:32;2026-03-19 15:19:32;5;;620;;;;"""[\""Standard\""]""";0.00;0.00;0.00;;;false;;;false;;FEB251013-10;;;;;false;false;false;false;false;false;false;false;false;;;2026-01-31 00:00:00;2026-01-31 00:00:00;;;;;;;;;2026-03-05 00:00:00;;CIF;FOB;PEDIDO COMPRA;;;;;Directo VE - FEBECA C.A.;76;Febeca;OLO1;;-- N/A --;0001-223445;;5098;7500;;NINGBO, CHINA;PUERTO CABELLO, VENEZUELA;35098.80;;;0;0;0;0;;;;;0.00;;Harmony (Drop Ship FEBECA VE);;2026-01-05 00:00:00;;;;;;false;;;;;;;;;;;;;;;;;;;;;;;false;;;
18278;1;1104013;draft;32733.20;pending;2026-01-05;USD;FOB;;;;;32733.20;;32733.20;;;;;0.00;0.00;0;;;;;;;;;;;;;;;;;;;;;;;;;;;;;;;;2026-03-19 15:19:32;2026-03-19 15:19:32;5;;620;;;;"""[\""Standard\""]""";0.00;0.00;0.00;;;false;;;false;;FEB251013-11;;;;;false;false;false;false;false;false;false;false;false;;;2026-01-31 00:00:00;2026-01-31 00:00:00;;;;;;;;;;;CIF;FOB;PEDIDO COMPRA;;;;;Directo VE - FEBECA C.A.;76;Febeca;OLO1;;;;;;;;NINGBO, CHINA;PUERTO CABELLO, VENEZUELA;;;;0;0;0;0;;;;;0.00;;Harmony (Drop Ship FEBECA VE);;2026-01-05 00:00:00;;;;;;false;;;;;;;;;;;;;;;;;;;;;;;false;;;
18279;1;1104014;draft;73249.20;pending;2026-01-05;USD;FOB;;;;;73249.20;;73249.20;;;;;0.00;0.00;0;;;;;;;;;;;;;;;;;;;;;;;;;;;;;;;;2026-03-19 15:19:32;2026-03-19 15:19:32;5;;620;;;;"""[\""Standard\""]""";0.00;0.00;0.00;;;false;;;false;;FEB251013-12;;;;;false;false;false;false;false;false;false;false;false;;;2026-01-31 00:00:00;2026-01-31 00:00:00;;;;;;;;;2026-02-17 00:00:00;;CIF;FOB;PEDIDO COMPRA;;;;;Directo VE - FEBECA C.A.;76;Febeca;OLO1;;-- N/A --;0001-223388;;5059;7459;;NINGBO, CHINA;PUERTO CABELLO, VENEZUELA;73249.20;;;0;0;0;0;;;;;0.00;;Harmony (Drop Ship FEBECA VE);;2026-01-05 00:00:00;;;;;;false;;;;;;;;;;;;;;;;;;;;;;;false;;;
18280;1;1104017;draft;20522.00;pending;2026-01-06;USD;FOB;;;;;20522.00;;20522.00;;;;;0.00;0.00;0;;;;;;;;;;;;;;;;;;;;;;;;;;;;;;;;2026-03-19 15:19:32;2026-03-19 15:19:32;5;;607;;;;"""[\""Standard\""]""";0.00;0.00;0.00;;;false;;;false;;SC #100178057;;;;;false;false;false;false;false;false;false;false;false;;;2026-02-14 00:00:00;2026-02-14 00:00:00;;;;;;;;;2026-03-05 00:00:00;;FOB;FOB;PEDIDO COMPRA;;;;;Directo GT - FERRETERIA EPA, S.A. (Guatemala);78;EPA;OLO1;;-- N/A --;2026MHK-02538;;5100;7493;;SHANGHAI, CHINA;QUETZAL, GUATEMALA;20522.00;;;0;0;0;0;;;;;0.00;;HARMONY (Dropship GT);;2026-01-06 00:00:00;;;;;;false;;;;;;;;;;;;;;;;;;;;;;;false;;;
18281;1;1104018;draft;23739.00;pending;2026-01-12;USD;FOB;;;;;23739.00;;23739.00;;;;;0.00;0.00;0;;;;;;;;;;;;;;;;;;;;;;;;;;;;;;;;2026-03-19 15:19:32;2026-03-19 15:19:32;5;;626;;;;"""[\""Standard\""]""";0.00;0.00;0.00;;;false;;;false;;PI 1105269;;;;;false;false;true;false;false;false;false;false;false;;;2026-01-23 00:00:00;2026-01-23 00:00:00;;;;;;;;;2026-02-11 00:00:00;;FOB;FOB;PEDIDO COMPRA;;;;;Directo CR - FERRETERIA EPA, S.A.;74;EPA;OLO1;;-- N/A --;55047;;5047;7448;;NINGBO, CHINA;CALDERA, COSTA RICA;23739.00;;;0;0;0;0;;;;;0.00;;HARMONY (Dropship CR);;2026-01-12 00:00:00;;;;;;false;;;;;;;;;;;;;;;;;;;;;;;false;;;
18282;1;1104021;draft;40691.75;pending;2026-01-23;USD;FOB;;;;;40691.75;;40691.75;;;;;0.00;0.00;0;;;;;;;;;;;;;;;;;;;;;;;;;;;;;;;;2026-03-19 15:19:32;2026-03-19 15:19:32;2;;607;;;;"""[\""Standard\""]""";0.00;0.00;0.00;;;false;;;false;;100178058;;;;;false;false;false;false;false;false;false;false;false;;;2026-04-10 00:00:00;2026-04-10 00:00:00;;;;;;;;;;;FOB;FOB;PEDIDO COMPRA;;;;;Directo VE - FEBECA C.A.;78;Febeca;OLO1;;;;;;;;SHANGHAI, CHINA;LA GUAIRA, VENEZUELA;;;;0;0;0;0;;;;;0.00;;Harmony (Drop Ship FEBECA VE);;2026-01-23 00:00:00;;;;;;false;;;;;;;;;;;;;;;;;;;;;;;false;;;
18283;1;1104026;draft;62744.76;pending;2026-01-29;USD;FOB;;;;;62744.76;;62744.76;;;;;0.00;0.00;0;;;;;;;;;;;;;;;;;;;;;;;;;;;;;;;;2026-03-19 15:19:32;2026-03-19 15:19:32;2;;617;;;;"""[\""Standard\""]""";0.00;0.00;0.00;;;false;;;false;;1x40 HC - Ene 26;;;;;false;false;false;false;false;false;false;true;false;;;2026-04-05 00:00:00;2026-04-05 00:00:00;;;;;;;;;;;;;PEDIDO COMPRA;;;;;ZF - OVERSEAS LOGISTICS OPERATIONS;74;EPA;OLO1;;;;;;;;MUNDRA, INDIA;CALDERA, COSTA RICA;;;;0;0;0;0;;;;;0.00;;HARMONY (ZF);;2026-01-29 00:00:00;;;;;;false;;;;;;;;;;;;;;;;;;;;;;;false;;;
18284;1;1104028;draft;75172.50;pending;2026-02-20;USD;FOB;;;;;75172.50;;75172.50;;;;;0.00;0.00;0;;;;;;;;;;;;;;;;;;;;;;;;;;;;;;;;2026-03-19 15:19:32;2026-03-19 15:19:32;5;;620;;;;"""[\""Standard\""]""";0.00;0.00;0.00;;;false;;;false;;Sust PO 1103930;;;;;false;false;false;false;false;false;false;false;false;;;2026-02-21 00:00:00;2026-02-21 00:00:00;;;;;;;;;;;FOB;FOB;C/ FACTURA;;;;;ZF - OVERSEAS LOGISTICS OPERATIONS;76;EPA;OLO1;;;0001-223345-;;5080;;;NINGBO, CHINA;CALDERA, COSTA RICA;75172.50;;;0;0;0;0;;;;;0.00;;HARMONY (ZF);;2026-02-20 00:00:00;;;;;;false;;;;;;;;;;;;;;;;;;;;;;;false;;;
18285;1;1104030;draft;18847.00;pending;2026-02-23;USD;FOB;;;;;18847.00;;18847.00;;;;;0.00;0.00;0;;;;;;;;;;;;;;;;;;;;;;;;;;;;;;;;2026-03-19 15:19:32;2026-03-19 15:19:32;2;;621;;;;"""[\""Standard\""]""";0.00;0.00;0.00;;;false;;;false;;Cont #1 SV Feb 26;;;;;false;false;false;false;false;false;false;false;false;;;2026-04-27 00:00:00;2026-04-27 00:00:00;;;;;;;;;;;FOB;;PEDIDO COMPRA;;;;;Directo SV - FERRETERIA EPA, S.A. DE C.V.;75;EPA;OLO1;;;;;;;;XIAMEN, CHINA;ACAJUTLA, EL SALVADOR;;;;0;0;0;0;;;;;0.00;;HARMONY (Dropship SV);;2026-02-23 00:00:00;;;;;;false;;;;;;;;;;;;;;;;;;;;;;;false;;;
18286;1;1104031;draft;18847.00;pending;2026-02-23;USD;FOB;;;;;18847.00;;18847.00;;;;;0.00;0.00;0;;;;;;;;;;;;;;;;;;;;;;;;;;;;;;;;2026-03-19 15:19:32;2026-03-19 15:19:32;2;;621;;;;"""[\""Standard\""]""";0.00;0.00;0.00;;;false;;;false;;Cont #2 SV Feb 26;;;;;false;false;false;false;false;false;false;false;false;;;2026-06-08 00:00:00;2026-06-08 00:00:00;;;;;;;;;;;FOB;;PEDIDO COMPRA;;;;;Directo SV - FERRETERIA EPA, S.A. DE C.V.;75;EPA;OLO1;;;;;;;;XIAMEN, CHINA;ACAJUTLA, EL SALVADOR;;;;0;0;0;0;;;;;0.00;;HARMONY (Dropship SV);;2026-02-23 00:00:00;;;;;;false;;;;;;;;;;;;;;;;;;;;;;;false;;;
18287;1;1104033;draft;5127.98;pending;2026-02-25;USD;FOB;;;;;5127.98;;5127.98;;;;;0.00;0.00;0;;;;;;;;;;;;;;;;;;;;;;;;;;;;;;;;2026-03-19 15:19:32;2026-03-19 15:19:32;5;;632;;;;"""[\""Standard\""]""";0.00;0.00;0.00;;;false;;;false;;2045369;;;;;false;false;false;false;false;false;false;true;false;;;2026-02-26 00:00:00;2026-02-26 00:00:00;;;;;;;;;2026-03-03 00:00:00;;FOB;FCA;PEDIDO COMPRA;;;;;Directo CR - FERRETERIA EPA, S.A.;73;EPA;OLO1;;-- N/A --;207507;;5089;7486;;COLON, PANAMA;CALDERA, COSTA RICA;5127.98;;;0;0;0;0;;;;;0.00;;HARMONY (Dropship CR);;2026-02-25 00:00:00;;;;;;false;;;;;;;;;;;;;;;;;;;;;;;false;;;
18288;1;1104034;draft;3726.77;pending;2026-02-25;USD;FOB;;;;;3726.77;;3726.77;;;;;0.00;0.00;0;;;;;;;;;;;;;;;;;;;;;;;;;;;;;;;;2026-03-19 15:19:32;2026-03-19 15:19:32;5;;632;;;;"""[\""Standard\""]""";0.00;0.00;0.00;;;false;;;false;;2045370;;;;;false;false;false;false;false;false;false;true;false;;;2026-03-03 00:00:00;2026-03-03 00:00:00;;;;;;;;;2026-03-03 00:00:00;;FOB;FCA;PEDIDO COMPRA;;;;;Directo SV - FERRETERIA EPA, S.A. DE C.V.;73;EPA;OLO1;;-- N/A --;207508;;5090;7487;;COLON, PANAMA;ACAJUTLA, EL SALVADOR;3726.77;;;0;0;0;0;;;;;0.00;;HARMONY (Dropship SV);;2026-02-25 00:00:00;;;;;;false;;;;;;;;;;;;;;;;;;;;;;;false;;;
18289;1;1104035;draft;5316.44;pending;2026-02-25;USD;FOB;;;;;5316.44;;5316.44;;;;;0.00;0.00;0;;;;;;;;;;;;;;;;;;;;;;;;;;;;;;;;2026-03-19 15:19:32;2026-03-19 15:19:32;5;;632;;;;"""[\""Standard\""]""";0.00;0.00;0.00;;;false;;;false;;2045371;;;;;false;false;false;false;false;false;false;true;false;;;2026-02-26 00:00:00;2026-02-26 00:00:00;;;;;;;;;2026-03-02 00:00:00;;FOB;FCA;PEDIDO COMPRA;;;;;Directo GT - FERRETERIA EPA, S.A. (Guatemala);73;EPA;OLO1;;-- N/A --;207509;;5084;7483;;COLON, PANAMA;QUETZAL, GUATEMALA;5316.44;;;0;0;0;0;;;;;0.00;;HARMONY (Dropship GT);;2026-02-25 00:00:00;;;;;;false;;;;;;;;;;;;;;;;;;;;;;;false;;;
18290;1;1104036;draft;2405.18;pending;2026-02-25;USD;FOB;;;;;2405.18;;2405.18;;;;;0.00;0.00;0;;;;;;;;;;;;;;;;;;;;;;;;;;;;;;;;2026-03-19 15:19:32;2026-03-23 00:00:08;5;;632;;;;"""[\""Standard\""]""";0.00;0.00;0.00;N4zqlmiNu6J0ZorPFlvW3QiO8qKneohW6pODMLakBUVkrFgprGVdesPANfimThFE;2026-03-26 00:00:08;false;;;false;;2045405;;;;;false;false;false;false;false;false;false;true;false;;;2026-03-26 00:00:00;2026-03-26 00:00:00;;;;;;;;;2026-03-02 00:00:00;;FOB;FCA;PEDIDO COMPRA;;;;;Directo VE - FERRETERIA EPA, C.A.;73;EPA;OLO1;;-- N/A --;207510;;5085;7484;;COLON, PANAMA;PUERTO CABELLO, VENEZUELA;2405.18;;;0;0;0;0;;;;;0.00;;Harmony (Drop Ship EPA VE);;2026-02-25 00:00:00;;;;;;false;;;;;;;;;;;;;;;;;;;;;;;false;;;
18291;1;1104038;draft;70242.37;pending;2026-03-03;USD;FOB;;;;;70242.37;;70242.37;;;;;0.00;0.00;0;;;;;;;;;;;;;;;;;;;;;;;;;;;;;;;;2026-03-19 15:19:32;2026-03-19 15:19:32;5;;613;;;;"""[\""Standard\""]""";0.00;0.00;0.00;;;false;;;false;;S 1103868 uso interno;;;;;false;false;true;false;false;false;false;true;false;;;2026-03-03 00:00:00;2026-03-03 00:00:00;;;;;;;;;2026-03-06 00:00:00;;FOB;FOB;C/ FACTURA;;;;;Directo CR - FERRETERIA EPA, S.A.;73;EPA;OLO1;;-- N/A --;15608-;;5106;7508;;NINGBO, CHINA;CALDERA, COSTA RICA;70242.37;;;0;0;0;0;;;;;0.00;;HARMONY (Dropship CR);;2026-03-03 00:00:00;;;;;;false;;;;;;;;;;;;;;;;;;;;;;;false;;;
18292;1;1104040;draft;59811.57;pending;2026-03-16;USD;FOB;;;;;59811.57;;59811.57;;;;;0.00;0.00;0;;;;;;;;;;;;;;;;;;;;;;;;;;;;;;;;2026-03-19 15:19:32;2026-03-19 15:19:32;3;;620;;;;"""[\""Standard\""]""";0.00;0.00;0.00;;;false;;;false;;GBR;;;;;false;false;false;false;false;false;false;false;false;;;2026-03-14 00:00:00;2026-03-14 00:00:00;;;;;;;;;;;CIF;FOB;C/ FACTURA;;;;;Directo VE - FEBECA C.A.;76;Febeca;OLO1;;;;;;;;NINGBO, CHINA;LA GUAIRA, VENEZUELA;;;;0;0;0;0;;;;;0.00;;Harmony (Drop Ship FEBECA VE);;2026-03-16 00:00:00;;;;;;false;;;;;;;;;;;;;;;;;;;;;;;false;;;
18293;1;4106637;draft;10417.15;pending;2025-02-21;EUR;FOB;;;;;10417.15;;10417.15;;;;;0.00;0.00;0;;;;;;;;;;;;;;;;;;;;;;;;;;;;;;;;2026-03-19 15:19:32;2026-03-19 15:19:32;5;;636;;;;"""[\""Standard\""]""";0.00;0.00;0.00;;;false;;;false;;PO PARA USO INTERNO, 4105766;;;;;false;false;false;false;false;false;false;false;false;;;2025-03-15 00:00:00;2025-03-15 00:00:00;;;;;;;;;2025-02-24 00:00:00;;FOB;FOB;C/ FACTURA;;;;;GL SV - FERRETERIA EPA, S.A. DE C.V.;81;EPA;OLO4;;-- N/A --;FA20241222, FA202416753;;6280;20532;;LEIXÕES, PORTUGAL;LIMON, COSTA RICA;10433.46;;;0;0;0;0;;;;;0.00;;GLOBALOR LTD (Zona Franca SV);;2025-02-21 00:00:00;;;;;;false;;;;;;;;;;;;;;;;;;;;;;;false;;;
18294;1;4106641;draft;9281.15;pending;2025-02-21;EUR;FOB;;;;;9281.15;;9281.15;;;;;0.00;0.00;0;;;;;;;;;;;;;;;;;;;;;;;;;;;;;;;;2026-03-19 15:19:32;2026-03-19 15:19:32;5;;636;;;;"""[\""Standard\""]""";0.00;0.00;0.00;;;false;;;false;;PO PARA USO INTERNO 4105767;;;;;false;false;false;false;false;false;false;false;false;;;2025-03-15 00:00:00;2025-03-15 00:00:00;;;;;;;;;2025-02-24 00:00:00;;FOB;FOB;C/ FACTURA;;;;;GL SV - FERRETERIA EPA, S.A. DE C.V.;81;EPA;OLO4;;-- N/A --;FA20241223, FA202416754;;6280;20533;;LEIXÕES, PORTUGAL;LIMON, COSTA RICA;9310.19;;;0;0;0;0;;;;;0.00;;GLOBALOR LTD (Zona Franca SV);;2025-02-21 00:00:00;;;;;;false;;;;;;;;;;;;;;;;;;;;;;;false;;;
18295;1;4106774;draft;12.00;pending;2025-03-11;EUR;FOB;;;;;12.00;;12.00;;;;;0.00;0.00;0;;;;;;;;;;;;;;;;;;;;;;;;;;;;;;;;2026-03-19 15:19:32;2026-03-19 15:19:32;5;;636;;;;"""[\""Standard\""]""";0.00;0.00;0.00;;;false;;;false;;PO para uso interno;;;;;false;false;false;false;false;false;false;false;false;;;2025-04-04 00:00:00;2025-04-04 00:00:00;;;;;;;;;2025-03-11 00:00:00;;FOB;FOB;C/ FACTURA;;;;;Directo SV - FERRETERIA EPA, S.A. DE C.V.;84;EPA;OLO4;;-- N/A --;FA202416753--;;6304;20566;;LEIXÕES, PORTUGAL;LIMON, COSTA RICA;12.00;;;0;0;0;0;;;;;0.00;;GLOBALOR LTD (Dropship SV);;2025-03-11 00:00:00;;;;;;false;;;;;;;;;;;;;;;;;;;;;;;false;;;
18296;1;4106819;draft;23031.62;pending;2025-03-26;USD;FOB;;;;;23031.62;;23031.62;;;;;0.00;0.00;0;;;;;;;;;;;;;;;;;;;;;;;;;;;;;;;;2026-03-19 15:19:32;2026-03-19 15:19:32;5;;637;;;;"""[\""Standard\""]""";0.00;0.00;0.00;;;false;;;false;;4106819;;;;;false;false;true;false;false;false;false;false;false;;;2025-04-21 00:00:00;2025-04-21 00:00:00;;;;;;;;;2025-04-21 00:00:00;;FOB;FOB;PEDIDO COMPRA;;;;;Directo VE - CONSORCIO FERRETERO DE SAN JOSE, S.A.;88;EPA;OLO4;;-- N/A --;EXP1113;;6352;20668;;CARTAGENA, COLOMBIA;PUERTO CABELLO, VENEZUELA;23031.62;;;0;0;0;0;;;;;0.00;;GLOBALOR LTD (Drop Ship FEBECA VE);;2025-03-26 00:00:00;;;;;;false;;;;;;;;;;;;;;;;;;;;;;;false;;;
18297;1;4106902;draft;24231.82;pending;2025-04-21;USD;FOB;;;;;24231.82;;24231.82;;;;;0.00;0.00;0;;;;;;;;;;;;;;;;;;;;;;;;;;;;;;;;2026-03-19 15:19:32;2026-03-19 15:19:32;5;;638;;;;"""[\""Standard\""]""";0.00;0.00;0.00;;;false;;;false;;PIVE Abril25;;;;;false;false;true;false;false;false;false;false;false;;;2025-05-27 00:00:00;2025-05-27 00:00:00;;;;;;;;;2025-06-05 00:00:00;;FOB;CIP;PEDIDO COMPRA;;;;;Directo VE - FERRETERIA EPA, C.A.;83;EPA;OLO4;;-- N/A --;YBE878022;;6445;20824;;BUENAVENTURA, COLOMBIA;PARAGUACHON, VENEZUELA;24231.82;;;0;0;0;0;;;;;0.00;;GLOBALOR LTD (Drop Ship EPA VE);;2025-04-21 00:00:00;;;;;;false;;;;;;;;;;;;;;;;;;;;;;;false;;;
18298;1;4106918;draft;10756.13;pending;2025-05-06;USD;FCA;;;;;10756.13;;10756.13;;;;;0.00;0.00;0;;;;;;;;;;;;;;;;;;;;;;;;;;;;;;;;2026-03-19 15:19:32;2026-03-19 15:19:32;2;;622;;;;"""[\""Standard\""]""";0.00;0.00;0.00;;;false;;;false;;Pedido El Salvador;;;;;false;false;false;false;false;false;false;false;false;;;2025-05-30 00:00:00;2025-05-30 00:00:00;;;;;;;;;;;FCA;FCA;PEDIDO COMPRA;;;;;Directo SV - FERRETERIA EPA, S.A. DE C.V.;81;EPA;OLO4;;;;;;;;YANTIAN, CHINA;ACAJUTLA, EL SALVADOR;;;;0;0;0;0;;;;;0.00;;GLOBALOR LTD (Dropship SV);;2025-05-06 00:00:00;;;;;;false;;;;;;;;;;;;;;;;;;;;;;;false;;;
18299;1;4107007;draft;1200.27;pending;2025-06-09;USD;FCA;;;;;1200.27;;1200.27;;;;;0.00;0.00;0;;;;;;;;;;;;;;;;;;;;;;;;;;;;;;;;2026-03-19 15:19:32;2026-03-19 15:19:32;2;;623;;;;"""[\""Standard\""]""";0.00;0.00;0.00;;;false;;;false;;Mayo;;;;;false;false;false;false;false;false;false;false;false;;;2025-06-10 00:00:00;2025-06-10 00:00:00;;;;;;;;;;;FCA;;C/ FACTURA;;;;;Directo VE - FERRETERIA EPA, C.A.;86;EPA;OLO4;;;;;;;;MIAMI INTERPORT, UNITED STATES;SAN JOSE, COSTA RICA;;;;0;0;0;0;;;;;0.00;;GLOBALOR LTD (Drop Ship EPA VE);;2025-06-09 00:00:00;;;;;;false;;;;;;;;;;;;;;;;;;;;;;;false;;;
18300;1;4107042;draft;1480.80;pending;2025-06-30;USD;FCA;;;;;1480.80;;1480.80;;;;;0.00;0.00;0;;;;;;;;;;;;;;;;;;;;;;;;;;;;;;;;2026-03-19 15:19:32;2026-03-19 15:19:32;2;;623;;;;"""[\""Standard\""]""";0.00;0.00;0.00;;;false;;;false;;FOC;;;;;false;false;false;false;false;false;false;false;false;;;2025-07-01 00:00:00;2025-07-01 00:00:00;;;;;;;;;;;;;C/ FACTURA;;;;;ZF - OVERSEAS LOGISTICS OPERATIONS;86;EPA;OLO4;;;;;;;;MIAMI INTERPORT, UNITED STATES;SAN JOSE, COSTA RICA;;;;0;0;0;0;;;;;0.00;;GLOBALOR LTD (ZF);;2025-06-30 00:00:00;;;;;;false;;;;;;;;;;;;;;;;;;;;;;;false;;;
18301;1;4107173;draft;11855.86;pending;2025-08-11;USD;FOB;;;;;11855.86;;11855.86;;;;;0.00;0.00;0;;;;;;;;;;;;;;;;;;;;;;;;;;;;;;;;2026-03-19 15:19:32;2026-03-19 15:19:32;7;;639;;;;"""[\""Standard\""]""";0.00;0.00;0.00;;;false;;;false;;1x40 - VE - ZF;;;;;false;false;false;false;false;false;false;false;false;;;2025-11-07 00:00:00;2025-11-07 00:00:00;;;;;;;;;;;FOB;FOB;PEDIDO COMPRA;;;;;ZF - OVERSEAS LOGISTICS OPERATIONS;84;EPA;OLO4;;;CIT2503483;;6768;;;SHANGHAI, CHINA;CALDERA, COSTA RICA;11855.86;;;0;0;0;0;;;;;0.00;;GLOBALOR LTD (ZF);;2025-08-11 00:00:00;;;;;;false;;;;;;;;;;;;;;;;;;;;;;;false;;;
18302;1;4107272;draft;92544.86;pending;2025-09-08;USD;FOB;;;;;92544.86;;92544.86;;;;;0.00;0.00;0;;;;;;;;;;;;;;;;;;;;;;;;;;;;;;;;2026-03-19 15:19:32;2026-03-19 15:19:32;5;;640;;;;"""[\""Standard\""]""";0.00;0.00;0.00;;;false;;;false;;NS-180-VZ;;;;;false;false;false;false;false;false;false;true;false;;;2025-11-28 00:00:00;2025-11-28 00:00:00;;;;;;;;;2026-01-27 00:00:00;;CIF;FOB;MIXTO;;;;;Directo VE - FERRETERIA EPA, C.A.;84;EPA;OLO4;;-- N/A --;FC3653;;6923;21559;;SHANGHAI, CHINA;PUERTO CABELLO, VENEZUELA;92544.86;;;0;0;0;0;;;;;0.00;;GLOBALOR LTD (Drop Ship EPA VE);;2025-09-08 00:00:00;;;;;;false;;;;;;;;;;;;;;;;;;;;;;;false;;;
18303;1;4107317;draft;43240.20;pending;2025-09-26;USD;FOB;;;;;43240.20;;43240.20;;;;;0.00;0.00;0;;;;;;;;;;;;;;;;;;;;;;;;;;;;;;;;2026-03-19 15:19:33;2026-03-19 15:19:33;10;;641;;;;"""[\""Standard\""]""";0.00;0.00;0.00;;;false;;;false;;PI2 Sept;;;;;false;false;false;false;false;false;false;true;false;;;2025-12-25 00:00:00;2025-12-25 00:00:00;;;;;;;;;2026-03-11 00:00:00;;FOB;FOB;CNY;;;;;ZF - OVERSEAS LOGISTICS OPERATIONS;83;EPA;OLO4;;52026161518;244;;6905;21707;;SHANGHAI, CHINA;MOÍN, COSTA RICA;43240.20;;;0;0;0;0;;;;;0.00;;GLOBALOR LTD (ZF);;2025-09-26 00:00:00;;;;;;false;;;;;;;;;;;;;;;;;;;;;;;false;;;
18304;1;4107319;draft;70798.88;pending;2025-09-30;USD;EXW;;;;;70798.88;;70798.88;;;;;0.00;0.00;0;;;;;;;;;;;;;;;;;;;;;;;;;;;;;;;;2026-03-19 15:19:33;2026-03-19 15:19:33;2;;628;;;;"""[\""Standard\""]""";0.00;0.00;0.00;;;false;;;false;;GL-COSTARICA-03;;;;;false;false;false;false;false;false;false;true;false;;;2025-10-03 00:00:00;2025-10-03 00:00:00;;;;;;;;;;;;;PEDIDO COMPRA;;;;;ZF - OVERSEAS LOGISTICS OPERATIONS;86;EPA;OLO4;;;7378614;;6749;;;COLON, PANAMA;SAN JOSE, COSTA RICA;70798.88;;;0;0;0;0;;;;;0.00;;GLOBALOR LTD (ZF);;2025-09-30 00:00:00;;;;;;false;;;;;;;;;;;;;;;;;;;;;;;false;;;
18305;1;4107328;draft;192465.25;pending;2025-10-15;USD;FOB;;;;;192465.25;;192465.25;;;;;0.00;0.00;0;;;;;;;;;;;;;;;;;;;;;;;;;;;;;;;;2026-03-19 15:19:33;2026-03-19 15:19:33;3;;642;;;;"""[\""Standard\""]""";0.00;0.00;0.00;;;false;;;false;;SV+VE+ZF;;;;;false;false;false;false;false;false;false;true;false;;;2025-12-19 00:00:00;2025-12-19 00:00:00;;;;;;;;;;;FOB;EXW;PEDIDO COMPRA;;;;;ZF - FERRETERIA EPA, S.A. DE C.V.;84;EPA;OLO4;;;;;;;;SHENZHEN, CHINA;CALDERA, COSTA RICA;;;;0;0;0;0;;;;;0.00;;GLOBALOR LTD (ZF);;2025-10-15 00:00:00;;;;;;false;;;;;;;;;;;;;;;;;;;;;;;false;;;
18306;1;4107329;draft;159237.25;pending;2025-10-15;USD;FOB;;;;;159237.25;;159237.25;;;;;0.00;0.00;0;;;;;;;;;;;;;;;;;;;;;;;;;;;;;;;;2026-03-19 15:19:33;2026-03-19 15:19:33;5;;642;;;;"""[\""Standard\""]""";0.00;0.00;0.00;;;false;;;false;;Costa Rica 1x40;;;;;false;false;true;false;false;false;false;true;false;;;2025-12-30 00:00:00;2025-12-30 00:00:00;;;;;;;;;;;FOB;FOB;PEDIDO COMPRA;;;;;Directo CR - FERRETERIA EPA, S.A.;84;EPA;OLO4;;-- N/A --;;;7047;;;SHENZHEN, CHINA;CALDERA, COSTA RICA;;;;0;0;0;0;;;;;0.00;;GLOBALOR LTD (Dropship CR);;2025-10-15 00:00:00;;;;;;false;;;;;;;;;;;;;;;;;;;;;;;false;;;
18307;1;4107330;draft;67562.00;pending;2025-10-15;USD;FOB;;;;;67562.00;;67562.00;;;;;0.00;0.00;0;;;;;;;;;;;;;;;;;;;;;;;;;;;;;;;;2026-03-19 15:19:33;2026-03-19 15:19:33;5;;642;;;;"""[\""Standard\""]""";0.00;0.00;0.00;;;false;;;false;;Costa Rica 1x20;;;;;false;false;true;false;false;false;false;true;false;;;2025-11-30 00:00:00;2025-11-30 00:00:00;;;;;;;;;;;FOB;FOB;PEDIDO COMPRA;;;;;Directo CR - FERRETERIA EPA, S.A.;84;EPA;OLO4;;-- N/A --;;;7046;;;SHENZHEN, CHINA;CALDERA, COSTA RICA;;;;0;0;0;0;;;;;0.00;;GLOBALOR LTD (Dropship CR);;2025-10-15 00:00:00;;;;;;false;;;;;;;;;;;;;;;;;;;;;;;false;;;
18308;1;4107365;draft;39048.20;pending;2025-10-14;USD;FOB;;;;;39048.20;;39048.20;;;;;0.00;0.00;0;;;;;;;;;;;;;;;;;;;;;;;;;;;;;;;;2026-03-19 15:19:33;2026-03-19 15:19:33;5;;643;;;;"""[\""Standard\""]""";0.00;0.00;0.00;;;false;;;false;;22985;;;;;false;false;false;false;false;false;false;false;false;;;2025-10-28 00:00:00;2025-10-28 00:00:00;;;;;;;;;2025-12-23 00:00:00;;CIF;FOB;CNY;;;;;Directo VE - FERRETERIA EPA, C.A.;83;EPA;OLO4;;-- N/A --;22985;;6858;21473;;NINGBO, CHINA;PUERTO CABELLO, VENEZUELA;39048.20;;;0;0;0;0;;;;;0.00;;GLOBALOR LTD (Drop Ship EPA VE);;2025-10-14 00:00:00;;;;;;false;;;;;;;;;;;;;;;;;;;;;;;false;;;
18309;1;4107366;draft;49424.76;pending;2025-10-14;USD;FOB;;;;;49424.76;;49424.76;;;;;0.00;0.00;0;;;;;;;;;;;;;;;;;;;;;;;;;;;;;;;;2026-03-19 15:19:33;2026-03-19 15:19:33;5;;643;;;;"""[\""Standard\""]""";0.00;0.00;0.00;;;false;;;false;;22986;;;;;false;false;false;false;false;false;false;true;false;;;2025-10-28 00:00:00;2025-10-28 00:00:00;;;;;;;;;2025-12-23 00:00:00;;CIF;FOB;CNY;;;;;Directo VE - FERRETERIA EPA, C.A.;83;EPA;OLO4;;-- N/A --;22986;;6859;21474;;NINGBO, CHINA;PUERTO CABELLO, VENEZUELA;49424.76;;;0;0;0;0;;;;;0.00;;GLOBALOR LTD (Drop Ship EPA VE);;2025-10-14 00:00:00;;;;;;false;;;;;;;;;;;;;;;;;;;;;;;false;;;
18310;1;4107369;draft;55011.56;pending;2025-10-14;USD;FOB;;;;;55011.56;;55011.56;;;;;0.00;0.00;0;;;;;;;;;;;;;;;;;;;;;;;;;;;;;;;;2026-03-19 15:19:33;2026-03-19 15:19:33;5;;643;;;;"""[\""Standard\""]""";0.00;0.00;0.00;;;false;;;false;;22987;;;;;false;false;false;false;false;false;false;true;false;;;2025-10-28 00:00:00;2025-10-28 00:00:00;;;;;;;;;2025-12-17 00:00:00;;FOB;FOB;CNY;;;;;Directo VE - FERRETERIA EPA, C.A.;83;EPA;OLO4;;-- N/A --;22987;;6838;21455;;NINGBO, CHINA;PUERTO CABELLO, VENEZUELA;55011.56;;;0;0;0;0;;;;;0.00;;GLOBALOR LTD (Drop Ship EPA VE);;2025-10-14 00:00:00;;;;;;false;;;;;;;;;;;;;;;;;;;;;;;false;;;
18311;1;4107374;draft;95263.75;pending;2025-10-15;USD;FOB;;;;;95263.75;;95263.75;;;;;0.00;0.00;0;;;;;;;;;;;;;;;;;;;;;;;;;;;;;;;;2026-03-19 15:19:33;2026-03-19 15:19:33;3;;642;;;;"""[\""Standard\""]""";0.00;0.00;0.00;;;false;;;false;;Guatemala 1x20;;;;;false;false;false;false;false;false;false;true;false;;;2025-12-19 00:00:00;2025-12-19 00:00:00;;;;;;;;;;;FOB;FOB;PEDIDO COMPRA;;;;;Directo GT - FERRETERIA EPA, S.A. (Guatemala);84;EPA;OLO4;;;;;;;;SHENZHEN, CHINA;QUETZAL, GUATEMALA;;;;0;0;0;0;;;;;0.00;;GLOBALOR LTD (Dropship GT);;2025-10-15 00:00:00;;;;;;false;;;;;;;;;;;;;;;;;;;;;;;false;;;
18312;1;4107379;draft;25320.60;pending;2025-10-20;USD;FOB;;;;;25320.60;;25320.60;;;;;0.00;0.00;0;;;;;;;;;;;;;;;;;;;;;;;;;;;;;;;;2026-03-19 15:19:33;2026-03-19 15:19:33;2;;644;;;;"""[\""Standard\""]""";0.00;0.00;0.00;;;false;;;false;;8000267835;;;;;false;false;false;false;false;false;false;false;false;;;2026-01-31 00:00:00;2026-01-31 00:00:00;;;;;;;;;;;;;PEDIDO COMPRA;;;;;ZF - OVERSEAS LOGISTICS OPERATIONS;86;EPA;OLO4;;;;;;;;YANTIAN, CHINA;CALDERA, COSTA RICA;;;;0;0;0;0;;;;;0.00;;GLOBALOR LTD (ZF);;2025-10-20 00:00:00;;;;;;false;;;;;;;;;;;;;;;;;;;;;;;false;;;
18313;1;4107387;draft;10.00;pending;2025-10-22;USD;FOB;;;;;10.00;;10.00;;;;;0.00;0.00;0;;;;;;;;;;;;;;;;;;;;;;;;;;;;;;;;2026-03-19 15:19:33;2026-03-19 15:19:33;2;;645;;;;"""[\""Standard\""]""";0.00;0.00;0.00;;;false;;;false;;GT;;;;;false;false;true;false;false;false;false;false;false;;;2025-10-26 00:00:00;2025-10-26 00:00:00;;;;;;;;;;;FOB;;C/ FACTURA;;;;;Directo GT - FERRETERIA EPA, S.A. (Guatemala);89;EPA;OLO4;;;;;;;;BARCELONA, SPAIN;LIMON, COSTA RICA;;;;0;0;0;0;;;;;0.00;;GLOBALOR LTD (Dropship GT);;2025-10-22 00:00:00;;;;;;false;;;;;;;;;;;;;;;;;;;;;;;false;;;
18314;1;4107388;draft;28.00;pending;2025-10-22;USD;FOB;;;;;28.00;;28.00;;;;;0.00;0.00;0;;;;;;;;;;;;;;;;;;;;;;;;;;;;;;;;2026-03-19 15:19:33;2026-03-19 15:19:33;2;;645;;;;"""[\""Standard\""]""";0.00;0.00;0.00;;;false;;;false;;ZF;;;;;false;false;false;false;false;false;false;false;false;;;2025-10-29 00:00:00;2025-10-29 00:00:00;;;;;;;;;;;;;C/ FACTURA;;;;;ZF - OVERSEAS LOGISTICS OPERATIONS;89;EPA;OLO4;;;;;;;;BARCELONA, SPAIN;LIMON, COSTA RICA;;;;0;0;0;0;;;;;0.00;;GLOBALOR LTD (ZF);;2025-10-22 00:00:00;;;;;;false;;;;;;;;;;;;;;;;;;;;;;;false;;;
18315;1;4107399;draft;26752.72;pending;2025-10-30;EUR;FOB;;;;;26752.72;;26752.72;;;;;0.00;0.00;0;;;;;;;;;;;;;;;;;;;;;;;;;;;;;;;;2026-03-19 15:19:33;2026-03-19 15:19:33;5;;627;;;;"""[\""Standard\""]""";0.00;0.00;0.00;;;false;;;false;;Proforma Draft 1_Costa Rica;;;;;false;false;false;false;false;false;false;false;false;;;2025-12-15 00:00:00;2025-12-15 00:00:00;;;;;;;;;2026-02-19 00:00:00;;FOB;FOB;PEDIDO COMPRA;;;;;Directo CR - FERRETERIA EPA, S.A.;88;EPA;OLO4;;-- N/A --;2880501, 2880502;;6997;21653;;ROTTERDAM, NEDERLAND;MOÍN, COSTA RICA;26752.72;;;0;0;0;0;;;;;0.00;;GLOBALOR LTD (Dropship CR);;2025-10-30 00:00:00;;;;;;false;;;;;;;;;;;;;;;;;;;;;;;false;;;
18316;1;4107403;draft;36675.69;pending;2025-10-30;EUR;FOB;;;;;36675.69;;36675.69;;;;;0.00;0.00;0;;;;;;;;;;;;;;;;;;;;;;;;;;;;;;;;2026-03-19 15:19:33;2026-03-19 15:19:33;5;;627;;;;"""[\""Standard\""]""";0.00;0.00;0.00;;;false;;;false;;El Salvador-Proforma Draft;;;;;false;false;false;false;false;false;false;false;false;;;2025-12-29 00:00:00;2025-12-29 00:00:00;;;;;;;;;2026-02-23 00:00:00;;FOB;FOB;PEDIDO COMPRA;;;;;Directo SV - FERRETERIA EPA, S.A. DE C.V.;88;EPA;OLO4;;-- N/A --;2879962, 2879963;;6998;21664;;ROTTERDAM, NEDERLAND;ACAJUTLA, EL SALVADOR;36675.69;;;0;0;0;0;;;;;0.00;;GLOBALOR LTD (Dropship SV);;2025-10-30 00:00:00;;;;;;false;;;;;;;;;;;;;;;;;;;;;;;false;;;
18317;1;4107409;draft;48528.70;pending;2025-10-30;EUR;FOB;;;;;48528.70;;48528.70;;;;;0.00;0.00;0;;;;;;;;;;;;;;;;;;;;;;;;;;;;;;;;2026-03-19 15:19:33;2026-03-19 15:19:33;5;;627;;;;"""[\""Standard\""]""";0.00;0.00;0.00;;;false;;;false;;Venezuela- Proforma Draft;;;;;false;false;false;false;false;false;false;false;false;;;2025-12-29 00:00:00;2025-12-29 00:00:00;;;;;;;;;2026-03-10 00:00:00;;CIF;FOB;PEDIDO COMPRA;;;;;Directo VE - FERRETERIA EPA, C.A.;88;EPA;OLO4;;-- N/A --;2881592, 2881593;;7034;21702;;ROTTERDAM, NEDERLAND;PUERTO CABELLO, VENEZUELA;48528.70;;;0;0;0;0;;;;;0.00;;GLOBALOR LTD (Drop Ship EPA VE);;2025-10-30 00:00:00;;;;;;false;;;;;;;;;;;;;;;;;;;;;;;false;;;
18318;1;4107410;draft;10530.00;pending;2025-10-30;EUR;FOB;;;;;10530.00;;10530.00;;;;;0.00;0.00;0;;;;;;;;;;;;;;;;;;;;;;;;;;;;;;;;2026-03-19 15:19:33;2026-03-19 15:19:33;5;;627;;;;"""[\""Standard\""]""";0.00;0.00;0.00;;;false;;;false;;Costa Rica 2- Proforma Draft;;;;;false;false;false;false;false;false;false;false;false;;;2025-11-10 00:00:00;2025-11-10 00:00:00;;;;;;;;;2026-02-24 00:00:00;;FOB;FOB;PEDIDO COMPRA;;;;;Directo CR - FERRETERIA EPA, S.A.;88;EPA;OLO4;;-- N/A --;2880003;;7000;21671;;ROTTERDAM, NEDERLAND;MOÍN, COSTA RICA;10530.00;;;0;0;0;0;;;;;0.00;;GLOBALOR LTD (Dropship CR);;2025-10-30 00:00:00;;;;;;false;;;;;;;;;;;;;;;;;;;;;;;false;;;
18319;1;4107415;draft;3815.84;pending;2025-10-31;USD;EXW;;;;;3815.84;;3815.84;;;;;0.00;0.00;0;;;;;;;;;;;;;;;;;;;;;;;;;;;;;;;;2026-03-19 15:19:33;2026-03-19 15:19:33;5;;646;;;;"""[\""Standard\""]""";0.00;0.00;0.00;;;false;;;false;;Order No. 3243337;;;;;false;false;false;false;false;false;false;false;false;;;2025-11-10 00:00:00;2025-11-10 00:00:00;;;;;;;;;2026-03-02 00:00:00;;EXW;FCA;PEDIDO COMPRA;;;;;Directo VE - FERRETERIA EPA, C.A.;88;EPA;OLO4;;-- N/A --;6084050-IN;;7015;21680;;NEW YORK, UNITED STATES;PUERTO CABELLO, VENEZUELA;3815.84;;;0;0;0;0;;;;;0.00;;INTERPORT (VZ);;2025-10-31 00:00:00;;;;;;false;;;;;;;;;;;;;;;;;;;;;;;false;;;
18320;1;4107432;draft;39607.36;pending;2025-11-04;USD;FCA;;;;;39607.36;;39607.36;;;;;0.00;0.00;0;;;;;;;;;;;;;;;;;;;;;;;;;;;;;;;;2026-03-19 15:19:33;2026-03-19 15:19:33;2;;647;;;;"""[\""Standard\""]""";0.00;0.00;0.00;;;false;;;false;;Noviembre;;;;;false;false;false;false;false;false;false;false;false;;;2025-11-30 00:00:00;2025-11-30 00:00:00;;;;;;;;;;;FCA;FCA;PEDIDO COMPRA;;;;;Directo VE - FERRETERIA EPA, C.A.;86;EPA;OLO4;;;;;;;;MIAMI ESP, UNITED STATES;PUERTO CABELLO, VENEZUELA;;;;0;0;0;0;;;;;0.00;;GLOBALOR LTD (Drop Ship EPA VE);;2025-11-04 00:00:00;;;;;;false;;;;;;;;;;;;;;;;;;;;;;;false;;;
18321;1;4107449;draft;9633.55;pending;2025-11-05;EUR;CFR;;;;;9633.55;;9633.55;;;;;0.00;0.00;0;;;;;;;;;;;;;;;;;;;;;;;;;;;;;;;;2026-03-19 15:19:33;2026-03-19 15:19:33;5;;648;;;;"""[\""Standard\""]""";0.00;0.00;0.00;;;false;;;false;;249101;;;;;false;false;true;false;false;false;false;false;false;;;2026-04-05 00:00:00;2026-04-05 00:00:00;;;;;;;;;2026-01-28 00:00:00;;CFR;CFR;PEDIDO COMPRA;;;;;Directo CR - FERRETERIA EPA, S.A.;81;EPA;OLO4;;-- N/A --;282404;;6924;21560;;VALENCIA, SPAIN;MOÍN, COSTA RICA;9633.56;;;0;0;0;0;;;;;0.00;;GLOBALOR LTD (Dropship CR);;2025-11-05 00:00:00;;;;;;false;;;;;;;;;;;;;;;;;;;;;;;false;;;
18322;1;4107458;draft;12119.26;pending;2025-11-05;EUR;CFR;;;;;12119.26;;12119.26;;;;;0.00;0.00;0;;;;;;;;;;;;;;;;;;;;;;;;;;;;;;;;2026-03-19 15:19:33;2026-03-19 15:19:33;5;;648;;;;"""[\""Standard\""]""";0.00;0.00;0.00;;;false;;;false;;249111;;;;;false;false;true;false;false;false;false;false;false;;;2026-04-05 00:00:00;2026-04-05 00:00:00;;;;;;;;;2026-01-29 00:00:00;;CFR;CFR;PEDIDO COMPRA;;;;;Directo CR - FERRETERIA EPA, S.A.;81;EPA;OLO4;;-- N/A --;282084;;6925;21568;;VALENCIA, SPAIN;MOÍN, COSTA RICA;12119.27;;;0;0;0;0;;;;;0.00;;GLOBALOR LTD (Dropship CR);;2025-11-05 00:00:00;;;;;;false;;;;;;;;;;;;;;;;;;;;;;;false;;;
18323;1;4107459;draft;11955.96;pending;2025-11-05;EUR;CFR;;;;;11955.96;;11955.96;;;;;0.00;0.00;0;;;;;;;;;;;;;;;;;;;;;;;;;;;;;;;;2026-03-19 15:19:33;2026-03-19 15:19:33;5;;648;;;;"""[\""Standard\""]""";0.00;0.00;0.00;;;false;;;false;;249112;;;;;false;false;true;false;false;false;false;false;false;;;2026-04-05 00:00:00;2026-04-05 00:00:00;;;;;;;;;2026-01-27 00:00:00;;CFR;CFR;PEDIDO COMPRA;;;;;Directo CR - FERRETERIA EPA, S.A.;81;EPA;OLO4;;-- N/A --;282395;;6920;21555;;VALENCIA, SPAIN;MOÍN, COSTA RICA;11955.99;;;0;0;0;0;;;;;0.00;;GLOBALOR LTD (Dropship CR);;2025-11-05 00:00:00;;;;;;false;;;;;;;;;;;;;;;;;;;;;;;false;;;
18324;1;4107460;draft;11496.95;pending;2025-11-05;EUR;CFR;;;;;11496.95;;11496.95;;;;;0.00;0.00;0;;;;;;;;;;;;;;;;;;;;;;;;;;;;;;;;2026-03-19 15:19:33;2026-03-19 15:19:33;5;;648;;;;"""[\""Standard\""]""";0.00;0.00;0.00;;;false;;;false;;249113;;;;;false;false;true;false;false;false;false;false;false;;;2026-04-05 00:00:00;2026-04-05 00:00:00;;;;;;;;;2026-01-29 00:00:00;;CFR;CFR;PEDIDO COMPRA;;;;;Directo CR - FERRETERIA EPA, S.A.;81;EPA;OLO4;;-- N/A --;282396;;6941;21577;;VALENCIA, SPAIN;MOÍN, COSTA RICA;11496.97;;;0;0;0;0;;;;;0.00;;GLOBALOR LTD (Dropship CR);;2025-11-05 00:00:00;;;;;;false;;;;;;;;;;;;;;;;;;;;;;;false;;;
18325;1;4107462;draft;13131.61;pending;2025-11-05;EUR;CFR;;;;;13131.61;;13131.61;;;;;0.00;0.00;0;;;;;;;;;;;;;;;;;;;;;;;;;;;;;;;;2026-03-19 15:19:33;2026-03-19 15:19:33;5;;648;;;;"""[\""Standard\""]""";0.00;0.00;0.00;;;false;;;false;;249115;;;;;false;false;true;false;false;false;false;false;false;;;2026-04-05 00:00:00;2026-04-05 00:00:00;;;;;;;;;2026-01-27 00:00:00;;CFR;CFR;PEDIDO COMPRA;;;;;Directo CR - FERRETERIA EPA, S.A.;81;EPA;OLO4;;-- N/A --;282397;;6921;21557;;VALENCIA, SPAIN;MOÍN, COSTA RICA;13131.63;;;0;0;0;0;;;;;0.00;;GLOBALOR LTD (Dropship CR);;2025-11-05 00:00:00;;;;;;false;;;;;;;;;;;;;;;;;;;;;;;false;;;
18326;1;4107464;draft;11573.42;pending;2025-11-05;EUR;CFR;;;;;11573.42;;11573.42;;;;;0.00;0.00;0;;;;;;;;;;;;;;;;;;;;;;;;;;;;;;;;2026-03-19 15:19:33;2026-03-19 15:19:33;5;;648;;;;"""[\""Standard\""]""";0.00;0.00;0.00;;;false;;;false;;249117;;;;;false;false;true;false;false;false;false;false;false;;;2026-04-05 00:00:00;2026-04-05 00:00:00;;;;;;;;;2026-01-28 00:00:00;;CFR;CFR;PEDIDO COMPRA;;;;;Directo CR - FERRETERIA EPA, S.A.;81;EPA;OLO4;;-- N/A --;282398;;6928;21563;;VALENCIA, SPAIN;MOÍN, COSTA RICA;11573.44;;;0;0;0;0;;;;;0.00;;GLOBALOR LTD (Dropship CR);;2025-11-05 00:00:00;;;;;;false;;;;;;;;;;;;;;;;;;;;;;;false;;;
18327;1;4107468;draft;13291.35;pending;2025-11-05;EUR;CFR;;;;;13291.35;;13291.35;;;;;0.00;0.00;0;;;;;;;;;;;;;;;;;;;;;;;;;;;;;;;;2026-03-19 15:19:33;2026-03-19 15:19:33;5;;648;;;;"""[\""Standard\""]""";0.00;0.00;0.00;;;false;;;false;;249121;;;;;false;false;true;false;false;false;false;false;false;;;2026-04-05 00:00:00;2026-04-05 00:00:00;;;;;;;;;2026-02-03 00:00:00;;CFR;CFR;PEDIDO COMPRA;;;;;Directo CR - FERRETERIA EPA, S.A.;81;EPA;OLO4;;-- N/A --;282394;;6942;21580;;VALENCIA, SPAIN;MOÍN, COSTA RICA;13291.37;;;0;0;0;0;;;;;0.00;;GLOBALOR LTD (Dropship CR);;2025-11-05 00:00:00;;;;;;false;;;;;;;;;;;;;;;;;;;;;;;false;;;
18328;1;4107470;draft;11938.11;pending;2025-11-05;EUR;CFR;;;;;11938.11;;11938.11;;;;;0.00;0.00;0;;;;;;;;;;;;;;;;;;;;;;;;;;;;;;;;2026-03-19 15:19:34;2026-03-19 15:19:34;5;;648;;;;"""[\""Standard\""]""";0.00;0.00;0.00;;;false;;;false;;249124;;;;;false;false;true;false;false;false;false;false;false;;;2026-04-05 00:00:00;2026-04-05 00:00:00;;;;;;;;;2026-01-28 00:00:00;;CFR;CFR;PEDIDO COMPRA;;;;;Directo CR - FERRETERIA EPA, S.A.;81;EPA;OLO4;;-- N/A --;281588;;6929;21564;;VALENCIA, SPAIN;MOÍN, COSTA RICA;11938.13;;;0;0;0;0;;;;;0.00;;GLOBALOR LTD (Dropship CR);;2025-11-05 00:00:00;;;;;;false;;;;;;;;;;;;;;;;;;;;;;;false;;;
18329;1;4107473;draft;13985.49;pending;2025-11-05;EUR;CFR;;;;;13985.49;;13985.49;;;;;0.00;0.00;0;;;;;;;;;;;;;;;;;;;;;;;;;;;;;;;;2026-03-19 15:20:49;2026-03-19 15:20:49;5;;648;;;;"""[\""Standard\""]""";0.00;0.00;0.00;;;false;;;false;;249127;;;;;false;false;true;false;false;false;false;false;false;;;2026-04-05 00:00:00;2026-04-05 00:00:00;;;;;;;;;2026-02-17 00:00:00;;CFR;CFR;PEDIDO COMPRA;;;;;Directo CR - FERRETERIA EPA, S.A.;81;EPA;OLO4;;-- N/A --;282408;;6962;21640;;VALENCIA, SPAIN;MOÍN, COSTA RICA;13985.50;;;0;0;0;0;;;;;0.00;;GLOBALOR LTD (Dropship CR);;2025-11-05 00:00:00;;;;;;false;;;;;;;;;;;;;;;;;;;;;;;false;;;
18330;1;4107475;draft;11955.96;pending;2025-11-05;EUR;CFR;;;;;11955.96;;11955.96;;;;;0.00;0.00;0;;;;;;;;;;;;;;;;;;;;;;;;;;;;;;;;2026-03-19 15:20:49;2026-03-19 15:20:49;5;;648;;;;"""[\""Standard\""]""";0.00;0.00;0.00;;;false;;;false;;249166;;;;;false;false;true;false;false;false;false;false;false;;;2026-04-05 00:00:00;2026-04-05 00:00:00;;;;;;;;;2026-01-27 00:00:00;;CFR;CFR;PEDIDO COMPRA;;;;;Directo CR - FERRETERIA EPA, S.A.;81;EPA;OLO4;;-- N/A --;282400;;6922;21558;;VALENCIA, SPAIN;MOÍN, COSTA RICA;11955.99;;;0;0;0;0;;;;;0.00;;GLOBALOR LTD (Dropship CR);;2025-11-05 00:00:00;;;;;;false;;;;;;;;;;;;;;;;;;;;;;;false;;;
18331;1;4107476;draft;11955.96;pending;2025-11-05;EUR;CFR;;;;;11955.96;;11955.96;;;;;0.00;0.00;0;;;;;;;;;;;;;;;;;;;;;;;;;;;;;;;;2026-03-19 15:20:49;2026-03-19 15:20:49;5;;648;;;;"""[\""Standard\""]""";0.00;0.00;0.00;;;false;;;false;;249168;;;;;false;false;true;false;false;false;false;false;false;;;2026-04-05 00:00:00;2026-04-05 00:00:00;;;;;;;;;2026-01-28 00:00:00;;CFR;CFR;PEDIDO COMPRA;;;;;Directo CR - FERRETERIA EPA, S.A.;81;EPA;OLO4;;-- N/A --;282401;;6931;21566;;VALENCIA, SPAIN;MOÍN, COSTA RICA;11955.99;;;0;0;0;0;;;;;0.00;;GLOBALOR LTD (Dropship CR);;2025-11-05 00:00:00;;;;;;false;;;;;;;;;;;;;;;;;;;;;;;false;;;
18332;1;4107477;draft;11955.96;pending;2025-11-05;EUR;CFR;;;;;11955.96;;11955.96;;;;;0.00;0.00;0;;;;;;;;;;;;;;;;;;;;;;;;;;;;;;;;2026-03-19 15:20:49;2026-03-19 15:20:49;5;;648;;;;"""[\""Standard\""]""";0.00;0.00;0.00;;;false;;;false;;249170;;;;;false;false;true;false;false;false;false;false;false;;;2026-04-05 00:00:00;2026-04-05 00:00:00;;;;;;;;;2026-01-29 00:00:00;;CFR;CFR;PEDIDO COMPRA;;;;;Directo CR - FERRETERIA EPA, S.A.;81;EPA;OLO4;;-- N/A --;282402;;6933;21570;;VALENCIA, SPAIN;MOÍN, COSTA RICA;11955.99;;;0;0;0;0;;;;;0.00;;GLOBALOR LTD (Dropship CR);;2025-11-05 00:00:00;;;;;;false;;;;;;;;;;;;;;;;;;;;;;;false;;;
18333;1;4107478;draft;11125.69;pending;2025-11-05;EUR;CFR;;;;;11125.69;;11125.69;;;;;0.00;0.00;0;;;;;;;;;;;;;;;;;;;;;;;;;;;;;;;;2026-03-19 15:20:49;2026-03-19 15:20:49;5;;648;;;;"""[\""Standard\""]""";0.00;0.00;0.00;;;false;;;false;;249171;;;;;false;false;true;false;false;false;false;false;false;;;2026-04-05 00:00:00;2026-04-05 00:00:00;;;;;;;;;2026-02-09 00:00:00;;CFR;CFR;PEDIDO COMPRA;;;;;Directo CR - FERRETERIA EPA, S.A.;81;EPA;OLO4;;-- N/A --;282407;;6959;21607;;VALENCIA, SPAIN;MOÍN, COSTA RICA;11125.71;;;0;0;0;0;;;;;0.00;;GLOBALOR LTD (Dropship CR);;2025-11-05 00:00:00;;;;;;false;;;;;;;;;;;;;;;;;;;;;;;false;;;
18334;1;4107479;draft;10992.87;pending;2025-11-05;EUR;CFR;;;;;10992.87;;10992.87;;;;;0.00;0.00;0;;;;;;;;;;;;;;;;;;;;;;;;;;;;;;;;2026-03-19 15:20:49;2026-03-19 15:20:49;5;;648;;;;"""[\""Standard\""]""";0.00;0.00;0.00;;;false;;;false;;249174;;;;;false;false;true;false;false;false;false;false;false;;;2026-04-05 00:00:00;2026-04-05 00:00:00;;;;;;;;;2026-02-09 00:00:00;;CFR;CFR;PEDIDO COMPRA;;;;;Directo CR - FERRETERIA EPA, S.A.;81;EPA;OLO4;;-- N/A --;282406;;6963;21606;;VALENCIA, SPAIN;MOÍN, COSTA RICA;10992.89;;;0;0;0;0;;;;;0.00;;GLOBALOR LTD (Dropship CR);;2025-11-05 00:00:00;;;;;;false;;;;;;;;;;;;;;;;;;;;;;;false;;;
18335;1;4107489;draft;9357.72;pending;2025-11-10;USD;FOB;;;;;9357.72;;9357.72;;;;;0.00;0.00;0;;;;;;;;;;;;;;;;;;;;;;;;;;;;;;;;2026-03-19 15:20:49;2026-03-19 15:20:49;5;;649;;;;"""[\""Standard\""]""";0.00;0.00;0.00;;;false;;;false;;Po:25FX0811/EPA/005(C);;;;;false;false;true;false;false;false;false;false;false;;;2025-12-15 00:00:00;2025-12-15 00:00:00;;;;;;;;;2026-02-16 00:00:00;;FOB;FOB;PEDIDO COMPRA;;;;;Directo CR - FERRETERIA EPA, S.A.;81;EPA;OLO4;;-- N/A --;FF25355;;6982;21637;;QINGDAO, CHINA;SAN JOSE, COSTA RICA;9357.72;;;0;0;0;0;;;;;0.00;;GLOBALOR LTD (Dropship CR);;2025-11-10 00:00:00;;;;;;false;;;;;;;;;;;;;;;;;;;;;;;false;;;
18336;1;4107495;draft;16042.00;pending;2025-11-10;USD;FOB;;;;;16042.00;;16042.00;;;;;0.00;0.00;0;;;;;;;;;;;;;;;;;;;;;;;;;;;;;;;;2026-03-19 15:20:49;2026-03-19 15:20:49;5;;649;;;;"""[\""Standard\""]""";0.00;0.00;0.00;;;false;;;false;;Po:25FX0811PA/006(A);;;;;false;false;false;false;false;false;false;false;false;;;2025-12-15 00:00:00;2025-12-15 00:00:00;;;;;;;;;2026-01-14 00:00:00;;FOB;FOB;PEDIDO COMPRA;;;;;Directo GT - FERRETERIA EPA, S.A. (Guatemala);81;EPA;OLO4;;-- N/A --;FF25340;;6890;21518;;QINGDAO, CHINA;SAN JOSE, COSTA RICA;16042.00;;;0;0;0;0;;;;;0.00;;GLOBALOR LTD (Dropship GT);;2025-11-10 00:00:00;;;;;;false;;;;;;;;;;;;;;;;;;;;;;;false;;;
18337;1;4107497;draft;14176.00;pending;2025-11-10;USD;FOB;;;;;14176.00;;14176.00;;;;;0.00;0.00;0;;;;;;;;;;;;;;;;;;;;;;;;;;;;;;;;2026-03-19 15:20:49;2026-03-19 15:20:49;5;;649;;;;"""[\""Standard\""]""";0.00;0.00;0.00;;;false;;;false;;Po:25FX0811/EPA/006(C);;;;;false;false;false;false;false;false;false;false;false;;;2025-12-15 00:00:00;2025-12-15 00:00:00;;;;;;;;;2026-02-04 00:00:00;;FOB;FOB;PEDIDO COMPRA;;;;;Directo GT - FERRETERIA EPA, S.A. (Guatemala);81;EPA;OLO4;;-- N/A --;FF25356;;6948;21589;;QINGDAO, CHINA;SAN JOSE, COSTA RICA;14176.00;;;0;0;0;0;;;;;0.00;;GLOBALOR LTD (Dropship GT);;2025-11-10 00:00:00;;;;;;false;;;;;;;;;;;;;;;;;;;;;;;false;;;
18338;1;4107509;draft;23567.70;pending;2025-11-11;USD;EXW;;;;;23567.70;;23567.70;;;;;0.00;0.00;0;;;;;;;;;;;;;;;;;;;;;;;;;;;;;;;;2026-03-19 15:20:49;2026-03-19 15:20:49;3;;650;;;;"""[\""Standard\""]""";0.00;0.00;0.00;;;false;;;false;;2001106;;;;;false;false;false;false;false;false;false;false;false;;;2025-12-19 00:00:00;2025-12-19 00:00:00;;;;;;;;;;;CIF;FOB;PEDIDO COMPRA;;;;;Directo VE - FERRETERIA EPA, C.A.;81;EPA;OLO4;;;;;;;;CIUDAD DE GUATEMALA, GUATEMALA;PUERTO CABELLO, VENEZUELA;;;;0;0;0;0;;;;;0.00;;GLOBALOR LTD (Drop Ship EPA VE);;2025-11-11 00:00:00;;;;;;false;;;;;;;;;;;;;;;;;;;;;;;false;;;
18339;1;4107510;draft;23635.49;pending;2025-11-12;USD;FOB;;;;;23635.49;;23635.49;;;;;0.00;0.00;0;;;;;;;;;;;;;;;;;;;;;;;;;;;;;;;;2026-03-19 15:20:49;2026-03-19 15:20:49;5;;639;;;;"""[\""Standard\""]""";0.00;0.00;0.00;;;false;;;false;;1x40 CR - ZF;;;;;false;false;true;false;false;false;false;true;false;;;2026-01-02 00:00:00;2026-01-02 00:00:00;;;;;;;;;2026-02-18 00:00:00;;FOB;FOB;CNY;;;;;Directo CR - FERRETERIA EPA, S.A.;84;EPA;OLO4;;-- N/A --;CIT2600200;;6991;21643;;SHANGHAI, CHINA;CALDERA, COSTA RICA;23635.49;;;0;0;0;0;;;;;0.00;;GLOBALOR LTD (Dropship CR);;2025-11-12 00:00:00;;;;;;false;;;;;;;;;;;;;;;;;;;;;;;false;;;
18340;1;4107511;draft;15519.07;pending;2025-11-12;USD;FOB;;;;;15519.07;;15519.07;;;;;0.00;0.00;0;;;;;;;;;;;;;;;;;;;;;;;;;;;;;;;;2026-03-19 15:20:49;2026-03-19 15:20:49;5;;639;;;;"""[\""Standard\""]""";0.00;0.00;0.00;;;false;;;false;;1x40 VE - ZF;;;;;false;false;false;false;false;false;false;true;false;;;2026-01-02 00:00:00;2026-01-02 00:00:00;;;;;;;;;;;FOB;FOB;CNY;;;;;ZF - OVERSEAS LOGISTICS OPERATIONS;84;EPA;OLO4;;;CIT2600201;;7038;;;SHANGHAI, CHINA;CALDERA, COSTA RICA;15519.07;;;0;0;0;0;;;;;0.00;;GLOBALOR LTD (ZF);;2025-11-12 00:00:00;;;;;;false;;;;;;;;;;;;;;;;;;;;;;;false;;;
18341;1;4107512;draft;33200.02;pending;2025-11-12;USD;FOB;;;;;33200.02;;33200.02;;;;;0.00;0.00;0;;;;;;;;;;;;;;;;;;;;;;;;;;;;;;;;2026-03-19 15:20:49;2026-03-19 15:20:49;5;;639;;;;"""[\""Standard\""]""";0.00;0.00;0.00;;;false;;;false;;1x40 SV, GT - ZF;;;;;false;false;false;false;false;false;false;true;false;;;2026-01-02 00:00:00;2026-01-02 00:00:00;;;;;;;;;;;FOB;FOB;CNY;;;;;GL SV - FERRETERIA EPA, S.A. DE C.V.;84;EPA;OLO4;;;;;;;;SHANGHAI, CHINA;ACAJUTLA, EL SALVADOR;;;;0;0;0;0;;;;;0.00;;GLOBALOR LTD (Zona Franca SV);;2025-11-12 00:00:00;;;;;;false;;;;;;;;;;;;;;;;;;;;;;;false;;;
18342;1;4107513;draft;36929.26;pending;2025-11-12;USD;FOB;;;;;36929.26;;36929.26;;;;;0.00;0.00;0;;;;;;;;;;;;;;;;;;;;;;;;;;;;;;;;2026-03-19 15:20:49;2026-03-19 15:20:49;5;;639;;;;"""[\""Standard\""]""";0.00;0.00;0.00;;;false;;;false;;1x40 GT;;;;;false;false;false;false;false;false;false;true;false;;;2026-01-02 00:00:00;2026-01-02 00:00:00;;;;;;;;;2026-02-20 00:00:00;;FOB;FOB;CNY;;;;;Directo GT - FERRETERIA EPA, S.A. (Guatemala);84;EPA;OLO4;;-- N/A --;CIT2600198;;6999;21662;;SHANGHAI, CHINA;CIUDAD DE GUATEMALA, GUATEMALA;36929.26;;;0;0;0;0;;;;;0.00;;GLOBALOR LTD (Dropship GT);;2025-11-12 00:00:00;;;;;;false;;;;;;;;;;;;;;;;;;;;;;;false;;;
18343;1;4107519;draft;11955.96;pending;2025-11-14;EUR;CFR;;;;;11955.96;;11955.96;;;;;0.00;0.00;0;;;;;;;;;;;;;;;;;;;;;;;;;;;;;;;;2026-03-19 15:20:49;2026-03-19 15:20:49;5;;648;;;;"""[\""Standard\""]""";0.00;0.00;0.00;;;false;;;false;;249173;;;;;false;false;true;false;false;false;false;false;false;;;2026-01-01 00:00:00;2026-01-01 00:00:00;;;;;;;;;2026-01-28 00:00:00;;CFR;CFR;PEDIDO COMPRA;;;;;Directo CR - FERRETERIA EPA, S.A.;81;EPA;OLO4;;-- N/A --;282393;;6930;21565;;VALENCIA, SPAIN;LIMON, COSTA RICA;11955.99;;;0;0;0;0;;;;;0.00;;GLOBALOR LTD (Dropship CR);;2025-11-14 00:00:00;;;;;;false;;;;;;;;;;;;;;;;;;;;;;;false;;;
18344;1;4107522;draft;8478.00;pending;2025-11-20;USD;FOB;;;;;8478.00;;8478.00;;;;;0.00;0.00;0;;;;;;;;;;;;;;;;;;;;;;;;;;;;;;;;2026-03-19 15:20:49;2026-03-19 15:20:49;9;;651;;;;"""[\""Standard\""]""";0.00;0.00;0.00;;;false;;;false;;1310010055;;;;;false;false;false;false;false;false;false;false;false;;;2025-12-31 00:00:00;2025-12-31 00:00:00;;;;;;;;;;;FOB;FOB;PEDIDO COMPRA;;;;;ZF - OVERSEAS LOGISTICS OPERATIONS;86;EPA;OLO4;;52026184465;1390012141;;6966;;;SHANGHAI, CHINA;CALDERA, COSTA RICA;8478.00;;;0;0;0;0;;;;;0.00;;GLOBALOR LTD (ZF);;2025-11-20 00:00:00;;;;;;false;;;;;;;;;;;;;;;;;;;;;;;false;;;
18345;1;4107523;draft;1710.00;pending;2025-11-20;USD;FOB;;;;;1710.00;;1710.00;;;;;0.00;0.00;0;;;;;;;;;;;;;;;;;;;;;;;;;;;;;;;;2026-03-19 15:20:49;2026-03-19 15:20:49;9;;651;;;;"""[\""Standard\""]""";0.00;0.00;0.00;;;false;;;false;;1310010054;;;;;false;false;false;false;false;false;false;true;false;;;2025-12-31 00:00:00;2025-12-31 00:00:00;;;;;;;;;;;FOB;FOB;PEDIDO COMPRA;;;;;ZF - OVERSEAS LOGISTICS OPERATIONS;86;EPA;OLO4;;52026184465;1390012142;;6966;;;SHANGHAI, CHINA;CALDERA, COSTA RICA;1710.00;;;0;0;0;0;;;;;0.00;;GLOBALOR LTD (ZF);;2025-11-20 00:00:00;;;;;;false;;;;;;;;;;;;;;;;;;;;;;;false;;;
18346;1;4107524;draft;1768.00;pending;2025-11-20;USD;FOB;;;;;1768.00;;1768.00;;;;;0.00;0.00;0;;;;;;;;;;;;;;;;;;;;;;;;;;;;;;;;2026-03-19 15:20:49;2026-03-19 15:20:49;9;;651;;;;"""[\""Standard\""]""";0.00;0.00;0.00;;;false;;;false;;1310010045;;;;;false;false;false;false;false;false;false;false;false;;;2025-12-31 00:00:00;2025-12-31 00:00:00;;;;;;;;;;;FOB;FOB;PEDIDO COMPRA;;;;;ZF - OVERSEAS LOGISTICS OPERATIONS;86;EPA;OLO4;;52026180307;1390012250;;6967;;;SHANGHAI, CHINA;CALDERA, COSTA RICA;1768.00;;;0;0;0;0;;;;;0.00;;GLOBALOR LTD (ZF);;2025-11-20 00:00:00;;;;;;false;;;;;;;;;;;;;;;;;;;;;;;false;;;
18347;1;4107527;draft;940.00;pending;2025-11-20;USD;FOB;;;;;940.00;;940.00;;;;;0.00;0.00;0;;;;;;;;;;;;;;;;;;;;;;;;;;;;;;;;2026-03-19 15:20:50;2026-03-19 15:20:50;9;;651;;;;"""[\""Standard\""]""";0.00;0.00;0.00;;;false;;;false;;1310010056;;;;;false;false;false;false;false;false;false;false;false;;;2025-12-31 00:00:00;2025-12-31 00:00:00;;;;;;;;;;;FOB;FOB;PEDIDO COMPRA;;;;;ZF - OVERSEAS LOGISTICS OPERATIONS;86;EPA;OLO4;;52026180307;1390012249;;6967;;;SHANGHAI, CHINA;CALDERA, COSTA RICA;6989.60;;;0;0;0;0;;;;;0.00;;GLOBALOR LTD (ZF);;2025-11-20 00:00:00;;;;;;false;;;;;;;;;;;;;;;;;;;;;;;false;;;
18348;1;4107528;draft;6167.00;pending;2025-11-20;USD;FOB;;;;;6167.00;;6167.00;;;;;0.00;0.00;0;;;;;;;;;;;;;;;;;;;;;;;;;;;;;;;;2026-03-19 15:20:50;2026-03-19 15:20:50;9;;651;;;;"""[\""Standard\""]""";0.00;0.00;0.00;;;false;;;false;;1310010051;;;;;false;false;false;false;false;false;false;false;false;;;2025-12-31 00:00:00;2025-12-31 00:00:00;;;;;;;;;;;FOB;FOB;PEDIDO COMPRA;;;;;ZF - OVERSEAS LOGISTICS OPERATIONS;86;EPA;OLO4;;52026184465;1390012145;;6966;;;SHANGHAI, CHINA;CALDERA, COSTA RICA;6167.00;;;0;0;0;0;;;;;0.00;;GLOBALOR LTD (ZF);;2025-11-20 00:00:00;;;;;;false;;;;;;;;;;;;;;;;;;;;;;;false;;;
18349;1;4107529;draft;11578.50;pending;2025-11-20;USD;FOB;;;;;11578.50;;11578.50;;;;;0.00;0.00;0;;;;;;;;;;;;;;;;;;;;;;;;;;;;;;;;2026-03-19 15:20:50;2026-03-19 15:20:50;9;;651;;;;"""[\""Standard\""]""";0.00;0.00;0.00;;;false;;;false;;1310010057;;;;;false;false;false;false;false;false;false;false;false;;;2025-12-31 00:00:00;2025-12-31 00:00:00;;;;;;;;;;;FOB;FOB;PEDIDO COMPRA;;;;;ZF - OVERSEAS LOGISTICS OPERATIONS;86;EPA;OLO4;;52026180307;1390013459;;6967;;;SHANGHAI, CHINA;CALDERA, COSTA RICA;11578.50;;;0;0;0;0;;;;;0.00;;GLOBALOR LTD (ZF);;2025-11-20 00:00:00;;;;;;false;;;;;;;;;;;;;;;;;;;;;;;false;;;
18350;1;4107530;draft;6049.60;pending;2025-11-20;USD;FOB;;;;;6049.60;;6049.60;;;;;0.00;0.00;0;;;;;;;;;;;;;;;;;;;;;;;;;;;;;;;;2026-03-19 15:20:50;2026-03-19 15:20:50;9;;651;;;;"""[\""Standard\""]""";0.00;0.00;0.00;;;false;;;false;;1310010056;;;;;false;false;false;false;false;false;false;false;false;;;2025-12-31 00:00:00;2025-12-31 00:00:00;;;;;;;;;;;FOB;FOB;PEDIDO COMPRA;;;;;ZF - OVERSEAS LOGISTICS OPERATIONS;86;EPA;OLO4;;52026180307;1390012249;;6967;;;SHANGHAI, CHINA;CALDERA, COSTA RICA;6989.60;;;0;0;0;0;;;;;0.00;;GLOBALOR LTD (ZF);;2025-11-20 00:00:00;;;;;;false;;;;;;;;;;;;;;;;;;;;;;;false;;;
18351;1;4107533;draft;24376.00;pending;2025-11-20;USD;FOB;;;;;24376.00;;24376.00;;;;;0.00;0.00;0;;;;;;;;;;;;;;;;;;;;;;;;;;;;;;;;2026-03-19 15:20:50;2026-03-19 15:20:50;9;;651;;;;"""[\""Standard\""]""";0.00;0.00;0.00;;;false;;;false;;1310010048;;;;;false;false;false;false;false;false;false;false;false;;;2025-12-31 00:00:00;2025-12-31 00:00:00;;;;;;;;;;;FOB;FOB;PEDIDO COMPRA;;;;;ZF - OVERSEAS LOGISTICS OPERATIONS;86;EPA;OLO4;;52026184465;1390012147;;6966;;;SHANGHAI, CHINA;CALDERA, COSTA RICA;24376.00;;;0;0;0;0;;;;;0.00;;GLOBALOR LTD (ZF);;2025-11-20 00:00:00;;;;;;false;;;;;;;;;;;;;;;;;;;;;;;false;;;
18352;1;4107535;draft;6210.00;pending;2025-11-20;USD;FOB;;;;;6210.00;;6210.00;;;;;0.00;0.00;0;;;;;;;;;;;;;;;;;;;;;;;;;;;;;;;;2026-03-19 15:20:50;2026-03-19 15:20:50;9;;651;;;;"""[\""Standard\""]""";0.00;0.00;0.00;;;false;;;false;;1310010059;;;;;false;false;false;false;false;false;false;false;false;;;2025-12-31 00:00:00;2025-12-31 00:00:00;;;;;;;;;;;FOB;FOB;PEDIDO COMPRA;;;;;ZF - OVERSEAS LOGISTICS OPERATIONS;86;EPA;OLO4;;52026180307;1390012248;;6967;;;SHANGHAI, CHINA;CALDERA, COSTA RICA;6210.00;;;0;0;0;0;;;;;0.00;;GLOBALOR LTD (ZF);;2025-11-20 00:00:00;;;;;;false;;;;;;;;;;;;;;;;;;;;;;;false;;;
18353;1;4107536;draft;36573.00;pending;2025-11-20;USD;FOB;;;;;36573.00;;36573.00;;;;;0.00;0.00;0;;;;;;;;;;;;;;;;;;;;;;;;;;;;;;;;2026-03-19 15:20:50;2026-03-19 15:20:50;9;;651;;;;"""[\""Standard\""]""";0.00;0.00;0.00;;;false;;;false;;1310010046;;;;;false;false;false;false;false;false;false;false;false;;;2025-12-31 00:00:00;2025-12-31 00:00:00;;;;;;;;;;;FOB;FOB;PEDIDO COMPRA;;;;;ZF - OVERSEAS LOGISTICS OPERATIONS;86;EPA;OLO4;;52026184465;1390012149;;6966;;;SHANGHAI, CHINA;CALDERA, COSTA RICA;36573.00;;;0;0;0;0;;;;;0.00;;GLOBALOR LTD (ZF);;2025-11-20 00:00:00;;;;;;false;;;;;;;;;;;;;;;;;;;;;;;false;;;
18354;1;4107537;draft;6630.00;pending;2025-11-20;USD;FOB;;;;;6630.00;;6630.00;;;;;0.00;0.00;0;;;;;;;;;;;;;;;;;;;;;;;;;;;;;;;;2026-03-19 15:20:50;2026-03-19 15:20:50;9;;651;;;;"""[\""Standard\""]""";0.00;0.00;0.00;;;false;;;false;;1310010060;;;;;false;false;false;false;false;false;false;false;false;;;2025-12-31 00:00:00;2025-12-31 00:00:00;;;;;;;;;;;FOB;FOB;PEDIDO COMPRA;;;;;ZF - OVERSEAS LOGISTICS OPERATIONS;86;EPA;OLO4;;52026180307;1390012247;;6967;;;SHANGHAI, CHINA;CALDERA, COSTA RICA;6630.00;;;0;0;0;0;;;;;0.00;;GLOBALOR LTD (ZF);;2025-11-20 00:00:00;;;;;;false;;;;;;;;;;;;;;;;;;;;;;;false;;;
18355;1;4107539;draft;21183.77;pending;2025-11-14;EUR;FOB;;;;;21183.77;;21183.77;;;;;0.00;0.00;0;;;;;;;;;;;;;;;;;;;;;;;;;;;;;;;;2026-03-19 15:20:50;2026-03-19 15:20:50;5;;636;;;;"""[\""Standard\""]""";0.00;0.00;0.00;;;false;;;false;;1x40 HC CR;;;;;false;false;true;false;false;false;false;false;false;;;2025-12-19 00:00:00;2025-12-19 00:00:00;;;;;;;;;2026-02-04 00:00:00;;FOB;FOB;PEDIDO COMPRA;;;;;Directo CR - FERRETERIA EPA, S.A.;84;EPA;OLO4;;-- N/A --;FA2025-34076;;6945;21583;;LEIXÕES, PORTUGAL;MOÍN, COSTA RICA;21183.77;;;0;0;0;0;;;;;0.00;;GLOBALOR LTD (Dropship CR);;2025-11-14 00:00:00;;;;;;false;;;;;;;;;;;;;;;;;;;;;;;false;;;
18356;1;4107540;draft;815.64;pending;2025-11-14;EUR;FOB;;;;;815.64;;815.64;;;;;0.00;0.00;0;;;;;;;;;;;;;;;;;;;;;;;;;;;;;;;;2026-03-19 15:20:50;2026-03-19 15:20:50;5;;652;;;;"""[\""Standard\""]""";0.00;0.00;0.00;;;false;;;false;;1x40 HC CR;;;;;false;false;true;false;false;false;false;false;false;;;2025-12-19 00:00:00;2025-12-19 00:00:00;;;;;;;;;2026-02-04 00:00:00;;FOB;FOB;PEDIDO COMPRA;;;;;Directo CR - FERRETERIA EPA, S.A.;84;EPA;OLO4;;-- N/A --;FA 20254304;;6945;21584;;LEIXÕES, PORTUGAL;MOÍN, COSTA RICA;815.64;;;0;0;0;0;;;;;0.00;;GLOBALOR LTD (Dropship CR);;2025-11-14 00:00:00;;;;;;false;;;;;;;;;;;;;;;;;;;;;;;false;;;
18357;1;4107545;draft;71022.95;pending;2025-11-20;USD;EXW;;;;;71022.95;;71022.95;;;;;0.00;0.00;0;;;;;;;;;;;;;;;;;;;;;;;;;;;;;;;;2026-03-19 15:20:50;2026-03-19 15:20:50;5;;628;;;;"""[\""Standard\""]""";0.00;0.00;0.00;;;false;;;false;;GL-COSTARICA-04;;;;;false;false;false;false;false;false;false;false;false;;;2025-12-31 00:00:00;2025-12-31 00:00:00;;;;;;;;;2026-02-13 00:00:00;;EXW;;PEDIDO COMPRA;;;;;Directo CR - FERRETERIA EPA, S.A.;86;EPA;OLO4;;-- N/A --;7481857;;6980;21632;;COLON, PANAMA;SAN JOSE, COSTA RICA;71022.95;;;0;0;0;0;;;;;0.00;;GLOBALOR LTD (Dropship CR);;2025-11-20 00:00:00;;;;;;false;;;;;;;;;;;;;;;;;;;;;;;false;;;
18358;1;4107546;draft;28833.75;pending;2025-11-20;USD;EXW;;;;;28833.75;;28833.75;;;;;0.00;0.00;0;;;;;;;;;;;;;;;;;;;;;;;;;;;;;;;;2026-03-19 15:20:50;2026-03-19 15:20:50;5;;628;;;;"""[\""Standard\""]""";0.00;0.00;0.00;;;false;;;false;;GL-GUATEMALA-02;;;;;false;false;false;false;false;false;false;false;false;;;2025-12-31 00:00:00;2025-12-31 00:00:00;;;;;;;;;2026-03-12 00:00:00;;EXW;;PEDIDO COMPRA;;;;;Directo GT - FERRETERIA EPA, S.A. (Guatemala);86;EPA;OLO4;;-- N/A --;7481854;;7003;21709;;COLON, PANAMA;CIUDAD DE GUATEMALA, GUATEMALA;28833.75;;;0;0;0;0;;;;;0.00;;GLOBALOR LTD (Dropship GT);;2025-11-20 00:00:00;;;;;;false;;;;;;;;;;;;;;;;;;;;;;;false;;;
18359;1;4107547;draft;6148.56;pending;2025-11-20;USD;EXW;;;;;6148.56;;6148.56;;;;;0.00;0.00;0;;;;;;;;;;;;;;;;;;;;;;;;;;;;;;;;2026-03-19 15:20:50;2026-03-19 15:20:50;5;;628;;;;"""[\""Standard\""]""";0.00;0.00;0.00;;;false;;;false;;GL-ELSALVADOR-02;;;;;false;false;false;false;false;false;false;false;false;;;2025-12-31 00:00:00;2025-12-31 00:00:00;;;;;;;;;2026-02-24 00:00:00;;EXW;;PEDIDO COMPRA;;;;;Directo SV - FERRETERIA EPA, S.A. DE C.V.;86;EPA;OLO4;;-- N/A --;7481863;;7005;21670;;COLON, PANAMA;SAN SALVADOR, EL SALVADOR;6148.56;;;0;0;0;0;;;;;0.00;;GLOBALOR LTD (Dropship SV);;2025-11-20 00:00:00;;;;;;false;;;;;;;;;;;;;;;;;;;;;;;false;;;
18360;1;4107548;draft;3568.04;pending;2025-11-20;USD;EXW;;;;;3568.04;;3568.04;;;;;0.00;0.00;0;;;;;;;;;;;;;;;;;;;;;;;;;;;;;;;;2026-03-19 15:20:50;2026-03-19 15:20:50;2;;628;;;;"""[\""Standard\""]""";0.00;0.00;0.00;;;false;;;false;;GL-VENEZUELA-02;;;;;false;false;false;false;false;false;false;false;false;;;2025-12-31 00:00:00;2025-12-31 00:00:00;;;;;;;;;;;EXW;;PEDIDO COMPRA;;;;;ZF - FERRETERIA EPA, C.A.;86;EPA;OLO4;;;7478777;;7035;;;COLON, PANAMA;VALENCIA, VENEZUELA;3568.04;;;0;0;0;0;;;;;0.00;;GLOBALOR LTD (ZF);;2025-11-20 00:00:00;;;;;;false;;;;;;;;;;;;;;;;;;;;;;;false;;;
18361;1;4107549;draft;6329.60;pending;2025-11-20;USD;EXW;;;;;6329.60;;6329.60;;;;;0.00;0.00;0;;;;;;;;;;;;;;;;;;;;;;;;;;;;;;;;2026-03-19 15:20:50;2026-03-19 15:20:50;5;;628;;;;"""[\""Standard\""]""";0.00;0.00;0.00;;;false;;;false;;GL-COSTARICA-06-PTY;;;;;false;false;false;false;false;false;false;false;false;;;2025-11-30 00:00:00;2025-11-30 00:00:00;;;;;;;;;2026-02-19 00:00:00;;EXW;;PEDIDO COMPRA;;;;;Directo CR - FERRETERIA EPA, S.A.;86;EPA;OLO4;;-- N/A --;7481860;;6981;21654;;COLON, PANAMA;SAN JOSE, COSTA RICA;6329.60;;;0;0;0;0;;;;;0.00;;GLOBALOR LTD (Dropship CR);;2025-11-20 00:00:00;;;;;;false;;;;;;;;;;;;;;;;;;;;;;;false;;;
18362;1;4107550;draft;1599.60;pending;2025-11-20;USD;EXW;;;;;1599.60;;1599.60;;;;;0.00;0.00;0;;;;;;;;;;;;;;;;;;;;;;;;;;;;;;;;2026-03-19 15:20:50;2026-03-19 15:20:50;5;;628;;;;"""[\""Standard\""]""";0.00;0.00;0.00;;;false;;;false;;GL-GUATEMALA-04-PTY;;;;;false;false;false;false;false;false;false;false;false;;;2025-11-30 00:00:00;2025-11-30 00:00:00;;;;;;;;;2026-02-24 00:00:00;;EXW;;PEDIDO COMPRA;;;;;Directo GT - FERRETERIA EPA, S.A. (Guatemala);86;EPA;OLO4;;-- N/A --;7478776;;7004;21669;;COLON, PANAMA;CIUDAD DE GUATEMALA, GUATEMALA;1599.60;;;0;0;0;0;;;;;0.00;;GLOBALOR LTD (Dropship GT);;2025-11-20 00:00:00;;;;;;false;;;;;;;;;;;;;;;;;;;;;;;false;;;
18363;1;4107551;draft;37502.17;pending;2025-11-20;USD;FCA;;;;;37502.17;;37502.17;;;;;0.00;0.00;0;;;;;;;;;;;;;;;;;;;;;;;;;;;;;;;;2026-03-19 15:20:50;2026-03-19 15:20:50;5;;628;;;;"""[\""Standard\""]""";0.00;0.00;0.00;;;false;;;false;;GL-COSTARICA-05;;;;;false;false;false;false;false;false;false;false;false;;;2025-12-31 00:00:00;2025-12-31 00:00:00;;;;;;;;;;;FOB;FOB;PEDIDO COMPRA;;;;;ZF - OVERSEAS LOGISTICS OPERATIONS;86;EPA;OLO4;;;;;;;;HAMBURGO, GERMANY;SAN JOSE, COSTA RICA;;;;0;0;0;0;;;;;0.00;;GLOBALOR LTD (ZF);;2025-11-20 00:00:00;;;;;;false;;;;;;;;;;;;;;;;;;;;;;;false;;;
18364;1;4107553;draft;11073.90;pending;2025-11-20;USD;FCA;;;;;11073.90;;11073.90;;;;;0.00;0.00;0;;;;;;;;;;;;;;;;;;;;;;;;;;;;;;;;2026-03-19 15:20:50;2026-03-19 15:20:50;5;;628;;;;"""[\""Standard\""]""";0.00;0.00;0.00;;;false;;;false;;GL-ELSALVADOR-03;;;;;false;false;false;false;false;false;false;true;false;;;2025-12-31 00:00:00;2025-12-31 00:00:00;;;;;;;;;;;FOB;FOB;PEDIDO COMPRA;;;;;ZF - OVERSEAS LOGISTICS OPERATIONS;86;EPA;OLO4;;;;;;;;HAMBURGO, GERMANY;SAN JOSE, COSTA RICA;;;;0;0;0;0;;;;;0.00;;GLOBALOR LTD (ZF);;2025-11-20 00:00:00;;;;;;false;;;;;;;;;;;;;;;;;;;;;;;false;;;
18365;1;4107555;draft;10220.65;pending;2025-11-20;USD;FCA;;;;;10220.65;;10220.65;;;;;0.00;0.00;0;;;;;;;;;;;;;;;;;;;;;;;;;;;;;;;;2026-03-19 15:20:50;2026-03-19 15:20:50;5;;628;;;;"""[\""Standard\""]""";0.00;0.00;0.00;;;false;;;false;;GL-COSTARICA-07-EAG;;;;;false;false;false;false;false;false;false;false;false;;;2025-11-30 00:00:00;2025-11-30 00:00:00;;;;;;;;;;;FOB;FOB;PEDIDO COMPRA;;;;;ZF - OVERSEAS LOGISTICS OPERATIONS;86;EPA;OLO4;;;;;;;;HAMBURGO, GERMANY;SAN JOSE, COSTA RICA;;;;0;0;0;0;;;;;0.00;;GLOBALOR LTD (ZF);;2025-11-20 00:00:00;;;;;;false;;;;;;;;;;;;;;;;;;;;;;;false;;;
18366;1;4107557;draft;6464.76;pending;2025-11-20;USD;FCA;;;;;6464.76;;6464.76;;;;;0.00;0.00;0;;;;;;;;;;;;;;;;;;;;;;;;;;;;;;;;2026-03-19 15:20:50;2026-03-19 15:20:50;5;;628;;;;"""[\""Standard\""]""";0.00;0.00;0.00;;;false;;;false;;GL-ELSALVADOR-04-EAG;;;;;false;false;false;false;false;false;false;true;false;;;2025-11-30 00:00:00;2025-11-30 00:00:00;;;;;;;;;;;FOB;FOB;PEDIDO COMPRA;;;;;ZF - OVERSEAS LOGISTICS OPERATIONS;86;EPA;OLO4;;;;;;;;HAMBURGO, GERMANY;SAN JOSE, COSTA RICA;;;;0;0;0;0;;;;;0.00;;GLOBALOR LTD (ZF);;2025-11-20 00:00:00;;;;;;false;;;;;;;;;;;;;;;;;;;;;;;false;;;
18367;1;4107561;draft;72659.22;pending;2025-11-21;USD;FOB;;;;;72659.22;;72659.22;;;;;0.00;0.00;0;;;;;;;;;;;;;;;;;;;;;;;;;;;;;;;;2026-03-19 15:20:50;2026-03-19 15:20:50;5;;653;;;;"""[\""Standard\""]""";0.00;0.00;0.00;;;false;;;false;;Proforma Invoice #51;;;;;false;false;false;false;false;false;false;false;false;;;2025-11-22 00:00:00;2025-11-22 00:00:00;;;;;;;;;2025-11-21 00:00:00;;FOB;FOB;PEDIDO COMPRA;;;;;Directo CR - FERRETERIA EPA, S.A.;88;EPA;OLO4;;-- N/A --;8412;;6764;21368;;BUENAVENTURA, COLOMBIA;LIMON, COSTA RICA;72659.22;;;0;0;0;0;;;;;0.00;;GLOBALOR LTD (Dropship CR);;2025-11-21 00:00:00;;;;;;false;;;;;;;;;;;;;;;;;;;;;;;false;;;
18368;1;4107562;draft;10066.18;pending;2025-11-24;USD;FOB;;;;;10066.18;;10066.18;;;;;0.00;0.00;0;;;;;;;;;;;;;;;;;;;;;;;;;;;;;;;;2026-03-19 15:20:50;2026-03-19 15:20:50;5;;649;;;;"""[\""Standard\""]""";0.00;0.00;0.00;;;false;;;false;;Po:25FX1117PA/009(A);;;;;false;false;true;false;false;false;false;false;false;;;2025-12-24 00:00:00;2025-12-24 00:00:00;;;;;;;;;2026-02-06 00:00:00;;FOB;FOB;CNY;;;;;Directo CR - FERRETERIA EPA, S.A.;81;EPA;OLO4;;-- N/A --;F26031;;6964;21604;;QINGDAO, CHINA;SAN JOSE, COSTA RICA;10066.18;;;0;0;0;0;;;;;0.00;;GLOBALOR LTD (Dropship CR);;2025-11-24 00:00:00;;;;;;false;;;;;;;;;;;;;;;;;;;;;;;false;;;
18369;1;4107563;draft;12825.05;pending;2025-11-24;USD;FOB;;;;;12825.05;;12825.05;;;;;0.00;0.00;0;;;;;;;;;;;;;;;;;;;;;;;;;;;;;;;;2026-03-19 15:20:50;2026-03-19 15:20:50;5;;649;;;;"""[\""Standard\""]""";0.00;0.00;0.00;;;false;;;false;;Po:25FX1117/EPA/009(B);;;;;false;false;true;false;false;false;false;false;false;;;2025-12-24 00:00:00;2025-12-24 00:00:00;;;;;;;;;2026-02-10 00:00:00;;FOB;FOB;CNY;;;;;Directo CR - FERRETERIA EPA, S.A.;81;EPA;OLO4;;-- N/A --;FF26032;;6972;21626;;QINGDAO, CHINA;SAN JOSE, COSTA RICA;12825.05;;;0;0;0;0;;;;;0.00;;GLOBALOR LTD (Dropship CR);;2025-11-24 00:00:00;;;;;;false;;;;;;;;;;;;;;;;;;;;;;;false;;;
18370;1;4107564;draft;13490.30;pending;2025-11-24;USD;FOB;;;;;13490.30;;13490.30;;;;;0.00;0.00;0;;;;;;;;;;;;;;;;;;;;;;;;;;;;;;;;2026-03-19 15:20:50;2026-03-19 15:20:50;5;;649;;;;"""[\""Standard\""]""";0.00;0.00;0.00;;;false;;;false;;Po:25FX1117/EPA/009(C);;;;;false;false;true;false;false;false;false;false;false;;;2025-12-24 00:00:00;2025-12-24 00:00:00;;;;;;;;;2026-02-10 00:00:00;;FOB;FOB;CNY;;;;;Directo CR - FERRETERIA EPA, S.A.;81;EPA;OLO4;;-- N/A --;FF26033;;6973;21627;;QINGDAO, CHINA;SAN JOSE, COSTA RICA;13490.30;;;0;0;0;0;;;;;0.00;;GLOBALOR LTD (Dropship CR);;2025-11-24 00:00:00;;;;;;false;;;;;;;;;;;;;;;;;;;;;;;false;;;
18371;1;4107565;draft;16023.70;pending;2025-11-24;USD;FOB;;;;;16023.70;;16023.70;;;;;0.00;0.00;0;;;;;;;;;;;;;;;;;;;;;;;;;;;;;;;;2026-03-19 15:20:50;2026-03-19 15:20:50;5;;649;;;;"""[\""Standard\""]""";0.00;0.00;0.00;;;false;;;false;;Po:25FX1117/EPA/010(A);;;;;false;false;false;false;false;false;false;false;false;;;2025-12-24 00:00:00;2025-12-24 00:00:00;;;;;;;;;2026-02-04 00:00:00;;FOB;FOB;CNY;;;;;Directo GT - FERRETERIA EPA, S.A. (Guatemala);81;EPA;OLO4;;-- N/A --;FF26034;;6949;21590;;QINGDAO, CHINA;SANTO TOMAS DE CASTILLA, GUATEMALA;16023.70;;;0;0;0;0;;;;;0.00;;GLOBALOR LTD (Dropship GT);;2025-11-24 00:00:00;;;;;;false;;;;;;;;;;;;;;;;;;;;;;;false;;;
18372;1;4107566;draft;8174.24;pending;2025-11-24;USD;FOB;;;;;8174.24;;8174.24;;;;;0.00;0.00;0;;;;;;;;;;;;;;;;;;;;;;;;;;;;;;;;2026-03-19 15:20:50;2026-03-19 15:20:50;5;;649;;;;"""[\""Standard\""]""";0.00;0.00;0.00;;;false;;;false;;Po:25FX1117/EPA/010(B);;;;;false;false;false;false;false;false;false;false;false;;;2025-12-24 00:00:00;2025-12-24 00:00:00;;;;;;;;;2026-02-04 00:00:00;;FOB;FOB;CNY;;;;;Directo GT - FERRETERIA EPA, S.A. (Guatemala);81;EPA;OLO4;;-- N/A --;FF26035;;6950;21588;;QINGDAO, CHINA;SANTO TOMAS DE CASTILLA, GUATEMALA;8174.24;;;0;0;0;0;;;;;0.00;;GLOBALOR LTD (Dropship GT);;2025-11-24 00:00:00;;;;;;false;;;;;;;;;;;;;;;;;;;;;;;false;;;
18373;1;4107567;draft;15716.80;pending;2025-11-24;USD;FOB;;;;;15716.80;;15716.80;;;;;0.00;0.00;0;;;;;;;;;;;;;;;;;;;;;;;;;;;;;;;;2026-03-19 15:20:50;2026-03-19 15:20:50;5;;649;;;;"""[\""Standard\""]""";0.00;0.00;0.00;;;false;;;false;;Po:25FX1117/EPA/010©;;;;;false;false;false;false;false;false;false;false;false;;;2025-12-24 00:00:00;2025-12-24 00:00:00;;;;;;;;;2026-02-04 00:00:00;;FOB;FOB;CNY;;;;;Directo GT - FERRETERIA EPA, S.A. (Guatemala);81;EPA;OLO4;;-- N/A --;4107567;;6951;21591;;QINGDAO, CHINA;SANTO TOMAS DE CASTILLA, GUATEMALA;15716.80;;;0;0;0;0;;;;;0.00;;GLOBALOR LTD (Dropship GT);;2025-11-24 00:00:00;;;;;;false;;;;;;;;;;;;;;;;;;;;;;;false;;;
18374;1;4107568;draft;11001.50;pending;2025-11-24;USD;FOB;;;;;11001.50;;11001.50;;;;;0.00;0.00;0;;;;;;;;;;;;;;;;;;;;;;;;;;;;;;;;2026-03-19 15:20:50;2026-03-19 15:20:50;5;;649;;;;"""[\""Standard\""]""";0.00;0.00;0.00;;;false;;;false;;Po:25FX1117/EPA/010©;;;;;false;false;false;false;false;false;false;false;false;;;2025-12-24 00:00:00;2025-12-24 00:00:00;;;;;;;;;2026-02-19 00:00:00;;FOB;FOB;CNY;;;;;Directo GT - FERRETERIA EPA, S.A. (Guatemala);81;EPA;OLO4;;-- N/A --;FF26037;;6990;21650;;QINGDAO, CHINA;SANTO TOMAS DE CASTILLA, GUATEMALA;11001.50;;;0;0;0;0;;;;;0.00;;GLOBALOR LTD (Dropship GT);;2025-11-24 00:00:00;;;;;;false;;;;;;;;;;;;;;;;;;;;;;;false;;;
18375;1;4107569;draft;12453.60;pending;2025-11-24;USD;FOB;;;;;12453.60;;12453.60;;;;;0.00;0.00;0;;;;;;;;;;;;;;;;;;;;;;;;;;;;;;;;2026-03-19 15:20:50;2026-03-19 15:20:50;5;;649;;;;"""[\""Standard\""]""";0.00;0.00;0.00;;;false;;;false;;Po:25FX1117/EPA/010;;;;;false;false;false;false;false;false;false;false;false;;;2025-12-24 00:00:00;2025-12-24 00:00:00;;;;;;;;;2026-02-04 00:00:00;;FOB;FOB;CNY;;;;;Directo GT - FERRETERIA EPA, S.A. (Guatemala);81;EPA;OLO4;;-- N/A --;FF26038;;6952;21592;;QINGDAO, CHINA;SANTO TOMAS DE CASTILLA, GUATEMALA;12453.60;;;0;0;0;0;;;;;0.00;;GLOBALOR LTD (Dropship GT);;2025-11-24 00:00:00;;;;;;false;;;;;;;;;;;;;;;;;;;;;;;false;;;
18376;1;4107570;draft;15104.95;pending;2025-11-24;USD;FOB;;;;;15104.95;;15104.95;;;;;0.00;0.00;0;;;;;;;;;;;;;;;;;;;;;;;;;;;;;;;;2026-03-19 15:20:50;2026-03-19 15:20:50;5;;649;;;;"""[\""Standard\""]""";0.00;0.00;0.00;;;false;;;false;;Po:25FX1117/EPA/011(A);;;;;false;false;false;false;false;false;false;false;false;;;2025-12-24 00:00:00;2025-12-24 00:00:00;;;;;;;;;2026-02-04 00:00:00;;FOB;FOB;CNY;;;;;Directo SV - FERRETERIA EPA, S.A. DE C.V.;81;EPA;OLO4;;-- N/A --;FF26039;;6953;21593;;QINGDAO, CHINA;ACAJUTLA, EL SALVADOR;15104.95;;;0;0;0;0;;;;;0.00;;GLOBALOR LTD (Dropship SV);;2025-11-24 00:00:00;;;;;;false;;;;;;;;;;;;;;;;;;;;;;;false;;;
18377;1;4107571;draft;14044.80;pending;2025-11-24;USD;FOB;;;;;14044.80;;14044.80;;;;;0.00;0.00;0;;;;;;;;;;;;;;;;;;;;;;;;;;;;;;;;2026-03-19 15:20:50;2026-03-19 15:20:50;5;;649;;;;"""[\""Standard\""]""";0.00;0.00;0.00;;;false;;;false;;Po:25FX1117/EPA/011(B);;;;;false;false;false;false;false;false;false;false;false;;;2025-12-24 00:00:00;2025-12-24 00:00:00;;;;;;;;;2026-02-04 00:00:00;;FOB;FOB;CNY;;;;;Directo SV - FERRETERIA EPA, S.A. DE C.V.;81;EPA;OLO4;;-- N/A --;FF26040;;6954;21594;;QINGDAO, CHINA;ACAJUTLA, EL SALVADOR;14044.80;;;0;0;0;0;;;;;0.00;;GLOBALOR LTD (Dropship SV);;2025-11-24 00:00:00;;;;;;false;;;;;;;;;;;;;;;;;;;;;;;false;;;
18378;1;4107572;draft;6928.59;pending;2025-11-24;USD;FOB;;;;;6928.59;;6928.59;;;;;0.00;0.00;0;;;;;;;;;;;;;;;;;;;;;;;;;;;;;;;;2026-03-19 15:20:50;2026-03-19 15:20:50;5;;649;;;;"""[\""Standard\""]""";0.00;0.00;0.00;;;false;;;false;;Po:25FX1117/EPA/011©;;;;;false;false;false;false;false;false;false;false;false;;;2025-12-24 00:00:00;2025-12-24 00:00:00;;;;;;;;;2026-02-04 00:00:00;;FOB;FOB;CNY;;;;;Directo SV - FERRETERIA EPA, S.A. DE C.V.;81;EPA;OLO4;;-- N/A --;FF26041;;6955;21595;;QINGDAO, CHINA;ACAJUTLA, EL SALVADOR;6928.59;;;0;0;0;0;;;;;0.00;;GLOBALOR LTD (Dropship SV);;2025-11-24 00:00:00;;;;;;false;;;;;;;;;;;;;;;;;;;;;;;false;;;
18379;1;4107573;draft;16827.60;pending;2025-11-24;USD;FOB;;;;;16827.60;;16827.60;;;;;0.00;0.00;0;;;;;;;;;;;;;;;;;;;;;;;;;;;;;;;;2026-03-19 15:20:50;2026-03-19 15:20:50;5;;649;;;;"""[\""Standard\""]""";0.00;0.00;0.00;;;false;;;false;;Po:25FX1117/EPA/011(D);;;;;false;false;false;false;false;false;false;false;false;;;2025-12-24 00:00:00;2025-12-24 00:00:00;;;;;;;;;2026-02-06 00:00:00;;FOB;FOB;CNY;;;;;Directo SV - FERRETERIA EPA, S.A. DE C.V.;81;EPA;OLO4;;-- N/A --;FF26042;;6956;21601;;QINGDAO, CHINA;ACAJUTLA, EL SALVADOR;16827.60;;;0;0;0;0;;;;;0.00;;GLOBALOR LTD (Dropship SV);;2025-11-24 00:00:00;;;;;;false;;;;;;;;;;;;;;;;;;;;;;;false;;;
18380;1;4107574;draft;15096.00;pending;2025-11-24;USD;FOB;;;;;15096.00;;15096.00;;;;;0.00;0.00;0;;;;;;;;;;;;;;;;;;;;;;;;;;;;;;;;2026-03-19 15:20:50;2026-03-19 15:20:50;5;;649;;;;"""[\""Standard\""]""";0.00;0.00;0.00;;;false;;;false;;Po:25FX1117/EPA/011;;;;;false;false;false;false;false;false;false;false;false;;;2025-12-24 00:00:00;2025-12-24 00:00:00;;;;;;;;;2026-02-06 00:00:00;;FOB;FOB;CNY;;;;;Directo SV - FERRETERIA EPA, S.A. DE C.V.;81;EPA;OLO4;;-- N/A --;FF26043;;6957;21602;;QINGDAO, CHINA;ACAJUTLA, EL SALVADOR;15096.00;;;0;0;0;0;;;;;0.00;;GLOBALOR LTD (Dropship SV);;2025-11-24 00:00:00;;;;;;false;;;;;;;;;;;;;;;;;;;;;;;false;;;
18381;1;4107575;draft;13962.30;pending;2025-11-24;USD;FOB;;;;;13962.30;;13962.30;;;;;0.00;0.00;0;;;;;;;;;;;;;;;;;;;;;;;;;;;;;;;;2026-03-19 15:20:51;2026-03-19 15:20:51;5;;649;;;;"""[\""Standard\""]""";0.00;0.00;0.00;;;false;;;false;;Po:25FX1117/EPA/011(F);;;;;false;false;false;false;false;false;false;false;false;;;2025-12-24 00:00:00;2025-12-24 00:00:00;;;;;;;;;2026-02-06 00:00:00;;FOB;FOB;CNY;;;;;Directo SV - FERRETERIA EPA, S.A. DE C.V.;81;EPA;OLO4;;-- N/A --;FF26044;;6958;21603;;QINGDAO, CHINA;ACAJUTLA, EL SALVADOR;13962.30;;;0;0;0;0;;;;;0.00;;GLOBALOR LTD (Dropship SV);;2025-11-24 00:00:00;;;;;;false;;;;;;;;;;;;;;;;;;;;;;;false;;;
18382;1;4107576;draft;15558.30;pending;2025-11-24;USD;FOB;;;;;15558.30;;15558.30;;;;;0.00;0.00;0;;;;;;;;;;;;;;;;;;;;;;;;;;;;;;;;2026-03-19 15:20:51;2026-03-19 15:20:51;5;;649;;;;"""[\""Standard\""]""";0.00;0.00;0.00;;;false;;;false;;Po:25FX1117 PA/012(A);;;;;false;false;false;false;false;false;false;false;false;;;2025-12-24 00:00:00;2025-12-24 00:00:00;;;;;;;;;2026-02-25 00:00:00;;CIF;FOB;CNY;;;;;Directo VE - FERRETERIA EPA, C.A.;81;EPA;OLO4;;-- N/A --;FF26045;;7008;21672;;QINGDAO, CHINA;PUERTO CABELLO, VENEZUELA;15558.30;;;0;0;0;0;;;;;0.00;;GLOBALOR LTD (Drop Ship EPA VE);;2025-11-24 00:00:00;;;;;;false;;;;;;;;;;;;;;;;;;;;;;;false;;;
18383;1;4107577;draft;14944.80;pending;2025-11-24;USD;FOB;;;;;14944.80;;14944.80;;;;;0.00;0.00;0;;;;;;;;;;;;;;;;;;;;;;;;;;;;;;;;2026-03-19 15:20:51;2026-03-19 15:20:51;5;;649;;;;"""[\""Standard\""]""";0.00;0.00;0.00;;;false;;;false;;Po:25FX1117PA/012o);;;;;false;false;false;false;false;false;false;false;false;;;2025-12-24 00:00:00;2025-12-24 00:00:00;;;;;;;;;2026-03-06 00:00:00;;CIF;FOB;CNY;;;;;Directo VE - FERRETERIA EPA, C.A.;81;EPA;OLO4;;-- N/A --;FF26046;;7033;21700;;QINGDAO, CHINA;PUERTO CABELLO, VENEZUELA;14944.80;;;0;0;0;0;;;;;0.00;;GLOBALOR LTD (Drop Ship EPA VE);;2025-11-24 00:00:00;;;;;;false;;;;;;;;;;;;;;;;;;;;;;;false;;;
18384;1;4107579;draft;15745.40;pending;2025-12-09;USD;FOB;;;;;15745.40;;15745.40;;;;;0.00;0.00;0;;;;;;;;;;;;;;;;;;;;;;;;;;;;;;;;2026-03-19 15:20:51;2026-03-19 15:20:51;5;;629;;;;"""[\""Standard\""]""";0.00;0.00;0.00;;;false;;;false;;SOGLO2514;;;;;false;false;true;false;false;false;false;false;false;;;2026-01-20 00:00:00;2026-01-20 00:00:00;;;;;;;;;2026-01-29 00:00:00;;FOB;FOB;PEDIDO COMPRA;;;;;Directo CR - FERRETERIA EPA, S.A.;84;EPA;OLO4;;-- N/A --;CI26010032-1;;6938;21576;;NINGBO, CHINA;CALDERA, COSTA RICA;15745.40;;;0;0;0;0;;;;;0.00;;GLOBALOR LTD (Dropship CR);;2025-12-09 00:00:00;;;;;;false;;;;;;;;;;;;;;;;;;;;;;;false;;;
18385;1;4107580;draft;39914.10;pending;2025-12-09;USD;FOB;;;;;39914.10;;39914.10;;;;;0.00;0.00;0;;;;;;;;;;;;;;;;;;;;;;;;;;;;;;;;2026-03-19 15:20:51;2026-03-19 15:20:51;6;;629;;;;"""[\""Standard\""]""";0.00;0.00;0.00;;;false;;;false;;SOGLO2514;;;;;false;false;false;false;false;false;false;false;false;;;2026-01-20 00:00:00;2026-01-20 00:00:00;;;;;;;;;;;FOB;FOB;PEDIDO COMPRA;;;;;ZF - OVERSEAS LOGISTICS OPERATIONS;84;EPA;OLO4;;;CI26010032-2;;6947;;;NINGBO, CHINA;CALDERA, COSTA RICA;39914.00;;;0;0;0;0;;;;;0.00;;GLOBALOR LTD (ZF);;2025-12-09 00:00:00;;;;;;false;;;;;;;;;;;;;;;;;;;;;;;false;;;
18386;1;4107582;draft;82596.88;pending;2025-11-25;USD;FOB;;;;;82596.88;;82596.88;;;;;0.00;0.00;0;;;;;;;;;;;;;;;;;;;;;;;;;;;;;;;;2026-03-19 15:20:51;2026-03-19 15:20:51;5;;654;;;;"""[\""Standard\""]""";0.00;0.00;0.00;;;false;;;false;;Costa Rica;;;;;false;false;false;false;false;false;false;true;false;;;2025-12-15 00:00:00;2025-12-15 00:00:00;;;;;;;;;;;FOB;FOB;PEDIDO COMPRA;;;;;Directo CR - FERRETERIA EPA, S.A.;86;EPA;OLO4;;;;;;;;NINGBO, CHINA;CALDERA, COSTA RICA;;;;0;0;0;0;;;;;0.00;;GLOBALOR LTD (Dropship CR);;2025-11-25 00:00:00;;;;;;false;;;;;;;;;;;;;;;;;;;;;;;false;;;
18387;1;4107583;draft;76161.84;pending;2025-11-25;USD;FOB;;;;;76161.84;;76161.84;;;;;0.00;0.00;0;;;;;;;;;;;;;;;;;;;;;;;;;;;;;;;;2026-03-19 15:20:51;2026-03-19 15:20:51;5;;654;;;;"""[\""Standard\""]""";0.00;0.00;0.00;;;false;;;false;;GUATEMALA;;;;;false;false;false;false;false;false;false;true;false;;;2025-12-15 00:00:00;2025-12-15 00:00:00;;;;;;;;;;;FOB;FOB;PEDIDO COMPRA;;;;;ZF - FERRETERIA EPA, S.A. (Guatemala);86;EPA;OLO4;;;;;;;;NINGBO, CHINA;QUETZAL, GUATEMALA;;;;0;0;0;0;;;;;0.00;;GLOBALOR LTD (ZF);;2025-11-25 00:00:00;;;;;;false;;;;;;;;;;;;;;;;;;;;;;;false;;;
18388;1;4107584;draft;73741.74;pending;2025-11-25;USD;FOB;;;;;73741.74;;73741.74;;;;;0.00;0.00;0;;;;;;;;;;;;;;;;;;;;;;;;;;;;;;;;2026-03-19 15:20:51;2026-03-19 15:20:51;5;;654;;;;"""[\""Standard\""]""";0.00;0.00;0.00;;;false;;;false;;El Salvador;;;;;false;false;false;false;false;false;false;true;false;;;2025-12-15 00:00:00;2025-12-15 00:00:00;;;;;;;;;;;FOB;FOB;PEDIDO COMPRA;;;;;Directo SV - FERRETERIA EPA, S.A. DE C.V.;86;EPA;OLO4;;;;;;;;NINGBO, CHINA;ACAJUTLA, EL SALVADOR;;;;0;0;0;0;;;;;0.00;;GLOBALOR LTD (Dropship SV);;2025-11-25 00:00:00;;;;;;false;;;;;;;;;;;;;;;;;;;;;;;false;;;
18389;1;4107585;draft;77938.60;pending;2025-11-25;USD;FOB;;;;;77938.60;;77938.60;;;;;0.00;0.00;0;;;;;;;;;;;;;;;;;;;;;;;;;;;;;;;;2026-03-19 15:20:51;2026-03-19 15:20:51;5;;654;;;;"""[\""Standard\""]""";0.00;0.00;0.00;;;false;;;false;;VENEZUELA;;;;;false;false;false;false;false;false;false;true;false;;;2025-12-15 00:00:00;2025-12-15 00:00:00;;;;;;;;;;;FOB;FOB;PEDIDO COMPRA;;;;;ZF - FERRETERIA EPA, C.A.;86;EPA;OLO4;;;;;;;;NINGBO, CHINA;PUERTO CABELLO, VENEZUELA;;;;0;0;0;0;;;;;0.00;;GLOBALOR LTD (ZF);;2025-11-25 00:00:00;;;;;;false;;;;;;;;;;;;;;;;;;;;;;;false;;;
18390;1;4107586;draft;14659.48;pending;2025-11-26;EUR;;;;;;14659.48;;14659.48;;;;;0.00;0.00;0;;;;;;;;;;;;;;;;;;;;;;;;;;;;;;;;2026-03-19 15:20:51;2026-03-19 15:20:51;5;;648;;;;"""[\""Standard\""]""";0.00;0.00;0.00;;;false;;;false;;;;;;;false;false;false;false;false;false;false;false;false;;;2025-12-05 00:00:00;2025-12-05 00:00:00;;;;;;;;;2025-11-26 00:00:00;;;;C/ FACTURA;;;;;;71;EPA;OLO4;;-- N/A --;1465948;;6775;21379;;VALENCIA, SPAIN;LIMON, COSTA RICA;14659.48;;;0;0;0;0;;;;;0.00;;;;2025-11-26 00:00:00;;;;;;false;;;;;;;;;;;;;;;;;;;;;;;false;;;
18391;1;4107592;draft;11778.32;pending;2025-11-27;EUR;CFR;;;;;11778.32;;11778.32;;;;;0.00;0.00;0;;;;;;;;;;;;;;;;;;;;;;;;;;;;;;;;2026-03-19 15:20:51;2026-03-19 15:20:51;5;;648;;;;"""[\""Standard\""]""";0.00;0.00;0.00;;;false;;;false;;Uso Interno - Sustituye 4104095;;;;;false;false;false;false;false;false;false;false;false;;;2025-12-26 00:00:00;2025-12-26 00:00:00;;;;;;;;;2025-11-28 00:00:00;;CFR;CFR;C/ FACTURA;;;;;Directo CR - FERRETERIA EPA, S.A.;81;EPA;OLO4;;-- N/A --;277988-;;6789;21392;;VALENCIA, SPAIN;LIMON, COSTA RICA;11778.32;;;0;0;0;0;;;;;0.00;;GLOBALOR LTD (Dropship CR);;2025-11-27 00:00:00;;;;;;false;;;;;;;;;;;;;;;;;;;;;;;false;;;
18392;1;4107603;draft;10434.34;pending;2025-12-03;USD;EXW;;;;;10434.34;;10434.34;;;;;0.00;0.00;0;;;;;;;;;;;;;;;;;;;;;;;;;;;;;;;;2026-03-19 15:20:51;2026-03-19 15:20:51;5;;655;;;;"""[\""Standard\""]""";0.00;0.00;0.00;;;false;;;false;;Noviembre;;;;;false;false;false;false;false;false;false;false;false;;;2025-12-15 00:00:00;2025-12-15 00:00:00;;;;;;;;;;;FOB;FOB;PEDIDO COMPRA;;;;;ZF - OVERSEAS LOGISTICS OPERATIONS;86;EPA;OLO4;;;AR-25067826;;7014;;;STUHR, GERMANY;MOÍN, COSTA RICA;10437.39;;;0;0;0;0;;;;;0.00;;GLOBALOR LTD (ZF);;2025-12-03 00:00:00;;;;;;false;;;;;;;;;;;;;;;;;;;;;;;false;;;
18393;1;4107604;draft;17020.77;pending;2025-12-03;USD;FOB;;;;;17020.77;;17020.77;;;;;0.00;0.00;0;;;;;;;;;;;;;;;;;;;;;;;;;;;;;;;;2026-03-19 15:20:51;2026-03-19 15:20:51;10;;656;;;;"""[\""Standard\""]""";0.00;0.00;0.00;;;false;;;false;;Factura Proforma 1202025 - CR;;;;;false;false;false;false;false;false;false;false;false;;;2026-01-09 00:00:00;2026-01-09 00:00:00;;;;;;;;;2026-02-17 00:00:00;;FOB;FOB;PEDIDO COMPRA;;;;;Directo CR - FERRETERIA EPA, S.A.;88;EPA;OLO4;;-- N/A --;1202025;;6983;21639;;RIO GRANDE, BRAZIL;MOÍN, COSTA RICA;17020.77;;;0;0;0;0;;;;;0.00;;GLOBALOR LTD (Dropship CR);;2025-12-03 00:00:00;;;;;;false;;;;;;;;;;;;;;;;;;;;;;;false;;;
18394;1;4107605;draft;34413.12;pending;2025-12-03;USD;FOB;;;;;34413.12;;34413.12;;;;;0.00;0.00;0;;;;;;;;;;;;;;;;;;;;;;;;;;;;;;;;2026-03-19 15:20:51;2026-03-19 15:20:51;10;;656;;;;"""[\""Standard\""]""";0.00;0.00;0.00;;;false;;;false;;Factura Proforma 1202025 - SV y GT;;;;;false;false;false;false;false;false;false;false;false;;;2026-01-09 00:00:00;2026-01-09 00:00:00;;;;;;;;;2026-03-16 00:00:00;;FOB;FOB;PEDIDO COMPRA;;;;;ZF - OVERSEAS LOGISTICS OPERATIONS;88;EPA;OLO4;;52026161430;1202025B;;6979;21717;;RIO GRANDE, BRAZIL;MOÍN, COSTA RICA;34413.12;;;0;0;0;0;;;;;0.00;;GLOBALOR LTD (ZF);;2025-12-03 00:00:00;;;;;;false;;;;;;;;;;;;;;;;;;;;;;;false;;;
18395;1;4107607;draft;38080.14;pending;2025-12-03;USD;FOB;;;;;38080.14;;38080.14;;;;;0.00;0.00;0;;;;;;;;;;;;;;;;;;;;;;;;;;;;;;;;2026-03-19 15:20:51;2026-03-19 15:20:51;5;;656;;;;"""[\""Standard\""]""";0.00;0.00;0.00;;;false;;;false;;Factura Proforma 1222025 - VZ;;;;;false;false;true;false;false;false;false;false;false;;;2026-01-30 00:00:00;2026-01-30 00:00:00;;;;;;;;;2026-03-04 00:00:00;;CIF;FOB;PEDIDO COMPRA;;;;;Directo VE - FERRETERIA EPA, C.A.;88;EPA;OLO4;;-- N/A --;1222025;;7032;21690;;RIO GRANDE, BRAZIL;PUERTO CABELLO, VENEZUELA;38080.14;;;0;0;0;0;;;;;0.00;;GLOBALOR LTD (Drop Ship EPA VE);;2025-12-03 00:00:00;;;;;;false;;;;;;;;;;;;;;;;;;;;;;;false;;;
18396;1;4107609;draft;2123.03;pending;2025-12-05;USD;FOB;;;;;2123.03;;2123.03;;;;;0.00;0.00;0;;;;;;;;;;;;;;;;;;;;;;;;;;;;;;;;2026-03-19 15:20:51;2026-03-19 15:20:51;5;;653;;;;"""[\""Standard\""]""";0.00;0.00;0.00;;;false;;;false;;PROFORMA INVOICE #56;;;;;false;false;false;false;false;false;false;false;false;;;2026-01-23 00:00:00;2026-01-23 00:00:00;;;;;;;;;2026-02-13 00:00:00;;FOB;FOB;PEDIDO COMPRA;;;;;Directo SV - FERRETERIA EPA, S.A. DE C.V.;88;EPA;OLO4;;-- N/A --;FE8809;;6976;21630;;BUENAVENTURA, COLOMBIA;ACAJUTLA, EL SALVADOR;2123.03;;;0;0;0;0;;;;;0.00;;GLOBALOR LTD (Dropship SV);;2025-12-05 00:00:00;;;;;;false;;;;;;;;;;;;;;;;;;;;;;;false;;;
18397;1;4107610;draft;486.36;pending;2025-12-05;USD;FOB;;;;;486.36;;486.36;;;;;0.00;0.00;0;;;;;;;;;;;;;;;;;;;;;;;;;;;;;;;;2026-03-19 15:20:51;2026-03-19 15:20:51;5;;653;;;;"""[\""Standard\""]""";0.00;0.00;0.00;;;false;;;false;;PROFORMA INVOICE #55;;;;;false;false;false;false;false;false;false;false;false;;;2026-01-23 00:00:00;2026-01-23 00:00:00;;;;;;;;;2026-02-24 00:00:00;;FOB;FOB;PEDIDO COMPRA;;;;;Directo GT - FERRETERIA EPA, S.A. (Guatemala);88;EPA;OLO4;;-- N/A --;8810;;7001;21666;;BUENAVENTURA, COLOMBIA;CIUDAD DE GUATEMALA, GUATEMALA;486.36;;;0;0;0;0;;;;;0.00;;GLOBALOR LTD (Dropship GT);;2025-12-05 00:00:00;;;;;;false;;;;;;;;;;;;;;;;;;;;;;;false;;;
18398;1;4107615;draft;12733.86;pending;2025-12-08;USD;FOB;;;;;12733.86;;12733.86;;;;;0.00;0.00;0;;;;;;;;;;;;;;;;;;;;;;;;;;;;;;;;2026-03-19 15:20:51;2026-03-19 15:20:51;5;;657;;;;"""[\""Standard\""]""";0.00;0.00;0.00;;;false;;;false;;zf1;;;;;false;false;false;false;false;false;false;true;false;;;2025-12-17 00:00:00;2025-12-17 00:00:00;;;;;;;;;;;FOB;FOB;PEDIDO COMPRA;;;;;ZF - OVERSEAS LOGISTICS OPERATIONS;89;EPA;OLO4;;;;;;;;RIO GRANDE, BRAZIL;CALDERA, COSTA RICA;;;;0;0;0;0;;;;;0.00;;GLOBALOR LTD (ZF);;2025-12-08 00:00:00;;;;;;false;;;;;;;;;;;;;;;;;;;;;;;false;;;
18399;1;4107616;draft;12911.58;pending;2025-12-08;USD;FOB;;;;;12911.58;;12911.58;;;;;0.00;0.00;0;;;;;;;;;;;;;;;;;;;;;;;;;;;;;;;;2026-03-19 15:20:51;2026-03-19 15:20:51;5;;657;;;;"""[\""Standard\""]""";0.00;0.00;0.00;;;false;;;false;;zf2;;;;;false;false;false;false;false;false;false;true;false;;;2025-12-17 00:00:00;2025-12-17 00:00:00;;;;;;;;;;;FOB;FOB;PEDIDO COMPRA;;;;;ZF - OVERSEAS LOGISTICS OPERATIONS;89;EPA;OLO4;;;;;;;;RIO GRANDE, BRAZIL;CALDERA, COSTA RICA;;;;0;0;0;0;;;;;0.00;;GLOBALOR LTD (ZF);;2025-12-08 00:00:00;;;;;;false;;;;;;;;;;;;;;;;;;;;;;;false;;;
18400;1;4107617;draft;17127.36;pending;2025-12-08;USD;FOB;;;;;17127.36;;17127.36;;;;;0.00;0.00;0;;;;;;;;;;;;;;;;;;;;;;;;;;;;;;;;2026-03-19 15:20:51;2026-03-19 15:20:51;5;;657;;;;"""[\""Standard\""]""";0.00;0.00;0.00;;;false;;;false;;glg;;;;;false;false;false;false;false;false;false;true;false;;;2026-01-17 00:00:00;2026-01-17 00:00:00;;;;;;;;;2026-03-13 00:00:00;;FOB;FOB;PEDIDO COMPRA;;;;;Directo GT - FERRETERIA EPA, S.A. (Guatemala);82;EPA;OLO4;;-- N/A --;87038229;;7043;21712;;RIO GRANDE, BRAZIL;QUETZAL, GUATEMALA;17127.36;;;0;0;0;0;;;;;0.00;;Globalor LTD (Zona Franca GT);;2025-12-08 00:00:00;;;;;;false;;;;;;;;;;;;;;;;;;;;;;;false;;;
18401;1;4107618;draft;16225.50;pending;2025-12-10;USD;FOB;;;;;16225.50;;16225.50;;;;;0.00;0.00;0;;;;;;;;;;;;;;;;;;;;;;;;;;;;;;;;2026-03-19 15:20:51;2026-03-19 15:20:51;5;;658;;;;"""[\""Standard\""]""";0.00;0.00;0.00;;;false;;;false;;CR #1;;;;;false;false;true;false;false;false;false;false;false;;;2025-12-23 00:00:00;2025-12-23 00:00:00;;;;;;;;;2026-02-20 00:00:00;;FOB;FOB;MIXTO;;;;;Directo CR - FERRETERIA EPA, S.A.;81;EPA;OLO4;;-- N/A --;37894;;6974;21663;;QINGDAO, CHINA;CALDERA, COSTA RICA;16225.50;;;0;0;0;0;;;;;0.00;;GLOBALOR LTD (Dropship CR);;2025-12-10 00:00:00;;;;;;false;;;;;;;;;;;;;;;;;;;;;;;false;;;
18402;1;4107620;draft;16225.50;pending;2025-12-10;USD;FOB;;;;;16225.50;;16225.50;;;;;0.00;0.00;0;;;;;;;;;;;;;;;;;;;;;;;;;;;;;;;;2026-03-19 15:20:51;2026-03-19 15:20:51;5;;658;;;;"""[\""Standard\""]""";0.00;0.00;0.00;;;false;;;false;;CR #3;;;;;false;false;true;false;false;false;false;false;false;;;2025-12-23 00:00:00;2025-12-23 00:00:00;;;;;;;;;2026-02-17 00:00:00;;FOB;FOB;MIXTO;;;;;Directo CR - FERRETERIA EPA, S.A.;81;EPA;OLO4;;-- N/A --;37896;;6984;21641;;QINGDAO, CHINA;CALDERA, COSTA RICA;16225.50;;;0;0;0;0;;;;;0.00;;GLOBALOR LTD (Dropship CR);;2025-12-10 00:00:00;;;;;;false;;;;;;;;;;;;;;;;;;;;;;;false;;;
18403;1;4107621;draft;16225.50;pending;2025-12-10;USD;FOB;;;;;16225.50;;16225.50;;;;;0.00;0.00;0;;;;;;;;;;;;;;;;;;;;;;;;;;;;;;;;2026-03-19 15:20:51;2026-03-19 15:20:51;5;;658;;;;"""[\""Standard\""]""";0.00;0.00;0.00;;;false;;;false;;CR #4;;;;;false;false;true;false;false;false;false;false;false;;;2025-12-23 00:00:00;2025-12-23 00:00:00;;;;;;;;;2026-02-17 00:00:00;;FOB;FOB;MIXTO;;;;;Directo CR - FERRETERIA EPA, S.A.;81;EPA;OLO4;;-- N/A --;37897;;6985;21642;;QINGDAO, CHINA;CALDERA, COSTA RICA;16225.50;;;0;0;0;0;;;;;0.00;;GLOBALOR LTD (Dropship CR);;2025-12-10 00:00:00;;;;;;false;;;;;;;;;;;;;;;;;;;;;;;false;;;
18404;1;4107622;draft;16175.50;pending;2025-12-10;USD;FOB;;;;;16175.50;;16175.50;;;;;0.00;0.00;0;;;;;;;;;;;;;;;;;;;;;;;;;;;;;;;;2026-03-19 15:20:51;2026-03-19 15:20:51;5;;658;;;;"""[\""Standard\""]""";0.00;0.00;0.00;;;false;;;false;;CR #5;;;;;false;false;true;false;false;false;false;false;false;;;2025-12-23 00:00:00;2025-12-23 00:00:00;;;;;;;;;2026-01-28 00:00:00;;FOB;FOB;MIXTO;;;;;Directo CR - FERRETERIA EPA, S.A.;81;EPA;OLO4;;-- N/A --;37898;;6932;21567;;QINGDAO, CHINA;CALDERA, COSTA RICA;16175.50;;;0;0;0;0;;;;;0.00;;GLOBALOR LTD (Dropship CR);;2025-12-10 00:00:00;;;;;;false;;;;;;;;;;;;;;;;;;;;;;;false;;;
18405;1;4107623;draft;18175.30;pending;2025-12-10;USD;FOB;;;;;18175.30;;18175.30;;;;;0.00;0.00;0;;;;;;;;;;;;;;;;;;;;;;;;;;;;;;;;2026-03-19 15:20:51;2026-03-19 15:20:51;5;;658;;;;"""[\""Standard\""]""";0.00;0.00;0.00;;;false;;;false;;GT #1;;;;;false;false;false;false;false;false;false;false;false;;;2025-12-23 00:00:00;2025-12-23 00:00:00;;;;;;;;;2026-01-29 00:00:00;;FOB;FOB;MIXTO;;;;;Directo GT - FERRETERIA EPA, S.A. (Guatemala);81;EPA;OLO4;;-- N/A --;37899;;6935;21571;;QINGDAO, CHINA;CIUDAD DE GUATEMALA, GUATEMALA;18175.30;;;0;0;0;0;;;;;0.00;;GLOBALOR LTD (Dropship GT);;2025-12-10 00:00:00;;;;;;false;;;;;;;;;;;;;;;;;;;;;;;false;;;
18406;1;4107624;draft;18461.15;pending;2025-12-10;USD;FOB;;;;;18461.15;;18461.15;;;;;0.00;0.00;0;;;;;;;;;;;;;;;;;;;;;;;;;;;;;;;;2026-03-19 15:20:51;2026-03-19 15:20:51;5;;658;;;;"""[\""Standard\""]""";0.00;0.00;0.00;;;false;;;false;;GT #2;;;;;false;false;false;false;false;false;false;false;false;;;2025-12-23 00:00:00;2025-12-23 00:00:00;;;;;;;;;2026-01-29 00:00:00;;FOB;FOB;CNY;;;;;Directo GT - FERRETERIA EPA, S.A. (Guatemala);81;EPA;OLO4;;-- N/A --;37900;;6937;21574;;QINGDAO, CHINA;CIUDAD DE GUATEMALA, GUATEMALA;18461.15;;;0;0;0;0;;;;;0.00;;GLOBALOR LTD (Dropship GT);;2025-12-10 00:00:00;;;;;;false;;;;;;;;;;;;;;;;;;;;;;;false;;;
18407;1;4107625;draft;18612.40;pending;2025-12-10;USD;FOB;;;;;18612.40;;18612.40;;;;;0.00;0.00;0;;;;;;;;;;;;;;;;;;;;;;;;;;;;;;;;2026-03-19 15:20:51;2026-03-19 15:20:51;5;;658;;;;"""[\""Standard\""]""";0.00;0.00;0.00;;;false;;;false;;VE #1;;;;;false;false;false;false;false;false;false;false;false;;;2025-12-23 00:00:00;2025-12-23 00:00:00;;;;;;;;;2026-03-02 00:00:00;;CIF;FOB;MIXTO;;;;;Directo VE - FERRETERIA EPA, C.A.;81;EPA;OLO4;;-- N/A --;37901;;7013;21679;;QINGDAO, CHINA;PUERTO CABELLO, VENEZUELA;18612.40;;;0;0;0;0;;;;;0.00;;GLOBALOR LTD (Drop Ship EPA VE);;2025-12-10 00:00:00;;;;;;false;;;;;;;;;;;;;;;;;;;;;;;false;;;
18408;1;4107626;draft;18534.00;pending;2025-12-10;USD;FOB;;;;;18534.00;;18534.00;;;;;0.00;0.00;0;;;;;;;;;;;;;;;;;;;;;;;;;;;;;;;;2026-03-19 15:20:51;2026-03-19 15:20:51;5;;658;;;;"""[\""Standard\""]""";0.00;0.00;0.00;;;false;;;false;;VE #2;;;;;false;false;false;false;false;false;false;false;false;;;2025-12-23 00:00:00;2025-12-23 00:00:00;;;;;;;;;2026-03-03 00:00:00;;CIF;FOB;MIXTO;;;;;Directo VE - FERRETERIA EPA, C.A.;81;EPA;OLO4;;-- N/A --;37902;;7018;21683;;QINGDAO, CHINA;PUERTO CABELLO, VENEZUELA;18534.00;;;0;0;0;0;;;;;0.00;;GLOBALOR LTD (Drop Ship EPA VE);;2025-12-10 00:00:00;;;;;;false;;;;;;;;;;;;;;;;;;;;;;;false;;;
18409;1;4107627;draft;18589.20;pending;2025-12-10;USD;FOB;;;;;18589.20;;18589.20;;;;;0.00;0.00;0;;;;;;;;;;;;;;;;;;;;;;;;;;;;;;;;2026-03-19 15:20:51;2026-03-19 15:20:51;5;;658;;;;"""[\""Standard\""]""";0.00;0.00;0.00;;;false;;;false;;VE #3;;;;;false;false;false;false;false;false;false;false;false;;;2025-12-23 00:00:00;2025-12-23 00:00:00;;;;;;;;;2026-03-02 00:00:00;;CIF;FOB;MIXTO;;;;;Directo VE - FERRETERIA EPA, C.A.;81;EPA;OLO4;;-- N/A --;37903;;7016;21681;;QINGDAO, CHINA;PUERTO CABELLO, VENEZUELA;18589.20;;;0;0;0;0;;;;;0.00;;GLOBALOR LTD (Drop Ship EPA VE);;2025-12-10 00:00:00;;;;;;false;;;;;;;;;;;;;;;;;;;;;;;false;;;
18410;1;4107628;draft;65333.44;pending;2025-12-15;USD;FOB;;;;;65333.44;;65333.44;;;;;0.00;0.00;0;;;;;;;;;;;;;;;;;;;;;;;;;;;;;;;;2026-03-19 15:20:51;2026-03-19 15:20:51;2;;659;;;;"""[\""Standard\""]""";0.00;0.00;0.00;;;false;;;false;;2614;;;;;false;false;false;false;false;false;false;false;false;;;2026-01-06 00:00:00;2026-01-06 00:00:00;;;;;;;;;;;;;PEDIDO COMPRA;;;;;ZF - OVERSEAS LOGISTICS OPERATIONS;81;EPA;OLO4;;;;;;;;BUENAVENTURA, COLOMBIA;ALAJUELA, COSTA RICA;;;;0;0;0;0;;;;;0.00;;GLOBALOR LTD (ZF);;2025-12-15 00:00:00;;;;;;false;;;;;;;;;;;;;;;;;;;;;;;false;;;
18411;1;4107630;draft;738.00;pending;2025-12-16;USD;FOB;;;;;738.00;;738.00;;;;;0.00;0.00;0;;;;;;;;;;;;;;;;;;;;;;;;;;;;;;;;2026-03-19 15:20:52;2026-03-19 15:20:52;5;;660;;;;"""[\""Standard\""]""";0.00;0.00;0.00;;;false;;;false;;PO para uso interno;;;;;false;false;false;false;false;false;false;false;false;;;2026-01-01 00:00:00;2026-01-01 00:00:00;;;;;;;;;2025-12-16 00:00:00;;FOB;CIP;C/ FACTURA;;;;;Directo GT - FERRETERIA EPA, S.A. (Guatemala);81;EPA;OLO4;;-- N/A --;10882;;6836;21447;;CARTAGENA, COLOMBIA;ACAJUTLA, EL SALVADOR;737.58;;;0;0;0;0;;;;;0.00;;GLOBALOR LTD (Dropship GT);;2025-12-16 00:00:00;;;;;;false;;;;;;;;;;;;;;;;;;;;;;;false;;;
18412;1;4107635;draft;33562.34;pending;2025-12-17;USD;FCA;;;;;33562.34;;33562.34;;;;;0.00;0.00;0;;;;;;;;;;;;;;;;;;;;;;;;;;;;;;;;2026-03-19 15:20:52;2026-03-19 15:20:52;3;;661;;;;"""[\""Standard\""]""";0.00;0.00;0.00;;;false;;;false;;PI 2374;;;;;false;false;true;false;false;false;false;true;false;;;2026-03-04 00:00:00;2026-03-04 00:00:00;;;;;;;;;;;FOB;FOB;PEDIDO COMPRA;;;;;Directo CR - FERRETERIA EPA, S.A.;84;EPA;OLO4;;;;;;;;CARTAGENA, COLOMBIA;MOÍN, COSTA RICA;;;;0;0;0;0;;;;;0.00;;GLOBALOR LTD (Dropship CR);;2025-12-17 00:00:00;;;;;;false;;;;;;;;;;;;;;;;;;;;;;;false;;;
18413;1;4107636;draft;8136.96;pending;2025-12-17;USD;FCA;;;;;8136.96;;8136.96;;;;;0.00;0.00;0;;;;;;;;;;;;;;;;;;;;;;;;;;;;;;;;2026-03-19 15:20:52;2026-03-19 15:20:52;3;;661;;;;"""[\""Standard\""]""";0.00;0.00;0.00;;;false;;;false;;PI 2376;;;;;false;false;false;false;false;false;false;true;false;;;2026-03-04 00:00:00;2026-03-04 00:00:00;;;;;;;;;;;FOB;FOB;PEDIDO COMPRA;;;;;ZF - OVERSEAS LOGISTICS OPERATIONS;84;EPA;OLO4;;;;;;;;CARTAGENA, COLOMBIA;MOÍN, COSTA RICA;;;;0;0;0;0;;;;;0.00;;GLOBALOR LTD (ZF);;2025-12-17 00:00:00;;;;;;false;;;;;;;;;;;;;;;;;;;;;;;false;;;
18414;1;4107637;draft;2871.14;pending;2025-12-17;USD;FCA;;;;;2871.14;;2871.14;;;;;0.00;0.00;0;;;;;;;;;;;;;;;;;;;;;;;;;;;;;;;;2026-03-19 15:20:52;2026-03-19 15:20:52;3;;661;;;;"""[\""Standard\""]""";0.00;0.00;0.00;;;false;;;false;;PI 2375;;;;;false;false;false;false;false;false;false;true;false;;;2026-03-04 00:00:00;2026-03-04 00:00:00;;;;;;;;;;;FOB;FOB;PEDIDO COMPRA;;;;;ZF - OVERSEAS LOGISTICS OPERATIONS;84;EPA;OLO4;;;;;;;;CARTAGENA, COLOMBIA;MOÍN, COSTA RICA;;;;0;0;0;0;;;;;0.00;;GLOBALOR LTD (ZF);;2025-12-17 00:00:00;;;;;;false;;;;;;;;;;;;;;;;;;;;;;;false;;;
18415;1;4107641;draft;5482.29;pending;2025-12-19;USD;FOB;;;;;5482.29;;5482.29;;;;;0.00;0.00;0;;;;;;;;;;;;;;;;;;;;;;;;;;;;;;;;2026-03-19 15:20:52;2026-03-19 15:20:52;5;;662;;;;"""[\""Standard\""]""";0.00;0.00;0.00;;;false;;;false;;Pedido El Salvador;;;;;false;false;false;false;false;false;false;false;false;;;2026-01-22 00:00:00;2026-01-22 00:00:00;;;;;;;;;2026-01-29 00:00:00;;FOB;FOB;PEDIDO COMPRA;;;;;Directo SV - FERRETERIA EPA, S.A. DE C.V.;81;EPA;OLO4;;-- N/A --;FVI102432;;6915;21573;;BUENAVENTURA, COLOMBIA;CIUDAD DE GUATEMALA, GUATEMALA;5482.31;;;0;0;0;0;;;;;0.00;;GLOBALOR LTD (Dropship SV);;2025-12-19 00:00:00;;;;;;false;;;;;;;;;;;;;;;;;;;;;;;false;;;
18416;1;4107642;draft;5093.75;pending;2025-12-19;USD;FOB;;;;;5093.75;;5093.75;;;;;0.00;0.00;0;;;;;;;;;;;;;;;;;;;;;;;;;;;;;;;;2026-03-19 15:20:52;2026-03-19 15:20:52;5;;662;;;;"""[\""Standard\""]""";0.00;0.00;0.00;;;false;;;false;;Pedido Guatemala;;;;;false;false;false;false;false;false;false;false;false;;;2026-01-22 00:00:00;2026-01-22 00:00:00;;;;;;;;;2026-01-29 00:00:00;;FOB;FOB;PEDIDO COMPRA;;;;;Directo GT - FERRETERIA EPA, S.A. (Guatemala);81;EPA;OLO4;;-- N/A --;FVI102433;;6914;21572;;BUENAVENTURA, COLOMBIA;CIUDAD DE GUATEMALA, GUATEMALA;5093.75;;;0;0;0;0;;;;;0.00;;GLOBALOR LTD (Dropship GT);;2025-12-19 00:00:00;;;;;;false;;;;;;;;;;;;;;;;;;;;;;;false;;;
18417;1;4107644;draft;29130.21;pending;2025-12-22;USD;CIF;;;;;29130.21;;29130.21;;;;;0.00;0.00;0;;;;;;;;;;;;;;;;;;;;;;;;;;;;;;;;2026-03-19 15:20:52;2026-03-19 15:20:52;10;;622;;;;"""[\""Standard\""]""";0.00;0.00;0.00;;;false;;;false;;Backorder de la PO 4107504;;;;;false;false;false;false;false;false;false;false;false;;;2026-01-09 00:00:00;2026-01-09 00:00:00;;;;;;;;;2026-02-04 00:00:00;;FOB;FOB;PEDIDO COMPRA;;;;;Directo SV - FERRETERIA EPA, S.A. DE C.V.;81;EPA;OLO4;;-- N/A --;913341791;;6918;21587;;YANTIAN, CHINA;ACAJUTLA, EL SALVADOR;29130.21;;;0;0;0;0;;;;;0.00;;GLOBALOR LTD (Dropship SV);;2025-12-22 00:00:00;;;;;;false;;;;;;;;;;;;;;;;;;;;;;;false;;;
18418;1;4107645;draft;30333.28;pending;2025-12-22;USD;EXW;;;;;30333.28;;30333.28;;;;;0.00;0.00;0;;;;;;;;;;;;;;;;;;;;;;;;;;;;;;;;2026-03-19 15:20:52;2026-03-19 15:20:52;3;;659;;;;"""[\""Standard\""]""";0.00;0.00;0.00;;;false;;;false;;2625;;;;;false;false;false;false;false;false;false;false;false;;;2026-01-24 00:00:00;2026-01-24 00:00:00;;;;;;;;;;;;;PEDIDO COMPRA;;;;;ZF - OVERSEAS LOGISTICS OPERATIONS;81;EPA;OLO4;;;;;;;;BUENAVENTURA, COLOMBIA;ALAJUELA, COSTA RICA;;;;0;0;0;0;;;;;0.00;;GLOBALOR LTD (ZF);;2025-12-22 00:00:00;;;;;;false;;;;;;;;;;;;;;;;;;;;;;;false;;;
18419;1;4107647;draft;17594.72;pending;2025-12-22;EUR;DAP;;;;;17594.72;;17594.72;;;;;0.00;0.00;0;;;;;;;;;;;;;;;;;;;;;;;;;;;;;;;;2026-03-19 15:20:52;2026-03-19 15:20:52;5;;663;;;;"""[\""Standard\""]""";0.00;0.00;0.00;;;false;;;false;;04112025_CR_G;;;;;false;false;true;false;false;false;false;false;false;;;2026-01-30 00:00:00;2026-01-30 00:00:00;;;;;;;;;2026-03-05 00:00:00;;CIF;CIF;PEDIDO COMPRA;;;;;Directo CR - FERRETERIA EPA, S.A.;82;EPA;OLO4;;-- N/A --;2345322;;7025;21696;;FRANKFURT, GERMANY;LIMON, COSTA RICA;17594.72;;;0;0;0;0;;;;;0.00;;GLOBALOR LTD (Dropship CR);;2025-12-22 00:00:00;;;;;;false;;;;;;;;;;;;;;;;;;;;;;;false;;;
18420;1;4107648;draft;21811.60;pending;2025-12-22;EUR;FOB;;;;;21811.60;;21811.60;;;;;0.00;0.00;0;;;;;;;;;;;;;;;;;;;;;;;;;;;;;;;;2026-03-19 15:20:52;2026-03-19 15:20:52;5;;663;;;;"""[\""Standard\""]""";0.00;0.00;0.00;;;false;;;false;;04112025_CR_A;;;;;false;false;true;false;false;false;false;false;false;;;2026-01-30 00:00:00;2026-01-30 00:00:00;;;;;;;;;2026-03-05 00:00:00;;CIF;CIF;PEDIDO COMPRA;;;;;Directo CR - FERRETERIA EPA, S.A.;82;EPA;OLO4;;-- N/A --;2345159;;7026;21699;;FRANKFURT, GERMANY;LIMON, COSTA RICA;21811.60;;;0;0;0;0;;;;;0.00;;GLOBALOR LTD (Dropship CR);;2025-12-22 00:00:00;;;;;;false;;;;;;;;;;;;;;;;;;;;;;;false;;;
18421;1;4107649;draft;11444.00;pending;2025-12-22;EUR;DAP;;;;;11444.00;;11444.00;;;;;0.00;0.00;0;;;;;;;;;;;;;;;;;;;;;;;;;;;;;;;;2026-03-19 15:20:52;2026-03-19 15:20:52;5;;663;;;;"""[\""Standard\""]""";0.00;0.00;0.00;;;false;;;false;;04112025_CR_B;;;;;false;false;true;false;false;false;false;false;false;;;2026-01-30 00:00:00;2026-01-30 00:00:00;;;;;;;;;2026-03-03 00:00:00;;CIF;CIF;PEDIDO COMPRA;;;;;Directo CR - FERRETERIA EPA, S.A.;82;EPA;OLO4;;-- N/A --;2342074;;7019;21685;;FRANKFURT, GERMANY;LIMON, COSTA RICA;11444.00;;;0;0;0;0;;;;;0.00;;GLOBALOR LTD (Dropship CR);;2025-12-22 00:00:00;;;;;;false;;;;;;;;;;;;;;;;;;;;;;;false;;;
18422;1;4107650;draft;10645.28;pending;2025-12-22;EUR;DAP;;;;;10645.28;;10645.28;;;;;0.00;0.00;0;;;;;;;;;;;;;;;;;;;;;;;;;;;;;;;;2026-03-19 15:20:52;2026-03-19 15:20:52;5;;663;;;;"""[\""Standard\""]""";0.00;0.00;0.00;;;false;;;false;;04112025_CR_C;;;;;false;false;true;false;false;false;false;false;false;;;2026-01-30 00:00:00;2026-01-30 00:00:00;;;;;;;;;2026-03-05 00:00:00;;CIF;CIF;PEDIDO COMPRA;;;;;Directo CR - FERRETERIA EPA, S.A.;82;EPA;OLO4;;-- N/A --;2342148;;7024;21697;;FRANKFURT, GERMANY;LIMON, COSTA RICA;10645.28;;;0;0;0;0;;;;;0.00;;GLOBALOR LTD (Dropship CR);;2025-12-22 00:00:00;;;;;;false;;;;;;;;;;;;;;;;;;;;;;;false;;;
18423;1;4107651;draft;11444.00;pending;2025-12-22;EUR;DAP;;;;;11444.00;;11444.00;;;;;0.00;0.00;0;;;;;;;;;;;;;;;;;;;;;;;;;;;;;;;;2026-03-19 15:20:52;2026-03-19 15:20:52;5;;663;;;;"""[\""Standard\""]""";0.00;0.00;0.00;;;false;;;false;;04112025_CR_D;;;;;false;false;true;false;false;false;false;false;false;;;2026-01-30 00:00:00;2026-01-30 00:00:00;;;;;;;;;2026-03-05 00:00:00;;CIF;CIF;PEDIDO COMPRA;;;;;Directo CR - FERRETERIA EPA, S.A.;82;EPA;OLO4;;-- N/A --;4107651;;7028;21694;;FRANKFURT, GERMANY;LIMON, COSTA RICA;11444.00;;;0;0;0;0;;;;;0.00;;GLOBALOR LTD (Dropship CR);;2025-12-22 00:00:00;;;;;;false;;;;;;;;;;;;;;;;;;;;;;;false;;;
18424;1;4107652;draft;17042.08;pending;2025-12-22;EUR;DAP;;;;;17042.08;;17042.08;;;;;0.00;0.00;0;;;;;;;;;;;;;;;;;;;;;;;;;;;;;;;;2026-03-19 15:20:52;2026-03-19 15:20:52;5;;663;;;;"""[\""Standard\""]""";0.00;0.00;0.00;;;false;;;false;;04112025_CR_E;;;;;false;false;true;false;false;false;false;false;false;;;2026-01-30 00:00:00;2026-01-30 00:00:00;;;;;;;;;2026-03-05 00:00:00;;CIF;CIF;PEDIDO COMPRA;;;;;Directo CR - FERRETERIA EPA, S.A.;82;EPA;OLO4;;-- N/A --;2344726;;7029;21695;;FRANKFURT, GERMANY;LIMON, COSTA RICA;17042.08;;;0;0;0;0;;;;;0.00;;GLOBALOR LTD (Dropship CR);;2025-12-22 00:00:00;;;;;;false;;;;;;;;;;;;;;;;;;;;;;;false;;;
18425;1;4107653;draft;17354.48;pending;2025-12-22;EUR;DAP;;;;;17354.48;;17354.48;;;;;0.00;0.00;0;;;;;;;;;;;;;;;;;;;;;;;;;;;;;;;;2026-03-19 15:20:52;2026-03-19 15:20:52;5;;663;;;;"""[\""Standard\""]""";0.00;0.00;0.00;;;false;;;false;;04112025_CR_F;;;;;false;false;true;false;false;false;false;false;false;;;2026-01-30 00:00:00;2026-01-30 00:00:00;;;;;;;;;2026-03-05 00:00:00;;CIF;CIF;PEDIDO COMPRA;;;;;Directo CR - FERRETERIA EPA, S.A.;82;EPA;OLO4;;-- N/A --;2345681;;7023;21698;;FRANKFURT, GERMANY;LIMON, COSTA RICA;17354.48;;;0;0;0;0;;;;;0.00;;GLOBALOR LTD (Dropship CR);;2025-12-22 00:00:00;;;;;;false;;;;;;;;;;;;;;;;;;;;;;;false;;;
18426;1;4107654;draft;25786.60;pending;2025-12-22;EUR;DAP;;;;;25786.60;;25786.60;;;;;0.00;0.00;0;;;;;;;;;;;;;;;;;;;;;;;;;;;;;;;;2026-03-19 15:20:52;2026-03-19 15:20:52;5;;663;;;;"""[\""Standard\""]""";0.00;0.00;0.00;;;false;;;false;;11112025_ELSAL_C;;;;;false;false;true;false;false;false;false;false;false;;;2026-01-30 00:00:00;2026-01-30 00:00:00;;;;;;;;;2026-03-04 00:00:00;;CIF;CIF;PEDIDO COMPRA;;;;;Directo SV - FERRETERIA EPA, S.A. DE C.V.;82;EPA;OLO4;;-- N/A --;2344714;;7031;21689;;FRANKFURT, GERMANY;ACAJUTLA, EL SALVADOR;25786.60;;;0;0;0;0;;;;;0.00;;GLOBALOR LTD (Dropship SV);;2025-12-22 00:00:00;;;;;;false;;;;;;;;;;;;;;;;;;;;;;;false;;;
18427;1;4107655;draft;11444.00;pending;2025-12-22;EUR;DAP;;;;;11444.00;;11444.00;;;;;0.00;0.00;0;;;;;;;;;;;;;;;;;;;;;;;;;;;;;;;;2026-03-19 15:20:52;2026-03-19 15:20:52;5;;663;;;;"""[\""Standard\""]""";0.00;0.00;0.00;;;false;;;false;;11112025_ELSAL_A;;;;;false;false;true;false;false;false;false;false;false;;;2026-01-30 00:00:00;2026-01-30 00:00:00;;;;;;;;;2026-02-24 00:00:00;;CIF;CIF;PEDIDO COMPRA;;;;;Directo SV - FERRETERIA EPA, S.A. DE C.V.;82;EPA;OLO4;;-- N/A --;2345299;;7007;21668;;FRANKFURT, GERMANY;ACAJUTLA, EL SALVADOR;11444.00;;;0;0;0;0;;;;;0.00;;GLOBALOR LTD (Dropship SV);;2025-12-22 00:00:00;;;;;;false;;;;;;;;;;;;;;;;;;;;;;;false;;;
18428;1;4107656;draft;14367.00;pending;2025-12-22;EUR;DAP;;;;;14367.00;;14367.00;;;;;0.00;0.00;0;;;;;;;;;;;;;;;;;;;;;;;;;;;;;;;;2026-03-19 15:20:52;2026-03-19 15:20:52;5;;663;;;;"""[\""Standard\""]""";0.00;0.00;0.00;;;false;;;false;;06112025_GT_D;;;;;false;false;true;false;false;false;false;false;false;;;2026-01-30 00:00:00;2026-01-30 00:00:00;;;;;;;;;2026-03-03 00:00:00;;CIF;CIF;PEDIDO COMPRA;;;;;Directo GT - FERRETERIA EPA, S.A. (Guatemala);82;EPA;OLO4;;-- N/A --;2345487;;7020;21686;;FRANKFURT, GERMANY;CIUDAD DE GUATEMALA, GUATEMALA;14367.00;;;0;0;0;0;;;;;0.00;;GLOBALOR LTD (Dropship GT);;2025-12-22 00:00:00;;;;;;false;;;;;;;;;;;;;;;;;;;;;;;false;;;
18429;1;4107657;draft;16941.94;pending;2025-12-22;EUR;DAP;;;;;16941.94;;16941.94;;;;;0.00;0.00;0;;;;;;;;;;;;;;;;;;;;;;;;;;;;;;;;2026-03-19 15:21:50;2026-03-19 15:21:50;3;;663;;;;"""[\""Standard\""]""";0.00;0.00;0.00;;;false;;;false;;06112025_GT_A;;;;;false;false;true;false;false;false;false;false;false;;;2026-01-30 00:00:00;2026-01-30 00:00:00;;;;;;;;;;;DAP;CIF;PEDIDO COMPRA;;;;;Directo GT - FERRETERIA EPA, S.A. (Guatemala);82;EPA;OLO4;;;;;;;;FRANKFURT, GERMANY;CIUDAD DE GUATEMALA, GUATEMALA;;;;0;0;0;0;;;;;0.00;;GLOBALOR LTD (Dropship GT);;2025-12-22 00:00:00;;;;;;false;;;;;;;;;;;;;;;;;;;;;;;false;;;
18430;1;4107658;draft;11444.00;pending;2025-12-22;EUR;DAP;;;;;11444.00;;11444.00;;;;;0.00;0.00;0;;;;;;;;;;;;;;;;;;;;;;;;;;;;;;;;2026-03-19 15:21:50;2026-03-19 15:21:50;5;;663;;;;"""[\""Standard\""]""";0.00;0.00;0.00;;;false;;;false;;06112025_GT_B;;;;;false;false;true;false;false;false;false;false;false;;;2026-01-30 00:00:00;2026-01-30 00:00:00;;;;;;;;;2026-03-03 00:00:00;;CIF;CIF;PEDIDO COMPRA;;;;;Directo GT - FERRETERIA EPA, S.A. (Guatemala);82;EPA;OLO4;;-- N/A --;2345185;;7021;21687;;FRANKFURT, GERMANY;CIUDAD DE GUATEMALA, GUATEMALA;11444.00;;;0;0;0;0;;;;;0.00;;GLOBALOR LTD (Dropship GT);;2025-12-22 00:00:00;;;;;;false;;;;;;;;;;;;;;;;;;;;;;;false;;;
18431;1;4107659;draft;11444.00;pending;2025-12-22;EUR;DAP;;;;;11444.00;;11444.00;;;;;0.00;0.00;0;;;;;;;;;;;;;;;;;;;;;;;;;;;;;;;;2026-03-19 15:21:50;2026-03-19 15:21:50;5;;663;;;;"""[\""Standard\""]""";0.00;0.00;0.00;;;false;;;false;;06112025_GT_C;;;;;false;false;true;false;false;false;false;false;false;;;2026-04-07 00:00:00;2026-04-07 00:00:00;;;;;;;;;2026-02-26 00:00:00;;CIF;CIF;PEDIDO COMPRA;;;;;Directo GT - FERRETERIA EPA, S.A. (Guatemala);82;EPA;OLO4;;-- N/A --;2344807;;7009;21673;;FRANKFURT, GERMANY;CIUDAD DE GUATEMALA, GUATEMALA;11444.00;;;0;0;0;0;;;;;0.00;;GLOBALOR LTD (Dropship GT);;2025-12-22 00:00:00;;;;;;false;;;;;;;;;;;;;;;;;;;;;;;false;;;
18432;1;4107660;draft;15609.54;pending;2025-12-22;EUR;CFR;;;;;15609.54;;15609.54;;;;;0.00;0.00;0;;;;;;;;;;;;;;;;;;;;;;;;;;;;;;;;2026-03-19 15:21:50;2026-03-19 15:21:50;2;;664;;;;"""[\""Standard\""]""";0.00;0.00;0.00;;;false;;;false;;249263;;;;;false;false;true;false;false;false;false;false;false;;;2026-05-10 00:00:00;2026-05-10 00:00:00;;;;;;;;;;;CFR;CFR;PEDIDO COMPRA;;;;;Directo SV - FERRETERIA EPA, S.A. DE C.V.;81;EPA;OLO4;;;;;;;;VALENCIA, SPAIN;ACAJUTLA, EL SALVADOR;;;;0;0;0;0;;;;;0.00;;GLOBALOR LTD (Dropship SV);;2025-12-22 00:00:00;;;;;;false;;;;;;;;;;;;;;;;;;;;;;;false;;;
18433;1;4107661;draft;11188.04;pending;2025-12-22;EUR;CFR;;;;;11188.04;;11188.04;;;;;0.00;0.00;0;;;;;;;;;;;;;;;;;;;;;;;;;;;;;;;;2026-03-19 15:21:50;2026-03-19 15:21:50;5;;665;;;;"""[\""Standard\""]""";0.00;0.00;0.00;;;false;;;false;;249258;;;;;false;false;true;false;false;false;false;false;false;;;2026-02-27 00:00:00;2026-02-27 00:00:00;;;;;;;;;2026-02-24 00:00:00;;CFR;CFR;PEDIDO COMPRA;;;;;Directo GT - FERRETERIA EPA, S.A. (Guatemala);81;EPA;OLO4;;-- N/A --;283681;;6993;21667;;VALENCIA, SPAIN;CIUDAD DE GUATEMALA, GUATEMALA;11188.01;;;0;0;0;0;;;;;0.00;;GLOBALOR LTD (Dropship GT);;2025-12-22 00:00:00;;;;;;false;;;;;;;;;;;;;;;;;;;;;;;false;;;
18434;1;4107662;draft;11316.94;pending;2025-12-22;EUR;CFR;;;;;11316.94;;11316.94;;;;;0.00;0.00;0;;;;;;;;;;;;;;;;;;;;;;;;;;;;;;;;2026-03-19 15:21:50;2026-03-19 15:21:50;5;;665;;;;"""[\""Standard\""]""";0.00;0.00;0.00;;;false;;;false;;249259;;;;;false;false;true;false;false;false;false;false;false;;;2026-02-28 00:00:00;2026-02-28 00:00:00;;;;;;;;;2026-03-02 00:00:00;;CFR;CFR;PEDIDO COMPRA;;;;;Directo GT - FERRETERIA EPA, S.A. (Guatemala);81;EPA;OLO4;;-- N/A --;284796;;7010;21678;;VALENCIA, SPAIN;CIUDAD DE GUATEMALA, GUATEMALA;11316.61;;;0;0;0;0;;;;;0.00;;GLOBALOR LTD (Dropship GT);;2025-12-22 00:00:00;;;;;;false;;;;;;;;;;;;;;;;;;;;;;;false;;;
18435;1;4107663;draft;14276.04;pending;2025-12-22;EUR;CFR;;;;;14276.04;;14276.04;;;;;0.00;0.00;0;;;;;;;;;;;;;;;;;;;;;;;;;;;;;;;;2026-03-19 15:21:50;2026-03-19 15:21:50;2;;665;;;;"""[\""Standard\""]""";0.00;0.00;0.00;;;false;;;false;;249260;;;;;false;false;true;false;false;false;false;false;false;;;2026-02-28 00:00:00;2026-02-28 00:00:00;;;;;;;;;;;CFR;CFR;PEDIDO COMPRA;;;;;Directo GT - FERRETERIA EPA, S.A. (Guatemala);81;EPA;OLO4;;;;;;;;VALENCIA, SPAIN;CIUDAD DE GUATEMALA, GUATEMALA;;;;0;0;0;0;;;;;0.00;;GLOBALOR LTD (Dropship GT);;2025-12-22 00:00:00;;;;;;false;;;;;;;;;;;;;;;;;;;;;;;false;;;
18436;1;4107664;draft;11282.34;pending;2025-12-22;EUR;CFR;;;;;11282.34;;11282.34;;;;;0.00;0.00;0;;;;;;;;;;;;;;;;;;;;;;;;;;;;;;;;2026-03-19 15:21:50;2026-03-19 15:21:50;5;;665;;;;"""[\""Standard\""]""";0.00;0.00;0.00;;;false;;;false;;249261;;;;;false;false;true;false;false;false;false;false;false;;;2026-02-27 00:00:00;2026-02-27 00:00:00;;;;;;;;;2026-03-18 00:00:00;;CFR;CFR;PEDIDO COMPRA;;;;;Directo GT - FERRETERIA EPA, S.A. (Guatemala);81;EPA;OLO4;;-- N/A --;286062;;7045;21720;;VALENCIA, SPAIN;CIUDAD DE GUATEMALA, GUATEMALA;11282.32;;;0;0;0;0;;;;;0.00;;GLOBALOR LTD (Dropship GT);;2025-12-22 00:00:00;;;;;;false;;;;;;;;;;;;;;;;;;;;;;;false;;;
18437;1;4107666;draft;37739.87;pending;2025-12-22;USD;DAP;;;;;37739.87;;37739.87;;;;;0.00;0.00;0;;;;;;;;;;;;;;;;;;;;;;;;;;;;;;;;2026-03-19 15:21:50;2026-03-19 15:21:50;5;;660;;;;"""[\""Standard\""]""";0.00;0.00;0.00;;;false;;;false;;Peiddo El Salvador;;;;;false;false;false;false;false;false;false;false;false;;;2026-01-30 00:00:00;2026-01-30 00:00:00;;;;;;;;;2026-01-20 00:00:00;;CIF;CIF;PEDIDO COMPRA;;;;;Directo SV - FERRETERIA EPA, S.A. DE C.V.;81;EPA;OLO4;;-- N/A --;A0010992, A0010998;;6897;21537;;CARTAGENA, COLOMBIA;ACAJUTLA, EL SALVADOR;37739.87;;;0;0;0;0;;;;;0.00;;GLOBALOR LTD (Dropship SV);;2025-12-22 00:00:00;;;;;;false;;;;;;;;;;;;;;;;;;;;;;;false;;;
18438;1;4107667;draft;52384.41;pending;2025-12-22;USD;DAP;;;;;52384.41;;52384.41;;;;;0.00;0.00;0;;;;;;;;;;;;;;;;;;;;;;;;;;;;;;;;2026-03-19 15:21:50;2026-03-19 15:21:50;5;;660;;;;"""[\""Standard\""]""";0.00;0.00;0.00;;;false;;;false;;Pedido Guatemala;;;;;false;false;false;false;false;false;false;false;false;;;2026-01-30 00:00:00;2026-01-30 00:00:00;;;;;;;;;2026-01-20 00:00:00;;CIF;CIF;PEDIDO COMPRA;;;;;Directo GT - FERRETERIA EPA, S.A. (Guatemala);81;EPA;OLO4;;-- N/A --;A0010993;;6899;21539;;CARTAGENA, COLOMBIA;CIUDAD DE GUATEMALA, GUATEMALA;52384.41;;;0;0;0;0;;;;;0.00;;GLOBALOR LTD (Dropship GT);;2025-12-22 00:00:00;;;;;;false;;;;;;;;;;;;;;;;;;;;;;;false;;;
18439;1;4107668;draft;45971.90;pending;2025-12-22;EUR;FOB;;;;;45971.90;;45971.90;;;;;0.00;0.00;0;;;;;;;;;;;;;;;;;;;;;;;;;;;;;;;;2026-03-19 15:21:50;2026-03-19 15:21:50;5;;666;;;;"""[\""Standard\""]""";0.00;0.00;0.00;;;false;;;false;;Pedido Diciembre;;;;;false;false;false;false;false;false;false;false;false;;;2026-01-27 00:00:00;2026-01-27 00:00:00;;;;;;;;;;;FOB;FOB;PEDIDO COMPRA;;;;;ZF - OVERSEAS LOGISTICS OPERATIONS;81;EPA;OLO4;;52026187737;2260000139;;6970;;;BILBAO, SPAIN;MOÍN, COSTA RICA;45971.90;;;0;0;0;0;;;;;0.00;;GLOBALOR LTD (ZF);;2025-12-22 00:00:00;;;;;;false;;;;;;;;;;;;;;;;;;;;;;;false;;;
18440;1;4107669;draft;10826.28;pending;2025-12-22;EUR;CFR;;;;;10826.28;;10826.28;;;;;0.00;0.00;0;;;;;;;;;;;;;;;;;;;;;;;;;;;;;;;;2026-03-19 15:21:50;2026-03-19 15:21:50;5;;648;;;;"""[\""Standard\""]""";0.00;0.00;0.00;;;false;;;false;;251842;;;;;false;false;true;false;false;false;false;false;false;;;2026-02-17 00:00:00;2026-02-17 00:00:00;;;;;;;;;2026-03-13 00:00:00;;CFR;CFR;PEDIDO COMPRA;;;;;Directo CR - FERRETERIA EPA, S.A.;81;EPA;OLO4;;-- N/A --;4107669;;7041;21711;;VALENCIA, SPAIN;MOÍN, COSTA RICA;10826.29;;;0;0;0;0;;;;;0.00;;GLOBALOR LTD (Dropship CR);;2025-12-22 00:00:00;;;;;;false;;;;;;;;;;;;;;;;;;;;;;;false;;;
18441;1;4107670;draft;10806.88;pending;2025-12-22;EUR;CFR;;;;;10806.88;;10806.88;;;;;0.00;0.00;0;;;;;;;;;;;;;;;;;;;;;;;;;;;;;;;;2026-03-19 15:21:50;2026-03-19 15:21:50;5;;648;;;;"""[\""Standard\""]""";0.00;0.00;0.00;;;false;;;false;;251847;;;;;false;false;true;false;false;false;false;false;false;;;2026-02-17 00:00:00;2026-02-17 00:00:00;;;;;;;;;2026-03-03 00:00:00;;CFR;CFR;PEDIDO COMPRA;;;;;Directo CR - FERRETERIA EPA, S.A.;81;EPA;OLO4;;-- N/A --;283682;;7011;21684;;VALENCIA, SPAIN;MOÍN, COSTA RICA;10806.90;;;0;0;0;0;;;;;0.00;;GLOBALOR LTD (Dropship CR);;2025-12-22 00:00:00;;;;;;false;;;;;;;;;;;;;;;;;;;;;;;false;;;
18442;1;4107671;draft;11427.74;pending;2025-12-22;EUR;CFR;;;;;11427.74;;11427.74;;;;;0.00;0.00;0;;;;;;;;;;;;;;;;;;;;;;;;;;;;;;;;2026-03-19 15:21:50;2026-03-19 15:21:50;5;;648;;;;"""[\""Standard\""]""";0.00;0.00;0.00;;;false;;;false;;251848;;;;;false;false;true;false;false;false;false;false;false;;;2026-02-17 00:00:00;2026-02-17 00:00:00;;;;;;;;;2026-02-19 00:00:00;;CFR;CFR;PEDIDO COMPRA;;;;;Directo CR - FERRETERIA EPA, S.A.;81;EPA;OLO4;;-- N/A --;283709;;6978;21651;;VALENCIA, SPAIN;MOÍN, COSTA RICA;11427.76;;;0;0;0;0;;;;;0.00;;GLOBALOR LTD (Dropship CR);;2025-12-22 00:00:00;;;;;;false;;;;;;;;;;;;;;;;;;;;;;;false;;;
18443;1;4107672;draft;10107.69;pending;2025-12-22;EUR;CFR;;;;;10107.69;;10107.69;;;;;0.00;0.00;0;;;;;;;;;;;;;;;;;;;;;;;;;;;;;;;;2026-03-19 15:21:50;2026-03-19 15:21:50;5;;648;;;;"""[\""Standard\""]""";0.00;0.00;0.00;;;false;;;false;;251849;;;;;false;false;true;false;false;false;false;false;false;;;2026-02-17 00:00:00;2026-02-17 00:00:00;;;;;;;;;2026-02-19 00:00:00;;CFR;CFR;PEDIDO COMPRA;;;;;Directo CR - FERRETERIA EPA, S.A.;81;EPA;OLO4;;-- N/A --;283051;;6994;21652;;VALENCIA, SPAIN;MOÍN, COSTA RICA;10107.71;;;0;0;0;0;;;;;0.00;;GLOBALOR LTD (Dropship CR);;2025-12-22 00:00:00;;;;;;false;;;;;;;;;;;;;;;;;;;;;;;false;;;
18444;1;4107673;draft;13291.36;pending;2025-12-22;EUR;CFR;;;;;13291.36;;13291.36;;;;;0.00;0.00;0;;;;;;;;;;;;;;;;;;;;;;;;;;;;;;;;2026-03-19 15:21:50;2026-03-19 15:21:50;5;;648;;;;"""[\""Standard\""]""";0.00;0.00;0.00;;;false;;;false;;251852;;;;;false;false;true;false;false;false;false;false;false;;;2026-02-17 00:00:00;2026-02-17 00:00:00;;;;;;;;;2026-02-24 00:00:00;;CFR;CFR;PEDIDO COMPRA;;;;;Directo CR - FERRETERIA EPA, S.A.;81;EPA;OLO4;;-- N/A --;283204;;7002;21665;;VALENCIA, SPAIN;MOÍN, COSTA RICA;13291.37;;;0;0;0;0;;;;;0.00;;GLOBALOR LTD (Dropship CR);;2025-12-22 00:00:00;;;;;;false;;;;;;;;;;;;;;;;;;;;;;;false;;;
18445;1;4107674;draft;10627.06;pending;2025-12-22;EUR;CFR;;;;;10627.06;;10627.06;;;;;0.00;0.00;0;;;;;;;;;;;;;;;;;;;;;;;;;;;;;;;;2026-03-19 15:21:50;2026-03-19 15:21:50;5;;648;;;;"""[\""Standard\""]""";0.00;0.00;0.00;;;false;;;false;;251853;;;;;false;false;true;false;false;false;false;false;false;;;2026-02-17 00:00:00;2026-02-17 00:00:00;;;;;;;;;2026-02-09 00:00:00;;CFR;CFR;PEDIDO COMPRA;;;;;Directo CR - FERRETERIA EPA, S.A.;81;EPA;OLO4;;-- N/A --;283050;;6961;21605;;VALENCIA, SPAIN;MOÍN, COSTA RICA;10627.07;;;0;0;0;0;;;;;0.00;;GLOBALOR LTD (Dropship CR);;2025-12-22 00:00:00;;;;;;false;;;;;;;;;;;;;;;;;;;;;;;false;;;
18446;1;4107675;draft;13291.35;pending;2025-12-22;EUR;CFR;;;;;13291.35;;13291.35;;;;;0.00;0.00;0;;;;;;;;;;;;;;;;;;;;;;;;;;;;;;;;2026-03-19 15:21:51;2026-03-19 15:21:51;5;;648;;;;"""[\""Standard\""]""";0.00;0.00;0.00;;;false;;;false;;251855;;;;;false;false;true;false;false;false;false;false;false;;;2026-02-17 00:00:00;2026-02-17 00:00:00;;;;;;;;;2026-03-17 00:00:00;;CFR;CFR;PEDIDO COMPRA;;;;;Directo CR - FERRETERIA EPA, S.A.;81;EPA;OLO4;;-- N/A --;283680;;7040;21719;;VALENCIA, SPAIN;MOÍN, COSTA RICA;13291.37;;;0;0;0;0;;;;;0.00;;GLOBALOR LTD (Dropship CR);;2025-12-22 00:00:00;;;;;;false;;;;;;;;;;;;;;;;;;;;;;;false;;;
18447;1;4107676;draft;13291.36;pending;2025-12-22;EUR;CFR;;;;;13291.36;;13291.36;;;;;0.00;0.00;0;;;;;;;;;;;;;;;;;;;;;;;;;;;;;;;;2026-03-19 15:21:51;2026-03-19 15:21:51;5;;648;;;;"""[\""Standard\""]""";0.00;0.00;0.00;;;false;;;false;;251860;;;;;false;false;true;false;false;false;false;false;false;;;2026-02-17 00:00:00;2026-02-17 00:00:00;;;;;;;;;2026-02-20 00:00:00;;CFR;CFR;PEDIDO COMPRA;;;;;Directo CR - FERRETERIA EPA, S.A.;81;EPA;OLO4;;-- N/A --;282849;;6995;21659;;VALENCIA, SPAIN;MOÍN, COSTA RICA;13291.37;;;0;0;0;0;;;;;0.00;;GLOBALOR LTD (Dropship CR);;2025-12-22 00:00:00;;;;;;false;;;;;;;;;;;;;;;;;;;;;;;false;;;
18448;1;4107677;draft;12950.54;pending;2025-12-22;EUR;CFR;;;;;12950.54;;12950.54;;;;;0.00;0.00;0;;;;;;;;;;;;;;;;;;;;;;;;;;;;;;;;2026-03-19 15:21:51;2026-03-19 15:21:51;5;;648;;;;"""[\""Standard\""]""";0.00;0.00;0.00;;;false;;;false;;251862;;;;;false;false;true;false;false;false;false;false;false;;;2026-02-17 00:00:00;2026-02-17 00:00:00;;;;;;;;;2026-02-20 00:00:00;;CFR;CFR;PEDIDO COMPRA;;;;;Directo CR - FERRETERIA EPA, S.A.;81;EPA;OLO4;;-- N/A --;283015;;6996;21661;;VALENCIA, SPAIN;MOÍN, COSTA RICA;12950.56;;;0;0;0;0;;;;;0.00;;GLOBALOR LTD (Dropship CR);;2025-12-22 00:00:00;;;;;;false;;;;;;;;;;;;;;;;;;;;;;;false;;;
18449;1;4107678;draft;16336.81;pending;2025-12-22;EUR;CFR;;;;;16336.81;;16336.81;;;;;0.00;0.00;0;;;;;;;;;;;;;;;;;;;;;;;;;;;;;;;;2026-03-19 15:21:51;2026-03-19 15:21:51;5;;648;;;;"""[\""Standard\""]""";0.00;0.00;0.00;;;false;;;false;;251863;;;;;false;false;true;false;false;false;false;false;false;;;2026-02-17 00:00:00;2026-02-17 00:00:00;;;;;;;;;2026-03-09 00:00:00;;CFR;CFR;PEDIDO COMPRA;;;;;Directo CR - FERRETERIA EPA, S.A.;81;EPA;OLO4;;-- N/A --;284231;;7022;21701;;VALENCIA, SPAIN;MOÍN, COSTA RICA;16336.84;;;0;0;0;0;;;;;0.00;;GLOBALOR LTD (Dropship CR);;2025-12-22 00:00:00;;;;;;false;;;;;;;;;;;;;;;;;;;;;;;false;;;
18450;1;4107679;draft;11573.42;pending;2025-12-22;EUR;CFR;;;;;11573.42;;11573.42;;;;;0.00;0.00;0;;;;;;;;;;;;;;;;;;;;;;;;;;;;;;;;2026-03-19 15:21:51;2026-03-19 15:21:51;5;;648;;;;"""[\""Standard\""]""";0.00;0.00;0.00;;;false;;;false;;251865;;;;;false;false;true;false;false;false;false;false;false;;;2026-02-17 00:00:00;2026-02-17 00:00:00;;;;;;;;;2026-02-13 00:00:00;;CFR;CFR;PEDIDO COMPRA;;;;;Directo CR - FERRETERIA EPA, S.A.;81;EPA;OLO4;;-- N/A --;283683;;6977;21631;;VALENCIA, SPAIN;MOÍN, COSTA RICA;11573.44;;;0;0;0;0;;;;;0.00;;GLOBALOR LTD (Dropship CR);;2025-12-22 00:00:00;;;;;;false;;;;;;;;;;;;;;;;;;;;;;;false;;;
18451;1;4107684;draft;12248.32;pending;2026-01-05;EUR;DAP;;;;;12248.32;;12248.32;;;;;0.00;0.00;0;;;;;;;;;;;;;;;;;;;;;;;;;;;;;;;;2026-03-19 15:21:51;2026-03-19 15:21:51;3;;663;;;;"""[\""Standard\""]""";0.00;0.00;0.00;;;false;;;false;;04112025_CR_H;;;;;false;false;true;false;false;false;false;false;false;;;2026-02-20 00:00:00;2026-02-20 00:00:00;;;;;;;;;;;CIF;CIF;PEDIDO COMPRA;;;;;Directo CR - FERRETERIA EPA, S.A.;82;EPA;OLO4;;;;;;;;BREMERHAVEN, GERMANY;LIMON, COSTA RICA;;;;0;0;0;0;;;;;0.00;;GLOBALOR LTD (Dropship CR);;2026-01-05 00:00:00;;;;;;false;;;;;;;;;;;;;;;;;;;;;;;false;;;
18452;1;4107691;draft;2183.40;pending;2026-01-06;USD;FCA;;;;;2183.40;;2183.40;;;;;0.00;0.00;0;;;;;;;;;;;;;;;;;;;;;;;;;;;;;;;;2026-03-19 15:21:51;2026-03-19 15:21:51;2;;667;;;;"""[\""Standard\""]""";0.00;0.00;0.00;;;false;;;false;;Enero;;;;;false;false;false;false;false;false;false;false;false;;;2026-01-31 00:00:00;2026-01-31 00:00:00;;;;;;;;;;;FCA;;PEDIDO COMPRA;;;;;Directo VE - FERRETERIA EPA, C.A.;86;EPA;OLO4;;-- N/A --;;;7012;;;MIAMI ESP, UNITED STATES;PUERTO CABELLO, VENEZUELA;;;;0;0;0;0;;;;;0.00;;GLOBALOR LTD (Drop Ship EPA VE);;2026-01-06 00:00:00;;;;;;false;;;;;;;;;;;;;;;;;;;;;;;false;;;
18453;1;4107692;draft;16645.32;pending;2026-01-06;USD;FCA;;;;;16645.32;;16645.32;;;;;0.00;0.00;0;;;;;;;;;;;;;;;;;;;;;;;;;;;;;;;;2026-03-19 15:21:51;2026-03-19 15:21:51;2;;647;;;;"""[\""Standard\""]""";0.00;0.00;0.00;;;false;;;false;;Enero;;;;;false;false;false;false;false;false;false;false;false;;;2026-01-31 00:00:00;2026-01-31 00:00:00;;;;;;;;;;;FCA;FCA;PEDIDO COMPRA;;;;;Directo VE - FERRETERIA EPA, C.A.;86;EPA;OLO4;;-- N/A --;9820118905, 9820119376;;7012;;;MIAMI ESP, UNITED STATES;PUERTO CABELLO, VENEZUELA;4442.49;;;0;0;0;0;;;;;0.00;;GLOBALOR LTD (Drop Ship EPA VE);;2026-01-06 00:00:00;;;;;;false;;;;;;;;;;;;;;;;;;;;;;;false;;;
18454;1;4107697;draft;29070.00;pending;2026-01-14;EUR;FOB;;;;;29070.00;;29070.00;;;;;0.00;0.00;0;;;;;;;;;;;;;;;;;;;;;;;;;;;;;;;;2026-03-19 15:21:51;2026-03-19 15:21:51;2;;624;;;;"""[\""Standard\""]""";0.00;0.00;0.00;;;false;;;false;;PI 2025/18/0000133;;;;;false;false;false;false;false;false;false;false;false;;;2026-02-20 00:00:00;2026-02-20 00:00:00;;;;;;;;;;;;;PEDIDO COMPRA;;;;;ZF - OVERSEAS LOGISTICS OPERATIONS;84;EPA;OLO4;;;;;;;;BARCELONA, SPAIN;MOÍN, COSTA RICA;;;;0;0;0;0;;;;;0.00;;GLOBALOR LTD (ZF);;2026-01-14 00:00:00;;;;;;false;;;;;;;;;;;;;;;;;;;;;;;false;;;
18455;1;4107698;draft;9775.80;pending;2026-01-14;EUR;FOB;;;;;9775.80;;9775.80;;;;;0.00;0.00;0;;;;;;;;;;;;;;;;;;;;;;;;;;;;;;;;2026-03-19 15:21:51;2026-03-19 15:21:51;2;;624;;;;"""[\""Standard\""]""";0.00;0.00;0.00;;;false;;;false;;PI 2025/18/0000133;;;;;false;false;false;false;false;false;false;false;false;;;2026-04-17 00:00:00;2026-04-17 00:00:00;;;;;;;;;;;;;PEDIDO COMPRA;;;;;ZF - OVERSEAS LOGISTICS OPERATIONS;84;EPA;OLO4;;;;;;;;BARCELONA, SPAIN;MOÍN, COSTA RICA;;;;0;0;0;0;;;;;0.00;;GLOBALOR LTD (ZF);;2026-01-14 00:00:00;;;;;;false;;;;;;;;;;;;;;;;;;;;;;;false;;;
18456;1;4107703;draft;23086.50;pending;2026-02-04;USD;FOB;;;;;23086.50;;23086.50;;;;;0.00;0.00;0;;;;;;;;;;;;;;;;;;;;;;;;;;;;;;;;2026-03-19 15:21:51;2026-03-19 15:21:51;5;;638;;;;"""[\""Standard\""]""";0.00;0.00;0.00;;;false;;;false;;827371;;;;;false;false;true;false;false;false;false;false;false;;;2026-02-28 00:00:00;2026-02-28 00:00:00;;;;;;;;;2026-03-16 00:00:00;;FOB;FOB;PEDIDO COMPRA;;;;;Directo CR - FERRETERIA EPA, S.A.;86;EPA;OLO4;;-- N/A --;YBE935393;;7039;21716;;BUENAVENTURA, COLOMBIA;CALDERA, COSTA RICA;23086.50;;;0;0;0;0;;;;;0.00;;GLOBALOR LTD (Dropship CR);;2026-02-04 00:00:00;;;;;;false;;;;;;;;;;;;;;;;;;;;;;;false;;;
18457;1;4107704;draft;22600.70;pending;2026-02-04;USD;FOB;;;;;22600.70;;22600.70;;;;;0.00;0.00;0;;;;;;;;;;;;;;;;;;;;;;;;;;;;;;;;2026-03-19 15:21:51;2026-03-19 15:21:51;5;;638;;;;"""[\""Standard\""]""";0.00;0.00;0.00;;;false;;;false;;827372;;;;;false;false;true;false;false;false;false;false;false;;;2026-02-28 00:00:00;2026-02-28 00:00:00;;;;;;;;;2026-03-16 00:00:00;;FOB;FOB;PEDIDO COMPRA;;;;;Directo GT - FERRETERIA EPA, S.A. (Guatemala);86;EPA;OLO4;;-- N/A --;YBE935515;;7044;21715;;BUENAVENTURA, COLOMBIA;QUETZAL, GUATEMALA;22600.70;;;0;0;0;0;;;;;0.00;;GLOBALOR LTD (Dropship GT);;2026-02-04 00:00:00;;;;;;false;;;;;;;;;;;;;;;;;;;;;;;false;;;
18458;1;4107705;draft;17424.60;pending;2026-02-04;USD;FOB;;;;;17424.60;;17424.60;;;;;0.00;0.00;0;;;;;;;;;;;;;;;;;;;;;;;;;;;;;;;;2026-03-19 15:21:51;2026-03-19 15:21:51;5;;638;;;;"""[\""Standard\""]""";0.00;0.00;0.00;;;false;;;false;;827374;;;;;false;false;true;false;false;false;false;false;false;;;2026-02-28 00:00:00;2026-02-28 00:00:00;;;;;;;;;2026-03-12 00:00:00;;FOB;FOB;PEDIDO COMPRA;;;;;Directo SV - FERRETERIA EPA, S.A. DE C.V.;86;EPA;OLO4;;-- N/A --;YBE935390;;7042;21710;;BUENAVENTURA, COLOMBIA;ACAJUTLA, EL SALVADOR;17424.60;;;0;0;0;0;;;;;0.00;;GLOBALOR LTD (Dropship SV);;2026-02-04 00:00:00;;;;;;false;;;;;;;;;;;;;;;;;;;;;;;false;;;
18459;1;4107706;draft;19258.56;pending;2026-02-04;USD;FOB;;;;;19258.56;;19258.56;;;;;0.00;0.00;0;;;;;;;;;;;;;;;;;;;;;;;;;;;;;;;;2026-03-19 15:21:51;2026-03-19 15:21:51;5;;638;;;;"""[\""Standard\""]""";0.00;0.00;0.00;;;false;;;false;;827375;;;;;false;false;true;false;false;false;false;false;false;;;2026-02-28 00:00:00;2026-02-28 00:00:00;;;;;;;;;2026-03-04 00:00:00;;FOB;CIP;PEDIDO COMPRA;;;;;Directo VE - FERRETERIA EPA, C.A.;86;EPA;OLO4;;-- N/A --;YBE936359;;7027;21688;;BUENAVENTURA, COLOMBIA;PARAGUACHON, VENEZUELA;19258.56;;;0;0;0;0;;;;;0.00;;GLOBALOR LTD (Drop Ship EPA VE);;2026-02-04 00:00:00;;;;;;false;;;;;;;;;;;;;;;;;;;;;;;false;;;
18460;1;4107707;draft;45301.93;pending;2026-02-05;USD;FOB;;;;;45301.93;;45301.93;;;;;0.00;0.00;0;;;;;;;;;;;;;;;;;;;;;;;;;;;;;;;;2026-03-19 15:21:51;2026-03-19 15:21:51;3;;656;;;;"""[\""Standard\""]""";0.00;0.00;0.00;;;false;;;false;;Pedido CR Enero 26;;;;;false;false;false;false;false;false;false;false;false;;;2026-03-10 00:00:00;2026-03-10 00:00:00;;;;;;;;;;;FOB;FOB;PEDIDO COMPRA;;;;;Directo CR - FERRETERIA EPA, S.A.;81;EPA;OLO4;;;;;;;;RIO GRANDE, BRAZIL;MOÍN, COSTA RICA;;;;0;0;0;0;;;;;0.00;;GLOBALOR LTD (Dropship CR);;2026-02-05 00:00:00;;;;;;false;;;;;;;;;;;;;;;;;;;;;;;false;;;
18461;1;4107708;draft;40125.20;pending;2026-02-05;USD;FOB;;;;;40125.20;;40125.20;;;;;0.00;0.00;0;;;;;;;;;;;;;;;;;;;;;;;;;;;;;;;;2026-03-19 15:21:51;2026-03-19 15:21:51;3;;656;;;;"""[\""Standard\""]""";0.00;0.00;0.00;;;false;;;false;;Pedido GT Enero 26;;;;;false;false;false;false;false;false;false;false;false;;;2026-03-17 00:00:00;2026-03-17 00:00:00;;;;;;;;;;;FOB;FOB;PEDIDO COMPRA;;;;;Directo CR - FERRETERIA EPA, S.A.;81;EPA;OLO4;;;;;;;;RIO GRANDE, BRAZIL;QUETZAL, GUATEMALA;;;;0;0;0;0;;;;;0.00;;GLOBALOR LTD (Dropship CR);;2026-02-05 00:00:00;;;;;;false;;;;;;;;;;;;;;;;;;;;;;;false;;;
18462;1;4107709;draft;33593.17;pending;2026-02-05;USD;FOB;;;;;33593.17;;33593.17;;;;;0.00;0.00;0;;;;;;;;;;;;;;;;;;;;;;;;;;;;;;;;2026-03-19 15:21:51;2026-03-23 00:00:08;3;;656;;;;"""[\""Standard\""]""";0.00;0.00;0.00;ubON0BOC9OWYnZwYiV2Ok9xqEYpNvFn7gnq2GPqTKAX6iFYf6Z1iNPhVD0BPHgTt;2026-03-26 00:00:08;false;;;false;;Pedido SV Enero 26;;;;;false;false;false;false;false;false;false;false;false;;;2026-03-24 00:00:00;2026-03-24 00:00:00;;;;;;;;;;;FOB;FOB;PEDIDO COMPRA;;;;;Directo SV - FERRETERIA EPA, S.A. DE C.V.;81;EPA;OLO4;;;;;;;;RIO GRANDE, BRAZIL;ACAJUTLA, EL SALVADOR;;;;0;0;0;0;;;;;0.00;;GLOBALOR LTD (Dropship SV);;2026-02-05 00:00:00;;;;;;false;;;;;;;;;;;;;;;;;;;;;;;false;;;
18463;1;4107710;draft;37725.54;pending;2026-02-05;USD;FOB;;;;;37725.54;;37725.54;;;;;0.00;0.00;0;;;;;;;;;;;;;;;;;;;;;;;;;;;;;;;;2026-03-19 15:21:51;2026-03-19 15:21:51;3;;656;;;;"""[\""Standard\""]""";0.00;0.00;0.00;;;false;;;false;;Pedido VZ Enero 26;;;;;false;false;true;false;false;false;false;false;false;;;2026-03-31 00:00:00;2026-03-31 00:00:00;;;;;;;;;;;CIF;FOB;PEDIDO COMPRA;;;;;Directo VE - FERRETERIA EPA, C.A.;81;EPA;OLO4;;;;;;;;RIO GRANDE, BRAZIL;PUERTO CABELLO, VENEZUELA;;;;0;0;0;0;;;;;0.00;;GLOBALOR LTD (Drop Ship EPA VE);;2026-02-05 00:00:00;;;;;;false;;;;;;;;;;;;;;;;;;;;;;;false;;;
18464;1;4107714;draft;29545.55;pending;2026-02-11;USD;FCA;;;;;29545.55;;29545.55;;;;;0.00;0.00;0;;;;;;;;;;;;;;;;;;;;;;;;;;;;;;;;2026-03-19 15:21:51;2026-03-19 15:21:51;2;;623;;;;"""[\""Standard\""]""";0.00;0.00;0.00;;;false;;;false;;Febrero;;;;;false;false;false;false;false;false;false;false;false;;;2026-02-28 00:00:00;2026-02-28 00:00:00;;;;;;;;;;;;;PEDIDO COMPRA;;;;;ZF - OVERSEAS LOGISTICS OPERATIONS;86;EPA;OLO4;;;;;;;;MIAMI ESP, UNITED STATES;MOÍN, COSTA RICA;;;;0;0;0;0;;;;;0.00;;GLOBALOR LTD (ZF);;2026-02-11 00:00:00;;;;;;false;;;;;;;;;;;;;;;;;;;;;;;false;;;
18465;1;4107715;draft;8081.13;pending;2026-02-11;USD;FCA;;;;;8081.13;;8081.13;;;;;0.00;0.00;0;;;;;;;;;;;;;;;;;;;;;;;;;;;;;;;;2026-03-19 15:21:51;2026-03-19 15:21:51;2;;623;;;;"""[\""Standard\""]""";0.00;0.00;0.00;;;false;;;false;;Febrero;;;;;false;false;false;false;false;false;false;false;false;;;2026-02-28 00:00:00;2026-02-28 00:00:00;;;;;;;;;;;;;PEDIDO COMPRA;;;;;ZF - OVERSEAS LOGISTICS OPERATIONS;86;EPA;OLO4;;;;;;;;MIAMI ESP, UNITED STATES;MOÍN, COSTA RICA;;;;0;0;0;0;;;;;0.00;;GLOBALOR LTD (ZF);;2026-02-11 00:00:00;;;;;;false;;;;;;;;;;;;;;;;;;;;;;;false;;;
18466;1;4107717;draft;3128.90;pending;2026-02-11;USD;FCA;;;;;3128.90;;3128.90;;;;;0.00;0.00;0;;;;;;;;;;;;;;;;;;;;;;;;;;;;;;;;2026-03-19 15:21:51;2026-03-19 15:21:51;2;;667;;;;"""[\""Standard\""]""";0.00;0.00;0.00;;;false;;;false;;Febrero;;;;;false;false;false;false;false;false;false;false;false;;;2026-02-28 00:00:00;2026-02-28 00:00:00;;;;;;;;;;;FCA;;PEDIDO COMPRA;;;;;Directo VE - FERRETERIA EPA, C.A.;86;EPA;OLO4;;;;;;;;MIAMI ESP, UNITED STATES;PUERTO CABELLO, VENEZUELA;;;;0;0;0;0;;;;;0.00;;GLOBALOR LTD (Drop Ship EPA VE);;2026-02-11 00:00:00;;;;;;false;;;;;;;;;;;;;;;;;;;;;;;false;;;
18467;1;4107718;draft;8190.57;pending;2026-02-11;USD;FCA;;;;;8190.57;;8190.57;;;;;0.00;0.00;0;;;;;;;;;;;;;;;;;;;;;;;;;;;;;;;;2026-03-19 15:21:51;2026-03-19 15:21:51;2;;647;;;;"""[\""Standard\""]""";0.00;0.00;0.00;;;false;;;false;;Febrero;;;;;false;false;false;false;false;false;false;false;false;;;2026-02-28 00:00:00;2026-02-28 00:00:00;;;;;;;;;;;FCA;;PEDIDO COMPRA;;;;;Directo VE - FERRETERIA EPA, C.A.;86;EPA;OLO4;;;;;;;;MIAMI ESP, UNITED STATES;PUERTO CABELLO, VENEZUELA;;;;0;0;0;0;;;;;0.00;;GLOBALOR LTD (Drop Ship EPA VE);;2026-02-11 00:00:00;;;;;;false;;;;;;;;;;;;;;;;;;;;;;;false;;;
18468;1;4107719;draft;35407.88;pending;2026-02-11;USD;FCA;;;;;35407.88;;35407.88;;;;;0.00;0.00;0;;;;;;;;;;;;;;;;;;;;;;;;;;;;;;;;2026-03-19 15:21:51;2026-03-19 15:21:51;2;;668;;;;"""[\""Standard\""]""";0.00;0.00;0.00;;;false;;;false;;Febrero;;;;;false;false;false;false;false;false;false;true;false;;;2026-02-28 00:00:00;2026-02-28 00:00:00;;;;;;;;;;;;;PEDIDO COMPRA;;;;;ZF - OVERSEAS LOGISTICS OPERATIONS;86;EPA;OLO4;;;;;;;;MIAMI ESP, UNITED STATES;MOÍN, COSTA RICA;;;;0;0;0;0;;;;;0.00;;GLOBALOR LTD (ZF);;2026-02-11 00:00:00;;;;;;false;;;;;;;;;;;;;;;;;;;;;;;false;;;
18469;1;4107720;draft;24201.56;pending;2026-02-11;USD;FCA;;;;;24201.56;;24201.56;;;;;0.00;0.00;0;;;;;;;;;;;;;;;;;;;;;;;;;;;;;;;;2026-03-19 15:21:51;2026-03-19 15:21:51;2;;668;;;;"""[\""Standard\""]""";0.00;0.00;0.00;;;false;;;false;;Febrero;;;;;false;false;false;false;false;false;false;true;false;;;2026-02-28 00:00:00;2026-02-28 00:00:00;;;;;;;;;;;;;PEDIDO COMPRA;;;;;ZF - OVERSEAS LOGISTICS OPERATIONS;86;EPA;OLO4;;;;;;;;MIAMI ESP, UNITED STATES;MOÍN, COSTA RICA;;;;0;0;0;0;;;;;0.00;;GLOBALOR LTD (ZF);;2026-02-11 00:00:00;;;;;;false;;;;;;;;;;;;;;;;;;;;;;;false;;;
18470;1;4107722;draft;5472.78;pending;2026-02-12;USD;FCA;;;;;5472.78;;5472.78;;;;;0.00;0.00;0;;;;;;;;;;;;;;;;;;;;;;;;;;;;;;;;2026-03-19 15:21:51;2026-03-19 15:21:51;2;;668;;;;"""[\""Standard\""]""";0.00;0.00;0.00;;;false;;;false;;Febrero;;;;;false;false;false;false;false;false;false;false;false;;;2026-02-28 00:00:00;2026-02-28 00:00:00;;;;;;;;;;;;;PEDIDO COMPRA;;;;;ZF - OVERSEAS LOGISTICS OPERATIONS;86;EPA;OLO4;;;;;;;;MIAMI INTERPORT, UNITED STATES;SAN JOSE, COSTA RICA;;;;0;0;0;0;;;;;0.00;;GLOBALOR LTD (ZF);;2026-02-12 00:00:00;;;;;;false;;;;;;;;;;;;;;;;;;;;;;;false;;;
18471;1;4107723;draft;4247.16;pending;2026-02-12;USD;FCA;;;;;4247.16;;4247.16;;;;;0.00;0.00;0;;;;;;;;;;;;;;;;;;;;;;;;;;;;;;;;2026-03-19 15:21:51;2026-03-19 15:21:51;2;;668;;;;"""[\""Standard\""]""";0.00;0.00;0.00;;;false;;;false;;Febrero;;;;;false;false;false;false;false;false;false;false;false;;;2026-02-28 00:00:00;2026-02-28 00:00:00;;;;;;;;;;;;;PEDIDO COMPRA;;;;;ZF - OVERSEAS LOGISTICS OPERATIONS;86;EPA;OLO4;;;;;;;;MIAMI INTERPORT, UNITED STATES;SAN JOSE, COSTA RICA;;;;0;0;0;0;;;;;0.00;;GLOBALOR LTD (ZF);;2026-02-12 00:00:00;;;;;;false;;;;;;;;;;;;;;;;;;;;;;;false;;;
18472;1;4107724;draft;4302.00;pending;2026-02-12;USD;FCA;;;;;4302.00;;4302.00;;;;;0.00;0.00;0;;;;;;;;;;;;;;;;;;;;;;;;;;;;;;;;2026-03-19 15:21:51;2026-03-19 15:21:51;2;;668;;;;"""[\""Standard\""]""";0.00;0.00;0.00;;;false;;;false;;Febrero;;;;;false;false;false;false;false;false;false;true;false;;;2026-02-28 00:00:00;2026-02-28 00:00:00;;;;;;;;;;;;;PEDIDO COMPRA;;;;;ZF - OVERSEAS LOGISTICS OPERATIONS;86;EPA;OLO4;;;;;;;;MIAMI INTERPORT, UNITED STATES;SAN JOSE, COSTA RICA;;;;0;0;0;0;;;;;0.00;;GLOBALOR LTD (ZF);;2026-02-12 00:00:00;;;;;;false;;;;;;;;;;;;;;;;;;;;;;;false;;;
18473;1;4107725;draft;1065.00;pending;2026-02-12;USD;FCA;;;;;1065.00;;1065.00;;;;;0.00;0.00;0;;;;;;;;;;;;;;;;;;;;;;;;;;;;;;;;2026-03-19 15:21:51;2026-03-19 15:21:51;2;;668;;;;"""[\""Standard\""]""";0.00;0.00;0.00;;;false;;;false;;Febrero;;;;;false;false;false;false;false;false;false;false;false;;;2026-02-28 00:00:00;2026-02-28 00:00:00;;;;;;;;;;;;;PEDIDO COMPRA;;;;;ZF - OVERSEAS LOGISTICS OPERATIONS;86;EPA;OLO4;;;;;;;;MIAMI INTERPORT, UNITED STATES;SAN JOSE, COSTA RICA;;;;0;0;0;0;;;;;0.00;;GLOBALOR LTD (ZF);;2026-02-12 00:00:00;;;;;;false;;;;;;;;;;;;;;;;;;;;;;;false;;;
18474;1;4107726;draft;19215.00;pending;2026-02-12;USD;FOB;;;;;19215.00;;19215.00;;;;;0.00;0.00;0;;;;;;;;;;;;;;;;;;;;;;;;;;;;;;;;2026-03-19 15:21:51;2026-03-19 15:21:51;5;;669;;;;"""[\""Standard\""]""";0.00;0.00;0.00;;;false;;;false;;VE1;;;;;false;false;true;false;false;false;false;false;false;;;2026-04-19 00:00:00;2026-04-19 00:00:00;;;;;;;;;2026-03-10 00:00:00;;CIF;FOB;PEDIDO COMPRA;;;;;Directo VE - FERRETERIA EPA, C.A.;89;EPA;OLO4;;-- N/A --;F003-184522;;7037;21703;;CALLAO, PERU;PUERTO CABELLO, VENEZUELA;19215.00;;;0;0;0;0;;;;;0.00;;GLOBALOR LTD (Drop Ship EPA VE);;2026-02-12 00:00:00;;;;;;false;;;;;;;;;;;;;;;;;;;;;;;false;;;
18475;1;4107727;draft;7282.90;pending;2026-02-12;USD;FCA;;;;;7282.90;;7282.90;;;;;0.00;0.00;0;;;;;;;;;;;;;;;;;;;;;;;;;;;;;;;;2026-03-19 15:21:51;2026-03-19 15:21:51;2;;647;;;;"""[\""Standard\""]""";0.00;0.00;0.00;;;false;;;false;;Febrero;;;;;false;false;false;false;false;false;false;false;false;;;2026-02-28 00:00:00;2026-02-28 00:00:00;;;;;;;;;;;FCA;;PEDIDO COMPRA;;;;;Directo VE - FEBECA C.A.;86;Febeca;OLO4;;;;;;;;MIAMI INTERPORT, UNITED STATES;PUERTO CABELLO, VENEZUELA;;;;0;0;0;0;;;;;0.00;;GLOBALOR LTD (Drop Ship FEBECA VE);;2026-02-12 00:00:00;;;;;;false;;;;;;;;;;;;;;;;;;;;;;;false;;;
18476;1;4107728;draft;289386.04;pending;2026-02-12;USD;FOB;;;;;289386.04;;289386.04;;;;;0.00;0.00;0;;;;;;;;;;;;;;;;;;;;;;;;;;;;;;;;2026-03-19 15:21:52;2026-03-19 15:21:52;3;;670;;;;"""[\""Standard\""]""";0.00;0.00;0.00;;;false;;;false;;Thu Feb 26 2026 00:00:40 GMT-0400 (hora de Venezuela);;;;;false;false;false;false;false;false;false;false;false;;;2026-02-18 00:00:00;2026-02-18 00:00:00;;;;;;;;;;;FOB;FOB;PEDIDO COMPRA;;;;;ZF - OVERSEAS LOGISTICS OPERATIONS;83;EPA;OLO4;;;;;;;;BUENAVENTURA, COLOMBIA;CALDERA, COSTA RICA;;;;0;0;0;0;;;;;0.00;;GLOBALOR LTD (ZF);;2026-02-12 00:00:00;;;;;;false;;;;;;;;;;;;;;;;;;;;;;;false;;;
18477;1;4107729;draft;10274.00;pending;2026-02-19;USD;FOB;;;;;10274.00;;10274.00;;;;;0.00;0.00;0;;;;;;;;;;;;;;;;;;;;;;;;;;;;;;;;2026-03-19 15:21:52;2026-03-19 15:21:52;3;;670;;;;"""[\""Standard\""]""";0.00;0.00;0.00;;;false;;;false;;Adicional SV;;;;;false;false;false;false;false;false;false;false;false;;;2026-02-20 00:00:00;2026-02-20 00:00:00;;;;;;;;;;;FOB;FOB;PEDIDO COMPRA;;;;;ZF - OVERSEAS LOGISTICS OPERATIONS;83;EPA;OLO4;;;;;;;;BUENAVENTURA, COLOMBIA;CALDERA, COSTA RICA;;;;0;0;0;0;;;;;0.00;;GLOBALOR LTD (ZF);;2026-02-19 00:00:00;;;;;;false;;;;;;;;;;;;;;;;;;;;;;;false;;;
18478;1;4107730;draft;10627.06;pending;2026-02-18;EUR;CFR;;;;;10627.06;;10627.06;;;;;0.00;0.00;0;;;;;;;;;;;;;;;;;;;;;;;;;;;;;;;;2026-03-19 15:21:52;2026-03-19 15:21:52;5;;648;;;;"""[\""Standard\""]""";0.00;0.00;0.00;;;false;;;false;;PO para uso interno - Sustituye la PO 4107674;;;;;false;false;false;false;false;false;false;false;false;;;2026-03-06 00:00:00;2026-03-06 00:00:00;;;;;;;;;2026-02-20 00:00:00;;CFR;CFR;C/ FACTURA;;;;;Directo CR - FERRETERIA EPA, S.A.;81;EPA;OLO4;;-- N/A --;283050-;;6992;21660;;VALENCIA, SPAIN;LIMON, COSTA RICA;10627.07;;;0;0;0;0;;;;;0.00;;GLOBALOR LTD (Dropship CR);;2026-02-18 00:00:00;;;;;;false;;;;;;;;;;;;;;;;;;;;;;;false;;;
18479;1;4107731;draft;14530.52;pending;2026-02-19;USD;FOB;;;;;14530.52;;14530.52;;;;;0.00;0.00;0;;;;;;;;;;;;;;;;;;;;;;;;;;;;;;;;2026-03-19 15:21:52;2026-03-19 15:21:52;3;;671;;;;"""[\""Standard\""]""";0.00;0.00;0.00;;;false;;;false;;CR PI14989;;;;;false;false;true;false;false;false;false;false;false;;;2026-03-05 00:00:00;2026-03-05 00:00:00;;;;;;;;;;;FOB;FOB;PEDIDO COMPRA;;;;;Directo CR - FERRETERIA EPA, S.A.;82;EPA;OLO4;;;;;;;;LIVORNO, ITALY;MOÍN, COSTA RICA;;;;0;0;0;0;;;;;0.00;;GLOBALOR LTD (Dropship CR);;2026-02-19 00:00:00;;;;;;false;;;;;;;;;;;;;;;;;;;;;;;false;;;
18480;1;4107732;draft;12914.39;pending;2026-02-19;USD;FOB;;;;;12914.39;;12914.39;;;;;0.00;0.00;0;;;;;;;;;;;;;;;;;;;;;;;;;;;;;;;;2026-03-19 15:21:52;2026-03-19 15:21:52;3;;671;;;;"""[\""Standard\""]""";0.00;0.00;0.00;;;false;;;false;;ZF PI 14990;;;;;false;false;false;false;false;false;false;false;false;;;2026-03-05 00:00:00;2026-03-05 00:00:00;;;;;;;;;;;FOB;FOB;PEDIDO COMPRA;;;;;ZF - OVERSEAS LOGISTICS OPERATIONS;82;EPA;OLO4;;;;;;;;LIVORNO, ITALY;MOÍN, COSTA RICA;;;;0;0;0;0;;;;;0.00;;GLOBALOR LTD (ZF);;2026-02-19 00:00:00;;;;;;false;;;;;;;;;;;;;;;;;;;;;;;false;;;
18481;1;4107733;draft;31409.29;pending;2026-03-03;USD;FCA;;;;;31409.29;;31409.29;;;;;0.00;0.00;0;;;;;;;;;;;;;;;;;;;;;;;;;;;;;;;;2026-03-19 15:21:52;2026-03-19 15:21:52;2;;623;;;;"""[\""Standard\""]""";0.00;0.00;0.00;;;false;;;false;;Febrero;;;;;false;false;false;false;false;false;false;false;false;;;2026-02-28 00:00:00;2026-02-28 00:00:00;;;;;;;;;;;;;PEDIDO COMPRA;;;;;ZF - OVERSEAS LOGISTICS OPERATIONS;86;EPA;OLO4;;;;;;;;MIAMI INTERPORT, UNITED STATES;SAN JOSE, COSTA RICA;;;;0;0;0;0;;;;;0.00;;GLOBALOR LTD (ZF);;2026-03-03 00:00:00;;;;;;false;;;;;;;;;;;;;;;;;;;;;;;false;;;
18482;1;4107734;draft;30273.64;pending;2026-03-03;USD;FCA;;;;;30273.64;;30273.64;;;;;0.00;0.00;0;;;;;;;;;;;;;;;;;;;;;;;;;;;;;;;;2026-03-19 15:21:52;2026-03-19 15:21:52;2;;623;;;;"""[\""Standard\""]""";0.00;0.00;0.00;;;false;;;false;;Febrero;;;;;false;false;false;false;false;false;false;false;false;;;2026-02-28 00:00:00;2026-02-28 00:00:00;;;;;;;;;;;;;PEDIDO COMPRA;;;;;ZF - OVERSEAS LOGISTICS OPERATIONS;86;EPA;OLO4;;;;;;;;MIAMI INTERPORT, UNITED STATES;SAN JOSE, COSTA RICA;;;;0;0;0;0;;;;;0.00;;GLOBALOR LTD (ZF);;2026-03-03 00:00:00;;;;;;false;;;;;;;;;;;;;;;;;;;;;;;false;;;
18483;1;4107735;draft;631.38;pending;2026-03-03;USD;FCA;;;;;631.38;;631.38;;;;;0.00;0.00;0;;;;;;;;;;;;;;;;;;;;;;;;;;;;;;;;2026-03-19 15:21:52;2026-03-19 15:21:52;2;;668;;;;"""[\""Standard\""]""";0.00;0.00;0.00;;;false;;;false;;Febrero;;;;;false;false;false;false;false;false;false;false;false;;;2026-02-28 00:00:00;2026-02-28 00:00:00;;;;;;;;;;;;;PEDIDO COMPRA;;;;;ZF - OVERSEAS LOGISTICS OPERATIONS;86;EPA;OLO4;;;;;;;;MIAMI INTERPORT, UNITED STATES;SAN JOSE, COSTA RICA;;;;0;0;0;0;;;;;0.00;;GLOBALOR LTD (ZF);;2026-03-03 00:00:00;;;;;;false;;;;;;;;;;;;;;;;;;;;;;;false;;;
18484;1;4107736;draft;2460.12;pending;2026-03-03;USD;FCA;;;;;2460.12;;2460.12;;;;;0.00;0.00;0;;;;;;;;;;;;;;;;;;;;;;;;;;;;;;;;2026-03-19 15:21:52;2026-03-19 15:21:52;2;;668;;;;"""[\""Standard\""]""";0.00;0.00;0.00;;;false;;;false;;Febrero;;;;;false;false;false;false;false;false;false;true;false;;;2026-02-28 00:00:00;2026-02-28 00:00:00;;;;;;;;;;;;;PEDIDO COMPRA;;;;;ZF - OVERSEAS LOGISTICS OPERATIONS;86;EPA;OLO4;;;;;;;;MIAMI INTERPORT, UNITED STATES;SAN JOSE, COSTA RICA;;;;0;0;0;0;;;;;0.00;;GLOBALOR LTD (ZF);;2026-03-03 00:00:00;;;;;;false;;;;;;;;;;;;;;;;;;;;;;;false;;;
18485;1;4107737;draft;16900.00;pending;2026-03-03;USD;FCA;;;;;16900.00;;16900.00;;;;;0.00;0.00;0;;;;;;;;;;;;;;;;;;;;;;;;;;;;;;;;2026-03-19 15:21:52;2026-03-19 15:21:52;2;;623;;;;"""[\""Standard\""]""";0.00;0.00;0.00;;;false;;;false;;Febrero;;;;;false;false;false;false;false;false;false;false;false;;;2026-02-28 00:00:00;2026-02-28 00:00:00;;;;;;;;;;;;;PEDIDO COMPRA;;;;;ZF - OVERSEAS LOGISTICS OPERATIONS;86;EPA;OLO4;;;;;;;;MIAMI INTERPORT, UNITED STATES;SAN JOSE, COSTA RICA;;;;0;0;0;0;;;;;0.00;;GLOBALOR LTD (ZF);;2026-03-03 00:00:00;;;;;;false;;;;;;;;;;;;;;;;;;;;;;;false;;;
18486;1;4107738;draft;1424.28;pending;2026-03-03;USD;FCA;;;;;1424.28;;1424.28;;;;;0.00;0.00;0;;;;;;;;;;;;;;;;;;;;;;;;;;;;;;;;2026-03-19 15:21:52;2026-03-19 15:21:52;2;;668;;;;"""[\""Standard\""]""";0.00;0.00;0.00;;;false;;;false;;Febrero;;;;;false;false;false;false;false;false;false;true;false;;;2026-02-28 00:00:00;2026-02-28 00:00:00;;;;;;;;;;;;;PEDIDO COMPRA;;;;;ZF - OVERSEAS LOGISTICS OPERATIONS;86;EPA;OLO4;;;;;;;;MIAMI INTERPORT, UNITED STATES;SAN JOSE, COSTA RICA;;;;0;0;0;0;;;;;0.00;;GLOBALOR LTD (ZF);;2026-03-03 00:00:00;;;;;;false;;;;;;;;;;;;;;;;;;;;;;;false;;;
18487;1;4107739;draft;876.96;pending;2026-03-03;USD;FOB;;;;;876.96;;876.96;;;;;0.00;0.00;0;;;;;;;;;;;;;;;;;;;;;;;;;;;;;;;;2026-03-19 15:21:52;2026-03-19 15:21:52;2;;623;;;;"""[\""Standard\""]""";0.00;0.00;0.00;;;false;;;false;;Febrero;;;;;false;false;false;false;false;false;false;true;false;;;2026-02-28 00:00:00;2026-02-28 00:00:00;;;;;;;;;;;;;PEDIDO COMPRA;;;;;ZF - OVERSEAS LOGISTICS OPERATIONS;86;EPA;OLO4;;;;;;;;MIAMI INTERPORT, UNITED STATES;SAN JOSE, COSTA RICA;;;;0;0;0;0;;;;;0.00;;GLOBALOR LTD (ZF);;2026-03-03 00:00:00;;;;;;false;;;;;;;;;;;;;;;;;;;;;;;false;;;
18488;1;4107740;draft;17850.74;pending;2026-02-27;EUR;FCA;;;;;17850.74;;17850.74;;;;;0.00;0.00;0;;;;;;;;;;;;;;;;;;;;;;;;;;;;;;;;2026-03-19 15:21:52;2026-03-19 15:21:52;3;;672;;;;"""[\""Standard\""]""";0.00;0.00;0.00;;;false;;;false;;19022026-9077;;;;;false;false;false;false;false;false;false;true;false;;;2026-03-28 00:00:00;2026-03-28 00:00:00;;;;;;;;;;;FOB;FOB;PEDIDO COMPRA;;;;;ZF - OVERSEAS LOGISTICS OPERATIONS;82;EPA;OLO4;;;;;;;;VALENCIA, SPAIN;MOÍN, COSTA RICA;;;;0;0;0;0;;;;;0.00;;GLOBALOR LTD (ZF);;2026-02-27 00:00:00;;;;;;false;;;;;;;;;;;;;;;;;;;;;;;false;;;
18489;1;4107741;draft;71022.95;pending;2026-03-05;USD;EXW;;;;;71022.95;;71022.95;;;;;0.00;0.00;0;;;;;;;;;;;;;;;;;;;;;;;;;;;;;;;;2026-03-19 15:21:52;2026-03-19 15:21:52;2;;628;;;;"""[\""Standard\""]""";0.00;0.00;0.00;;;false;;;false;;C/Factura;;;;;false;false;false;false;false;false;false;false;false;;;2026-03-06 00:00:00;2026-03-06 00:00:00;;;;;;;;;;;;;C/ FACTURA;;;;;ZF - OVERSEAS LOGISTICS OPERATIONS;86;EPA;OLO4;;;7481857-;;7035;;;COLON, PANAMA;SAN JOSE, COSTA RICA;71022.95;;;0;0;0;0;;;;;0.00;;GLOBALOR LTD (ZF);;2026-03-05 00:00:00;;;;;;false;;;;;;;;;;;;;;;;;;;;;;;false;;;
18490;1;4107742;draft;1599.60;pending;2026-03-05;USD;EXW;;;;;1599.60;;1599.60;;;;;0.00;0.00;0;;;;;;;;;;;;;;;;;;;;;;;;;;;;;;;;2026-03-19 15:21:52;2026-03-19 15:21:52;2;;628;;;;"""[\""Standard\""]""";0.00;0.00;0.00;;;false;;;false;;C/Factura;;;;;false;false;false;false;false;false;false;false;false;;;2026-03-06 00:00:00;2026-03-06 00:00:00;;;;;;;;;;;;;C/ FACTURA;;;;;ZF - OVERSEAS LOGISTICS OPERATIONS;86;EPA;OLO4;;;7478776-;;7035;;;COLON, PANAMA;SAN JOSE, COSTA RICA;1599.60;;;0;0;0;0;;;;;0.00;;GLOBALOR LTD (ZF);;2026-03-05 00:00:00;;;;;;false;;;;;;;;;;;;;;;;;;;;;;;false;;;
18491;1;4107743;draft;28833.75;pending;2026-03-05;USD;EXW;;;;;28833.75;;28833.75;;;;;0.00;0.00;0;;;;;;;;;;;;;;;;;;;;;;;;;;;;;;;;2026-03-19 15:21:52;2026-03-19 15:21:52;2;;628;;;;"""[\""Standard\""]""";0.00;0.00;0.00;;;false;;;false;;C/Factura;;;;;false;false;false;false;false;false;false;false;false;;;2026-03-06 00:00:00;2026-03-06 00:00:00;;;;;;;;;;;;;C/ FACTURA;;;;;ZF - OVERSEAS LOGISTICS OPERATIONS;86;EPA;OLO4;;;7481854-;;7035;;;COLON, PANAMA;SAN JOSE, COSTA RICA;28833.75;;;0;0;0;0;;;;;0.00;;GLOBALOR LTD (ZF);;2026-03-05 00:00:00;;;;;;false;;;;;;;;;;;;;;;;;;;;;;;false;;;
18492;1;4107746;draft;6148.56;pending;2026-03-05;USD;EXW;;;;;6148.56;;6148.56;;;;;0.00;0.00;0;;;;;;;;;;;;;;;;;;;;;;;;;;;;;;;;2026-03-19 15:21:52;2026-03-19 15:21:52;2;;628;;;;"""[\""Standard\""]""";0.00;0.00;0.00;;;false;;;false;;C/Factura;;;;;false;false;false;false;false;false;false;false;false;;;2026-03-06 00:00:00;2026-03-06 00:00:00;;;;;;;;;;;;;C/ FACTURA;;;;;ZF - OVERSEAS LOGISTICS OPERATIONS;86;EPA;OLO4;;;7481863-;;7035;;;COLON, PANAMA;SAN JOSE, COSTA RICA;6148.56;;;0;0;0;0;;;;;0.00;;GLOBALOR LTD (ZF);;2026-03-05 00:00:00;;;;;;false;;;;;;;;;;;;;;;;;;;;;;;false;;;
18493;1;4107747;draft;6329.60;pending;2026-03-05;USD;EXW;;;;;6329.60;;6329.60;;;;;0.00;0.00;0;;;;;;;;;;;;;;;;;;;;;;;;;;;;;;;;2026-03-19 15:21:52;2026-03-19 15:21:52;2;;628;;;;"""[\""Standard\""]""";0.00;0.00;0.00;;;false;;;false;;C/Factura;;;;;false;false;false;false;false;false;false;false;false;;;2026-03-06 00:00:00;2026-03-06 00:00:00;;;;;;;;;;;;;C/ FACTURA;;;;;ZF - OVERSEAS LOGISTICS OPERATIONS;86;EPA;OLO4;;;7481860-;;7035;;;COLON, PANAMA;SAN JOSE, COSTA RICA;6329.60;;;0;0;0;0;;;;;0.00;;GLOBALOR LTD (ZF);;2026-03-05 00:00:00;;;;;;false;;;;;;;;;;;;;;;;;;;;;;;false;;;
18494;1;4107750;draft;25854.40;pending;2026-03-11;EUR;CIF;;;;;25854.40;;25854.40;;;;;0.00;0.00;0;;;;;;;;;;;;;;;;;;;;;;;;;;;;;;;;2026-03-19 15:21:52;2026-03-19 15:21:52;2;;663;;;;"""[\""Standard\""]""";0.00;0.00;0.00;;;false;;;false;;CR A;;;;;false;false;true;false;false;false;false;false;false;;;2026-08-04 00:00:00;2026-08-04 00:00:00;;;;;;;;;;;CIF;;PEDIDO COMPRA;;;;;Directo CR - FERRETERIA EPA, S.A.;72;EPA;OLO4;;;;;;;;FRANKFURT, GERMANY;LIMON, COSTA RICA;;;;0;0;0;0;;;;;0.00;;GLOBALOR LTD (Dropship CR);;2026-03-11 00:00:00;;;;;;false;;;;;;;;;;;;;;;;;;;;;;;false;;;
18495;1;4107751;draft;23922.60;pending;2026-03-11;EUR;CIF;;;;;23922.60;;23922.60;;;;;0.00;0.00;0;;;;;;;;;;;;;;;;;;;;;;;;;;;;;;;;2026-03-19 15:21:52;2026-03-19 15:21:52;2;;663;;;;"""[\""Standard\""]""";0.00;0.00;0.00;;;false;;;false;;CR B;;;;;false;false;true;false;false;false;false;false;false;;;2026-08-04 00:00:00;2026-08-04 00:00:00;;;;;;;;;;;CIF;CIF;PEDIDO COMPRA;;;;;Directo CR - FERRETERIA EPA, S.A.;72;EPA;OLO4;;;;;;;;FRANKFURT, GERMANY;LIMON, COSTA RICA;;;;0;0;0;0;;;;;0.00;;GLOBALOR LTD (Dropship CR);;2026-03-11 00:00:00;;;;;;false;;;;;;;;;;;;;;;;;;;;;;;false;;;
18496;1;4107752;draft;24789.44;pending;2026-03-11;EUR;CIF;;;;;24789.44;;24789.44;;;;;0.00;0.00;0;;;;;;;;;;;;;;;;;;;;;;;;;;;;;;;;2026-03-19 15:21:52;2026-03-19 15:21:52;2;;663;;;;"""[\""Standard\""]""";0.00;0.00;0.00;;;false;;;false;;CR C;;;;;false;false;true;false;false;false;false;false;false;;;2026-08-04 00:00:00;2026-08-04 00:00:00;;;;;;;;;;;CIF;CIF;PEDIDO COMPRA;;;;;Directo CR - FERRETERIA EPA, S.A.;72;EPA;OLO4;;;;;;;;FRANKFURT, GERMANY;LIMON, COSTA RICA;;;;0;0;0;0;;;;;0.00;;GLOBALOR LTD (Dropship CR);;2026-03-11 00:00:00;;;;;;false;;;;;;;;;;;;;;;;;;;;;;;false;;;
18497;1;4107753;draft;19450.06;pending;2026-03-11;EUR;CIF;;;;;19450.06;;19450.06;;;;;0.00;0.00;0;;;;;;;;;;;;;;;;;;;;;;;;;;;;;;;;2026-03-19 15:21:52;2026-03-19 15:21:52;2;;663;;;;"""[\""Standard\""]""";0.00;0.00;0.00;;;false;;;false;;CR D;;;;;false;false;true;false;false;false;false;false;false;;;2026-08-04 00:00:00;2026-08-04 00:00:00;;;;;;;;;;;CIF;CIF;PEDIDO COMPRA;;;;;Directo CR - FERRETERIA EPA, S.A.;72;EPA;OLO4;;;;;;;;FRANKFURT, GERMANY;LIMON, COSTA RICA;;;;0;0;0;0;;;;;0.00;;GLOBALOR LTD (Dropship CR);;2026-03-11 00:00:00;;;;;;false;;;;;;;;;;;;;;;;;;;;;;;false;;;
18498;1;4107754;draft;7569.00;pending;2026-03-12;USD;FCA;;;;;7569.00;;7569.00;;;;;0.00;0.00;0;;;;;;;;;;;;;;;;;;;;;;;;;;;;;;;;2026-03-19 15:21:52;2026-03-19 15:21:52;2;;647;;;;"""[\""Standard\""]""";0.00;0.00;0.00;;;false;;;false;;Marzo;;;;;false;false;false;false;false;false;false;false;false;;;2026-03-31 00:00:00;2026-03-31 00:00:00;;;;;;;;;;;FCA;;PEDIDO COMPRA;;;;;Directo VE - FERRETERIA EPA, C.A.;76;EPA;OLO4;;;;;;;;MIAMI ESP, UNITED STATES;PUERTO CABELLO, VENEZUELA;;;;0;0;0;0;;;;;0.00;;GLOBALOR LTD (Drop Ship EPA VE);;2026-03-12 00:00:00;;;;;;false;;;;;;;;;;;;;;;;;;;;;;;false;;;
18499;1;4107755;draft;10375.00;pending;2026-03-12;USD;FOB;;;;;10375.00;;10375.00;;;;;0.00;0.00;0;;;;;;;;;;;;;;;;;;;;;;;;;;;;;;;;2026-03-19 15:21:52;2026-03-19 15:21:52;3;;637;;;;"""[\""Standard\""]""";0.00;0.00;0.00;;;false;;;false;;EX614-CR;;;;;false;false;true;false;false;false;false;false;false;;;2026-04-17 00:00:00;2026-04-17 00:00:00;;;;;;;;;;;FOB;FOB;PEDIDO COMPRA;;;;;Directo CR - FERRETERIA EPA, S.A.;78;EPA;OLO4;;;;;;;;CARTAGENA, COLOMBIA;MOÍN, COSTA RICA;;;;0;0;0;0;;;;;0.00;;GLOBALOR LTD (Dropship CR);;2026-03-12 00:00:00;;;;;;false;;;;;;;;;;;;;;;;;;;;;;;false;;;
18500;1;4107756;draft;10659.00;pending;2026-03-12;USD;FOB;;;;;10659.00;;10659.00;;;;;0.00;0.00;0;;;;;;;;;;;;;;;;;;;;;;;;;;;;;;;;2026-03-19 15:21:52;2026-03-19 15:21:52;3;;637;;;;"""[\""Standard\""]""";0.00;0.00;0.00;;;false;;;false;;EX615-ZF;;;;;false;false;false;false;false;false;false;false;false;;;2026-04-17 00:00:00;2026-04-17 00:00:00;;;;;;;;;;;FOB;FOB;PEDIDO COMPRA;;;;;ZF - OVERSEAS LOGISTICS OPERATIONS;78;EPA;OLO4;;;;;;;;CARTAGENA, COLOMBIA;MOÍN, COSTA RICA;;;;0;0;0;0;;;;;0.00;;GLOBALOR LTD (ZF);;2026-03-12 00:00:00;;;;;;false;;;;;;;;;;;;;;;;;;;;;;;false;;;
18501;1;4107757;draft;23938.50;pending;2026-03-12;USD;FOB;;;;;23938.50;;23938.50;;;;;0.00;0.00;0;;;;;;;;;;;;;;;;;;;;;;;;;;;;;;;;2026-03-19 15:21:52;2026-03-19 15:21:52;3;;637;;;;"""[\""Standard\""]""";0.00;0.00;0.00;;;false;;;false;;EX616-VE;;;;;false;false;true;false;false;false;false;false;false;;;2026-04-17 00:00:00;2026-04-17 00:00:00;;;;;;;;;;;CIF;FOB;PEDIDO COMPRA;;;;;Directo VE - FERRETERIA EPA, C.A.;78;EPA;OLO4;;;;;;;;CARTAGENA, COLOMBIA;PUERTO CABELLO, VENEZUELA;;;;0;0;0;0;;;;;0.00;;GLOBALOR LTD (Drop Ship EPA VE);;2026-03-12 00:00:00;;;;;;false;;;;;;;;;;;;;;;;;;;;;;;false;;;
18502;1;4107758;draft;23510.24;pending;2026-03-12;USD;FCA;;;;;23510.24;;23510.24;;;;;0.00;0.00;0;;;;;;;;;;;;;;;;;;;;;;;;;;;;;;;;2026-03-19 15:21:52;2026-03-19 15:21:52;2;;668;;;;"""[\""Standard\""]""";0.00;0.00;0.00;;;false;;;false;;Marzo;;;;;false;false;false;false;false;false;false;true;false;;;2026-03-31 00:00:00;2026-03-31 00:00:00;;;;;;;;;;;;;PEDIDO COMPRA;;;;;ZF - OVERSEAS LOGISTICS OPERATIONS;76;EPA;OLO4;;;;;;;;MIAMI ESP, UNITED STATES;MOÍN, COSTA RICA;;;;0;0;0;0;;;;;0.00;;GLOBALOR LTD (ZF);;2026-03-12 00:00:00;;;;;;false;;;;;;;;;;;;;;;;;;;;;;;false;;;
18503;1;4107759;draft;10939.45;pending;2026-03-12;USD;FCA;;;;;10939.45;;10939.45;;;;;0.00;0.00;0;;;;;;;;;;;;;;;;;;;;;;;;;;;;;;;;2026-03-19 15:21:52;2026-03-19 15:21:52;2;;668;;;;"""[\""Standard\""]""";0.00;0.00;0.00;;;false;;;false;;Marzo;;;;;false;false;false;false;false;false;false;true;false;;;2026-03-31 00:00:00;2026-03-31 00:00:00;;;;;;;;;;;;;PEDIDO COMPRA;;;;;ZF - OVERSEAS LOGISTICS OPERATIONS;76;EPA;OLO4;;;;;;;;MIAMI ESP, UNITED STATES;MOÍN, COSTA RICA;;;;0;0;0;0;;;;;0.00;;GLOBALOR LTD (ZF);;2026-03-12 00:00:00;;;;;;false;;;;;;;;;;;;;;;;;;;;;;;false;;;
18504;1;4107760;draft;5702.40;pending;2026-03-12;USD;FCA;;;;;5702.40;;5702.40;;;;;0.00;0.00;0;;;;;;;;;;;;;;;;;;;;;;;;;;;;;;;;2026-03-19 15:21:52;2026-03-19 15:21:52;2;;668;;;;"""[\""Standard\""]""";0.00;0.00;0.00;;;false;;;false;;Marzo;;;;;false;false;false;false;false;false;false;true;false;;;2026-03-31 00:00:00;2026-03-31 00:00:00;;;;;;;;;;;FCA;FCA;PEDIDO COMPRA;;;;;Directo VE - FERRETERIA EPA, C.A.;76;EPA;OLO4;;;;;;;;MIAMI ESP, UNITED STATES;PUERTO CABELLO, VENEZUELA;;;;0;0;0;0;;;;;0.00;;GLOBALOR LTD (Drop Ship EPA VE);;2026-03-12 00:00:00;;;;;;false;;;;;;;;;;;;;;;;;;;;;;;false;;;
18505;1;4107761;draft;32388.43;pending;2026-03-12;USD;FCA;;;;;32388.43;;32388.43;;;;;0.00;0.00;0;;;;;;;;;;;;;;;;;;;;;;;;;;;;;;;;2026-03-19 15:21:52;2026-03-19 15:21:52;2;;623;;;;"""[\""Standard\""]""";0.00;0.00;0.00;;;false;;;false;;Marzo;;;;;false;false;false;false;false;false;false;false;false;;;2026-03-31 00:00:00;2026-03-31 00:00:00;;;;;;;;;;;;;PEDIDO COMPRA;;;;;ZF - OVERSEAS LOGISTICS OPERATIONS;76;EPA;OLO4;;;;;;;;MIAMI ESP, UNITED STATES;MOÍN, COSTA RICA;;;;0;0;0;0;;;;;0.00;;GLOBALOR LTD (ZF);;2026-03-12 00:00:00;;;;;;false;;;;;;;;;;;;;;;;;;;;;;;false;;;
18506;1;4107762;draft;21114.13;pending;2026-03-12;USD;FCA;;;;;21114.13;;21114.13;;;;;0.00;0.00;0;;;;;;;;;;;;;;;;;;;;;;;;;;;;;;;;2026-03-19 15:21:52;2026-03-19 15:21:52;2;;623;;;;"""[\""Standard\""]""";0.00;0.00;0.00;;;false;;;false;;Marzo;;;;;false;false;false;false;false;false;false;false;false;;;2026-03-31 00:00:00;2026-03-31 00:00:00;;;;;;;;;;;;;PEDIDO COMPRA;;;;;ZF - OVERSEAS LOGISTICS OPERATIONS;76;EPA;OLO4;;;;;;;;MIAMI ESP, UNITED STATES;MOÍN, COSTA RICA;;;;0;0;0;0;;;;;0.00;;GLOBALOR LTD (ZF);;2026-03-12 00:00:00;;;;;;false;;;;;;;;;;;;;;;;;;;;;;;false;;;
18507;1;4107763;draft;5450.22;pending;2026-03-12;USD;FCA;;;;;5450.22;;5450.22;;;;;0.00;0.00;0;;;;;;;;;;;;;;;;;;;;;;;;;;;;;;;;2026-03-19 15:21:52;2026-03-19 15:21:52;2;;623;;;;"""[\""Standard\""]""";0.00;0.00;0.00;;;false;;;false;;Marzo;;;;;false;false;false;false;false;false;false;false;false;;;2026-03-31 00:00:00;2026-03-31 00:00:00;;;;;;;;;;;FCA;FCA;PEDIDO COMPRA;;;;;Directo VE - FERRETERIA EPA, C.A.;76;EPA;OLO4;;;;;;;;MIAMI ESP, UNITED STATES;PUERTO CABELLO, VENEZUELA;;;;0;0;0;0;;;;;0.00;;GLOBALOR LTD (Drop Ship EPA VE);;2026-03-12 00:00:00;;;;;;false;;;;;;;;;;;;;;;;;;;;;;;false;;;
18508;1;6700925;draft;20207.50;pending;2025-07-29;USD;FOB;;;;;20207.50;;20207.50;;;;;0.00;0.00;0;;;;;;;;;;;;;;;;;;;;;;;;;;;;;;;;2026-03-19 15:21:52;2026-03-19 15:21:52;3;;673;;;;"""[\""Standard\""]""";0.00;0.00;0.00;;;false;;;false;;Directo CR Julio 25 CNY #6 March 2026;;;;;false;false;true;false;false;false;false;false;false;;;2026-03-01 00:00:00;2026-03-01 00:00:00;;;;;;;;;;;FOB;FOB;CNY;;;;;Directo CR - FERRETERIA EPA, S.A.;85;EPA;OLO6;;-- N/A --;MF20260312A;;7677;;;XIAMEN, CHINA;CALDERA, COSTA RICA;20207.50;;;0;0;0;0;;;;;0.00;;BINTER TRADE LLC. (Dropship CR);;2025-07-29 00:00:00;;;;;;false;;;;;;;;;;;;;;;;;;;;;;;false;;;
18509;1;6700926;draft;20207.50;pending;2025-07-29;USD;FOB;;;;;20207.50;;20207.50;;;;;0.00;0.00;0;;;;;;;;;;;;;;;;;;;;;;;;;;;;;;;;2026-03-19 15:21:52;2026-03-19 15:21:52;5;;673;;;;"""[\""Standard\""]""";0.00;0.00;0.00;;;false;;;false;;Directo CR Julio 25 CNY #7 March 2026;;;;;false;false;true;false;false;false;false;false;false;;;2026-03-01 00:00:00;2026-03-01 00:00:00;;;;;;;;;2026-03-18 00:00:00;;FOB;FOB;CNY;;;;;Directo CR - FERRETERIA EPA, S.A.;85;EPA;OLO6;;-- N/A --;MF20260312B;;7682;101954;;XIAMEN, CHINA;CALDERA, COSTA RICA;20207.50;;;0;0;0;0;;;;;0.00;;BINTER TRADE LLC. (Dropship CR);;2025-07-29 00:00:00;;;;;;false;;;;;;;;;;;;;;;;;;;;;;;false;;;
18510;1;6700936;draft;3087.50;pending;2025-07-31;USD;FOB;;;;;3087.50;;3087.50;;;;;0.00;0.00;0;;;;;;;;;;;;;;;;;;;;;;;;;;;;;;;;2026-03-19 15:21:53;2026-03-19 15:21:53;3;;674;;;;"""[\""Standard\""]""";0.00;0.00;0.00;;;false;;;false;;ZF CR Julio 25 CNY;;;;;false;false;false;false;false;false;false;false;false;;;2025-11-03 00:00:00;2025-11-03 00:00:00;;;;;;;;;;;CPT;CPT;CNY;;;;;ZF - OVERSEAS LOGISTICS OPERATIONS;85;EPA;OLO6;;;;;;;;TIANJIN, CHINA;CALDERA, COSTA RICA;;;;0;0;0;0;;;;;0.00;;BINTER TRADE LLC. (ZF);;2025-07-31 00:00:00;;;;;;false;;;;;;;;;;;;;;;;;;;;;;;false;;;
18511;1;6700937;draft;21316.00;pending;2025-07-31;USD;FOB;;;;;21316.00;;21316.00;;;;;0.00;0.00;0;;;;;;;;;;;;;;;;;;;;;;;;;;;;;;;;2026-03-19 15:21:53;2026-03-19 15:21:53;3;;674;;;;"""[\""Standard\""]""";0.00;0.00;0.00;;;false;;;false;;TLC CR Julio 25;;;;;false;false;true;false;false;false;false;false;false;;;2025-11-03 00:00:00;2025-11-03 00:00:00;;;;;;;;;;;FOB;FOB;CNY;;;;;Directo CR - FERRETERIA EPA, S.A.;85;EPA;OLO6;;;;;;;;TIANJIN, CHINA;CALDERA, COSTA RICA;;;;0;0;0;0;;;;;0.00;;BINTER TRADE LLC. (Dropship CR);;2025-07-31 00:00:00;;;;;;false;;;;;;;;;;;;;;;;;;;;;;;false;;;
18512;1;6700950;draft;34177.50;pending;2025-08-01;USD;FOB;;;;;34177.50;;34177.50;;;;;0.00;0.00;0;;;;;;;;;;;;;;;;;;;;;;;;;;;;;;;;2026-03-19 15:21:53;2026-03-19 15:21:53;3;;675;;;;"""[\""Standard\""]""";0.00;0.00;0.00;;;false;;;false;;Pedido extra VZ Julio 25 CNY26;;;;;false;false;false;false;false;false;false;false;false;;;2026-03-16 00:00:00;2026-03-16 00:00:00;;;;;;;;;;;CIF;FOB;COMPRAS A TERCEROS;;;;;Directo VE - FERRETERIA EPA, C.A.;85;EPA;OLO6;;;;;;;;SHANGHAI, CHINA;PUERTO CABELLO, VENEZUELA;;;;0;0;0;0;;;;;0.00;;BINTER TRADE LLC. (Dropship EPA - VE);;2025-08-01 00:00:00;;;;;;false;;;;;;;;;;;;;;;;;;;;;;;false;;;
18513;1;6700961;draft;35087.70;pending;2025-08-01;USD;FOB;;;;;35087.70;;35087.70;;;;;0.00;0.00;0;;;;;;;;;;;;;;;;;;;;;;;;;;;;;;;;2026-03-19 15:21:53;2026-03-19 15:21:53;10;;676;;;;"""[\""Standard\""]""";0.00;0.00;0.00;;;false;;;false;;PI11VE;;;;;false;false;false;false;false;false;false;false;false;;;2025-10-09 00:00:00;2025-10-09 00:00:00;;;;;;;;;2026-01-21 00:00:00;;CIF;FOB;PEDIDO COMPRA;;;;;Directo VE - FERRETERIA EPA, C.A.;83;EPA;OLO6;;-- N/A --;HMR25B034-2;;7425;101680;;NINGBO, CHINA;PUERTO CABELLO, VENEZUELA;35087.70;;;0;0;0;0;;;;;0.00;;BINTER TRADE LLC. (Dropship EPA - VE);;2025-08-01 00:00:00;;;;;;false;;;;;;;;;;;;;;;;;;;;;;;false;;;
18514;1;6700962;draft;34811.20;pending;2025-08-01;USD;FOB;;;;;34811.20;;34811.20;;;;;0.00;0.00;0;;;;;;;;;;;;;;;;;;;;;;;;;;;;;;;;2026-03-19 15:21:53;2026-03-19 15:21:53;10;;676;;;;"""[\""Standard\""]""";0.00;0.00;0.00;;;false;;;false;;PI12VE;;;;;false;false;false;false;false;false;false;false;false;;;2025-10-09 00:00:00;2025-10-09 00:00:00;;;;;;;;;2026-01-21 00:00:00;;CIF;FOB;PEDIDO COMPRA;;;;;Directo VE - FERRETERIA EPA, C.A.;83;EPA;OLO6;;-- N/A --;HMR25B034-3;;7427;101681;;NINGBO, CHINA;PUERTO CABELLO, VENEZUELA;34811.20;;;0;0;0;0;;;;;0.00;;BINTER TRADE LLC. (Dropship EPA - VE);;2025-08-01 00:00:00;;;;;;false;;;;;;;;;;;;;;;;;;;;;;;false;;;
18515;1;6700969;draft;18560.90;pending;2025-08-04;USD;FOB;;;;;18560.90;;18560.90;;;;;0.00;0.00;0;;;;;;;;;;;;;;;;;;;;;;;;;;;;;;;;2026-03-19 15:21:53;2026-03-19 15:21:53;5;;677;;;;"""[\""Standard\""]""";0.00;0.00;0.00;;;false;;;false;;Directo GT Julio 25 CNY #4;;;;;false;false;false;false;false;false;false;false;false;;;2026-03-02 00:00:00;2026-03-02 00:00:00;;;;;;;;;2026-03-18 00:00:00;;FOB;FOB;CNY;;;;;Directo GT - FERRETERIA EPA, S.A. (Guatemala);85;EPA;OLO6;;-- N/A --;ACC- 260310;;7686;101958;;NINGBO, CHINA;QUETZAL, GUATEMALA;18560.90;;;0;0;0;0;;;;;0.00;;BINTER TRADE LLC. (Dropship GT);;2025-08-04 00:00:00;;;;;;false;;;;;;;;;;;;;;;;;;;;;;;false;;;
18516;1;6701016;draft;23835.00;pending;2025-08-06;USD;FOB;;;;;23835.00;;23835.00;;;;;0.00;0.00;0;;;;;;;;;;;;;;;;;;;;;;;;;;;;;;;;2026-03-19 15:21:53;2026-03-19 15:21:53;5;;678;;;;"""[\""Standard\""]""";0.00;0.00;0.00;;;false;;;false;;PI1CR;;;;;false;false;false;false;false;false;false;false;false;;;2025-10-02 00:00:00;2025-10-02 00:00:00;;;;;;;;;2026-01-13 00:00:00;;FOB;FOB;PEDIDO COMPRA;;;;;Directo CR - FERRETERIA EPA, S.A.;83;EPA;OLO6;;-- N/A --;JL251217A;;7363;101606;;JIANGMEN, CHINA;ALAJUELA, COSTA RICA;23835.00;;;0;0;0;0;;;;;0.00;;BINTER TRADE LLC. (Dropship CR);;2025-08-06 00:00:00;;;;;;false;;;;;;;;;;;;;;;;;;;;;;;false;;;
18517;1;6701019;draft;20443.20;pending;2025-08-06;USD;FOB;;;;;20443.20;;20443.20;;;;;0.00;0.00;0;;;;;;;;;;;;;;;;;;;;;;;;;;;;;;;;2026-03-19 15:21:53;2026-03-19 15:21:53;5;;678;;;;"""[\""Standard\""]""";0.00;0.00;0.00;;;false;;;false;;PI3GT;;;;;false;false;false;false;false;false;false;false;false;;;2025-10-02 00:00:00;2025-10-02 00:00:00;;;;;;;;;2026-01-12 00:00:00;;FOB;FOB;PEDIDO COMPRA;;;;;Directo GT - FERRETERIA EPA, S.A. (Guatemala);83;EPA;OLO6;;-- N/A --;JL251217C;;7348;101582;;JIANGMEN, CHINA;CIUDAD DE GUATEMALA, GUATEMALA;20443.20;;;0;0;0;0;;;;;0.00;;BINTER TRADE LLC. (Dropship GT);;2025-08-06 00:00:00;;;;;;false;;;;;;;;;;;;;;;;;;;;;;;false;;;
18518;1;6701020;draft;20443.20;pending;2025-08-06;USD;FOB;;;;;20443.20;;20443.20;;;;;0.00;0.00;0;;;;;;;;;;;;;;;;;;;;;;;;;;;;;;;;2026-03-19 15:21:53;2026-03-19 15:21:53;5;;678;;;;"""[\""Standard\""]""";0.00;0.00;0.00;;;false;;;false;;PI4GT;;;;;false;false;false;false;false;false;false;false;false;;;2025-10-02 00:00:00;2025-10-02 00:00:00;;;;;;;;;2026-01-13 00:00:00;;FOB;FOB;PEDIDO COMPRA;;;;;Directo GT - FERRETERIA EPA, S.A. (Guatemala);83;EPA;OLO6;;-- N/A --;JL251217D;;7349;101585;;JIANGMEN, CHINA;CIUDAD DE GUATEMALA, GUATEMALA;20443.20;;;0;0;0;0;;;;;0.00;;BINTER TRADE LLC. (Dropship GT);;2025-08-06 00:00:00;;;;;;false;;;;;;;;;;;;;;;;;;;;;;;false;;;
18519;1;6701021;draft;19718.10;pending;2025-08-06;USD;FOB;;;;;19718.10;;19718.10;;;;;0.00;0.00;0;;;;;;;;;;;;;;;;;;;;;;;;;;;;;;;;2026-03-19 15:21:53;2026-03-19 15:21:53;5;;678;;;;"""[\""Standard\""]""";0.00;0.00;0.00;;;false;;;false;;PI5VE;;;;;false;false;false;false;false;false;false;false;false;;;2025-10-02 00:00:00;2025-10-02 00:00:00;;;;;;;;;2026-01-23 00:00:00;;CIF;FOB;PEDIDO COMPRA;;;;;Directo VE - FERRETERIA EPA, C.A.;83;EPA;OLO6;;-- N/A --;JL251217E;;7473;101701;;JIANGMEN, CHINA;PUERTO CABELLO, VENEZUELA;19718.10;;;0;0;0;0;;;;;0.00;;BINTER TRADE LLC. (Dropship EPA - VE);;2025-08-06 00:00:00;;;;;;false;;;;;;;;;;;;;;;;;;;;;;;false;;;
18520;1;6701045;draft;37804.00;pending;2025-08-07;USD;FOB;;;;;37804.00;;37804.00;;;;;0.00;0.00;0;;;;;;;;;;;;;;;;;;;;;;;;;;;;;;;;2026-03-19 15:21:53;2026-03-19 15:21:53;3;;679;;;;"""[\""Standard\""]""";0.00;0.00;0.00;;;false;;;false;;CR #3 CNY Julio 25;;;;;false;false;true;false;false;false;false;false;false;;;2026-03-02 00:00:00;2026-03-02 00:00:00;;;;;;;;;;;FOB;FOB;CNY;;;;;Directo CR - FERRETERIA EPA, S.A.;85;EPA;OLO6;;;;;;;;SHANGHAI, CHINA;CALDERA, COSTA RICA;;;;0;0;0;0;;;;;0.00;;BINTER TRADE LLC. (Dropship CR);;2025-08-07 00:00:00;;;;;;false;;;;;;;;;;;;;;;;;;;;;;;false;;;
18521;1;6701099;draft;14811.89;pending;2025-08-08;USD;FOB;;;;;14811.89;;14811.89;;;;;0.00;0.00;0;;;;;;;;;;;;;;;;;;;;;;;;;;;;;;;;2026-03-19 15:21:53;2026-03-19 15:21:53;5;;680;;;;"""[\""Standard\""]""";0.00;0.00;0.00;;;false;;;false;;VE4;;;;;false;false;false;false;false;false;false;false;false;;;2025-11-20 00:00:00;2025-11-20 00:00:00;;;;;;;;;2025-12-18 00:00:00;;CIF;FOB;PEDIDO COMPRA;;;;;Directo VE - FERRETERIA EPA, C.A.;89;EPA;OLO6;;-- N/A --;ST20250806-VE4;;7217;101445;;XIAMEN, CHINA;PUERTO CABELLO, VENEZUELA;14811.89;;;0;0;0;0;;;;;0.00;;BINTER TRADE LLC. (Dropship EPA - VE);;2025-08-08 00:00:00;;;;;;false;;;;;;;;;;;;;;;;;;;;;;;false;;;
18522;1;6701106;draft;12900.00;pending;2025-08-08;USD;FOB;;;;;12900.00;;12900.00;;;;;0.00;0.00;0;;;;;;;;;;;;;;;;;;;;;;;;;;;;;;;;2026-03-19 15:21:53;2026-03-19 15:21:53;10;;680;;;;"""[\""Standard\""]""";0.00;0.00;0.00;;;false;;;false;;VE10;;;;;false;false;false;false;false;false;false;false;false;;;2025-09-20 00:00:00;2025-09-20 00:00:00;;;;;;;;;2025-12-22 00:00:00;;CIF;FOB;PEDIDO COMPRA;;;;;Directo VE - FERRETERIA EPA, C.A.;89;EPA;OLO6;;-- N/A --;ST20250806-VE10;;7235;101463;;XIAMEN, CHINA;PUERTO CABELLO, VENEZUELA;12900.00;;;0;0;0;0;;;;;0.00;;BINTER TRADE LLC. (Dropship EPA - VE);;2025-08-08 00:00:00;;;;;;false;;;;;;;;;;;;;;;;;;;;;;;false;;;
18523;1;6701107;draft;12900.00;pending;2025-08-08;USD;FOB;;;;;12900.00;;12900.00;;;;;0.00;0.00;0;;;;;;;;;;;;;;;;;;;;;;;;;;;;;;;;2026-03-19 15:21:53;2026-03-19 15:21:53;10;;680;;;;"""[\""Standard\""]""";0.00;0.00;0.00;;;false;;;false;;VE11;;;;;false;false;false;false;false;false;false;false;false;;;2025-09-30 00:00:00;2025-09-30 00:00:00;;;;;;;;;2026-01-12 00:00:00;;CIF;FOB;PEDIDO COMPRA;;;;;Directo VE - FERRETERIA EPA, C.A.;89;EPA;OLO6;;-- N/A --;ST20250806-VE11;;7341;101566;;XIAMEN, CHINA;PUERTO CABELLO, VENEZUELA;12900.00;;;0;0;0;0;;;;;0.00;;BINTER TRADE LLC. (Dropship EPA - VE);;2025-08-08 00:00:00;;;;;;false;;;;;;;;;;;;;;;;;;;;;;;false;;;
18524;1;6701108;draft;12900.00;pending;2025-08-08;USD;FOB;;;;;12900.00;;12900.00;;;;;0.00;0.00;0;;;;;;;;;;;;;;;;;;;;;;;;;;;;;;;;2026-03-19 15:21:53;2026-03-19 15:21:53;10;;680;;;;"""[\""Standard\""]""";0.00;0.00;0.00;;;false;;;false;;VE12;;;;;false;false;false;false;false;false;false;false;false;;;2025-10-10 00:00:00;2025-10-10 00:00:00;;;;;;;;;2026-01-26 00:00:00;;CIF;FOB;PEDIDO COMPRA;;;;;Directo VE - FERRETERIA EPA, C.A.;89;EPA;OLO6;;-- N/A --;ST20250806-VE12;;7486;101735;;XIAMEN, CHINA;PUERTO CABELLO, VENEZUELA;12900.00;;;0;0;0;0;;;;;0.00;;BINTER TRADE LLC. (Dropship EPA - VE);;2025-08-08 00:00:00;;;;;;false;;;;;;;;;;;;;;;;;;;;;;;false;;;
18525;1;6701118;draft;6766.50;pending;2025-08-08;USD;FOB;;;;;6766.50;;6766.50;;;;;0.00;0.00;0;;;;;;;;;;;;;;;;;;;;;;;;;;;;;;;;2026-03-19 15:21:53;2026-03-19 15:21:53;2;;630;;;;"""[\""Standard\""]""";0.00;0.00;0.00;;;false;;;false;;CR;;;;;false;false;false;false;false;false;false;false;false;;;2026-03-15 00:00:00;2026-03-15 00:00:00;;;;;;;;;;;FOB;FOB;CNY;;;;;Directo CR - FERRETERIA EPA, S.A.;89;EPA;OLO6;;;;;;;;QINGDAO, CHINA;CALDERA, COSTA RICA;;;;0;0;0;0;;;;;0.00;;BINTER TRADE LLC. (Dropship CR);;2025-08-08 00:00:00;;;;;;false;;;;;;;;;;;;;;;;;;;;;;;false;;;
18526;1;6701126;draft;9028.50;pending;2025-08-08;USD;FOB;;;;;9028.50;;9028.50;;;;;0.00;0.00;0;;;;;;;;;;;;;;;;;;;;;;;;;;;;;;;;2026-03-19 15:21:53;2026-03-19 15:21:53;5;;630;;;;"""[\""Standard\""]""";0.00;0.00;0.00;;;false;;;false;;CR;;;;;false;false;false;false;false;false;false;false;false;;;2025-11-15 00:00:00;2025-11-15 00:00:00;;;;;;;;;2026-01-06 00:00:00;;FOB;FOB;CNY;;;;;Directo CR - FERRETERIA EPA, S.A.;89;EPA;OLO6;;-- N/A --;LR251220HP;;7288;101515;;QINGDAO, CHINA;CALDERA, COSTA RICA;9028.00;;;0;0;0;0;;;;;0.00;;BINTER TRADE LLC. (Dropship CR);;2025-08-08 00:00:00;;;;;;false;;;;;;;;;;;;;;;;;;;;;;;false;;;
18527;1;6701128;draft;2262.00;pending;2025-08-08;USD;FOB;;;;;2262.00;;2262.00;;;;;0.00;0.00;0;;;;;;;;;;;;;;;;;;;;;;;;;;;;;;;;2026-03-19 15:21:53;2026-03-19 15:21:53;2;;630;;;;"""[\""Standard\""]""";0.00;0.00;0.00;;;false;;;false;;CO;;;;;false;false;false;false;false;false;false;false;false;;;2026-03-15 00:00:00;2026-03-15 00:00:00;;;;;;;;;;;FOB;;CNY;;;;;Directo CR - Consorcio Ferretero San Jose S.A;89;EPA;OLO6;;;;;;;;QINGDAO, CHINA;CALDERA, COSTA RICA;;;;0;0;0;0;;;;;0.00;;BINTER TRADE LLC. (Dropship Cofersa);;2025-08-08 00:00:00;;;;;;false;;;;;;;;;;;;;;;;;;;;;;;false;;;
18528;1;6701131;draft;6790.00;pending;2025-08-08;USD;FOB;;;;;6790.00;;6790.00;;;;;0.00;0.00;0;;;;;;;;;;;;;;;;;;;;;;;;;;;;;;;;2026-03-19 15:21:53;2026-03-19 15:21:53;5;;630;;;;"""[\""Standard\""]""";0.00;0.00;0.00;;;false;;;false;;CO;;;;;false;false;false;false;false;false;false;false;false;;;2025-11-15 00:00:00;2025-11-15 00:00:00;;;;;;;;;2026-02-09 00:00:00;;FOB;FOB;CNY;;;;;Directo CR - Consorcio Ferretero San Jose S.A;89;EPA;OLO6;;-- N/A --;6701131;;7549;101801;;QINGDAO, CHINA;CALDERA, COSTA RICA;6790.00;;;0;0;0;0;;;;;0.00;;BINTER TRADE LLC. (Dropship Cofersa);;2025-08-08 00:00:00;;;;;;false;;;;;;;;;;;;;;;;;;;;;;;false;;;
18529;1;6701133;draft;8295.00;pending;2025-08-08;USD;FOB;;;;;8295.00;;8295.00;;;;;0.00;0.00;0;;;;;;;;;;;;;;;;;;;;;;;;;;;;;;;;2026-03-19 15:22:35;2026-03-19 15:22:35;2;;630;;;;"""[\""Standard\""]""";0.00;0.00;0.00;;;false;;;false;;CR;;;;;false;false;false;false;false;false;false;false;false;;;2026-03-10 00:00:00;2026-03-10 00:00:00;;;;;;;;;;;FOB;FOB;CNY;;;;;Directo CR - FERRETERIA EPA, S.A.;89;EPA;OLO6;;;;;;;;QINGDAO, CHINA;CALDERA, COSTA RICA;;;;0;0;0;0;;;;;0.00;;BINTER TRADE LLC. (Dropship CR);;2025-08-08 00:00:00;;;;;;false;;;;;;;;;;;;;;;;;;;;;;;false;;;
18530;1;6701138;draft;1505.00;pending;2025-08-08;USD;FOB;;;;;1505.00;;1505.00;;;;;0.00;0.00;0;;;;;;;;;;;;;;;;;;;;;;;;;;;;;;;;2026-03-19 15:22:35;2026-03-19 15:22:35;5;;630;;;;"""[\""Standard\""]""";0.00;0.00;0.00;;;false;;;false;;CR;;;;;false;false;false;false;false;false;false;false;false;;;2025-11-15 00:00:00;2025-11-15 00:00:00;;;;;;;;;2026-02-05 00:00:00;;FOB;FOB;CNY;;;;;Directo CR - FERRETERIA EPA, S.A.;89;EPA;OLO6;;-- N/A --;6701138;;7527;101779;;QINGDAO, CHINA;CALDERA, COSTA RICA;1505.00;;;0;0;0;0;;;;;0.00;;BINTER TRADE LLC. (Dropship CR);;2025-08-08 00:00:00;;;;;;false;;;;;;;;;;;;;;;;;;;;;;;false;;;
18531;1;6701139;draft;8295.00;pending;2025-08-08;USD;FOB;;;;;8295.00;;8295.00;;;;;0.00;0.00;0;;;;;;;;;;;;;;;;;;;;;;;;;;;;;;;;2026-03-19 15:22:35;2026-03-19 15:22:35;3;;630;;;;"""[\""Standard\""]""";0.00;0.00;0.00;;;false;;;false;;SV;;;;;false;false;false;false;false;false;false;false;false;;;2025-11-15 00:00:00;2025-11-15 00:00:00;;;;;;;;;;;FOB;FOB;CNY;;;;;Directo SV - FERRETERIA EPA, S.A. DE C.V.;89;EPA;OLO6;;;;;;;;QINGDAO, CHINA;ACAJUTLA, EL SALVADOR;;;;0;0;0;0;;;;;0.00;;BINTER TRADE LLC. (Dropship SV);;2025-08-08 00:00:00;;;;;;false;;;;;;;;;;;;;;;;;;;;;;;false;;;
18532;1;6701141;draft;8295.00;pending;2025-08-08;USD;FOB;;;;;8295.00;;8295.00;;;;;0.00;0.00;0;;;;;;;;;;;;;;;;;;;;;;;;;;;;;;;;2026-03-19 15:22:35;2026-03-19 15:22:35;3;;630;;;;"""[\""Standard\""]""";0.00;0.00;0.00;;;false;;;false;;SV;;;;;false;false;false;false;false;false;false;false;false;;;2025-11-15 00:00:00;2025-11-15 00:00:00;;;;;;;;;;;FOB;FOB;CNY;;;;;Directo SV - FERRETERIA EPA, S.A. DE C.V.;89;EPA;OLO6;;;;;;;;QINGDAO, CHINA;ACAJUTLA, EL SALVADOR;;;;0;0;0;0;;;;;0.00;;BINTER TRADE LLC. (Dropship SV);;2025-08-08 00:00:00;;;;;;false;;;;;;;;;;;;;;;;;;;;;;;false;;;
18533;1;6701142;draft;9028.50;pending;2025-08-08;USD;FOB;;;;;9028.50;;9028.50;;;;;0.00;0.00;0;;;;;;;;;;;;;;;;;;;;;;;;;;;;;;;;2026-03-19 15:22:35;2026-03-19 15:22:35;2;;630;;;;"""[\""Standard\""]""";0.00;0.00;0.00;;;false;;;false;;CR;;;;;false;false;false;false;false;false;false;false;false;;;2026-03-10 00:00:00;2026-03-10 00:00:00;;;;;;;;;;;FOB;FOB;CNY;;;;;Directo CR - FERRETERIA EPA, S.A.;89;EPA;OLO6;;;;;;;;QINGDAO, CHINA;CALDERA, COSTA RICA;;;;0;0;0;0;;;;;0.00;;BINTER TRADE LLC. (Dropship CR);;2025-08-08 00:00:00;;;;;;false;;;;;;;;;;;;;;;;;;;;;;;false;;;
18534;1;6701144;draft;8295.00;pending;2025-08-08;USD;FOB;;;;;8295.00;;8295.00;;;;;0.00;0.00;0;;;;;;;;;;;;;;;;;;;;;;;;;;;;;;;;2026-03-19 15:22:35;2026-03-19 15:22:35;3;;630;;;;"""[\""Standard\""]""";0.00;0.00;0.00;;;false;;;false;;SV;;;;;false;false;false;false;false;false;false;false;false;;;2025-11-15 00:00:00;2025-11-15 00:00:00;;;;;;;;;;;FOB;FOB;CNY;;;;;Directo SV - FERRETERIA EPA, S.A. DE C.V.;89;EPA;OLO6;;;;;;;;QINGDAO, CHINA;ACAJUTLA, EL SALVADOR;;;;0;0;0;0;;;;;0.00;;BINTER TRADE LLC. (Dropship SV);;2025-08-08 00:00:00;;;;;;false;;;;;;;;;;;;;;;;;;;;;;;false;;;
18535;1;6701145;draft;8295.00;pending;2025-08-08;USD;FOB;;;;;8295.00;;8295.00;;;;;0.00;0.00;0;;;;;;;;;;;;;;;;;;;;;;;;;;;;;;;;2026-03-19 15:22:35;2026-03-19 15:22:35;2;;630;;;;"""[\""Standard\""]""";0.00;0.00;0.00;;;false;;;false;;SV;;;;;false;false;false;false;false;false;false;false;false;;;2026-03-10 00:00:00;2026-03-10 00:00:00;;;;;;;;;;;FOB;FOB;CNY;;;;;Directo SV - FERRETERIA EPA, S.A. DE C.V.;89;EPA;OLO6;;;;;;;;QINGDAO, CHINA;ACAJUTLA, EL SALVADOR;;;;0;0;0;0;;;;;0.00;;BINTER TRADE LLC. (Dropship SV);;2025-08-08 00:00:00;;;;;;false;;;;;;;;;;;;;;;;;;;;;;;false;;;
18536;1;6701146;draft;8295.00;pending;2025-08-08;USD;FOB;;;;;8295.00;;8295.00;;;;;0.00;0.00;0;;;;;;;;;;;;;;;;;;;;;;;;;;;;;;;;2026-03-19 15:22:35;2026-03-19 15:22:35;2;;630;;;;"""[\""Standard\""]""";0.00;0.00;0.00;;;false;;;false;;SV;;;;;false;false;false;false;false;false;false;false;false;;;2026-03-10 00:00:00;2026-03-10 00:00:00;;;;;;;;;;;FOB;FOB;CNY;;;;;Directo SV - FERRETERIA EPA, S.A. DE C.V.;89;EPA;OLO6;;;;;;;;QINGDAO, CHINA;ACAJUTLA, EL SALVADOR;;;;0;0;0;0;;;;;0.00;;BINTER TRADE LLC. (Dropship SV);;2025-08-08 00:00:00;;;;;;false;;;;;;;;;;;;;;;;;;;;;;;false;;;
18537;1;6701147;draft;9028.50;pending;2025-08-08;USD;FOB;;;;;9028.50;;9028.50;;;;;0.00;0.00;0;;;;;;;;;;;;;;;;;;;;;;;;;;;;;;;;2026-03-19 15:22:35;2026-03-19 15:22:35;5;;630;;;;"""[\""Standard\""]""";0.00;0.00;0.00;;;false;;;false;;CR;;;;;false;false;false;false;false;false;false;false;false;;;2025-11-15 00:00:00;2025-11-15 00:00:00;;;;;;;;;2026-01-09 00:00:00;;FOB;FOB;CNY;;;;;Directo CR - FERRETERIA EPA, S.A. DE C.V.;89;EPA;OLO6;;-- N/A --;LR251221HP;;7329;101554;;QINGDAO, CHINA;ACAJUTLA, EL SALVADOR;9028.00;;;0;0;0;0;;;;;0.00;;BINTER TRADE LLC. (Dropship CR);;2025-08-08 00:00:00;;;;;;false;;;;;;;;;;;;;;;;;;;;;;;false;;;
18538;1;6701148;draft;9028.50;pending;2025-08-08;USD;FOB;;;;;9028.50;;9028.50;;;;;0.00;0.00;0;;;;;;;;;;;;;;;;;;;;;;;;;;;;;;;;2026-03-19 15:22:35;2026-03-19 15:22:35;2;;630;;;;"""[\""Standard\""]""";0.00;0.00;0.00;;;false;;;false;;SV;;;;;false;false;false;false;false;false;false;false;false;;;2026-03-10 00:00:00;2026-03-10 00:00:00;;;;;;;;;;;FOB;FOB;CNY;;;;;Directo SV - FERRETERIA EPA, S.A. DE C.V.;89;EPA;OLO6;;;;;;;;QINGDAO, CHINA;ACAJUTLA, EL SALVADOR;;;;0;0;0;0;;;;;0.00;;BINTER TRADE LLC. (Dropship SV);;2025-08-08 00:00:00;;;;;;false;;;;;;;;;;;;;;;;;;;;;;;false;;;
18539;1;6701149;draft;9028.50;pending;2025-08-08;USD;FOB;;;;;9028.50;;9028.50;;;;;0.00;0.00;0;;;;;;;;;;;;;;;;;;;;;;;;;;;;;;;;2026-03-19 15:22:35;2026-03-19 15:22:35;2;;630;;;;"""[\""Standard\""]""";0.00;0.00;0.00;;;false;;;false;;SV;;;;;false;false;false;false;false;false;false;false;false;;;2026-03-10 00:00:00;2026-03-10 00:00:00;;;;;;;;;;;FOB;FOB;CNY;;;;;Directo SV - FERRETERIA EPA, S.A. DE C.V.;89;EPA;OLO6;;;;;;;;QINGDAO, CHINA;ACAJUTLA, EL SALVADOR;;;;0;0;0;0;;;;;0.00;;BINTER TRADE LLC. (Dropship SV);;2025-08-08 00:00:00;;;;;;false;;;;;;;;;;;;;;;;;;;;;;;false;;;
18540;1;6701159;draft;8295.00;pending;2025-08-08;USD;FOB;;;;;8295.00;;8295.00;;;;;0.00;0.00;0;;;;;;;;;;;;;;;;;;;;;;;;;;;;;;;;2026-03-19 15:22:35;2026-03-19 15:22:35;5;;630;;;;"""[\""Standard\""]""";0.00;0.00;0.00;;;false;;;false;;GT;;;;;false;false;false;false;false;false;false;false;false;;;2025-11-15 00:00:00;2025-11-15 00:00:00;;;;;;;;;;;CIF;FOB;CNY;;;;;Directo GT - FERRETERIA EPA, C.A.;89;EPA;OLO6;;;;;;;;QINGDAO, CHINA;QUETZAL, GUATEMALA;;;;0;0;0;0;;;;;0.00;;BINTER TRADE LLC. (Dropship MUNDIAL ELECTRICO VE);;2025-08-08 00:00:00;;;;;;false;;;;;;;;;;;;;;;;;;;;;;;false;;;
18541;1;6701162;draft;9028.50;pending;2025-08-08;USD;FOB;;;;;9028.50;;9028.50;;;;;0.00;0.00;0;;;;;;;;;;;;;;;;;;;;;;;;;;;;;;;;2026-03-19 15:22:35;2026-03-19 15:22:35;2;;630;;;;"""[\""Standard\""]""";0.00;0.00;0.00;;;false;;;false;;GT;;;;;false;false;false;false;false;false;false;false;false;;;2026-03-15 00:00:00;2026-03-15 00:00:00;;;;;;;;;;;FOB;FOB;CNY;;;;;Directo GT - FERRETERIA EPA, S.A. (Guatemala);89;EPA;OLO6;;;;;;;;QINGDAO, CHINA;QUETZAL, GUATEMALA;;;;0;0;0;0;;;;;0.00;;BINTER TRADE LLC. (Dropship GT);;2025-08-08 00:00:00;;;;;;false;;;;;;;;;;;;;;;;;;;;;;;false;;;
18542;1;6701163;draft;8295.00;pending;2025-08-08;USD;FOB;;;;;8295.00;;8295.00;;;;;0.00;0.00;0;;;;;;;;;;;;;;;;;;;;;;;;;;;;;;;;2026-03-19 15:22:35;2026-03-19 15:22:35;2;;630;;;;"""[\""Standard\""]""";0.00;0.00;0.00;;;false;;;false;;GT;;;;;false;false;false;false;false;false;false;false;false;;;2026-03-15 00:00:00;2026-03-15 00:00:00;;;;;;;;;;;FOB;FOB;CNY;;;;;Directo GT - FERRETERIA EPA, S.A. (Guatemala);89;EPA;OLO6;;;;;;;;QINGDAO, CHINA;QUETZAL, GUATEMALA;;;;0;0;0;0;;;;;0.00;;BINTER TRADE LLC. (Dropship GT);;2025-08-08 00:00:00;;;;;;false;;;;;;;;;;;;;;;;;;;;;;;false;;;
18543;1;6701164;draft;9028.50;pending;2025-08-08;USD;FOB;;;;;9028.50;;9028.50;;;;;0.00;0.00;0;;;;;;;;;;;;;;;;;;;;;;;;;;;;;;;;2026-03-19 15:22:35;2026-03-19 15:22:35;2;;630;;;;"""[\""Standard\""]""";0.00;0.00;0.00;;;false;;;false;;GT;;;;;false;false;false;false;false;false;false;false;false;;;2026-03-15 00:00:00;2026-03-15 00:00:00;;;;;;;;;;;FOB;FOB;CNY;;;;;Directo GT - FERRETERIA EPA, S.A. (Guatemala);89;EPA;OLO6;;;;;;;;QINGDAO, CHINA;QUETZAL, GUATEMALA;;;;0;0;0;0;;;;;0.00;;BINTER TRADE LLC. (Dropship GT);;2025-08-08 00:00:00;;;;;;false;;;;;;;;;;;;;;;;;;;;;;;false;;;
18544;1;6701169;draft;9028.50;pending;2025-08-08;USD;FOB;;;;;9028.50;;9028.50;;;;;0.00;0.00;0;;;;;;;;;;;;;;;;;;;;;;;;;;;;;;;;2026-03-19 15:22:35;2026-03-19 15:22:35;2;;630;;;;"""[\""Standard\""]""";0.00;0.00;0.00;;;false;;;false;;VE;;;;;false;false;false;false;false;false;false;false;false;;;2025-11-15 00:00:00;2025-11-15 00:00:00;;;;;;;;;;;FOB;FOB;CNY;;;;;Directo VE - FERRETERIA EPA, C.A.;89;EPA;OLO6;;;;;;;;QINGDAO, CHINA;PUERTO CABELLO, VENEZUELA;;;;0;0;0;0;;;;;0.00;;BINTER TRADE LLC. (Dropship EPA - VE);;2025-08-08 00:00:00;;;;;;false;;;;;;;;;;;;;;;;;;;;;;;false;;;
18545;1;6701170;draft;9028.50;pending;2025-08-08;USD;FOB;;;;;9028.50;;9028.50;;;;;0.00;0.00;0;;;;;;;;;;;;;;;;;;;;;;;;;;;;;;;;2026-03-19 15:22:35;2026-03-19 15:22:35;2;;630;;;;"""[\""Standard\""]""";0.00;0.00;0.00;;;false;;;false;;VE;;;;;false;false;false;false;false;false;false;false;false;;;2025-11-15 00:00:00;2025-11-15 00:00:00;;;;;;;;;;;FOB;FOB;CNY;;;;;Directo VE - FERRETERIA EPA, C.A.;89;EPA;OLO6;;;;;;;;QINGDAO, CHINA;PUERTO CABELLO, VENEZUELA;;;;0;0;0;0;;;;;0.00;;BINTER TRADE LLC. (Dropship EPA - VE);;2025-08-08 00:00:00;;;;;;false;;;;;;;;;;;;;;;;;;;;;;;false;;;
18546;1;6701171;draft;9028.50;pending;2025-08-08;USD;FOB;;;;;9028.50;;9028.50;;;;;0.00;0.00;0;;;;;;;;;;;;;;;;;;;;;;;;;;;;;;;;2026-03-19 15:22:35;2026-03-19 15:22:35;2;;630;;;;"""[\""Standard\""]""";0.00;0.00;0.00;;;false;;;false;;VE;;;;;false;false;false;false;false;false;false;false;false;;;2026-03-10 00:00:00;2026-03-10 00:00:00;;;;;;;;;;;FOB;FOB;CNY;;;;;Directo VE - FERRETERIA EPA, C.A.;89;EPA;OLO6;;;;;;;;QINGDAO, CHINA;PUERTO CABELLO, VENEZUELA;;;;0;0;0;0;;;;;0.00;;BINTER TRADE LLC. (Dropship EPA - VE);;2025-08-08 00:00:00;;;;;;false;;;;;;;;;;;;;;;;;;;;;;;false;;;
18547;1;6701172;draft;9028.50;pending;2025-08-08;USD;FOB;;;;;9028.50;;9028.50;;;;;0.00;0.00;0;;;;;;;;;;;;;;;;;;;;;;;;;;;;;;;;2026-03-19 15:22:36;2026-03-19 15:22:36;2;;630;;;;"""[\""Standard\""]""";0.00;0.00;0.00;;;false;;;false;;VE;;;;;false;false;false;false;false;false;false;false;false;;;2026-03-10 00:00:00;2026-03-10 00:00:00;;;;;;;;;;;FOB;FOB;CNY;;;;;Directo VE - FERRETERIA EPA, C.A.;89;EPA;OLO6;;;;;;;;QINGDAO, CHINA;PUERTO CABELLO, VENEZUELA;;;;0;0;0;0;;;;;0.00;;BINTER TRADE LLC. (Dropship EPA - VE);;2025-08-08 00:00:00;;;;;;false;;;;;;;;;;;;;;;;;;;;;;;false;;;
18548;1;6701173;draft;8295.00;pending;2025-08-08;USD;FOB;;;;;8295.00;;8295.00;;;;;0.00;0.00;0;;;;;;;;;;;;;;;;;;;;;;;;;;;;;;;;2026-03-19 15:22:36;2026-03-19 15:22:36;2;;630;;;;"""[\""Standard\""]""";0.00;0.00;0.00;;;false;;;false;;GT;;;;;false;false;false;false;false;false;false;false;false;;;2026-03-10 00:00:00;2026-03-10 00:00:00;;;;;;;;;;;FOB;FOB;CNY;;;;;Directo GT - FERRETERIA EPA, S.A. (Guatemala);89;EPA;OLO6;;;;;;;;QINGDAO, CHINA;QUETZAL, GUATEMALA;;;;0;0;0;0;;;;;0.00;;BINTER TRADE LLC. (Dropship GT);;2025-08-08 00:00:00;;;;;;false;;;;;;;;;;;;;;;;;;;;;;;false;;;
18549;1;6701174;draft;9028.50;pending;2025-08-08;USD;FOB;;;;;9028.50;;9028.50;;;;;0.00;0.00;0;;;;;;;;;;;;;;;;;;;;;;;;;;;;;;;;2026-03-19 15:22:36;2026-03-19 15:22:36;2;;630;;;;"""[\""Standard\""]""";0.00;0.00;0.00;;;false;;;false;;GT;;;;;false;false;false;false;false;false;false;false;false;;;2026-03-10 00:00:00;2026-03-10 00:00:00;;;;;;;;;;;FOB;FOB;CNY;;;;;Directo GT - FERRETERIA EPA, S.A. (Guatemala);89;EPA;OLO6;;;;;;;;QINGDAO, CHINA;QUETZAL, GUATEMALA;;;;0;0;0;0;;;;;0.00;;BINTER TRADE LLC. (Dropship GT);;2025-08-08 00:00:00;;;;;;false;;;;;;;;;;;;;;;;;;;;;;;false;;;
18550;1;6701175;draft;9028.50;pending;2025-08-08;USD;FOB;;;;;9028.50;;9028.50;;;;;0.00;0.00;0;;;;;;;;;;;;;;;;;;;;;;;;;;;;;;;;2026-03-19 15:22:36;2026-03-19 15:22:36;2;;630;;;;"""[\""Standard\""]""";0.00;0.00;0.00;;;false;;;false;;VE;;;;;false;false;false;false;false;false;false;false;false;;;2026-03-10 00:00:00;2026-03-10 00:00:00;;;;;;;;;;;FOB;FOB;CNY;;;;;Directo VE - FERRETERIA EPA, C.A.;89;EPA;OLO6;;;;;;;;QINGDAO, CHINA;PUERTO CABELLO, VENEZUELA;;;;0;0;0;0;;;;;0.00;;BINTER TRADE LLC. (Dropship EPA - VE);;2025-08-08 00:00:00;;;;;;false;;;;;;;;;;;;;;;;;;;;;;;false;;;
18551;1;6701182;draft;8295.00;pending;2025-08-08;USD;FOB;;;;;8295.00;;8295.00;;;;;0.00;0.00;0;;;;;;;;;;;;;;;;;;;;;;;;;;;;;;;;2026-03-19 15:22:36;2026-03-19 15:22:36;5;;630;;;;"""[\""Standard\""]""";0.00;0.00;0.00;;;false;;;false;;FE;;;;;false;false;false;false;false;false;false;false;false;;;2025-11-22 00:00:00;2025-11-22 00:00:00;;;;;;;;;2026-01-06 00:00:00;;CIF;FOB;MIXTO;;;;;Directo VE - Febeca, C.A.;89;EPA;OLO6;;-- N/A --;LR251213HP-1;;7299;101524;;QINGDAO, CHINA;PUERTO CABELLO, VENEZUELA;8295.00;;;0;0;0;0;;;;;0.00;;BINTER TRADE LLC. (Dropship FEBECA - VE);;2025-08-08 00:00:00;;;;;;false;;;;;;;;;;;;;;;;;;;;;;;false;;;
18552;1;6701183;draft;9240.00;pending;2025-08-08;USD;FOB;;;;;9240.00;;9240.00;;;;;0.00;0.00;0;;;;;;;;;;;;;;;;;;;;;;;;;;;;;;;;2026-03-19 15:22:36;2026-03-19 15:22:36;2;;630;;;;"""[\""Standard\""]""";0.00;0.00;0.00;;;false;;;false;;FE;;;;;false;false;false;false;false;false;false;false;false;;;2025-11-22 00:00:00;2025-11-22 00:00:00;;;;;;;;;;;FOB;;CNY;;;;;Directo VE - Febeca, C.A.;89;EPA;OLO6;;;;;;;;QINGDAO, CHINA;PUERTO CABELLO, VENEZUELA;;;;0;0;0;0;;;;;0.00;;BINTER TRADE LLC. (Dropship FEBECA - VE);;2025-08-08 00:00:00;;;;;;false;;;;;;;;;;;;;;;;;;;;;;;false;;;
18553;1;6701184;draft;9240.00;pending;2025-08-08;USD;FOB;;;;;9240.00;;9240.00;;;;;0.00;0.00;0;;;;;;;;;;;;;;;;;;;;;;;;;;;;;;;;2026-03-19 15:22:36;2026-03-19 15:22:36;2;;630;;;;"""[\""Standard\""]""";0.00;0.00;0.00;;;false;;;false;;FE;;;;;false;false;false;false;false;false;false;false;false;;;2025-11-22 00:00:00;2025-11-22 00:00:00;;;;;;;;;;;FOB;;CNY;;;;;Directo VE - Febeca, C.A.;89;EPA;OLO6;;;;;;;;QINGDAO, CHINA;PUERTO CABELLO, VENEZUELA;;;;0;0;0;0;;;;;0.00;;BINTER TRADE LLC. (Dropship FEBECA - VE);;2025-08-08 00:00:00;;;;;;false;;;;;;;;;;;;;;;;;;;;;;;false;;;
18554;1;6701185;draft;9240.00;pending;2025-08-08;USD;FOB;;;;;9240.00;;9240.00;;;;;0.00;0.00;0;;;;;;;;;;;;;;;;;;;;;;;;;;;;;;;;2026-03-19 15:22:36;2026-03-19 15:22:36;2;;630;;;;"""[\""Standard\""]""";0.00;0.00;0.00;;;false;;;false;;FE;;;;;false;false;false;false;false;false;false;false;false;;;2025-11-22 00:00:00;2025-11-22 00:00:00;;;;;;;;;;;FOB;;CNY;;;;;Directo VE - Febeca, C.A.;89;EPA;OLO6;;;;;;;;QINGDAO, CHINA;PUERTO CABELLO, VENEZUELA;;;;0;0;0;0;;;;;0.00;;BINTER TRADE LLC. (Dropship FEBECA - VE);;2025-08-08 00:00:00;;;;;;false;;;;;;;;;;;;;;;;;;;;;;;false;;;
18555;1;6701186;draft;9240.00;pending;2025-08-08;USD;FOB;;;;;9240.00;;9240.00;;;;;0.00;0.00;0;;;;;;;;;;;;;;;;;;;;;;;;;;;;;;;;2026-03-19 15:22:36;2026-03-19 15:22:36;2;;630;;;;"""[\""Standard\""]""";0.00;0.00;0.00;;;false;;;false;;FE;;;;;false;false;false;false;false;false;false;false;false;;;2025-11-22 00:00:00;2025-11-22 00:00:00;;;;;;;;;;;FOB;FOB;CNY;;;;;Directo VE - FERRETERIA EPA, C.A.;89;EPA;OLO6;;;;;;;;QINGDAO, CHINA;PUERTO CABELLO, VENEZUELA;;;;0;0;0;0;;;;;0.00;;BINTER TRADE LLC. (Dropship EPA - VE);;2025-08-08 00:00:00;;;;;;false;;;;;;;;;;;;;;;;;;;;;;;false;;;
18556;1;6701187;draft;9240.00;pending;2025-08-08;USD;FOB;;;;;9240.00;;9240.00;;;;;0.00;0.00;0;;;;;;;;;;;;;;;;;;;;;;;;;;;;;;;;2026-03-19 15:22:36;2026-03-19 15:22:36;2;;630;;;;"""[\""Standard\""]""";0.00;0.00;0.00;;;false;;;false;;FE;;;;;false;false;false;false;false;false;false;false;false;;;2025-11-22 00:00:00;2025-11-22 00:00:00;;;;;;;;;;;FOB;;CNY;;;;;Directo VE - Febeca, C.A.;89;EPA;OLO6;;;;;;;;QINGDAO, CHINA;PUERTO CABELLO, VENEZUELA;;;;0;0;0;0;;;;;0.00;;BINTER TRADE LLC. (Dropship FEBECA - VE);;2025-08-08 00:00:00;;;;;;false;;;;;;;;;;;;;;;;;;;;;;;false;;;
18557;1;6701188;draft;9240.00;pending;2025-08-08;USD;FOB;;;;;9240.00;;9240.00;;;;;0.00;0.00;0;;;;;;;;;;;;;;;;;;;;;;;;;;;;;;;;2026-03-19 15:22:36;2026-03-19 15:22:36;2;;630;;;;"""[\""Standard\""]""";0.00;0.00;0.00;;;false;;;false;;FE;;;;;false;false;false;false;false;false;false;false;false;;;2026-03-10 00:00:00;2026-03-10 00:00:00;;;;;;;;;;;FOB;;CNY;;;;;Directo VE - Febeca, C.A.;89;EPA;OLO6;;;;;;;;QINGDAO, CHINA;PUERTO CABELLO, VENEZUELA;;;;0;0;0;0;;;;;0.00;;BINTER TRADE LLC. (Dropship FEBECA - VE);;2025-08-08 00:00:00;;;;;;false;;;;;;;;;;;;;;;;;;;;;;;false;;;
18558;1;6701189;draft;9240.00;pending;2025-08-08;USD;FOB;;;;;9240.00;;9240.00;;;;;0.00;0.00;0;;;;;;;;;;;;;;;;;;;;;;;;;;;;;;;;2026-03-19 15:22:36;2026-03-19 15:22:36;2;;630;;;;"""[\""Standard\""]""";0.00;0.00;0.00;;;false;;;false;;FE;;;;;false;false;false;false;false;false;false;false;false;;;2026-03-03 00:00:00;2026-03-03 00:00:00;;;;;;;;;;;FOB;;CNY;;;;;Directo VE - Febeca, C.A.;89;EPA;OLO6;;;;;;;;QINGDAO, CHINA;PUERTO CABELLO, VENEZUELA;;;;0;0;0;0;;;;;0.00;;BINTER TRADE LLC. (Dropship FEBECA - VE);;2025-08-08 00:00:00;;;;;;false;;;;;;;;;;;;;;;;;;;;;;;false;;;
18559;1;6701191;draft;9240.00;pending;2025-08-08;USD;FOB;;;;;9240.00;;9240.00;;;;;0.00;0.00;0;;;;;;;;;;;;;;;;;;;;;;;;;;;;;;;;2026-03-19 15:22:36;2026-03-19 15:22:36;2;;630;;;;"""[\""Standard\""]""";0.00;0.00;0.00;;;false;;;false;;FE;;;;;false;false;false;false;false;false;false;false;false;;;2026-03-10 00:00:00;2026-03-10 00:00:00;;;;;;;;;;;FOB;;CNY;;;;;Directo VE - Febeca, C.A.;89;EPA;OLO6;;;;;;;;QINGDAO, CHINA;PUERTO CABELLO, VENEZUELA;;;;0;0;0;0;;;;;0.00;;BINTER TRADE LLC. (Dropship FEBECA - VE);;2025-08-08 00:00:00;;;;;;false;;;;;;;;;;;;;;;;;;;;;;;false;;;
18560;1;6701194;draft;9240.00;pending;2025-08-08;USD;FOB;;;;;9240.00;;9240.00;;;;;0.00;0.00;0;;;;;;;;;;;;;;;;;;;;;;;;;;;;;;;;2026-03-19 15:22:36;2026-03-19 15:22:36;2;;630;;;;"""[\""Standard\""]""";0.00;0.00;0.00;;;false;;;false;;FE;;;;;false;false;false;false;false;false;false;false;false;;;2025-12-15 00:00:00;2025-12-15 00:00:00;;;;;;;;;;;CIF;;CNY;;;;;Directo VE - Febeca, C.A.;89;EPA;OLO6;;;;;;;;QINGDAO, CHINA;PUERTO CABELLO, VENEZUELA;;;;0;0;0;0;;;;;0.00;;BINTER TRADE LLC. (Dropship FEBECA - VE);;2025-08-08 00:00:00;;;;;;false;;;;;;;;;;;;;;;;;;;;;;;false;;;
18561;1;6701195;draft;9240.00;pending;2025-08-08;USD;FOB;;;;;9240.00;;9240.00;;;;;0.00;0.00;0;;;;;;;;;;;;;;;;;;;;;;;;;;;;;;;;2026-03-19 15:22:36;2026-03-19 15:22:36;2;;630;;;;"""[\""Standard\""]""";0.00;0.00;0.00;;;false;;;false;;FE;;;;;false;false;false;false;false;false;false;false;false;;;2025-11-12 00:00:00;2025-11-12 00:00:00;;;;;;;;;;;FOB;;CNY;;;;;Directo VE - Febeca, C.A.;89;EPA;OLO6;;;;;;;;QINGDAO, CHINA;PUERTO CABELLO, VENEZUELA;;;;0;0;0;0;;;;;0.00;;BINTER TRADE LLC. (Dropship FEBECA - VE);;2025-08-08 00:00:00;;;;;;false;;;;;;;;;;;;;;;;;;;;;;;false;;;
18562;1;6701196;draft;9240.00;pending;2025-08-08;USD;FOB;;;;;9240.00;;9240.00;;;;;0.00;0.00;0;;;;;;;;;;;;;;;;;;;;;;;;;;;;;;;;2026-03-19 15:22:36;2026-03-19 15:22:36;2;;630;;;;"""[\""Standard\""]""";0.00;0.00;0.00;;;false;;;false;;VE;;;;;false;false;false;false;false;false;false;false;false;;;2025-11-22 00:00:00;2025-11-22 00:00:00;;;;;;;;;;;FOB;FOB;CNY;;;;;Directo VE - FERRETERIA EPA, C.A.;89;EPA;OLO6;;;;;;;;QINGDAO, CHINA;PUERTO CABELLO, VENEZUELA;;;;0;0;0;0;;;;;0.00;;BINTER TRADE LLC. (Dropship FEBECA - VE);;2025-08-08 00:00:00;;;;;;false;;;;;;;;;;;;;;;;;;;;;;;false;;;
18563;1;6701197;draft;9240.00;pending;2025-08-08;USD;FOB;;;;;9240.00;;9240.00;;;;;0.00;0.00;0;;;;;;;;;;;;;;;;;;;;;;;;;;;;;;;;2026-03-19 15:22:36;2026-03-19 15:22:36;2;;630;;;;"""[\""Standard\""]""";0.00;0.00;0.00;;;false;;;false;;VE;;;;;false;false;false;false;false;false;false;false;false;;;2026-03-10 00:00:00;2026-03-10 00:00:00;;;;;;;;;;;FOB;;CNY;;;;;Directo VE - Febeca, C.A.;89;EPA;OLO6;;;;;;;;QINGDAO, CHINA;PUERTO CABELLO, VENEZUELA;;;;0;0;0;0;;;;;0.00;;BINTER TRADE LLC. (Dropship FEBECA - VE);;2025-08-08 00:00:00;;;;;;false;;;;;;;;;;;;;;;;;;;;;;;false;;;
18564;1;6701198;draft;9240.00;pending;2025-08-08;USD;FOB;;;;;9240.00;;9240.00;;;;;0.00;0.00;0;;;;;;;;;;;;;;;;;;;;;;;;;;;;;;;;2026-03-19 15:22:36;2026-03-19 15:22:36;2;;630;;;;"""[\""Standard\""]""";0.00;0.00;0.00;;;false;;;false;;VE;;;;;false;false;false;false;false;false;false;false;false;;;2026-03-10 00:00:00;2026-03-10 00:00:00;;;;;;;;;;;FOB;FOB;CNY;;;;;Directo VE - FERRETERIA EPA, C.A.;89;EPA;OLO6;;;;;;;;QINGDAO, CHINA;PUERTO CABELLO, VENEZUELA;;;;0;0;0;0;;;;;0.00;;BINTER TRADE LLC. (Dropship FEBECA - VE);;2025-08-08 00:00:00;;;;;;false;;;;;;;;;;;;;;;;;;;;;;;false;;;
18565;1;6701203;draft;12680.50;pending;2025-08-14;USD;FOB;;;;;12680.50;;12680.50;;;;;0.00;0.00;0;;;;;;;;;;;;;;;;;;;;;;;;;;;;;;;;2026-03-19 15:22:36;2026-03-19 15:22:36;3;;681;;;;"""[\""Standard\""]""";0.00;0.00;0.00;;;false;;;false;;COF Julio 25 CNY #2;;;;;false;false;true;false;false;false;false;false;false;;;2026-03-02 00:00:00;2026-03-02 00:00:00;;;;;;;;;;;FOB;FOB;CNY;;;;;Directo CR - Consorcio Ferretero San Jose S.A;85;EPA;OLO6;;;;;;;;NINGBO, CHINA;CALDERA, COSTA RICA;;;;0;0;0;0;;;;;0.00;;BINTER TRADE LLC. (Dropship Cofersa);;2025-08-14 00:00:00;;;;;;false;;;;;;;;;;;;;;;;;;;;;;;false;;;
18566;1;6701207;draft;11660.46;pending;2025-08-14;USD;FOB;;;;;11660.46;;11660.46;;;;;0.00;0.00;0;;;;;;;;;;;;;;;;;;;;;;;;;;;;;;;;2026-03-19 15:22:36;2026-03-19 15:22:36;7;;682;;;;"""[\""Standard\""]""";0.00;0.00;0.00;;;false;;;false;;ZF;;;;;false;false;false;false;false;false;false;false;false;;;2025-09-22 00:00:00;2025-09-22 00:00:00;;;;;;;;;;;FOB;FOB;CNY;;;;;ZF - OVERSEAS LOGISTICS OPERATIONS;82;EPA;OLO6;;;ANK202545-2;;7295;;;SHANGHAI, CHINA;CALDERA, COSTA RICA;11660.46;;;0;0;0;0;;;;;0.00;;BINTER TRADE LLC. (ZF);;2025-08-14 00:00:00;;;;;;false;;;;;;;;;;;;;;;;;;;;;;;false;;;
18567;1;6701208;draft;21142.88;pending;2025-08-14;USD;FOB;;;;;21142.88;;21142.88;;;;;0.00;0.00;0;;;;;;;;;;;;;;;;;;;;;;;;;;;;;;;;2026-03-19 15:22:36;2026-03-19 15:22:36;6;;683;;;;"""[\""Standard\""]""";0.00;0.00;0.00;;;false;;;false;;ZF;;;;;false;false;false;false;false;false;false;false;false;;;2025-10-06 00:00:00;2025-10-06 00:00:00;;;;;;;;;;;FOB;FOB;CNY;;;;;ZF - OVERSEAS LOGISTICS OPERATIONS;82;EPA;OLO6;;;ANK202546-1;;7469;;;SHANGHAI, CHINA;CALDERA, COSTA RICA;21142.88;;;0;0;0;0;;;;;0.00;;BINTER TRADE LLC. (ZF);;2025-08-14 00:00:00;;;;;;false;;;;;;;;;;;;;;;;;;;;;;;false;;;
18568;1;6701209;draft;12457.82;pending;2025-08-14;USD;FOB;;;;;12457.82;;12457.82;;;;;0.00;0.00;0;;;;;;;;;;;;;;;;;;;;;;;;;;;;;;;;2026-03-19 15:22:36;2026-03-19 15:22:36;6;;682;;;;"""[\""Standard\""]""";0.00;0.00;0.00;;;false;;;false;;ZF;;;;;false;false;false;false;false;false;false;false;false;;;2025-10-06 00:00:00;2025-10-06 00:00:00;;;;;;;;;;;FOB;FOB;CNY;;;;;ZF - OVERSEAS LOGISTICS OPERATIONS;82;EPA;OLO6;;;ANK202546-2;;7469;;;SHANGHAI, CHINA;CALDERA, COSTA RICA;12457.82;;;0;0;0;0;;;;;0.00;;BINTER TRADE LLC. (ZF);;2025-08-14 00:00:00;;;;;;false;;;;;;;;;;;;;;;;;;;;;;;false;;;
18569;1;6701210;draft;21106.66;pending;2025-08-14;USD;FOB;;;;;21106.66;;21106.66;;;;;0.00;0.00;0;;;;;;;;;;;;;;;;;;;;;;;;;;;;;;;;2026-03-19 15:22:36;2026-03-19 15:22:36;6;;683;;;;"""[\""Standard\""]""";0.00;0.00;0.00;;;false;;;false;;ZF;;;;;false;false;false;false;false;false;false;false;false;;;2025-10-20 00:00:00;2025-10-20 00:00:00;;;;;;;;;;;FOB;FOB;CNY;;;;;ZF - OVERSEAS LOGISTICS OPERATIONS;82;EPA;OLO6;;;ANK202547-1;;7455;;;SHANGHAI, CHINA;CALDERA, COSTA RICA;21060.95;;;0;0;0;0;;;;;0.00;;BINTER TRADE LLC. (ZF);;2025-08-14 00:00:00;;;;;;false;;;;;;;;;;;;;;;;;;;;;;;false;;;
18570;1;6701211;draft;13906.04;pending;2025-08-14;USD;FOB;;;;;13906.04;;13906.04;;;;;0.00;0.00;0;;;;;;;;;;;;;;;;;;;;;;;;;;;;;;;;2026-03-19 15:22:36;2026-03-19 15:22:36;6;;682;;;;"""[\""Standard\""]""";0.00;0.00;0.00;;;false;;;false;;ZF;;;;;false;false;false;false;false;false;false;false;false;;;2025-10-20 00:00:00;2025-10-20 00:00:00;;;;;;;;;;;FOB;FOB;CNY;;;;;ZF - OVERSEAS LOGISTICS OPERATIONS;82;EPA;OLO6;;;ANK202547-2;;7455;;;SHANGHAI, CHINA;CALDERA, COSTA RICA;13906.04;;;0;0;0;0;;;;;0.00;;BINTER TRADE LLC. (ZF);;2025-08-14 00:00:00;;;;;;false;;;;;;;;;;;;;;;;;;;;;;;false;;;
18571;1;6701221;draft;14791.00;pending;2025-08-14;USD;FOB;;;;;14791.00;;14791.00;;;;;0.00;0.00;0;;;;;;;;;;;;;;;;;;;;;;;;;;;;;;;;2026-03-19 15:22:36;2026-03-19 15:22:36;3;;681;;;;"""[\""Standard\""]""";0.00;0.00;0.00;;;false;;;false;;CR Julio 25 CNY #10;;;;;false;false;true;false;false;false;false;false;false;;;2026-03-01 00:00:00;2026-03-01 00:00:00;;;;;;;;;;;FOB;FOB;CNY;;;;;Directo CR - FERRETERIA EPA, S.A.;85;EPA;OLO6;;;;;;;;NINGBO, CHINA;CALDERA, COSTA RICA;;;;0;0;0;0;;;;;0.00;;BINTER TRADE LLC. (Dropship CR);;2025-08-14 00:00:00;;;;;;false;;;;;;;;;;;;;;;;;;;;;;;false;;;
18572;1;6701222;draft;14892.80;pending;2025-08-14;USD;FOB;;;;;14892.80;;14892.80;;;;;0.00;0.00;0;;;;;;;;;;;;;;;;;;;;;;;;;;;;;;;;2026-03-19 15:22:36;2026-03-19 15:22:36;3;;681;;;;"""[\""Standard\""]""";0.00;0.00;0.00;;;false;;;false;;CR Julio 25 CNY #11;;;;;false;false;true;false;false;false;false;false;false;;;2026-03-01 00:00:00;2026-03-01 00:00:00;;;;;;;;;;;FOB;FOB;CNY;;;;;Directo CR - FERRETERIA EPA, S.A.;85;EPA;OLO6;;;;;;;;NINGBO, CHINA;CALDERA, COSTA RICA;;;;0;0;0;0;;;;;0.00;;BINTER TRADE LLC. (Dropship CR);;2025-08-14 00:00:00;;;;;;false;;;;;;;;;;;;;;;;;;;;;;;false;;;
18573;1;6701223;draft;14484.40;pending;2025-08-14;USD;FOB;;;;;14484.40;;14484.40;;;;;0.00;0.00;0;;;;;;;;;;;;;;;;;;;;;;;;;;;;;;;;2026-03-19 15:22:36;2026-03-19 15:22:36;3;;681;;;;"""[\""Standard\""]""";0.00;0.00;0.00;;;false;;;false;;CR Julio 25 CNY #12;;;;;false;false;true;false;false;false;false;false;false;;;2026-03-07 00:00:00;2026-03-07 00:00:00;;;;;;;;;;;FOB;FOB;CNY;;;;;Directo CR - FERRETERIA EPA, S.A.;85;EPA;OLO6;;;;;;;;NINGBO, CHINA;CALDERA, COSTA RICA;;;;0;0;0;0;;;;;0.00;;BINTER TRADE LLC. (Dropship CR);;2025-08-14 00:00:00;;;;;;false;;;;;;;;;;;;;;;;;;;;;;;false;;;
18574;1;6701224;draft;14264.20;pending;2025-08-14;USD;FOB;;;;;14264.20;;14264.20;;;;;0.00;0.00;0;;;;;;;;;;;;;;;;;;;;;;;;;;;;;;;;2026-03-19 15:22:36;2026-03-19 15:22:36;3;;681;;;;"""[\""Standard\""]""";0.00;0.00;0.00;;;false;;;false;;CR Julio 25 CNY #13;;;;;false;false;true;false;false;false;false;true;false;;;2026-03-07 00:00:00;2026-03-07 00:00:00;;;;;;;;;;;FOB;FOB;CNY;;;;;Directo CR - FERRETERIA EPA, S.A.;85;EPA;OLO6;;;;;;;;NINGBO, CHINA;CALDERA, COSTA RICA;;;;0;0;0;0;;;;;0.00;;BINTER TRADE LLC. (Dropship CR);;2025-08-14 00:00:00;;;;;;false;;;;;;;;;;;;;;;;;;;;;;;false;;;
18575;1;6701243;draft;17481.70;pending;2025-08-14;USD;FOB;;;;;17481.70;;17481.70;;;;;0.00;0.00;0;;;;;;;;;;;;;;;;;;;;;;;;;;;;;;;;2026-03-19 15:22:36;2026-03-19 15:22:36;3;;681;;;;"""[\""Standard\""]""";0.00;0.00;0.00;;;false;;;false;;GT Julio 25 CNY #19;;;;;false;false;false;false;false;false;false;true;false;;;2026-03-07 00:00:00;2026-03-07 00:00:00;;;;;;;;;;;FOB;FOB;CNY;;;;;Directo GT - FERRETERIA EPA, S.A. (Guatemala);85;EPA;OLO6;;;;;;;;NINGBO, CHINA;QUETZAL, GUATEMALA;;;;0;0;0;0;;;;;0.00;;BINTER TRADE LLC. (Dropship GT);;2025-08-14 00:00:00;;;;;;false;;;;;;;;;;;;;;;;;;;;;;;false;;;
18576;1;6701244;draft;17579.50;pending;2025-08-14;USD;FOB;;;;;17579.50;;17579.50;;;;;0.00;0.00;0;;;;;;;;;;;;;;;;;;;;;;;;;;;;;;;;2026-03-19 15:22:36;2026-03-19 15:22:36;3;;681;;;;"""[\""Standard\""]""";0.00;0.00;0.00;;;false;;;false;;GT Julio 25 CNY #20;;;;;false;false;false;false;false;false;false;true;false;;;2026-03-07 00:00:00;2026-03-07 00:00:00;;;;;;;;;;;FOB;FOB;CNY;;;;;Directo GT - FERRETERIA EPA, S.A. (Guatemala);85;EPA;OLO6;;;;;;;;NINGBO, CHINA;QUETZAL, GUATEMALA;;;;0;0;0;0;;;;;0.00;;BINTER TRADE LLC. (Dropship GT);;2025-08-14 00:00:00;;;;;;false;;;;;;;;;;;;;;;;;;;;;;;false;;;
18577;1;6701255;draft;17317.60;pending;2025-08-14;USD;FOB;;;;;17317.60;;17317.60;;;;;0.00;0.00;0;;;;;;;;;;;;;;;;;;;;;;;;;;;;;;;;2026-03-19 15:22:36;2026-03-19 15:22:36;3;;681;;;;"""[\""Standard\""]""";0.00;0.00;0.00;;;false;;;false;;SV Julio 25 CNY #7;;;;;false;false;false;false;false;false;false;false;false;;;2026-03-07 00:00:00;2026-03-07 00:00:00;;;;;;;;;;;FOB;FOB;CNY;;;;;Directo SV - FERRETERIA EPA, S.A. DE C.V.;85;EPA;OLO6;;;;;;;;NINGBO, CHINA;ACAJUTLA, EL SALVADOR;;;;0;0;0;0;;;;;0.00;;BINTER TRADE LLC. (Dropship SV);;2025-08-14 00:00:00;;;;;;false;;;;;;;;;;;;;;;;;;;;;;;false;;;
18578;1;6701256;draft;17317.60;pending;2025-08-14;USD;FOB;;;;;17317.60;;17317.60;;;;;0.00;0.00;0;;;;;;;;;;;;;;;;;;;;;;;;;;;;;;;;2026-03-19 15:22:36;2026-03-19 15:22:36;3;;681;;;;"""[\""Standard\""]""";0.00;0.00;0.00;;;false;;;false;;SV Julio 25 CNY #8;;;;;false;false;false;false;false;false;false;false;false;;;2026-03-07 00:00:00;2026-03-07 00:00:00;;;;;;;;;;;FOB;FOB;CNY;;;;;Directo SV - FERRETERIA EPA, S.A. DE C.V.;85;EPA;OLO6;;;;;;;;NINGBO, CHINA;ACAJUTLA, EL SALVADOR;;;;0;0;0;0;;;;;0.00;;BINTER TRADE LLC. (Dropship SV);;2025-08-14 00:00:00;;;;;;false;;;;;;;;;;;;;;;;;;;;;;;false;;;
18579;1;6701257;draft;17351.80;pending;2025-08-14;USD;FOB;;;;;17351.80;;17351.80;;;;;0.00;0.00;0;;;;;;;;;;;;;;;;;;;;;;;;;;;;;;;;2026-03-19 15:22:36;2026-03-19 15:22:36;3;;681;;;;"""[\""Standard\""]""";0.00;0.00;0.00;;;false;;;false;;SV Julio 25 CNY #9;;;;;false;false;false;false;false;false;false;true;false;;;2026-03-14 00:00:00;2026-03-14 00:00:00;;;;;;;;;;;FOB;FOB;CNY;;;;;Directo SV - FERRETERIA EPA, S.A. DE C.V.;85;EPA;OLO6;;;;;;;;NINGBO, CHINA;ACAJUTLA, EL SALVADOR;;;;0;0;0;0;;;;;0.00;;BINTER TRADE LLC. (Dropship SV);;2025-08-14 00:00:00;;;;;;false;;;;;;;;;;;;;;;;;;;;;;;false;;;
18580;1;6701258;draft;17584.20;pending;2025-08-14;USD;FOB;;;;;17584.20;;17584.20;;;;;0.00;0.00;0;;;;;;;;;;;;;;;;;;;;;;;;;;;;;;;;2026-03-19 15:22:36;2026-03-19 15:22:36;3;;681;;;;"""[\""Standard\""]""";0.00;0.00;0.00;;;false;;;false;;SV Julio 25 CNY #10;;;;;false;false;false;false;false;false;false;true;false;;;2026-03-14 00:00:00;2026-03-14 00:00:00;;;;;;;;;;;FOB;FOB;CNY;;;;;Directo SV - FERRETERIA EPA, S.A. DE C.V.;85;EPA;OLO6;;;;;;;;NINGBO, CHINA;ACAJUTLA, EL SALVADOR;;;;0;0;0;0;;;;;0.00;;BINTER TRADE LLC. (Dropship SV);;2025-08-14 00:00:00;;;;;;false;;;;;;;;;;;;;;;;;;;;;;;false;;;
18581;1;6701260;draft;15694.60;pending;2025-08-14;USD;FOB;;;;;15694.60;;15694.60;;;;;0.00;0.00;0;;;;;;;;;;;;;;;;;;;;;;;;;;;;;;;;2026-03-19 15:22:36;2026-03-19 15:22:36;3;;681;;;;"""[\""Standard\""]""";0.00;0.00;0.00;;;false;;;false;;VZ Julio 25 CNY #2;;;;;false;false;false;false;false;false;false;false;false;;;2026-03-07 00:00:00;2026-03-07 00:00:00;;;;;;;;;;;CIF;FOB;CNY;;;;;Directo VE - FERRETERIA EPA, C.A.;85;EPA;OLO6;;;;;;;;NINGBO, CHINA;PUERTO CABELLO, VENEZUELA;;;;0;0;0;0;;;;;0.00;;BINTER TRADE LLC. (Dropship EPA - VE);;2025-08-14 00:00:00;;;;;;false;;;;;;;;;;;;;;;;;;;;;;;false;;;
18582;1;6701261;draft;15694.60;pending;2025-08-14;USD;FOB;;;;;15694.60;;15694.60;;;;;0.00;0.00;0;;;;;;;;;;;;;;;;;;;;;;;;;;;;;;;;2026-03-19 15:22:36;2026-03-19 15:22:36;3;;681;;;;"""[\""Standard\""]""";0.00;0.00;0.00;;;false;;;false;;VZ Julio 25 CNY #3;;;;;false;false;false;false;false;false;false;false;false;;;2026-03-07 00:00:00;2026-03-07 00:00:00;;;;;;;;;;;CIF;FOB;CNY;;;;;Directo VE - FERRETERIA EPA, C.A.;85;EPA;OLO6;;;;;;;;NINGBO, CHINA;PUERTO CABELLO, VENEZUELA;;;;0;0;0;0;;;;;0.00;;BINTER TRADE LLC. (Dropship EPA - VE);;2025-08-14 00:00:00;;;;;;false;;;;;;;;;;;;;;;;;;;;;;;false;;;
18583;1;6701277;draft;12679.00;pending;2025-08-19;USD;FOB;;;;;12679.00;;12679.00;;;;;0.00;0.00;0;;;;;;;;;;;;;;;;;;;;;;;;;;;;;;;;2026-03-19 15:22:37;2026-03-19 15:22:37;5;;684;;;;"""[\""Standard\""]""";0.00;0.00;0.00;;;false;;;false;;PI3CR+VE;;;;;false;false;true;false;false;false;false;false;false;;;2026-01-01 00:00:00;2026-01-01 00:00:00;;;;;;;;;2026-02-02 00:00:00;;FOB;FOB;CNY;;;;;Directo CR - FERRETERIA EPA, S.A.;83;EPA;OLO6;;-- N/A --;CF25-6701277;;7512;101763;;JIANGMEN, CHINA;CALDERA, COSTA RICA;12679.00;;;0;0;0;0;;;;;0.00;;BINTER TRADE LLC. (Dropship CR);;2025-08-19 00:00:00;;;;;;false;;;;;;;;;;;;;;;;;;;;;;;false;;;
18584;1;6701278;draft;5499.00;pending;2025-08-19;USD;FOB;;;;;5499.00;;5499.00;;;;;0.00;0.00;0;;;;;;;;;;;;;;;;;;;;;;;;;;;;;;;;2026-03-19 15:22:37;2026-03-19 15:22:37;5;;684;;;;"""[\""Standard\""]""";0.00;0.00;0.00;;;false;;;false;;PI3CR+VE;;;;;false;false;false;false;false;false;false;true;false;;;2026-01-01 00:00:00;2026-01-01 00:00:00;;;;;;;;;;;;;CNY;;;;;ZF - OVERSEAS LOGISTICS OPERATIONS;83;EPA;OLO6;;;CF25-6707278;;7526;;;JIANGMEN, CHINA;CALDERA, COSTA RICA;5499.00;;;0;0;0;0;;;;;0.00;;BINTER TRADE LLC. (ZF);;2025-08-19 00:00:00;;;;;;false;;;;;;;;;;;;;;;;;;;;;;;false;;;
18585;1;6701281;draft;21785.60;pending;2025-08-19;USD;FOB;;;;;21785.60;;21785.60;;;;;0.00;0.00;0;;;;;;;;;;;;;;;;;;;;;;;;;;;;;;;;2026-03-19 15:22:37;2026-03-19 15:22:37;5;;684;;;;"""[\""Standard\""]""";0.00;0.00;0.00;;;false;;;false;;PI6SV;;;;;false;false;false;false;false;false;false;true;false;;;2025-12-15 00:00:00;2025-12-15 00:00:00;;;;;;;;;2026-01-06 00:00:00;;FOB;FOB;CNY;;;;;Directo SV - FERRETERIA EPA, S.A. DE C.V.;83;EPA;OLO6;;-- N/A --;CF25-6701281;;7298;101523;;JIANGMEN, CHINA;ACAJUTLA, EL SALVADOR;21785.60;;;0;0;0;0;;;;;0.00;;BINTER TRADE LLC. (Dropship SV);;2025-08-19 00:00:00;;;;;;false;;;;;;;;;;;;;;;;;;;;;;;false;;;
18586;1;6701282;draft;21785.60;pending;2025-08-19;USD;FOB;;;;;21785.60;;21785.60;;;;;0.00;0.00;0;;;;;;;;;;;;;;;;;;;;;;;;;;;;;;;;2026-03-19 15:22:37;2026-03-19 15:22:37;5;;684;;;;"""[\""Standard\""]""";0.00;0.00;0.00;;;false;;;false;;PI7SV;;;;;false;false;false;false;false;false;false;true;false;;;2026-01-01 00:00:00;2026-01-01 00:00:00;;;;;;;;;2026-02-02 00:00:00;;FOB;FOB;CNY;;;;;Directo SV - FERRETERIA EPA, S.A. DE C.V.;83;EPA;OLO6;;-- N/A --;CF25-6701282;;7523;101771;;JIANGMEN, CHINA;ACAJUTLA, EL SALVADOR;21785.60;;;0;0;0;0;;;;;0.00;;BINTER TRADE LLC. (Dropship SV);;2025-08-19 00:00:00;;;;;;false;;;;;;;;;;;;;;;;;;;;;;;false;;;
18587;1;6701286;draft;8277.50;pending;2025-08-20;USD;FOB;;;;;8277.50;;8277.50;;;;;0.00;0.00;0;;;;;;;;;;;;;;;;;;;;;;;;;;;;;;;;2026-03-19 15:22:37;2026-03-19 15:22:37;2;;630;;;;"""[\""Standard\""]""";0.00;0.00;0.00;;;false;;;false;;dif fe 1;;;;;false;false;false;false;false;false;false;false;false;;;2026-03-15 00:00:00;2026-03-15 00:00:00;;;;;;;;;;;FOB;;CNY;;;;;Directo VE - Febeca, C.A.;89;EPA;OLO6;;;;;;;;QINGDAO, CHINA;LA GUAIRA, VENEZUELA;;;;0;0;0;0;;;;;0.00;;BINTER TRADE LLC. (Dropship FEBECA - VE);;2025-08-20 00:00:00;;;;;;false;;;;;;;;;;;;;;;;;;;;;;;false;;;
18588;1;6701287;draft;8277.50;pending;2025-08-20;USD;FOB;;;;;8277.50;;8277.50;;;;;0.00;0.00;0;;;;;;;;;;;;;;;;;;;;;;;;;;;;;;;;2026-03-19 15:22:37;2026-03-19 15:22:37;2;;630;;;;"""[\""Standard\""]""";0.00;0.00;0.00;;;false;;;false;;dif fe 2;;;;;false;false;false;false;false;false;false;false;false;;;2026-03-15 00:00:00;2026-03-15 00:00:00;;;;;;;;;;;FOB;;CNY;;;;;Directo VE - Febeca, C.A.;89;EPA;OLO6;;;;;;;;QINGDAO, CHINA;LA GUAIRA, VENEZUELA;;;;0;0;0;0;;;;;0.00;;BINTER TRADE LLC. (Dropship FEBECA - VE);;2025-08-20 00:00:00;;;;;;false;;;;;;;;;;;;;;;;;;;;;;;false;;;
18589;1;6701288;draft;8295.00;pending;2025-08-20;USD;FOB;;;;;8295.00;;8295.00;;;;;0.00;0.00;0;;;;;;;;;;;;;;;;;;;;;;;;;;;;;;;;2026-03-19 15:22:37;2026-03-19 15:22:37;2;;630;;;;"""[\""Standard\""]""";0.00;0.00;0.00;;;false;;;false;;dif feb 3;;;;;false;false;false;false;false;false;false;false;false;;;2026-03-15 00:00:00;2026-03-15 00:00:00;;;;;;;;;;;FOB;;CNY;;;;;Directo VE - Febeca, C.A.;89;EPA;OLO6;;;;;;;;QINGDAO, CHINA;LA GUAIRA, VENEZUELA;;;;0;0;0;0;;;;;0.00;;BINTER TRADE LLC. (Dropship FEBECA - VE);;2025-08-20 00:00:00;;;;;;false;;;;;;;;;;;;;;;;;;;;;;;false;;;
18590;1;6701292;draft;19140.00;pending;2025-08-21;USD;FOB;;;;;19140.00;;19140.00;;;;;0.00;0.00;0;;;;;;;;;;;;;;;;;;;;;;;;;;;;;;;;2026-03-19 15:22:37;2026-03-19 15:22:37;5;;681;;;;"""[\""Standard\""]""";0.00;0.00;0.00;;;false;;;false;;Pedido Extra GT CNY 25 Dinámica #4;;;;;false;false;false;false;false;false;false;false;false;;;2026-03-01 00:00:00;2026-03-01 00:00:00;;;;;;;;;2026-03-09 00:00:00;;FOB;FOB;PROMOCIÓN;;;;;Directo GT - FERRETERIA EPA, S.A. (Guatemala);85;EPA;OLO6;;-- N/A --;BLN26D008;;7643;101903;;NINGBO, CHINA;QUETZAL, GUATEMALA;19140.00;;;0;0;0;0;;;;;0.00;;BINTER TRADE LLC. (Dropship GT);;2025-08-21 00:00:00;;;;;;false;;;;;;;;;;;;;;;;;;;;;;;false;;;
18591;1;6701293;draft;19140.00;pending;2025-08-21;USD;FOB;;;;;19140.00;;19140.00;;;;;0.00;0.00;0;;;;;;;;;;;;;;;;;;;;;;;;;;;;;;;;2026-03-19 15:22:37;2026-03-19 15:22:37;3;;681;;;;"""[\""Standard\""]""";0.00;0.00;0.00;;;false;;;false;;Pedido Extra GT CNY 25 Dinámica #5;;;;;false;false;false;false;false;false;false;false;false;;;2026-03-01 00:00:00;2026-03-01 00:00:00;;;;;;;;;;;FOB;FOB;PROMOCIÓN;;;;;Directo GT - FERRETERIA EPA, S.A. (Guatemala);85;EPA;OLO6;;;;;;;;NINGBO, CHINA;QUETZAL, GUATEMALA;;;;0;0;0;0;;;;;0.00;;BINTER TRADE LLC. (Dropship GT);;2025-08-21 00:00:00;;;;;;false;;;;;;;;;;;;;;;;;;;;;;;false;;;
18592;1;6701294;draft;19140.00;pending;2025-08-21;USD;FOB;;;;;19140.00;;19140.00;;;;;0.00;0.00;0;;;;;;;;;;;;;;;;;;;;;;;;;;;;;;;;2026-03-19 15:22:37;2026-03-19 15:22:37;2;;681;;;;"""[\""Standard\""]""";0.00;0.00;0.00;;;false;;;false;;Pedido Extra GT CNY 25 Dinámica #6;;;;;false;false;false;false;false;false;false;false;false;;;2026-05-20 00:00:00;2026-05-20 00:00:00;;;;;;;;;;;FOB;FOB;PROMOCIÓN;;;;;Directo GT - FERRETERIA EPA, S.A. (Guatemala);85;EPA;OLO6;;;;;;;;NINGBO, CHINA;QUETZAL, GUATEMALA;;;;0;0;0;0;;;;;0.00;;BINTER TRADE LLC. (Dropship GT);;2025-08-21 00:00:00;;;;;;false;;;;;;;;;;;;;;;;;;;;;;;false;;;
18593;1;6701295;draft;19140.00;pending;2025-08-21;USD;FOB;;;;;19140.00;;19140.00;;;;;0.00;0.00;0;;;;;;;;;;;;;;;;;;;;;;;;;;;;;;;;2026-03-19 15:22:37;2026-03-19 15:22:37;2;;681;;;;"""[\""Standard\""]""";0.00;0.00;0.00;;;false;;;false;;Pedido Extra GT CNY 25 Dinámica #7;;;;;false;false;false;false;false;false;false;false;false;;;2026-05-20 00:00:00;2026-05-20 00:00:00;;;;;;;;;;;FOB;FOB;PROMOCIÓN;;;;;Directo GT - FERRETERIA EPA, S.A. (Guatemala);85;EPA;OLO6;;;;;;;;NINGBO, CHINA;QUETZAL, GUATEMALA;;;;0;0;0;0;;;;;0.00;;BINTER TRADE LLC. (Dropship GT);;2025-08-21 00:00:00;;;;;;false;;;;;;;;;;;;;;;;;;;;;;;false;;;
18594;1;6701300;draft;26481.34;pending;2025-08-21;USD;FOB;;;;;26481.34;;26481.34;;;;;0.00;0.00;0;;;;;;;;;;;;;;;;;;;;;;;;;;;;;;;;2026-03-19 15:22:37;2026-03-19 15:22:37;5;;685;;;;"""[\""Standard\""]""";0.00;0.00;0.00;;;false;;;false;;VE;;;;;false;false;false;false;false;false;false;false;false;;;2025-10-07 00:00:00;2025-10-07 00:00:00;;;;;;;;;2025-12-22 00:00:00;;CIF;FOB;PEDIDO COMPRA;;;;;Directo VE - FERRETERIA EPA, C.A.;82;EPA;OLO6;;-- N/A --;LAIRA250010;;7237;101465;;SHANGHAI, CHINA;PUERTO CABELLO, VENEZUELA;26481.34;;;0;0;0;0;;;;;0.00;;BINTER TRADE LLC. (Dropship EPA - VE);;2025-08-21 00:00:00;;;;;;false;;;;;;;;;;;;;;;;;;;;;;;false;;;
18595;1;6701303;draft;30402.50;pending;2025-08-21;USD;FOB;;;;;30402.50;;30402.50;;;;;0.00;0.00;0;;;;;;;;;;;;;;;;;;;;;;;;;;;;;;;;2026-03-19 15:22:37;2026-03-19 15:22:37;5;;686;;;;"""[\""Standard\""]""";0.00;0.00;0.00;;;false;;;false;;Pedido GT Agosto 25 CNY #3;;;;;false;false;false;false;false;false;false;false;false;;;2025-12-15 00:00:00;2025-12-15 00:00:00;;;;;;;;;2026-01-08 00:00:00;;FOB;FOB;CNY;;;;;Directo GT - FERRETERIA EPA, S.A. (Guatemala);85;EPA;OLO6;;-- N/A --;BCA6701303;;7321;101547;;SHENZHEN, CHINA;QUETZAL, GUATEMALA;30402.50;;;0;0;0;0;;;;;0.00;;BINTER TRADE LLC. (Dropship GT);;2025-08-21 00:00:00;;;;;;false;;;;;;;;;;;;;;;;;;;;;;;false;;;
18596;1;6701305;draft;25298.90;pending;2025-08-21;USD;FOB;;;;;25298.90;;25298.90;;;;;0.00;0.00;0;;;;;;;;;;;;;;;;;;;;;;;;;;;;;;;;2026-03-19 15:22:37;2026-03-19 15:22:37;5;;686;;;;"""[\""Standard\""]""";0.00;0.00;0.00;;;false;;;false;;Pedido SV Agosto 25 CNY #5;;;;;false;false;false;false;false;false;false;false;false;;;2025-12-15 00:00:00;2025-12-15 00:00:00;;;;;;;;;2026-01-08 00:00:00;;FOB;FOB;CNY;;;;;Directo SV - FERRETERIA EPA, S.A. DE C.V.;85;EPA;OLO6;;-- N/A --;BCA6701305;;7318;101541;;SHENZHEN, CHINA;ACAJUTLA, EL SALVADOR;25298.90;;;0;0;0;0;;;;;0.00;;BINTER TRADE LLC. (Dropship SV);;2025-08-21 00:00:00;;;;;;false;;;;;;;;;;;;;;;;;;;;;;;false;;;
18597;1;6701307;draft;28647.98;pending;2025-08-21;USD;FOB;;;;;28647.98;;28647.98;;;;;0.00;0.00;0;;;;;;;;;;;;;;;;;;;;;;;;;;;;;;;;2026-03-19 15:22:37;2026-03-19 15:22:37;10;;686;;;;"""[\""Standard\""]""";0.00;0.00;0.00;;;false;;;false;;Pedido VZ Agosto 25 CNY #7;;;;;false;false;false;false;false;false;false;false;false;;;2025-12-15 00:00:00;2025-12-15 00:00:00;;;;;;;;;2026-01-16 00:00:00;;CIF;FOB;CNY;;;;;Directo VE - FERRETERIA EPA, C.A.;85;EPA;OLO6;;-- N/A --;BCA6701307;;7394;101641;;SHENZHEN, CHINA;PUERTO CABELLO, VENEZUELA;28647.98;;;0;0;0;0;;;;;0.00;;BINTER TRADE LLC. (Dropship EPA - VE);;2025-08-21 00:00:00;;;;;;false;;;;;;;;;;;;;;;;;;;;;;;false;;;
18598;1;6701314;draft;14638.00;pending;2025-08-21;USD;FOB;;;;;14638.00;;14638.00;;;;;0.00;0.00;0;;;;;;;;;;;;;;;;;;;;;;;;;;;;;;;;2026-03-19 15:22:37;2026-03-19 15:22:37;5;;687;;;;"""[\""Standard\""]""";0.00;0.00;0.00;;;false;;;false;;Directo CR Agosto 25 CNY #3;;;;;false;false;true;false;false;false;false;false;false;;;2026-03-01 00:00:00;2026-03-01 00:00:00;;;;;;;;;2026-03-16 00:00:00;;FOB;FOB;CNY;;;;;Directo CR - FERRETERIA EPA, S.A.;85;EPA;OLO6;;-- N/A --;ZONE260305A;;7674;101945;;SHENZHEN, CHINA;CALDERA, COSTA RICA;14638.00;;;0;0;0;0;;;;;0.00;;BINTER TRADE LLC. (Dropship CR);;2025-08-21 00:00:00;;;;;;false;;;;;;;;;;;;;;;;;;;;;;;false;;;
18599;1;6701317;draft;14240.00;pending;2025-08-21;USD;FOB;;;;;14240.00;;14240.00;;;;;0.00;0.00;0;;;;;;;;;;;;;;;;;;;;;;;;;;;;;;;;2026-03-19 15:22:37;2026-03-19 15:22:37;5;;687;;;;"""[\""Standard\""]""";0.00;0.00;0.00;;;false;;;false;;Directo GT Agosto 25 CNY #6;;;;;false;false;false;false;false;false;false;false;false;;;2026-03-01 00:00:00;2026-03-01 00:00:00;;;;;;;;;;;FOB;FOB;CNY;;;;;Directo GT - FERRETERIA EPA, S.A. (Guatemala);85;EPA;OLO6;;;;;;;;SHENZHEN, CHINA;QUETZAL, GUATEMALA;;;;0;0;0;0;;;;;0.00;;BINTER TRADE LLC. (Dropship GT);;2025-08-21 00:00:00;;;;;;false;;;;;;;;;;;;;;;;;;;;;;;false;;;
18600;1;6701328;draft;39001.50;pending;2025-08-26;USD;FOB;;;;;39001.50;;39001.50;;;;;0.00;0.00;0;;;;;;;;;;;;;;;;;;;;;;;;;;;;;;;;2026-03-19 15:22:37;2026-03-19 15:22:37;5;;688;;;;"""[\""Standard\""]""";0.00;0.00;0.00;;;false;;;false;;GL SV #2 Ago 25 CNY;;;;;false;false;false;false;false;false;false;false;false;;;2025-11-10 00:00:00;2025-11-10 00:00:00;;;;;;;;;2026-02-25 00:00:00;;FOB;FOB;CNY;;;;;GL SV - FERRETERIA EPA, S.A. DE C.V.;85;EPA;OLO6;;-- N/A --;25HSA69BM6701328;;7618;101869;;NINGBO, CHINA;ACAJUTLA, EL SALVADOR;39001.50;;;0;0;0;0;;;;;0.00;;BINTER TRADE LLC. (Zona Franca SV);;2025-08-26 00:00:00;;;;;;false;;;;;;;;;;;;;;;;;;;;;;;false;;;
18601;1;6701356;draft;17712.00;pending;2025-08-28;USD;FOB;;;;;17712.00;;17712.00;;;;;0.00;0.00;0;;;;;;;;;;;;;;;;;;;;;;;;;;;;;;;;2026-03-19 15:22:37;2026-03-19 15:22:37;5;;689;;;;"""[\""Standard\""]""";0.00;0.00;0.00;;;false;;;false;;PI5CR;;;;;false;false;true;false;false;false;false;false;false;;;2026-01-15 00:00:00;2026-01-15 00:00:00;;;;;;;;;2026-01-28 00:00:00;;FOB;FOB;CNY;;;;;Directo CR - FERRETERIA EPA, S.A.;83;EPA;OLO6;;-- N/A --;GW250902B3-1;;7497;101744;;SHANGHAI, CHINA;CALDERA, COSTA RICA;17712.00;;;0;0;0;0;;;;;0.00;;BINTER TRADE LLC. (Dropship CR);;2025-08-28 00:00:00;;;;;;false;;;;;;;;;;;;;;;;;;;;;;;false;;;
18602;1;6701357;draft;17712.00;pending;2025-08-28;USD;FOB;;;;;17712.00;;17712.00;;;;;0.00;0.00;0;;;;;;;;;;;;;;;;;;;;;;;;;;;;;;;;2026-03-19 15:22:37;2026-03-19 15:22:37;5;;689;;;;"""[\""Standard\""]""";0.00;0.00;0.00;;;false;;;false;;PI6CR;;;;;false;false;true;false;false;false;false;false;false;;;2026-01-15 00:00:00;2026-01-15 00:00:00;;;;;;;;;2026-02-19 00:00:00;;FOB;FOB;CNY;;;;;Directo CR - FERRETERIA EPA, S.A.;83;EPA;OLO6;;-- N/A --;GW250902B4-1;;7559;101851;;SHANGHAI, CHINA;CALDERA, COSTA RICA;17712.00;;;0;0;0;0;;;;;0.00;;BINTER TRADE LLC. (Dropship CR);;2025-08-28 00:00:00;;;;;;false;;;;;;;;;;;;;;;;;;;;;;;false;;;
18603;1;6701360;draft;17635.90;pending;2025-08-28;USD;FOB;;;;;17635.90;;17635.90;;;;;0.00;0.00;0;;;;;;;;;;;;;;;;;;;;;;;;;;;;;;;;2026-03-19 15:22:37;2026-03-19 15:22:37;5;;689;;;;"""[\""Standard\""]""";0.00;0.00;0.00;;;false;;;false;;PI9GT;;;;;false;false;false;false;false;false;false;false;false;;;2025-12-15 00:00:00;2025-12-15 00:00:00;;;;;;;;;2026-02-06 00:00:00;;FOB;FOB;CNY;;;;;Directo GT - FERRETERIA EPA, S.A. (Guatemala);83;EPA;OLO6;;-- N/A --;GW250902B3-2;;7539;101789;;SHANGHAI, CHINA;CIUDAD DE GUATEMALA, GUATEMALA;17635.90;;;0;0;0;0;;;;;0.00;;BINTER TRADE LLC. (Dropship GT);;2025-08-28 00:00:00;;;;;;false;;;;;;;;;;;;;;;;;;;;;;;false;;;
18604;1;6701361;draft;18296.00;pending;2025-08-28;USD;FOB;;;;;18296.00;;18296.00;;;;;0.00;0.00;0;;;;;;;;;;;;;;;;;;;;;;;;;;;;;;;;2026-03-19 15:22:37;2026-03-19 15:22:37;5;;689;;;;"""[\""Standard\""]""";0.00;0.00;0.00;;;false;;;false;;PI10VE;;;;;false;false;false;false;false;false;false;false;false;;;2025-10-15 00:00:00;2025-10-15 00:00:00;;;;;;;;;2025-12-18 00:00:00;;CIF;FOB;CNY;;;;;Directo VE - FERRETERIA EPA, C.A.;83;EPA;OLO6;;-- N/A --;GW250902B1-4;;7214;101442;;SHANGHAI, CHINA;PUERTO CABELLO, VENEZUELA;18296.00;;;0;0;0;0;;;;;0.00;;BINTER TRADE LLC. (Dropship EPA - VE);;2025-08-28 00:00:00;;;;;;false;;;;;;;;;;;;;;;;;;;;;;;false;;;
18605;1;6701363;draft;17656.00;pending;2025-08-28;USD;FOB;;;;;17656.00;;17656.00;;;;;0.00;0.00;0;;;;;;;;;;;;;;;;;;;;;;;;;;;;;;;;2026-03-19 15:22:37;2026-03-19 15:22:37;5;;689;;;;"""[\""Standard\""]""";0.00;0.00;0.00;;;false;;;false;;PI12VE;;;;;false;false;false;false;false;false;false;false;false;;;2026-01-15 00:00:00;2026-01-15 00:00:00;;;;;;;;;2026-03-12 00:00:00;;CIF;FOB;CNY;;;;;Directo VE - FERRETERIA EPA, C.A.;83;EPA;OLO6;;-- N/A --;GW250902B4-2;;7663;101926;;SHANGHAI, CHINA;PUERTO CABELLO, VENEZUELA;17656.00;;;0;0;0;0;;;;;0.00;;BINTER TRADE LLC. (Dropship EPA - VE);;2025-08-28 00:00:00;;;;;;false;;;;;;;;;;;;;;;;;;;;;;;false;;;
18606;1;6701367;draft;90001.08;pending;2025-08-29;USD;FOB;;;;;90001.08;;90001.08;;;;;0.00;0.00;0;;;;;;;;;;;;;;;;;;;;;;;;;;;;;;;;2026-03-19 15:22:37;2026-03-19 15:22:37;5;;690;;;;"""[\""Standard\""]""";0.00;0.00;0.00;;;false;;;false;;250826;;;;;false;false;false;false;false;false;false;false;false;;;2025-11-16 00:00:00;2025-11-16 00:00:00;;;;;;;;;2025-12-12 00:00:00;;CIF;FOB;CNY;;;;;Directo VE - FERRETERIA EPA, C.A.;82;EPA;OLO6;;-- N/A --;250826;;7168;101385;;ZHONGSHAN, CHINA;PUERTO CABELLO, VENEZUELA;90001.08;;;0;0;0;0;;;;;0.00;;BINTER TRADE LLC. (Dropship EPA - VE);;2025-08-29 00:00:00;;;;;;false;;;;;;;;;;;;;;;;;;;;;;;false;;;
18607;1;6701381;draft;11440.00;pending;2025-08-29;USD;FOB;;;;;11440.00;;11440.00;;;;;0.00;0.00;0;;;;;;;;;;;;;;;;;;;;;;;;;;;;;;;;2026-03-19 15:22:37;2026-03-19 15:22:37;2;;631;;;;"""[\""Standard\""]""";0.00;0.00;0.00;;;false;;;false;;7;;;;;false;false;false;false;false;false;false;false;false;;;2026-03-30 00:00:00;2026-03-30 00:00:00;;;;;;;;;;;FOB;FOB;CNY;;;;;Directo CR - FERRETERIA EPA, S.A.;89;EPA;OLO6;;;;;;;;QINGDAO, CHINA;CALDERA, COSTA RICA;;;;0;0;0;0;;;;;0.00;;BINTER TRADE LLC. (Dropship CR);;2025-08-29 00:00:00;;;;;;false;;;;;;;;;;;;;;;;;;;;;;;false;;;
18608;1;6701382;draft;11440.00;pending;2025-08-29;USD;FOB;;;;;11440.00;;11440.00;;;;;0.00;0.00;0;;;;;;;;;;;;;;;;;;;;;;;;;;;;;;;;2026-03-19 15:22:37;2026-03-19 15:22:37;2;;631;;;;"""[\""Standard\""]""";0.00;0.00;0.00;;;false;;;false;;8;;;;;false;false;false;false;false;false;false;false;false;;;2026-04-30 00:00:00;2026-04-30 00:00:00;;;;;;;;;;;FOB;FOB;CNY;;;;;Directo CR - FERRETERIA EPA, S.A.;89;EPA;OLO6;;;;;;;;QINGDAO, CHINA;CALDERA, COSTA RICA;;;;0;0;0;0;;;;;0.00;;BINTER TRADE LLC. (Dropship CR);;2025-08-29 00:00:00;;;;;;false;;;;;;;;;;;;;;;;;;;;;;;false;;;
18609;1;6701383;draft;11440.00;pending;2025-08-29;USD;FOB;;;;;11440.00;;11440.00;;;;;0.00;0.00;0;;;;;;;;;;;;;;;;;;;;;;;;;;;;;;;;2026-03-19 15:22:37;2026-03-19 15:22:37;2;;631;;;;"""[\""Standard\""]""";0.00;0.00;0.00;;;false;;;false;;9;;;;;false;false;false;false;false;false;false;false;false;;;2026-05-30 00:00:00;2026-05-30 00:00:00;;;;;;;;;;;FOB;FOB;CNY;;;;;Directo CR - FERRETERIA EPA, S.A.;89;EPA;OLO6;;;;;;;;QINGDAO, CHINA;CALDERA, COSTA RICA;;;;0;0;0;0;;;;;0.00;;BINTER TRADE LLC. (Dropship CR);;2025-08-29 00:00:00;;;;;;false;;;;;;;;;;;;;;;;;;;;;;;false;;;
18610;1;6701384;draft;11440.00;pending;2025-08-29;USD;FOB;;;;;11440.00;;11440.00;;;;;0.00;0.00;0;;;;;;;;;;;;;;;;;;;;;;;;;;;;;;;;2026-03-19 15:22:37;2026-03-19 15:22:37;2;;631;;;;"""[\""Standard\""]""";0.00;0.00;0.00;;;false;;;false;;10;;;;;false;false;false;false;false;false;false;false;false;;;2026-05-30 00:00:00;2026-05-30 00:00:00;;;;;;;;;;;FOB;FOB;CNY;;;;;Directo CR - FERRETERIA EPA, S.A.;89;EPA;OLO6;;;;;;;;QINGDAO, CHINA;CALDERA, COSTA RICA;;;;0;0;0;0;;;;;0.00;;BINTER TRADE LLC. (Dropship CR);;2025-08-29 00:00:00;;;;;;false;;;;;;;;;;;;;;;;;;;;;;;false;;;
18611;1;6701388;draft;11310.00;pending;2025-08-29;USD;FOB;;;;;11310.00;;11310.00;;;;;0.00;0.00;0;;;;;;;;;;;;;;;;;;;;;;;;;;;;;;;;2026-03-19 15:22:37;2026-03-19 15:22:37;5;;631;;;;"""[\""Standard\""]""";0.00;0.00;0.00;;;false;;;false;;13;;;;;false;false;false;false;false;false;false;false;false;;;2025-11-30 00:00:00;2025-11-30 00:00:00;;;;;;;;;2026-01-15 00:00:00;;FOB;FOB;CNY;;;;;Directo CR - FERRETERIA EPA, S.A.;89;EPA;OLO6;;-- N/A --;XFH260109;;7391;101634;;QINGDAO, CHINA;CALDERA, COSTA RICA;11310.00;;;0;0;0;0;;;;;0.00;;BINTER TRADE LLC. (Dropship CR);;2025-08-29 00:00:00;;;;;;false;;;;;;;;;;;;;;;;;;;;;;;false;;;
18612;1;6701390;draft;11310.00;pending;2025-08-29;USD;FOB;;;;;11310.00;;11310.00;;;;;0.00;0.00;0;;;;;;;;;;;;;;;;;;;;;;;;;;;;;;;;2026-03-19 15:22:37;2026-03-19 15:22:37;2;;631;;;;"""[\""Standard\""]""";0.00;0.00;0.00;;;false;;;false;;16;;;;;false;false;false;false;false;false;false;false;false;;;2026-04-30 00:00:00;2026-04-30 00:00:00;;;;;;;;;;;FOB;FOB;CNY;;;;;Directo CR - FERRETERIA EPA, S.A.;89;EPA;OLO6;;;;;;;;QINGDAO, CHINA;CALDERA, COSTA RICA;;;;0;0;0;0;;;;;0.00;;BINTER TRADE LLC. (Dropship CR);;2025-08-29 00:00:00;;;;;;false;;;;;;;;;;;;;;;;;;;;;;;false;;;
18613;1;6701391;draft;11310.00;pending;2025-08-29;USD;FOB;;;;;11310.00;;11310.00;;;;;0.00;0.00;0;;;;;;;;;;;;;;;;;;;;;;;;;;;;;;;;2026-03-19 15:22:37;2026-03-19 15:22:37;2;;631;;;;"""[\""Standard\""]""";0.00;0.00;0.00;;;false;;;false;;16;;;;;false;false;false;false;false;false;false;false;false;;;2026-04-30 00:00:00;2026-04-30 00:00:00;;;;;;;;;;;FOB;FOB;CNY;;;;;Directo CR - FERRETERIA EPA, S.A.;89;EPA;OLO6;;;;;;;;QINGDAO, CHINA;CALDERA, COSTA RICA;;;;0;0;0;0;;;;;0.00;;BINTER TRADE LLC. (Dropship CR);;2025-08-29 00:00:00;;;;;;false;;;;;;;;;;;;;;;;;;;;;;;false;;;
18614;1;6701393;draft;18724.50;pending;2025-08-29;USD;FOB;;;;;18724.50;;18724.50;;;;;0.00;0.00;0;;;;;;;;;;;;;;;;;;;;;;;;;;;;;;;;2026-03-19 15:22:38;2026-03-19 15:22:38;5;;631;;;;"""[\""Standard\""]""";0.00;0.00;0.00;;;false;;;false;;19;;;;;false;false;false;false;false;false;false;false;false;;;2025-11-30 00:00:00;2025-11-30 00:00:00;;;;;;;;;2026-02-19 00:00:00;;FOB;FOB;CNY;;;;;Directo CR - FERRETERIA EPA, S.A.;89;EPA;OLO6;;-- N/A --;XFH260209;;7594;101848;;QINGDAO, CHINA;CALDERA, COSTA RICA;18724.50;;;0;0;0;0;;;;;0.00;;BINTER TRADE LLC. (Dropship CR);;2025-08-29 00:00:00;;;;;;false;;;;;;;;;;;;;;;;;;;;;;;false;;;
18615;1;6701394;draft;18764.50;pending;2025-08-29;USD;FOB;;;;;18764.50;;18764.50;;;;;0.00;0.00;0;;;;;;;;;;;;;;;;;;;;;;;;;;;;;;;;2026-03-19 15:22:38;2026-03-19 15:22:38;2;;631;;;;"""[\""Standard\""]""";0.00;0.00;0.00;;;false;;;false;;20;;;;;false;false;false;false;false;false;false;false;false;;;2026-04-30 00:00:00;2026-04-30 00:00:00;;;;;;;;;;;FOB;FOB;CNY;;;;;Directo CR - FERRETERIA EPA, S.A.;89;EPA;OLO6;;;;;;;;QINGDAO, CHINA;CALDERA, COSTA RICA;;;;0;0;0;0;;;;;0.00;;BINTER TRADE LLC. (Dropship CR);;2025-08-29 00:00:00;;;;;;false;;;;;;;;;;;;;;;;;;;;;;;false;;;
18616;1;6701399;draft;11440.00;pending;2025-08-29;USD;FOB;;;;;11440.00;;11440.00;;;;;0.00;0.00;0;;;;;;;;;;;;;;;;;;;;;;;;;;;;;;;;2026-03-19 15:22:38;2026-03-19 15:22:38;3;;631;;;;"""[\""Standard\""]""";0.00;0.00;0.00;;;false;;;false;;32;;;;;false;false;false;false;false;false;false;false;false;;;2026-03-15 00:00:00;2026-03-15 00:00:00;;;;;;;;;;;FOB;FOB;CNY;;;;;Directo GT - FERRETERIA EPA, S.A. (Guatemala);89;EPA;OLO6;;;;;;;;QINGDAO, CHINA;QUETZAL, GUATEMALA;;;;0;0;0;0;;;;;0.00;;BINTER TRADE LLC. (Dropship GT);;2025-08-29 00:00:00;;;;;;false;;;;;;;;;;;;;;;;;;;;;;;false;;;
18617;1;6701400;draft;11440.00;pending;2025-08-29;USD;FOB;;;;;11440.00;;11440.00;;;;;0.00;0.00;0;;;;;;;;;;;;;;;;;;;;;;;;;;;;;;;;2026-03-19 15:22:38;2026-03-19 15:22:38;3;;631;;;;"""[\""Standard\""]""";0.00;0.00;0.00;;;false;;;false;;33;;;;;false;false;false;false;false;false;false;false;false;;;2026-03-15 00:00:00;2026-03-15 00:00:00;;;;;;;;;;;FOB;FOB;CNY;;;;;Directo GT - FERRETERIA EPA, S.A. (Guatemala);89;EPA;OLO6;;;;;;;;QINGDAO, CHINA;QUETZAL, GUATEMALA;;;;0;0;0;0;;;;;0.00;;BINTER TRADE LLC. (Dropship GT);;2025-08-29 00:00:00;;;;;;false;;;;;;;;;;;;;;;;;;;;;;;false;;;
18618;1;6701401;draft;11440.00;pending;2025-08-29;USD;FOB;;;;;11440.00;;11440.00;;;;;0.00;0.00;0;;;;;;;;;;;;;;;;;;;;;;;;;;;;;;;;2026-03-19 15:22:38;2026-03-19 15:22:38;3;;631;;;;"""[\""Standard\""]""";0.00;0.00;0.00;;;false;;;false;;34;;;;;false;false;false;false;false;false;false;false;false;;;2026-03-15 00:00:00;2026-03-15 00:00:00;;;;;;;;;;;FOB;FOB;CNY;;;;;Directo GT - FERRETERIA EPA, S.A. (Guatemala);89;EPA;OLO6;;;;;;;;QINGDAO, CHINA;QUETZAL, GUATEMALA;;;;0;0;0;0;;;;;0.00;;BINTER TRADE LLC. (Dropship GT);;2025-08-29 00:00:00;;;;;;false;;;;;;;;;;;;;;;;;;;;;;;false;;;
18619;1;6701402;draft;11440.00;pending;2025-08-29;USD;FOB;;;;;11440.00;;11440.00;;;;;0.00;0.00;0;;;;;;;;;;;;;;;;;;;;;;;;;;;;;;;;2026-03-19 15:22:38;2026-03-19 15:22:38;3;;631;;;;"""[\""Standard\""]""";0.00;0.00;0.00;;;false;;;false;;35;;;;;false;false;false;false;false;false;false;false;false;;;2026-03-15 00:00:00;2026-03-15 00:00:00;;;;;;;;;;;FOB;FOB;CNY;;;;;Directo GT - FERRETERIA EPA, S.A. (Guatemala);89;EPA;OLO6;;;;;;;;QINGDAO, CHINA;QUETZAL, GUATEMALA;;;;0;0;0;0;;;;;0.00;;BINTER TRADE LLC. (Dropship GT);;2025-08-29 00:00:00;;;;;;false;;;;;;;;;;;;;;;;;;;;;;;false;;;
18620;1;6701403;draft;11440.00;pending;2025-08-29;USD;FOB;;;;;11440.00;;11440.00;;;;;0.00;0.00;0;;;;;;;;;;;;;;;;;;;;;;;;;;;;;;;;2026-03-19 15:22:38;2026-03-19 15:22:38;3;;631;;;;"""[\""Standard\""]""";0.00;0.00;0.00;;;false;;;false;;36;;;;;false;false;false;false;false;false;false;false;false;;;2026-03-15 00:00:00;2026-03-15 00:00:00;;;;;;;;;;;FOB;FOB;CNY;;;;;Directo GT - FERRETERIA EPA, S.A. (Guatemala);89;EPA;OLO6;;;;;;;;QINGDAO, CHINA;QUETZAL, GUATEMALA;;;;0;0;0;0;;;;;0.00;;BINTER TRADE LLC. (Dropship GT);;2025-08-29 00:00:00;;;;;;false;;;;;;;;;;;;;;;;;;;;;;;false;;;
18621;1;6701404;draft;11440.00;pending;2025-08-29;USD;FOB;;;;;11440.00;;11440.00;;;;;0.00;0.00;0;;;;;;;;;;;;;;;;;;;;;;;;;;;;;;;;2026-03-19 15:22:38;2026-03-19 15:22:38;3;;631;;;;"""[\""Standard\""]""";0.00;0.00;0.00;;;false;;;false;;37;;;;;false;false;false;false;false;false;false;false;false;;;2026-03-15 00:00:00;2026-03-15 00:00:00;;;;;;;;;;;FOB;FOB;CNY;;;;;Directo GT - FERRETERIA EPA, S.A. (Guatemala);89;EPA;OLO6;;;;;;;;QINGDAO, CHINA;QUETZAL, GUATEMALA;;;;0;0;0;0;;;;;0.00;;BINTER TRADE LLC. (Dropship GT);;2025-08-29 00:00:00;;;;;;false;;;;;;;;;;;;;;;;;;;;;;;false;;;
18622;1;6701405;draft;11440.00;pending;2025-08-29;USD;FOB;;;;;11440.00;;11440.00;;;;;0.00;0.00;0;;;;;;;;;;;;;;;;;;;;;;;;;;;;;;;;2026-03-19 15:22:38;2026-03-19 15:22:38;2;;631;;;;"""[\""Standard\""]""";0.00;0.00;0.00;;;false;;;false;;38;;;;;false;false;false;false;false;false;false;false;false;;;2026-03-30 00:00:00;2026-03-30 00:00:00;;;;;;;;;;;FOB;FOB;CNY;;;;;Directo GT - FERRETERIA EPA, S.A. (Guatemala);89;EPA;OLO6;;;;;;;;QINGDAO, CHINA;QUETZAL, GUATEMALA;;;;0;0;0;0;;;;;0.00;;BINTER TRADE LLC. (Dropship GT);;2025-08-29 00:00:00;;;;;;false;;;;;;;;;;;;;;;;;;;;;;;false;;;
18623;1;6701406;draft;11440.00;pending;2025-08-29;USD;FOB;;;;;11440.00;;11440.00;;;;;0.00;0.00;0;;;;;;;;;;;;;;;;;;;;;;;;;;;;;;;;2026-03-19 15:22:38;2026-03-19 15:22:38;2;;631;;;;"""[\""Standard\""]""";0.00;0.00;0.00;;;false;;;false;;39;;;;;false;false;false;false;false;false;false;false;false;;;2026-04-30 00:00:00;2026-04-30 00:00:00;;;;;;;;;;;FOB;FOB;CNY;;;;;Directo GT - FERRETERIA EPA, S.A. (Guatemala);89;EPA;OLO6;;;;;;;;QINGDAO, CHINA;QUETZAL, GUATEMALA;;;;0;0;0;0;;;;;0.00;;BINTER TRADE LLC. (Dropship GT);;2025-08-29 00:00:00;;;;;;false;;;;;;;;;;;;;;;;;;;;;;;false;;;
18624;1;6701407;draft;11440.00;pending;2025-08-29;USD;FOB;;;;;11440.00;;11440.00;;;;;0.00;0.00;0;;;;;;;;;;;;;;;;;;;;;;;;;;;;;;;;2026-03-19 15:22:38;2026-03-19 15:22:38;2;;631;;;;"""[\""Standard\""]""";0.00;0.00;0.00;;;false;;;false;;40;;;;;false;false;false;false;false;false;false;false;false;;;2026-04-30 00:00:00;2026-04-30 00:00:00;;;;;;;;;;;FOB;FOB;CNY;;;;;Directo GT - FERRETERIA EPA, S.A. (Guatemala);89;EPA;OLO6;;;;;;;;QINGDAO, CHINA;QUETZAL, GUATEMALA;;;;0;0;0;0;;;;;0.00;;BINTER TRADE LLC. (Dropship GT);;2025-08-29 00:00:00;;;;;;false;;;;;;;;;;;;;;;;;;;;;;;false;;;
18625;1;6701408;draft;11440.00;pending;2025-08-29;USD;FOB;;;;;11440.00;;11440.00;;;;;0.00;0.00;0;;;;;;;;;;;;;;;;;;;;;;;;;;;;;;;;2026-03-19 15:22:38;2026-03-19 15:22:38;2;;631;;;;"""[\""Standard\""]""";0.00;0.00;0.00;;;false;;;false;;41;;;;;false;false;false;false;false;false;false;false;false;;;2026-05-30 00:00:00;2026-05-30 00:00:00;;;;;;;;;;;FOB;FOB;CNY;;;;;Directo GT - FERRETERIA EPA, S.A. (Guatemala);89;EPA;OLO6;;;;;;;;QINGDAO, CHINA;QUETZAL, GUATEMALA;;;;0;0;0;0;;;;;0.00;;BINTER TRADE LLC. (Dropship GT);;2025-08-29 00:00:00;;;;;;false;;;;;;;;;;;;;;;;;;;;;;;false;;;
18626;1;6701409;draft;11440.00;pending;2025-08-29;USD;FOB;;;;;11440.00;;11440.00;;;;;0.00;0.00;0;;;;;;;;;;;;;;;;;;;;;;;;;;;;;;;;2026-03-19 15:22:38;2026-03-19 15:22:38;2;;631;;;;"""[\""Standard\""]""";0.00;0.00;0.00;;;false;;;false;;42;;;;;false;false;false;false;false;false;false;false;false;;;2026-05-30 00:00:00;2026-05-30 00:00:00;;;;;;;;;;;FOB;FOB;CNY;;;;;Directo GT - FERRETERIA EPA, S.A. (Guatemala);89;EPA;OLO6;;;;;;;;QINGDAO, CHINA;QUETZAL, GUATEMALA;;;;0;0;0;0;;;;;0.00;;BINTER TRADE LLC. (Dropship GT);;2025-08-29 00:00:00;;;;;;false;;;;;;;;;;;;;;;;;;;;;;;false;;;
18627;1;6701410;draft;11440.00;pending;2025-08-29;USD;FOB;;;;;11440.00;;11440.00;;;;;0.00;0.00;0;;;;;;;;;;;;;;;;;;;;;;;;;;;;;;;;2026-03-19 15:22:38;2026-03-19 15:22:38;2;;631;;;;"""[\""Standard\""]""";0.00;0.00;0.00;;;false;;;false;;43;;;;;false;false;false;false;false;false;false;false;false;;;2026-05-30 00:00:00;2026-05-30 00:00:00;;;;;;;;;;;FOB;FOB;CNY;;;;;Directo GT - FERRETERIA EPA, S.A. (Guatemala);89;EPA;OLO6;;;;;;;;QINGDAO, CHINA;QUETZAL, GUATEMALA;;;;0;0;0;0;;;;;0.00;;BINTER TRADE LLC. (Dropship GT);;2025-08-29 00:00:00;;;;;;false;;;;;;;;;;;;;;;;;;;;;;;false;;;
18628;1;6701411;draft;11310.00;pending;2025-08-29;USD;FOB;;;;;11310.00;;11310.00;;;;;0.00;0.00;0;;;;;;;;;;;;;;;;;;;;;;;;;;;;;;;;2026-03-19 15:22:38;2026-03-19 15:22:38;5;;631;;;;"""[\""Standard\""]""";0.00;0.00;0.00;;;false;;;false;;44;;;;;false;false;false;false;false;false;false;false;false;;;2025-11-30 00:00:00;2025-11-30 00:00:00;;;;;;;;;2025-12-02 00:00:00;;FOB;FOB;CNY;;;;;Directo GT - FERRETERIA EPA, S.A. (Guatemala);89;EPA;OLO6;;-- N/A --;XFH251124-2;;7066;101267;;QINGDAO, CHINA;QUETZAL, GUATEMALA;11310.00;;;0;0;0;0;;;;;0.00;;BINTER TRADE LLC. (Dropship GT);;2025-08-29 00:00:00;;;;;;false;;;;;;;;;;;;;;;;;;;;;;;false;;;
18629;1;6701413;draft;11310.00;pending;2025-08-29;USD;FOB;;;;;11310.00;;11310.00;;;;;0.00;0.00;0;;;;;;;;;;;;;;;;;;;;;;;;;;;;;;;;2026-03-19 15:23:42;2026-03-19 15:23:42;2;;631;;;;"""[\""Standard\""]""";0.00;0.00;0.00;;;false;;;false;;46;;;;;false;false;false;false;false;false;false;false;false;;;2026-04-30 00:00:00;2026-04-30 00:00:00;;;;;;;;;;;FOB;FOB;CNY;;;;;Directo GT - FERRETERIA EPA, S.A. (Guatemala);89;EPA;OLO6;;;;;;;;QINGDAO, CHINA;QUETZAL, GUATEMALA;;;;0;0;0;0;;;;;0.00;;BINTER TRADE LLC. (Dropship GT);;2025-08-29 00:00:00;;;;;;false;;;;;;;;;;;;;;;;;;;;;;;false;;;
18630;1;6701414;draft;11480.00;pending;2025-08-29;USD;FOB;;;;;11480.00;;11480.00;;;;;0.00;0.00;0;;;;;;;;;;;;;;;;;;;;;;;;;;;;;;;;2026-03-19 15:23:42;2026-03-19 15:23:42;5;;631;;;;"""[\""Standard\""]""";0.00;0.00;0.00;;;false;;;false;;47;;;;;false;false;false;false;false;false;false;false;false;;;2025-11-30 00:00:00;2025-11-30 00:00:00;;;;;;;;;2026-02-03 00:00:00;;FOB;FOB;CNY;;;;;Directo GT - FERRETERIA EPA, S.A. (Guatemala);89;EPA;OLO6;;-- N/A --;XFH260127;;7522;101777;;QINGDAO, CHINA;QUETZAL, GUATEMALA;11480.00;;;0;0;0;0;;;;;0.00;;BINTER TRADE LLC. (Dropship GT);;2025-08-29 00:00:00;;;;;;false;;;;;;;;;;;;;;;;;;;;;;;false;;;
18631;1;6701415;draft;12724.00;pending;2025-08-29;USD;FOB;;;;;12724.00;;12724.00;;;;;0.00;0.00;0;;;;;;;;;;;;;;;;;;;;;;;;;;;;;;;;2026-03-19 15:23:42;2026-03-19 15:23:42;2;;631;;;;"""[\""Standard\""]""";0.00;0.00;0.00;;;false;;;false;;49;;;;;false;false;false;false;false;false;false;false;false;;;2026-04-30 00:00:00;2026-04-30 00:00:00;;;;;;;;;;;FOB;FOB;CNY;;;;;Directo GT - FERRETERIA EPA, S.A. (Guatemala);89;EPA;OLO6;;;;;;;;QINGDAO, CHINA;QUETZAL, GUATEMALA;;;;0;0;0;0;;;;;0.00;;BINTER TRADE LLC. (Dropship GT);;2025-08-29 00:00:00;;;;;;false;;;;;;;;;;;;;;;;;;;;;;;false;;;
18632;1;6701418;draft;12662.50;pending;2025-08-29;USD;FOB;;;;;12662.50;;12662.50;;;;;0.00;0.00;0;;;;;;;;;;;;;;;;;;;;;;;;;;;;;;;;2026-03-19 15:23:42;2026-03-19 15:23:42;2;;631;;;;"""[\""Standard\""]""";0.00;0.00;0.00;;;false;;;false;;51;;;;;false;false;false;false;false;false;false;false;false;;;2026-05-20 00:00:00;2026-05-20 00:00:00;;;;;;;;;;;FOB;FOB;CNY;;;;;Directo GT - FERRETERIA EPA, S.A. (Guatemala);89;EPA;OLO6;;;;;;;;QINGDAO, CHINA;QUETZAL, GUATEMALA;;;;0;0;0;0;;;;;0.00;;BINTER TRADE LLC. (Dropship GT);;2025-08-29 00:00:00;;;;;;false;;;;;;;;;;;;;;;;;;;;;;;false;;;
18633;1;6701420;draft;11310.00;pending;2025-08-29;USD;FOB;;;;;11310.00;;11310.00;;;;;0.00;0.00;0;;;;;;;;;;;;;;;;;;;;;;;;;;;;;;;;2026-03-19 15:23:42;2026-03-19 15:23:42;5;;631;;;;"""[\""Standard\""]""";0.00;0.00;0.00;;;false;;;false;;58;;;;;false;false;false;false;false;false;false;false;false;;;2025-10-30 00:00:00;2025-10-30 00:00:00;;;;;;;;;2026-01-16 00:00:00;;CIF;FOB;CNY;;;;;Directo VE - FERRETERIA EPA, C.A.;89;EPA;OLO6;;-- N/A --;XFH251216A;;7392;101639;;QINGDAO, CHINA;PUERTO CABELLO, VENEZUELA;11310.00;;;0;0;0;0;;;;;0.00;;BINTER TRADE LLC. (Dropship EPA - VE);;2025-08-29 00:00:00;;;;;;false;;;;;;;;;;;;;;;;;;;;;;;false;;;
18634;1;6701421;draft;11310.00;pending;2025-08-29;USD;FOB;;;;;11310.00;;11310.00;;;;;0.00;0.00;0;;;;;;;;;;;;;;;;;;;;;;;;;;;;;;;;2026-03-19 15:23:42;2026-03-19 15:23:42;2;;631;;;;"""[\""Standard\""]""";0.00;0.00;0.00;;;false;;;false;;59;;;;;false;false;false;false;false;false;false;false;false;;;2026-03-30 00:00:00;2026-03-30 00:00:00;;;;;;;;;;;FOB;FOB;CNY;;;;;Directo VE - FERRETERIA EPA, C.A.;89;EPA;OLO6;;;;;;;;QINGDAO, CHINA;PUERTO CABELLO, VENEZUELA;;;;0;0;0;0;;;;;0.00;;BINTER TRADE LLC. (Dropship EPA - VE);;2025-08-29 00:00:00;;;;;;false;;;;;;;;;;;;;;;;;;;;;;;false;;;
18635;1;6701422;draft;11310.00;pending;2025-08-29;USD;FOB;;;;;11310.00;;11310.00;;;;;0.00;0.00;0;;;;;;;;;;;;;;;;;;;;;;;;;;;;;;;;2026-03-19 15:23:42;2026-03-19 15:23:42;2;;631;;;;"""[\""Standard\""]""";0.00;0.00;0.00;;;false;;;false;;60;;;;;false;false;false;false;false;false;false;false;false;;;2026-03-30 00:00:00;2026-03-30 00:00:00;;;;;;;;;;;FOB;FOB;CNY;;;;;Directo VE - FERRETERIA EPA, C.A.;89;EPA;OLO6;;;;;;;;QINGDAO, CHINA;PUERTO CABELLO, VENEZUELA;;;;0;0;0;0;;;;;0.00;;BINTER TRADE LLC. (Dropship EPA - VE);;2025-08-29 00:00:00;;;;;;false;;;;;;;;;;;;;;;;;;;;;;;false;;;
18636;1;6701424;draft;12416.00;pending;2025-08-29;USD;FOB;;;;;12416.00;;12416.00;;;;;0.00;0.00;0;;;;;;;;;;;;;;;;;;;;;;;;;;;;;;;;2026-03-19 15:23:42;2026-03-19 15:23:42;2;;631;;;;"""[\""Standard\""]""";0.00;0.00;0.00;;;false;;;false;;62;;;;;false;false;false;false;false;false;false;false;false;;;2026-03-30 00:00:00;2026-03-30 00:00:00;;;;;;;;;;;FOB;FOB;CNY;;;;;Directo VE - FERRETERIA EPA, C.A.;89;EPA;OLO6;;;;;;;;QINGDAO, CHINA;PUERTO CABELLO, VENEZUELA;;;;0;0;0;0;;;;;0.00;;BINTER TRADE LLC. (Dropship EPA - VE);;2025-08-29 00:00:00;;;;;;false;;;;;;;;;;;;;;;;;;;;;;;false;;;
18637;1;6701425;draft;11440.00;pending;2025-08-29;USD;FOB;;;;;11440.00;;11440.00;;;;;0.00;0.00;0;;;;;;;;;;;;;;;;;;;;;;;;;;;;;;;;2026-03-19 15:23:42;2026-03-19 15:23:42;5;;631;;;;"""[\""Standard\""]""";0.00;0.00;0.00;;;false;;;false;;63;;;;;false;false;false;false;false;false;false;false;false;;;2025-11-30 00:00:00;2025-11-30 00:00:00;;;;;;;;;2026-01-08 00:00:00;;CIF;FOB;CNY;;;;;Directo VE - FERRETERIA EPA, C.A.;89;EPA;OLO6;;-- N/A --;XFH251216;;7323;101548;;QINGDAO, CHINA;PUERTO CABELLO, VENEZUELA;11440.00;;;0;0;0;0;;;;;0.00;;BINTER TRADE LLC. (Dropship EPA - VE);;2025-08-29 00:00:00;;;;;;false;;;;;;;;;;;;;;;;;;;;;;;false;;;
18638;1;6701427;draft;11440.00;pending;2025-08-29;USD;FOB;;;;;11440.00;;11440.00;;;;;0.00;0.00;0;;;;;;;;;;;;;;;;;;;;;;;;;;;;;;;;2026-03-19 15:23:42;2026-03-19 15:23:42;5;;631;;;;"""[\""Standard\""]""";0.00;0.00;0.00;;;false;;;false;;65;;;;;false;false;false;false;false;false;false;false;false;;;2025-11-30 00:00:00;2025-11-30 00:00:00;;;;;;;;;2026-01-08 00:00:00;;CIF;FOB;CNY;;;;;Directo VE - FERRETERIA EPA, C.A.;89;EPA;OLO6;;-- N/A --;XFH251216B;;7310;101535;;QINGDAO, CHINA;PUERTO CABELLO, VENEZUELA;11440.00;;;0;0;0;0;;;;;0.00;;BINTER TRADE LLC. (Dropship EPA - VE);;2025-08-29 00:00:00;;;;;;false;;;;;;;;;;;;;;;;;;;;;;;false;;;
18639;1;6701429;draft;11440.00;pending;2025-08-29;USD;FOB;;;;;11440.00;;11440.00;;;;;0.00;0.00;0;;;;;;;;;;;;;;;;;;;;;;;;;;;;;;;;2026-03-19 15:23:42;2026-03-19 15:23:42;10;;631;;;;"""[\""Standard\""]""";0.00;0.00;0.00;;;false;;;false;;67;;;;;false;false;false;false;false;false;false;false;false;;;2025-11-30 00:00:00;2025-11-30 00:00:00;;;;;;;;;2026-01-27 00:00:00;;CIF;FOB;CNY;;;;;Directo VE - FERRETERIA EPA, C.A.;89;EPA;OLO6;;-- N/A --;XFH260105;;7492;101742;;QINGDAO, CHINA;PUERTO CABELLO, VENEZUELA;11440.00;;;0;0;0;0;;;;;0.00;;BINTER TRADE LLC. (Dropship EPA - VE);;2025-08-29 00:00:00;;;;;;false;;;;;;;;;;;;;;;;;;;;;;;false;;;
18640;1;6701430;draft;11440.00;pending;2025-08-29;USD;FOB;;;;;11440.00;;11440.00;;;;;0.00;0.00;0;;;;;;;;;;;;;;;;;;;;;;;;;;;;;;;;2026-03-19 15:23:42;2026-03-19 15:23:42;2;;631;;;;"""[\""Standard\""]""";0.00;0.00;0.00;;;false;;;false;;68;;;;;false;false;false;false;false;false;false;false;false;;;2026-04-30 00:00:00;2026-04-30 00:00:00;;;;;;;;;;;FOB;FOB;CNY;;;;;Directo VE - FERRETERIA EPA, C.A.;89;EPA;OLO6;;;;;;;;QINGDAO, CHINA;PUERTO CABELLO, VENEZUELA;;;;0;0;0;0;;;;;0.00;;BINTER TRADE LLC. (Dropship EPA - VE);;2025-08-29 00:00:00;;;;;;false;;;;;;;;;;;;;;;;;;;;;;;false;;;
18641;1;6701432;draft;11440.00;pending;2025-08-29;USD;FOB;;;;;11440.00;;11440.00;;;;;0.00;0.00;0;;;;;;;;;;;;;;;;;;;;;;;;;;;;;;;;2026-03-19 15:23:42;2026-03-19 15:23:42;2;;631;;;;"""[\""Standard\""]""";0.00;0.00;0.00;;;false;;;false;;70;;;;;false;false;false;false;false;false;false;false;false;;;2026-03-30 00:00:00;2026-03-30 00:00:00;;;;;;;;;;;FOB;FOB;CNY;;;;;Directo VE - FERRETERIA EPA, C.A.;89;EPA;OLO6;;;;;;;;QINGDAO, CHINA;PUERTO CABELLO, VENEZUELA;;;;0;0;0;0;;;;;0.00;;BINTER TRADE LLC. (Dropship EPA - VE);;2025-08-29 00:00:00;;;;;;false;;;;;;;;;;;;;;;;;;;;;;;false;;;
18642;1;6701433;draft;17339.00;pending;2025-08-29;USD;FOB;;;;;17339.00;;17339.00;;;;;0.00;0.00;0;;;;;;;;;;;;;;;;;;;;;;;;;;;;;;;;2026-03-19 15:23:42;2026-03-19 15:23:42;5;;631;;;;"""[\""Standard\""]""";0.00;0.00;0.00;;;false;;;false;;71;;;;;false;false;false;false;false;false;false;false;false;;;2025-11-15 00:00:00;2025-11-15 00:00:00;;;;;;;;;2026-03-12 00:00:00;;CIF;FOB;CNY;;;;;Directo VE - FERRETERIA EPA, C.A.;89;EPA;OLO6;;-- N/A --;XFH260204A;;7664;101927;;QINGDAO, CHINA;PUERTO CABELLO, VENEZUELA;17339.00;;;0;0;0;0;;;;;0.00;;BINTER TRADE LLC. (Dropship EPA - VE);;2025-08-29 00:00:00;;;;;;false;;;;;;;;;;;;;;;;;;;;;;;false;;;
18643;1;6701434;draft;17373.00;pending;2025-08-29;USD;FOB;;;;;17373.00;;17373.00;;;;;0.00;0.00;0;;;;;;;;;;;;;;;;;;;;;;;;;;;;;;;;2026-03-19 15:23:42;2026-03-19 15:23:42;5;;631;;;;"""[\""Standard\""]""";0.00;0.00;0.00;;;false;;;false;;72;;;;;false;false;false;false;false;false;false;false;false;;;2025-11-30 00:00:00;2025-11-30 00:00:00;;;;;;;;;2026-03-10 00:00:00;;CIF;FOB;CNY;;;;;Directo VE - FERRETERIA EPA, C.A.;89;EPA;OLO6;;-- N/A --;XFH260205A;;7644;101905;;QINGDAO, CHINA;PUERTO CABELLO, VENEZUELA;17373.00;;;0;0;0;0;;;;;0.00;;BINTER TRADE LLC. (Dropship EPA - VE);;2025-08-29 00:00:00;;;;;;false;;;;;;;;;;;;;;;;;;;;;;;false;;;
18644;1;6701435;draft;17703.00;pending;2025-08-29;USD;FOB;;;;;17703.00;;17703.00;;;;;0.00;0.00;0;;;;;;;;;;;;;;;;;;;;;;;;;;;;;;;;2026-03-19 15:23:42;2026-03-19 15:23:42;2;;631;;;;"""[\""Standard\""]""";0.00;0.00;0.00;;;false;;;false;;73;;;;;false;false;false;false;false;false;false;false;false;;;2026-04-30 00:00:00;2026-04-30 00:00:00;;;;;;;;;;;FOB;FOB;CNY;;;;;Directo VE - FERRETERIA EPA, C.A.;89;EPA;OLO6;;;;;;;;QINGDAO, CHINA;PUERTO CABELLO, VENEZUELA;;;;0;0;0;0;;;;;0.00;;BINTER TRADE LLC. (Dropship EPA - VE);;2025-08-29 00:00:00;;;;;;false;;;;;;;;;;;;;;;;;;;;;;;false;;;
18645;1;6701445;draft;11440.00;pending;2025-08-29;USD;FOB;;;;;11440.00;;11440.00;;;;;0.00;0.00;0;;;;;;;;;;;;;;;;;;;;;;;;;;;;;;;;2026-03-19 15:23:42;2026-03-19 15:23:42;3;;631;;;;"""[\""Standard\""]""";0.00;0.00;0.00;;;false;;;false;;85;;;;;false;false;false;false;false;false;false;false;false;;;2026-03-15 00:00:00;2026-03-15 00:00:00;;;;;;;;;;;FOB;FOB;CNY;;;;;Directo SV - FERRETERIA EPA, S.A. DE C.V.;89;EPA;OLO6;;;;;;;;QINGDAO, CHINA;ACAJUTLA, EL SALVADOR;;;;0;0;0;0;;;;;0.00;;BINTER TRADE LLC. (Dropship SV);;2025-08-29 00:00:00;;;;;;false;;;;;;;;;;;;;;;;;;;;;;;false;;;
18646;1;6701447;draft;11440.00;pending;2025-08-29;USD;FOB;;;;;11440.00;;11440.00;;;;;0.00;0.00;0;;;;;;;;;;;;;;;;;;;;;;;;;;;;;;;;2026-03-19 15:23:42;2026-03-19 15:23:42;3;;631;;;;"""[\""Standard\""]""";0.00;0.00;0.00;;;false;;;false;;87;;;;;false;false;false;false;false;false;false;false;false;;;2026-03-15 00:00:00;2026-03-15 00:00:00;;;;;;;;;;;FOB;FOB;CNY;;;;;Directo SV - FERRETERIA EPA, S.A. DE C.V.;89;EPA;OLO6;;;;;;;;QINGDAO, CHINA;ACAJUTLA, EL SALVADOR;;;;0;0;0;0;;;;;0.00;;BINTER TRADE LLC. (Dropship SV);;2025-08-29 00:00:00;;;;;;false;;;;;;;;;;;;;;;;;;;;;;;false;;;
18647;1;6701448;draft;11440.00;pending;2025-08-29;USD;FOB;;;;;11440.00;;11440.00;;;;;0.00;0.00;0;;;;;;;;;;;;;;;;;;;;;;;;;;;;;;;;2026-03-19 15:23:42;2026-03-19 15:23:42;3;;631;;;;"""[\""Standard\""]""";0.00;0.00;0.00;;;false;;;false;;88;;;;;false;false;false;false;false;false;false;false;false;;;2026-03-15 00:00:00;2026-03-15 00:00:00;;;;;;;;;;;FOB;FOB;CNY;;;;;Directo SV - FERRETERIA EPA, S.A. DE C.V.;89;EPA;OLO6;;;;;;;;QINGDAO, CHINA;ACAJUTLA, EL SALVADOR;;;;0;0;0;0;;;;;0.00;;BINTER TRADE LLC. (Dropship SV);;2025-08-29 00:00:00;;;;;;false;;;;;;;;;;;;;;;;;;;;;;;false;;;
18648;1;6701449;draft;11440.00;pending;2025-08-29;USD;FOB;;;;;11440.00;;11440.00;;;;;0.00;0.00;0;;;;;;;;;;;;;;;;;;;;;;;;;;;;;;;;2026-03-19 15:23:42;2026-03-19 15:23:42;2;;631;;;;"""[\""Standard\""]""";0.00;0.00;0.00;;;false;;;false;;89;;;;;false;false;false;false;false;false;false;false;false;;;2026-03-30 00:00:00;2026-03-30 00:00:00;;;;;;;;;;;FOB;FOB;CNY;;;;;Directo SV - FERRETERIA EPA, S.A. DE C.V.;89;EPA;OLO6;;;;;;;;QINGDAO, CHINA;ACAJUTLA, EL SALVADOR;;;;0;0;0;0;;;;;0.00;;BINTER TRADE LLC. (Dropship SV);;2025-08-29 00:00:00;;;;;;false;;;;;;;;;;;;;;;;;;;;;;;false;;;
18649;1;6701450;draft;11440.00;pending;2025-08-29;USD;FOB;;;;;11440.00;;11440.00;;;;;0.00;0.00;0;;;;;;;;;;;;;;;;;;;;;;;;;;;;;;;;2026-03-19 15:23:42;2026-03-19 15:23:42;2;;631;;;;"""[\""Standard\""]""";0.00;0.00;0.00;;;false;;;false;;90;;;;;false;false;false;false;false;false;false;false;false;;;2026-04-30 00:00:00;2026-04-30 00:00:00;;;;;;;;;;;FOB;FOB;CNY;;;;;Directo SV - FERRETERIA EPA, S.A. DE C.V.;89;EPA;OLO6;;;;;;;;QINGDAO, CHINA;ACAJUTLA, EL SALVADOR;;;;0;0;0;0;;;;;0.00;;BINTER TRADE LLC. (Dropship SV);;2025-08-29 00:00:00;;;;;;false;;;;;;;;;;;;;;;;;;;;;;;false;;;
18650;1;6701451;draft;11440.00;pending;2025-08-29;USD;FOB;;;;;11440.00;;11440.00;;;;;0.00;0.00;0;;;;;;;;;;;;;;;;;;;;;;;;;;;;;;;;2026-03-19 15:23:42;2026-03-19 15:23:42;2;;631;;;;"""[\""Standard\""]""";0.00;0.00;0.00;;;false;;;false;;91;;;;;false;false;false;false;false;false;false;false;false;;;2026-04-30 00:00:00;2026-04-30 00:00:00;;;;;;;;;;;FOB;FOB;CNY;;;;;Directo SV - FERRETERIA EPA, S.A. DE C.V.;89;EPA;OLO6;;;;;;;;QINGDAO, CHINA;ACAJUTLA, EL SALVADOR;;;;0;0;0;0;;;;;0.00;;BINTER TRADE LLC. (Dropship SV);;2025-08-29 00:00:00;;;;;;false;;;;;;;;;;;;;;;;;;;;;;;false;;;
18651;1;6701452;draft;11440.00;pending;2025-08-29;USD;FOB;;;;;11440.00;;11440.00;;;;;0.00;0.00;0;;;;;;;;;;;;;;;;;;;;;;;;;;;;;;;;2026-03-19 15:23:42;2026-03-19 15:23:42;2;;631;;;;"""[\""Standard\""]""";0.00;0.00;0.00;;;false;;;false;;92;;;;;false;false;false;false;false;false;false;false;false;;;2026-05-30 00:00:00;2026-05-30 00:00:00;;;;;;;;;;;FOB;FOB;CNY;;;;;Directo SV - FERRETERIA EPA, S.A. DE C.V.;89;EPA;OLO6;;;;;;;;QINGDAO, CHINA;ACAJUTLA, EL SALVADOR;;;;0;0;0;0;;;;;0.00;;BINTER TRADE LLC. (Dropship SV);;2025-08-29 00:00:00;;;;;;false;;;;;;;;;;;;;;;;;;;;;;;false;;;
18652;1;6701453;draft;11440.00;pending;2025-08-29;USD;FOB;;;;;11440.00;;11440.00;;;;;0.00;0.00;0;;;;;;;;;;;;;;;;;;;;;;;;;;;;;;;;2026-03-19 15:23:42;2026-03-19 15:23:42;2;;631;;;;"""[\""Standard\""]""";0.00;0.00;0.00;;;false;;;false;;93;;;;;false;false;false;false;false;false;false;false;false;;;2026-05-30 00:00:00;2026-05-30 00:00:00;;;;;;;;;;;FOB;FOB;CNY;;;;;Directo SV - FERRETERIA EPA, S.A. DE C.V.;89;EPA;OLO6;;;;;;;;QINGDAO, CHINA;ACAJUTLA, EL SALVADOR;;;;0;0;0;0;;;;;0.00;;BINTER TRADE LLC. (Dropship SV);;2025-08-29 00:00:00;;;;;;false;;;;;;;;;;;;;;;;;;;;;;;false;;;
18653;1;6701454;draft;11440.00;pending;2025-08-29;USD;FOB;;;;;11440.00;;11440.00;;;;;0.00;0.00;0;;;;;;;;;;;;;;;;;;;;;;;;;;;;;;;;2026-03-19 15:23:42;2026-03-19 15:23:42;2;;631;;;;"""[\""Standard\""]""";0.00;0.00;0.00;;;false;;;false;;94;;;;;false;false;false;false;false;false;false;false;false;;;2026-05-30 00:00:00;2026-05-30 00:00:00;;;;;;;;;;;FOB;FOB;CNY;;;;;Directo SV - FERRETERIA EPA, S.A. DE C.V.;89;EPA;OLO6;;;;;;;;QINGDAO, CHINA;ACAJUTLA, EL SALVADOR;;;;0;0;0;0;;;;;0.00;;BINTER TRADE LLC. (Dropship SV);;2025-08-29 00:00:00;;;;;;false;;;;;;;;;;;;;;;;;;;;;;;false;;;
18654;1;6701455;draft;11440.00;pending;2025-08-29;USD;FOB;;;;;11440.00;;11440.00;;;;;0.00;0.00;0;;;;;;;;;;;;;;;;;;;;;;;;;;;;;;;;2026-03-19 15:23:42;2026-03-19 15:23:42;2;;631;;;;"""[\""Standard\""]""";0.00;0.00;0.00;;;false;;;false;;95;;;;;false;false;false;false;false;false;false;false;false;;;2026-03-30 00:00:00;2026-03-30 00:00:00;;;;;;;;;;;FOB;FOB;CNY;;;;;Directo SV - FERRETERIA EPA, S.A. DE C.V.;89;EPA;OLO6;;;;;;;;QINGDAO, CHINA;ACAJUTLA, EL SALVADOR;;;;0;0;0;0;;;;;0.00;;BINTER TRADE LLC. (Dropship SV);;2025-08-29 00:00:00;;;;;;false;;;;;;;;;;;;;;;;;;;;;;;false;;;
18655;1;6701456;draft;11440.00;pending;2025-08-29;USD;FOB;;;;;11440.00;;11440.00;;;;;0.00;0.00;0;;;;;;;;;;;;;;;;;;;;;;;;;;;;;;;;2026-03-19 15:23:42;2026-03-19 15:23:42;2;;631;;;;"""[\""Standard\""]""";0.00;0.00;0.00;;;false;;;false;;96;;;;;false;false;false;false;false;false;false;false;false;;;2026-04-30 00:00:00;2026-04-30 00:00:00;;;;;;;;;;;FOB;FOB;CNY;;;;;Directo SV - FERRETERIA EPA, S.A. DE C.V.;89;EPA;OLO6;;;;;;;;QINGDAO, CHINA;ACAJUTLA, EL SALVADOR;;;;0;0;0;0;;;;;0.00;;BINTER TRADE LLC. (Dropship SV);;2025-08-29 00:00:00;;;;;;false;;;;;;;;;;;;;;;;;;;;;;;false;;;
18656;1;6701457;draft;11440.00;pending;2025-08-29;USD;FOB;;;;;11440.00;;11440.00;;;;;0.00;0.00;0;;;;;;;;;;;;;;;;;;;;;;;;;;;;;;;;2026-03-19 15:23:42;2026-03-19 15:23:42;2;;631;;;;"""[\""Standard\""]""";0.00;0.00;0.00;;;false;;;false;;97;;;;;false;false;false;false;false;false;false;false;false;;;2026-03-30 00:00:00;2026-03-30 00:00:00;;;;;;;;;;;FOB;FOB;CNY;;;;;Directo SV - FERRETERIA EPA, S.A. DE C.V.;89;EPA;OLO6;;;;;;;;QINGDAO, CHINA;ACAJUTLA, EL SALVADOR;;;;0;0;0;0;;;;;0.00;;BINTER TRADE LLC. (Dropship SV);;2025-08-29 00:00:00;;;;;;false;;;;;;;;;;;;;;;;;;;;;;;false;;;
18657;1;6701460;draft;12320.00;pending;2025-08-29;USD;FOB;;;;;12320.00;;12320.00;;;;;0.00;0.00;0;;;;;;;;;;;;;;;;;;;;;;;;;;;;;;;;2026-03-19 15:23:42;2026-03-19 15:23:42;2;;631;;;;"""[\""Standard\""]""";0.00;0.00;0.00;;;false;;;false;;100;;;;;false;false;false;false;false;false;false;false;false;;;2026-05-15 00:00:00;2026-05-15 00:00:00;;;;;;;;;;;FOB;FOB;CNY;;;;;Directo SV - FERRETERIA EPA, S.A. DE C.V.;89;EPA;OLO6;;;;;;;;QINGDAO, CHINA;ACAJUTLA, EL SALVADOR;;;;0;0;0;0;;;;;0.00;;BINTER TRADE LLC. (Dropship SV);;2025-08-29 00:00:00;;;;;;false;;;;;;;;;;;;;;;;;;;;;;;false;;;
18658;1;6701464;draft;11310.00;pending;2025-08-29;USD;FOB;;;;;11310.00;;11310.00;;;;;0.00;0.00;0;;;;;;;;;;;;;;;;;;;;;;;;;;;;;;;;2026-03-19 15:23:42;2026-03-19 15:23:42;3;;631;;;;"""[\""Standard\""]""";0.00;0.00;0.00;;;false;;;false;;104;;;;;false;false;false;false;false;false;false;false;false;;;2026-03-15 00:00:00;2026-03-15 00:00:00;;;;;;;;;;;FOB;FOB;CNY;;;;;Directo SV - FERRETERIA EPA, S.A. DE C.V.;89;EPA;OLO6;;;;;;;;QINGDAO, CHINA;ACAJUTLA, EL SALVADOR;;;;0;0;0;0;;;;;0.00;;BINTER TRADE LLC. (Dropship SV);;2025-08-29 00:00:00;;;;;;false;;;;;;;;;;;;;;;;;;;;;;;false;;;
18659;1;6701465;draft;11310.00;pending;2025-08-29;USD;FOB;;;;;11310.00;;11310.00;;;;;0.00;0.00;0;;;;;;;;;;;;;;;;;;;;;;;;;;;;;;;;2026-03-19 15:23:42;2026-03-19 15:23:42;2;;631;;;;"""[\""Standard\""]""";0.00;0.00;0.00;;;false;;;false;;105;;;;;false;false;false;false;false;false;false;false;false;;;2026-04-30 00:00:00;2026-04-30 00:00:00;;;;;;;;;;;FOB;FOB;CNY;;;;;Directo SV - FERRETERIA EPA, S.A. DE C.V.;89;EPA;OLO6;;;;;;;;QINGDAO, CHINA;ACAJUTLA, EL SALVADOR;;;;0;0;0;0;;;;;0.00;;BINTER TRADE LLC. (Dropship SV);;2025-08-29 00:00:00;;;;;;false;;;;;;;;;;;;;;;;;;;;;;;false;;;
18660;1;6701466;draft;11310.00;pending;2025-08-29;USD;FOB;;;;;11310.00;;11310.00;;;;;0.00;0.00;0;;;;;;;;;;;;;;;;;;;;;;;;;;;;;;;;2026-03-19 15:23:43;2026-03-19 15:23:43;2;;631;;;;"""[\""Standard\""]""";0.00;0.00;0.00;;;false;;;false;;106;;;;;false;false;false;false;false;false;false;false;false;;;2026-05-30 00:00:00;2026-05-30 00:00:00;;;;;;;;;;;FOB;FOB;CNY;;;;;Directo SV - FERRETERIA EPA, S.A. DE C.V.;89;EPA;OLO6;;;;;;;;QINGDAO, CHINA;ACAJUTLA, EL SALVADOR;;;;0;0;0;0;;;;;0.00;;BINTER TRADE LLC. (Dropship SV);;2025-08-29 00:00:00;;;;;;false;;;;;;;;;;;;;;;;;;;;;;;false;;;
18661;1;6701467;draft;13834.00;pending;2025-08-29;USD;FOB;;;;;13834.00;;13834.00;;;;;0.00;0.00;0;;;;;;;;;;;;;;;;;;;;;;;;;;;;;;;;2026-03-19 15:23:43;2026-03-19 15:23:43;5;;631;;;;"""[\""Standard\""]""";0.00;0.00;0.00;;;false;;;false;;107;;;;;false;false;false;false;false;false;false;false;false;;;2025-11-15 00:00:00;2025-11-15 00:00:00;;;;;;;;;2026-02-02 00:00:00;;FOB;FOB;CNY;;;;;Directo SV - FERRETERIA EPA, S.A. DE C.V.;89;EPA;OLO6;;-- N/A --;XFH260115;;7507;101757;;QINGDAO, CHINA;ACAJUTLA, EL SALVADOR;13834.00;;;0;0;0;0;;;;;0.00;;BINTER TRADE LLC. (Dropship SV);;2025-08-29 00:00:00;;;;;;false;;;;;;;;;;;;;;;;;;;;;;;false;;;
18662;1;6701468;draft;13989.50;pending;2025-08-29;USD;FOB;;;;;13989.50;;13989.50;;;;;0.00;0.00;0;;;;;;;;;;;;;;;;;;;;;;;;;;;;;;;;2026-03-19 15:23:43;2026-03-19 15:23:43;2;;631;;;;"""[\""Standard\""]""";0.00;0.00;0.00;;;false;;;false;;108;;;;;false;false;false;false;false;false;false;false;false;;;2026-05-15 00:00:00;2026-05-15 00:00:00;;;;;;;;;;;FOB;FOB;CNY;;;;;Directo SV - FERRETERIA EPA, S.A. DE C.V.;89;EPA;OLO6;;;;;;;;QINGDAO, CHINA;ACAJUTLA, EL SALVADOR;;;;0;0;0;0;;;;;0.00;;BINTER TRADE LLC. (Dropship SV);;2025-08-29 00:00:00;;;;;;false;;;;;;;;;;;;;;;;;;;;;;;false;;;
18663;1;6701474;draft;11440.00;pending;2025-08-29;USD;FOB;;;;;11440.00;;11440.00;;;;;0.00;0.00;0;;;;;;;;;;;;;;;;;;;;;;;;;;;;;;;;2026-03-19 15:23:43;2026-03-19 15:23:43;5;;631;;;;"""[\""Standard\""]""";0.00;0.00;0.00;;;false;;;false;;114;;;;;false;false;false;false;false;false;false;false;false;;;2025-11-30 00:00:00;2025-11-30 00:00:00;;;;;;;;;2026-02-02 00:00:00;;FOB;FOB;CNY;;;;;Directo CR - Consorcio Ferretero San Jose S.A;89;EPA;OLO6;;-- N/A --;XFH260128;;7505;101756;;QINGDAO, CHINA;CALDERA, COSTA RICA;11440.00;;;0;0;0;0;;;;;0.00;;BINTER TRADE LLC. (Dropship Cofersa);;2025-08-29 00:00:00;;;;;;false;;;;;;;;;;;;;;;;;;;;;;;false;;;
18664;1;6701475;draft;11440.00;pending;2025-08-29;USD;FOB;;;;;11440.00;;11440.00;;;;;0.00;0.00;0;;;;;;;;;;;;;;;;;;;;;;;;;;;;;;;;2026-03-19 15:23:43;2026-03-19 15:23:43;3;;631;;;;"""[\""Standard\""]""";0.00;0.00;0.00;;;false;;;false;;114;;;;;false;false;false;false;false;false;false;false;false;;;2026-03-15 00:00:00;2026-03-15 00:00:00;;;;;;;;;;;FOB;;CNY;;;;;Directo CR - Consorcio Ferretero San Jose S.A;89;EPA;OLO6;;;;;;;;QINGDAO, CHINA;CALDERA, COSTA RICA;;;;0;0;0;0;;;;;0.00;;BINTER TRADE LLC. (Dropship Cofersa);;2025-08-29 00:00:00;;;;;;false;;;;;;;;;;;;;;;;;;;;;;;false;;;
18665;1;6701481;draft;11440.00;pending;2025-08-29;USD;FOB;;;;;11440.00;;11440.00;;;;;0.00;0.00;0;;;;;;;;;;;;;;;;;;;;;;;;;;;;;;;;2026-03-19 15:23:43;2026-03-19 15:23:43;2;;631;;;;"""[\""Standard\""]""";0.00;0.00;0.00;;;false;;;false;;121;;;;;false;false;false;false;false;false;false;false;false;;;2026-05-30 00:00:00;2026-05-30 00:00:00;;;;;;;;;;;FOB;;CNY;;;;;Directo CR - Consorcio Ferretero San Jose S.A;89;EPA;OLO6;;;;;;;;QINGDAO, CHINA;CALDERA, COSTA RICA;;;;0;0;0;0;;;;;0.00;;BINTER TRADE LLC. (Dropship Cofersa);;2025-08-29 00:00:00;;;;;;false;;;;;;;;;;;;;;;;;;;;;;;false;;;
18666;1;6701482;draft;11440.00;pending;2025-08-29;USD;FOB;;;;;11440.00;;11440.00;;;;;0.00;0.00;0;;;;;;;;;;;;;;;;;;;;;;;;;;;;;;;;2026-03-19 15:23:43;2026-03-19 15:23:43;2;;631;;;;"""[\""Standard\""]""";0.00;0.00;0.00;;;false;;;false;;122;;;;;false;false;false;false;false;false;false;false;false;;;2026-05-30 00:00:00;2026-05-30 00:00:00;;;;;;;;;;;FOB;;CNY;;;;;Directo CR - Consorcio Ferretero San Jose S.A;89;EPA;OLO6;;;;;;;;QINGDAO, CHINA;CALDERA, COSTA RICA;;;;0;0;0;0;;;;;0.00;;BINTER TRADE LLC. (Dropship Cofersa);;2025-08-29 00:00:00;;;;;;false;;;;;;;;;;;;;;;;;;;;;;;false;;;
18667;1;6701499;draft;16640.00;pending;2025-08-29;USD;FOB;;;;;16640.00;;16640.00;;;;;0.00;0.00;0;;;;;;;;;;;;;;;;;;;;;;;;;;;;;;;;2026-03-19 15:23:43;2026-03-19 15:23:43;2;;631;;;;"""[\""Standard\""]""";0.00;0.00;0.00;;;false;;;false;;140;;;;;false;false;false;false;false;false;false;false;false;;;2026-03-30 00:00:00;2026-03-30 00:00:00;;;;;;;;;;;FOB;;CNY;;;;;Directo VE - Febeca, C.A.;89;EPA;OLO6;;;;;;;;QINGDAO, CHINA;LA GUAIRA, VENEZUELA;;;;0;0;0;0;;;;;0.00;;BINTER TRADE LLC. (Dropship FEBECA - VE);;2025-08-29 00:00:00;;;;;;false;;;;;;;;;;;;;;;;;;;;;;;false;;;
18668;1;6701500;draft;15080.00;pending;2025-08-29;USD;FOB;;;;;15080.00;;15080.00;;;;;0.00;0.00;0;;;;;;;;;;;;;;;;;;;;;;;;;;;;;;;;2026-03-19 15:23:43;2026-03-19 15:23:43;2;;631;;;;"""[\""Standard\""]""";0.00;0.00;0.00;;;false;;;false;;141;;;;;false;false;false;false;false;false;false;false;false;;;2026-04-30 00:00:00;2026-04-30 00:00:00;;;;;;;;;;;FOB;;CNY;;;;;Directo VE - Febeca, C.A.;89;EPA;OLO6;;;;;;;;QINGDAO, CHINA;LA GUAIRA, VENEZUELA;;;;0;0;0;0;;;;;0.00;;BINTER TRADE LLC. (Dropship FEBECA - VE);;2025-08-29 00:00:00;;;;;;false;;;;;;;;;;;;;;;;;;;;;;;false;;;
18669;1;6701502;draft;11310.00;pending;2025-08-29;USD;FOB;;;;;11310.00;;11310.00;;;;;0.00;0.00;0;;;;;;;;;;;;;;;;;;;;;;;;;;;;;;;;2026-03-19 15:23:43;2026-03-19 15:23:43;2;;631;;;;"""[\""Standard\""]""";0.00;0.00;0.00;;;false;;;false;;143;;;;;false;false;false;false;false;false;false;false;false;;;2026-03-30 00:00:00;2026-03-30 00:00:00;;;;;;;;;;;FOB;;CNY;;;;;Directo VE - Febeca, C.A.;89;EPA;OLO6;;;;;;;;QINGDAO, CHINA;LA GUAIRA, VENEZUELA;;;;0;0;0;0;;;;;0.00;;BINTER TRADE LLC. (Dropship FEBECA - VE);;2025-08-29 00:00:00;;;;;;false;;;;;;;;;;;;;;;;;;;;;;;false;;;
18670;1;6701503;draft;8840.00;pending;2025-08-29;USD;FOB;;;;;8840.00;;8840.00;;;;;0.00;0.00;0;;;;;;;;;;;;;;;;;;;;;;;;;;;;;;;;2026-03-19 15:23:43;2026-03-19 15:23:43;5;;631;;;;"""[\""Standard\""]""";0.00;0.00;0.00;;;false;;;false;;144;;;;;false;false;false;false;false;false;false;false;false;;;2025-11-30 00:00:00;2025-11-30 00:00:00;;;;;;;;;2026-01-16 00:00:00;;CIF;FOB;MIXTO;;;;;Directo VE - Febeca, C.A.;89;EPA;OLO6;;-- N/A --;XFH251230;;7397;101644;;QINGDAO, CHINA;LA GUAIRA, VENEZUELA;8840.00;;;0;0;0;0;;;;;0.00;;BINTER TRADE LLC. (Dropship FEBECA - VE);;2025-08-29 00:00:00;;;;;;false;;;;;;;;;;;;;;;;;;;;;;;false;;;
18671;1;6701504;draft;11440.00;pending;2025-08-29;USD;FOB;;;;;11440.00;;11440.00;;;;;0.00;0.00;0;;;;;;;;;;;;;;;;;;;;;;;;;;;;;;;;2026-03-19 15:23:43;2026-03-19 15:23:43;2;;631;;;;"""[\""Standard\""]""";0.00;0.00;0.00;;;false;;;false;;145;;;;;false;false;false;false;false;false;false;false;false;;;2026-05-30 00:00:00;2026-05-30 00:00:00;;;;;;;;;;;FOB;FOB;CNY;;;;;Directo VE - FERRETERIA EPA, C.A.;89;EPA;OLO6;;;;;;;;QINGDAO, CHINA;PUERTO CABELLO, VENEZUELA;;;;0;0;0;0;;;;;0.00;;BINTER TRADE LLC. (Dropship EPA - VE);;2025-08-29 00:00:00;;;;;;false;;;;;;;;;;;;;;;;;;;;;;;false;;;
18672;1;6701505;draft;11440.00;pending;2025-08-29;USD;FOB;;;;;11440.00;;11440.00;;;;;0.00;0.00;0;;;;;;;;;;;;;;;;;;;;;;;;;;;;;;;;2026-03-19 15:23:43;2026-03-19 15:23:43;2;;631;;;;"""[\""Standard\""]""";0.00;0.00;0.00;;;false;;;false;;146;;;;;false;false;false;false;false;false;false;false;false;;;2026-05-30 00:00:00;2026-05-30 00:00:00;;;;;;;;;;;FOB;FOB;CNY;;;;;Directo VE - FERRETERIA EPA, C.A.;89;EPA;OLO6;;;;;;;;QINGDAO, CHINA;PUERTO CABELLO, VENEZUELA;;;;0;0;0;0;;;;;0.00;;BINTER TRADE LLC. (Dropship EPA - VE);;2025-08-29 00:00:00;;;;;;false;;;;;;;;;;;;;;;;;;;;;;;false;;;
18673;1;6701506;draft;11440.00;pending;2025-08-29;USD;FOB;;;;;11440.00;;11440.00;;;;;0.00;0.00;0;;;;;;;;;;;;;;;;;;;;;;;;;;;;;;;;2026-03-19 15:23:43;2026-03-19 15:23:43;2;;631;;;;"""[\""Standard\""]""";0.00;0.00;0.00;;;false;;;false;;147;;;;;false;false;false;false;false;false;false;false;false;;;2026-05-30 00:00:00;2026-05-30 00:00:00;;;;;;;;;;;FOB;FOB;CNY;;;;;Directo VE - FERRETERIA EPA, C.A.;89;EPA;OLO6;;;;;;;;QINGDAO, CHINA;PUERTO CABELLO, VENEZUELA;;;;0;0;0;0;;;;;0.00;;BINTER TRADE LLC. (Dropship EPA - VE);;2025-08-29 00:00:00;;;;;;false;;;;;;;;;;;;;;;;;;;;;;;false;;;
18674;1;6701515;draft;22362.64;pending;2025-08-29;USD;FOB;;;;;22362.64;;22362.64;;;;;0.00;0.00;0;;;;;;;;;;;;;;;;;;;;;;;;;;;;;;;;2026-03-19 15:23:43;2026-03-19 15:23:43;5;;691;;;;"""[\""Standard\""]""";0.00;0.00;0.00;;;false;;;false;;PI9CR;;;;;false;false;true;false;false;false;false;false;false;;;2026-01-15 00:00:00;2026-01-15 00:00:00;;;;;;;;;2026-01-27 00:00:00;;FOB;FOB;CNY;;;;;Directo CR - FERRETERIA EPA, S.A.;83;EPA;OLO6;;-- N/A --;PO25672;;7488;101738;;NINGBO, CHINA;CALDERA, COSTA RICA;22362.64;;;0;0;0;0;;;;;0.00;;BINTER TRADE LLC. (Dropship CR);;2025-08-29 00:00:00;;;;;;false;;;;;;;;;;;;;;;;;;;;;;;false;;;
18675;1;6701516;draft;22362.64;pending;2025-08-29;USD;FOB;;;;;22362.64;;22362.64;;;;;0.00;0.00;0;;;;;;;;;;;;;;;;;;;;;;;;;;;;;;;;2026-03-19 15:23:43;2026-03-19 15:23:43;5;;691;;;;"""[\""Standard\""]""";0.00;0.00;0.00;;;false;;;false;;PI10CR;;;;;false;false;true;false;false;false;false;false;false;;;2026-01-15 00:00:00;2026-01-15 00:00:00;;;;;;;;;2026-01-27 00:00:00;;FOB;FOB;CNY;;;;;Directo CR - FERRETERIA EPA, S.A.;83;EPA;OLO6;;-- N/A --;PO25673;;7489;101739;;NINGBO, CHINA;CALDERA, COSTA RICA;22362.64;;;0;0;0;0;;;;;0.00;;BINTER TRADE LLC. (Dropship CR);;2025-08-29 00:00:00;;;;;;false;;;;;;;;;;;;;;;;;;;;;;;false;;;
18676;1;6701517;draft;22485.41;pending;2025-08-29;USD;FOB;;;;;22485.41;;22485.41;;;;;0.00;0.00;0;;;;;;;;;;;;;;;;;;;;;;;;;;;;;;;;2026-03-19 15:23:43;2026-03-19 15:23:43;5;;691;;;;"""[\""Standard\""]""";0.00;0.00;0.00;;;false;;;false;;PI11CR;;;;;false;false;true;false;false;false;false;false;false;;;2026-01-15 00:00:00;2026-01-15 00:00:00;;;;;;;;;2026-01-27 00:00:00;;FOB;FOB;CNY;;;;;Directo CR - FERRETERIA EPA, S.A.;83;EPA;OLO6;;-- N/A --;PO25674;;7490;101740;;NINGBO, CHINA;CALDERA, COSTA RICA;22485.41;;;0;0;0;0;;;;;0.00;;BINTER TRADE LLC. (Dropship CR);;2025-08-29 00:00:00;;;;;;false;;;;;;;;;;;;;;;;;;;;;;;false;;;
18677;1;6701519;draft;18118.85;pending;2025-08-29;USD;FOB;;;;;18118.85;;18118.85;;;;;0.00;0.00;0;;;;;;;;;;;;;;;;;;;;;;;;;;;;;;;;2026-03-19 15:23:43;2026-03-19 15:23:43;5;;691;;;;"""[\""Standard\""]""";0.00;0.00;0.00;;;false;;;false;;PI13SV;;;;;false;false;false;false;false;false;false;false;false;;;2025-11-30 00:00:00;2025-11-30 00:00:00;;;;;;;;;2026-01-19 00:00:00;;FOB;FOB;CNY;;;;;Directo SV - FERRETERIA EPA, S.A. DE C.V.;83;EPA;OLO6;;-- N/A --;PO25664;;7335;101658;;NINGBO, CHINA;ACAJUTLA, EL SALVADOR;18118.85;;;0;0;0;0;;;;;0.00;;BINTER TRADE LLC. (Dropship SV);;2025-08-29 00:00:00;;;;;;false;;;;;;;;;;;;;;;;;;;;;;;false;;;
18678;1;6701520;draft;18118.85;pending;2025-08-29;USD;FOB;;;;;18118.85;;18118.85;;;;;0.00;0.00;0;;;;;;;;;;;;;;;;;;;;;;;;;;;;;;;;2026-03-19 15:23:43;2026-03-19 15:23:43;5;;691;;;;"""[\""Standard\""]""";0.00;0.00;0.00;;;false;;;false;;PI14SV;;;;;false;false;false;false;false;false;false;false;false;;;2026-01-15 00:00:00;2026-01-15 00:00:00;;;;;;;;;2026-01-23 00:00:00;;FOB;FOB;CNY;;;;;Directo SV - FERRETERIA EPA, S.A. DE C.V.;83;EPA;OLO6;;-- N/A --;PO25675;;7484;101731;;NINGBO, CHINA;ACAJUTLA, EL SALVADOR;18118.85;;;0;0;0;0;;;;;0.00;;BINTER TRADE LLC. (Dropship SV);;2025-08-29 00:00:00;;;;;;false;;;;;;;;;;;;;;;;;;;;;;;false;;;
18679;1;6701528;draft;20429.23;pending;2025-08-29;USD;FOB;;;;;20429.23;;20429.23;;;;;0.00;0.00;0;;;;;;;;;;;;;;;;;;;;;;;;;;;;;;;;2026-03-19 15:23:43;2026-03-19 15:23:43;5;;691;;;;"""[\""Standard\""]""";0.00;0.00;0.00;;;false;;;false;;PI24GT;;;;;false;false;false;false;false;false;false;false;false;;;2026-01-15 00:00:00;2026-01-15 00:00:00;;;;;;;;;2026-02-06 00:00:00;;FOB;FOB;CNY;;;;;Directo GT - FERRETERIA EPA, S.A. (Guatemala);83;EPA;OLO6;;-- N/A --;PO25676;;7530;101781;;NINGBO, CHINA;QUETZAL, GUATEMALA;20429.23;;;0;0;0;0;;;;;0.00;;BINTER TRADE LLC. (Dropship GT);;2025-08-29 00:00:00;;;;;;false;;;;;;;;;;;;;;;;;;;;;;;false;;;
18680;1;6701529;draft;20429.23;pending;2025-08-29;USD;FOB;;;;;20429.23;;20429.23;;;;;0.00;0.00;0;;;;;;;;;;;;;;;;;;;;;;;;;;;;;;;;2026-03-19 15:23:43;2026-03-19 15:23:43;5;;691;;;;"""[\""Standard\""]""";0.00;0.00;0.00;;;false;;;false;;PI25GT;;;;;false;false;false;false;false;false;false;false;false;;;2026-01-15 00:00:00;2026-01-15 00:00:00;;;;;;;;;2026-02-06 00:00:00;;FOB;FOB;CNY;;;;;Directo GT - FERRETERIA EPA, S.A. (Guatemala);83;EPA;OLO6;;-- N/A --;PO25677;;7531;101783;;NINGBO, CHINA;QUETZAL, GUATEMALA;20429.23;;;0;0;0;0;;;;;0.00;;BINTER TRADE LLC. (Dropship GT);;2025-08-29 00:00:00;;;;;;false;;;;;;;;;;;;;;;;;;;;;;;false;;;
18681;1;6701530;draft;20429.23;pending;2025-08-29;USD;FOB;;;;;20429.23;;20429.23;;;;;0.00;0.00;0;;;;;;;;;;;;;;;;;;;;;;;;;;;;;;;;2026-03-19 15:23:43;2026-03-19 15:23:43;5;;691;;;;"""[\""Standard\""]""";0.00;0.00;0.00;;;false;;;false;;PI26GT;;;;;false;false;false;false;false;false;false;false;false;;;2026-01-15 00:00:00;2026-01-15 00:00:00;;;;;;;;;2026-02-06 00:00:00;;FOB;FOB;CNY;;;;;Directo GT - FERRETERIA EPA, S.A. (Guatemala);83;EPA;OLO6;;-- N/A --;PO25678;;7532;101784;;NINGBO, CHINA;QUETZAL, GUATEMALA;20429.23;;;0;0;0;0;;;;;0.00;;BINTER TRADE LLC. (Dropship GT);;2025-08-29 00:00:00;;;;;;false;;;;;;;;;;;;;;;;;;;;;;;false;;;
18682;1;6701532;draft;16700.02;pending;2025-08-29;USD;FOB;;;;;16700.02;;16700.02;;;;;0.00;0.00;0;;;;;;;;;;;;;;;;;;;;;;;;;;;;;;;;2026-03-19 15:23:43;2026-03-19 15:23:43;5;;691;;;;"""[\""Standard\""]""";0.00;0.00;0.00;;;false;;;false;;PI28VE;;;;;false;false;false;false;false;false;false;false;false;;;2025-11-15 00:00:00;2025-11-15 00:00:00;;;;;;;;;2025-12-08 00:00:00;;CIF;FOB;CNY;;;;;Directo VE - FERRETERIA EPA, C.A.;83;EPA;OLO6;;-- N/A --;PO25660;;7109;101306;;NINGBO, CHINA;PUERTO CABELLO, VENEZUELA;16700.02;;;0;0;0;0;;;;;0.00;;BINTER TRADE LLC. (Dropship EPA - VE);;2025-08-29 00:00:00;;;;;;false;;;;;;;;;;;;;;;;;;;;;;;false;;;
18683;1;6701533;draft;16700.02;pending;2025-08-29;USD;FOB;;;;;16700.02;;16700.02;;;;;0.00;0.00;0;;;;;;;;;;;;;;;;;;;;;;;;;;;;;;;;2026-03-19 15:23:43;2026-03-19 15:23:43;5;;691;;;;"""[\""Standard\""]""";0.00;0.00;0.00;;;false;;;false;;PI29VE;;;;;false;false;false;false;false;false;false;false;false;;;2025-11-15 00:00:00;2025-11-15 00:00:00;;;;;;;;;2025-12-08 00:00:00;;CIF;FOB;CNY;;;;;Directo VE - FERRETERIA EPA, C.A.;83;EPA;OLO6;;-- N/A --;PO25661;;7107;101304;;NINGBO, CHINA;PUERTO CABELLO, VENEZUELA;16700.02;;;0;0;0;0;;;;;0.00;;BINTER TRADE LLC. (Dropship EPA - VE);;2025-08-29 00:00:00;;;;;;false;;;;;;;;;;;;;;;;;;;;;;;false;;;
18684;1;6701536;draft;16700.02;pending;2025-08-29;USD;FOB;;;;;16700.02;;16700.02;;;;;0.00;0.00;0;;;;;;;;;;;;;;;;;;;;;;;;;;;;;;;;2026-03-19 15:23:43;2026-03-19 15:23:43;5;;691;;;;"""[\""Standard\""]""";0.00;0.00;0.00;;;false;;;false;;PI32VE;;;;;false;false;false;false;false;false;false;false;false;;;2026-01-15 00:00:00;2026-01-15 00:00:00;;;;;;;;;2026-02-11 00:00:00;;CIF;FOB;CNY;;;;;Directo VE - FERRETERIA EPA, C.A.;83;EPA;OLO6;;-- N/A --;PO25679;;7567;101818;;NINGBO, CHINA;PUERTO CABELLO, VENEZUELA;16700.02;;;0;0;0;0;;;;;0.00;;BINTER TRADE LLC. (Dropship EPA - VE);;2025-08-29 00:00:00;;;;;;false;;;;;;;;;;;;;;;;;;;;;;;false;;;
18685;1;6701537;draft;17074.72;pending;2025-08-29;USD;FOB;;;;;17074.72;;17074.72;;;;;0.00;0.00;0;;;;;;;;;;;;;;;;;;;;;;;;;;;;;;;;2026-03-19 15:23:43;2026-03-19 15:23:43;5;;691;;;;"""[\""Standard\""]""";0.00;0.00;0.00;;;false;;;false;;PI33VE;;;;;false;false;false;false;false;false;false;false;false;;;2026-01-15 00:00:00;2026-01-15 00:00:00;;;;;;;;;2026-02-11 00:00:00;;CIF;FOB;CNY;;;;;Directo VE - FERRETERIA EPA, C.A.;83;EPA;OLO6;;-- N/A --;PO25680;;7565;101816;;NINGBO, CHINA;PUERTO CABELLO, VENEZUELA;17074.72;;;0;0;0;0;;;;;0.00;;BINTER TRADE LLC. (Dropship EPA - VE);;2025-08-29 00:00:00;;;;;;false;;;;;;;;;;;;;;;;;;;;;;;false;;;
18686;1;6701539;draft;756.00;pending;2025-09-01;USD;FOB;;;;;756.00;;756.00;;;;;0.00;0.00;0;;;;;;;;;;;;;;;;;;;;;;;;;;;;;;;;2026-03-19 15:23:43;2026-03-19 15:23:43;5;;692;;;;"""[\""Standard\""]""";0.00;0.00;0.00;;;false;;;false;;VE;;;;;false;false;false;false;false;false;false;false;false;;;2025-11-10 00:00:00;2025-11-10 00:00:00;;;;;;;;;2025-12-26 00:00:00;;CIF;FOB;PEDIDO COMPRA;;;;;Directo VE - FERRETERIA EPA, C.A.;89;EPA;OLO6;;-- N/A --;MK-250112;;7270;101495;;NINGBO, CHINA;PUERTO CABELLO, VENEZUELA;756.00;;;0;0;0;0;;;;;0.00;;BINTER TRADE LLC. (Dropship EPA - VE);;2025-09-01 00:00:00;;;;;;false;;;;;;;;;;;;;;;;;;;;;;;false;;;
18687;1;6701540;draft;13208.00;pending;2025-09-01;USD;FOB;;;;;13208.00;;13208.00;;;;;0.00;0.00;0;;;;;;;;;;;;;;;;;;;;;;;;;;;;;;;;2026-03-19 15:23:43;2026-03-19 15:23:43;5;;681;;;;"""[\""Standard\""]""";0.00;0.00;0.00;;;false;;;false;;Febeca #2 Ago 25 CNY;;;;;false;false;false;false;false;false;false;false;false;;;2026-03-01 00:00:00;2026-03-01 00:00:00;;;;;;;;;;;CIF;FOB;COMPRAS A TERCEROS;;;;;Directo VE - Febeca, C.A.;85;EPA;OLO6;;;;;;;;NINGBO, CHINA;PUERTO CABELLO, VENEZUELA;;;;0;0;0;0;;;;;0.00;;BINTER TRADE LLC. (Dropship FEBECA - VE);;2025-09-01 00:00:00;;;;;;false;;;;;;;;;;;;;;;;;;;;;;;false;;;
18688;1;6701553;draft;53093.60;pending;2025-09-01;USD;FOB;;;;;53093.60;;53093.60;;;;;0.00;0.00;0;;;;;;;;;;;;;;;;;;;;;;;;;;;;;;;;2026-03-19 15:23:43;2026-03-19 15:23:43;5;;692;;;;"""[\""Standard\""]""";0.00;0.00;0.00;;;false;;;false;;VE2;;;;;false;false;false;false;false;false;false;false;false;;;2025-11-10 00:00:00;2025-11-10 00:00:00;;;;;;;;;2025-12-26 00:00:00;;CIF;FOB;PEDIDO COMPRA;;;;;Directo VE - FERRETERIA EPA, C.A.;89;EPA;OLO6;;-- N/A --;MK-250112A;;7270;101496;;NINGBO, CHINA;PUERTO CABELLO, VENEZUELA;53093.60;;;0;0;0;0;;;;;0.00;;BINTER TRADE LLC. (Dropship EPA - VE);;2025-09-01 00:00:00;;;;;;false;;;;;;;;;;;;;;;;;;;;;;;false;;;
18689;1;6701554;draft;20952.00;pending;2025-09-01;USD;FOB;;;;;20952.00;;20952.00;;;;;0.00;0.00;0;;;;;;;;;;;;;;;;;;;;;;;;;;;;;;;;2026-03-19 15:23:43;2026-03-19 15:23:43;5;;693;;;;"""[\""Standard\""]""";0.00;0.00;0.00;;;false;;;false;;FE;;;;;false;false;false;false;false;false;false;false;false;;;2025-11-15 00:00:00;2025-11-15 00:00:00;;;;;;;;;2025-12-18 00:00:00;;CIF;FOB;CNY;;;;;Directo VE - Febeca, C.A.;89;EPA;OLO6;;-- N/A --;XFH251207A;;7218;101446;;SHENZHEN, CHINA;LA GUAIRA, VENEZUELA;20952.00;;;0;0;0;0;;;;;0.00;;BINTER TRADE LLC. (Dropship FEBECA - VE);;2025-09-01 00:00:00;;;;;;false;;;;;;;;;;;;;;;;;;;;;;;false;;;
18690;1;6701563;draft;18075.00;pending;2025-09-03;USD;FOB;;;;;18075.00;;18075.00;;;;;0.00;0.00;0;;;;;;;;;;;;;;;;;;;;;;;;;;;;;;;;2026-03-19 15:23:43;2026-03-19 15:23:43;5;;693;;;;"""[\""Standard\""]""";0.00;0.00;0.00;;;false;;;false;;VE1;;;;;false;false;false;false;false;false;false;false;false;;;2025-11-30 00:00:00;2025-11-30 00:00:00;;;;;;;;;2025-12-18 00:00:00;;CIF;FOB;CNY;;;;;Directo VE - FERRETERIA EPA, C.A.;89;EPA;OLO6;;-- N/A --;XFH251208A;;7216;101444;;SHENZHEN, CHINA;PUERTO CABELLO, VENEZUELA;18075.00;;;0;0;0;0;;;;;0.00;;BINTER TRADE LLC. (Dropship EPA - VE);;2025-09-03 00:00:00;;;;;;false;;;;;;;;;;;;;;;;;;;;;;;false;;;
18691;1;6701564;draft;19380.00;pending;2025-09-03;USD;FOB;;;;;19380.00;;19380.00;;;;;0.00;0.00;0;;;;;;;;;;;;;;;;;;;;;;;;;;;;;;;;2026-03-19 15:23:43;2026-03-19 15:23:43;5;;693;;;;"""[\""Standard\""]""";0.00;0.00;0.00;;;false;;;false;;VE2;;;;;false;false;false;false;false;false;false;false;false;;;2025-12-30 00:00:00;2025-12-30 00:00:00;;;;;;;;;2026-02-13 00:00:00;;CIF;FOB;CNY;;;;;Directo VE - FERRETERIA EPA, C.A.;89;EPA;OLO6;;-- N/A --;XFH260124;;7573;101822;;SHENZHEN, CHINA;PUERTO CABELLO, VENEZUELA;19380.00;;;0;0;0;0;;;;;0.00;;BINTER TRADE LLC. (Dropship EPA - VE);;2025-09-03 00:00:00;;;;;;false;;;;;;;;;;;;;;;;;;;;;;;false;;;
18692;1;6701565;draft;19380.00;pending;2025-09-03;USD;FOB;;;;;19380.00;;19380.00;;;;;0.00;0.00;0;;;;;;;;;;;;;;;;;;;;;;;;;;;;;;;;2026-03-19 15:23:43;2026-03-19 15:23:43;2;;693;;;;"""[\""Standard\""]""";0.00;0.00;0.00;;;false;;;false;;VE3;;;;;false;false;false;false;false;false;false;false;false;;;2026-04-15 00:00:00;2026-04-15 00:00:00;;;;;;;;;;;FOB;FOB;CNY;;;;;Directo VE - FERRETERIA EPA, C.A.;89;EPA;OLO6;;;;;;;;SHENZHEN, CHINA;PUERTO CABELLO, VENEZUELA;;;;0;0;0;0;;;;;0.00;;BINTER TRADE LLC. (Dropship EPA - VE);;2025-09-03 00:00:00;;;;;;false;;;;;;;;;;;;;;;;;;;;;;;false;;;
18693;1;6701567;draft;21124.00;pending;2025-09-03;USD;FOB;;;;;21124.00;;21124.00;;;;;0.00;0.00;0;;;;;;;;;;;;;;;;;;;;;;;;;;;;;;;;2026-03-19 15:23:43;2026-03-19 15:23:43;5;;693;;;;"""[\""Standard\""]""";0.00;0.00;0.00;;;false;;;false;;CR1;;;;;false;false;false;false;false;false;false;false;false;;;2026-01-20 00:00:00;2026-01-20 00:00:00;;;;;;;;;2026-02-23 00:00:00;;FOB;FOB;CNY;;;;;Directo CR - FERRETERIA EPA, S.A.;89;EPA;OLO6;;-- N/A --;XFH260213;;7606;101859;;SHENZHEN, CHINA;CALDERA, COSTA RICA;21124.00;;;0;0;0;0;;;;;0.00;;BINTER TRADE LLC. (Dropship CR);;2025-09-03 00:00:00;;;;;;false;;;;;;;;;;;;;;;;;;;;;;;false;;;
18694;1;6701568;draft;21236.00;pending;2025-09-03;USD;FOB;;;;;21236.00;;21236.00;;;;;0.00;0.00;0;;;;;;;;;;;;;;;;;;;;;;;;;;;;;;;;2026-03-19 15:23:44;2026-03-19 15:23:44;3;;693;;;;"""[\""Standard\""]""";0.00;0.00;0.00;;;false;;;false;;CR2;;;;;false;false;false;false;false;false;false;false;false;;;2026-04-15 00:00:00;2026-04-15 00:00:00;;;;;;;;;;;FOB;FOB;CNY;;;;;Directo CR - FERRETERIA EPA, S.A.;89;EPA;OLO6;;;;;;;;SHENZHEN, CHINA;CALDERA, COSTA RICA;;;;0;0;0;0;;;;;0.00;;BINTER TRADE LLC. (Dropship CR);;2025-09-03 00:00:00;;;;;;false;;;;;;;;;;;;;;;;;;;;;;;false;;;
18695;1;6701569;draft;21036.00;pending;2025-09-03;USD;FOB;;;;;21036.00;;21036.00;;;;;0.00;0.00;0;;;;;;;;;;;;;;;;;;;;;;;;;;;;;;;;2026-03-19 15:23:44;2026-03-19 15:23:44;5;;693;;;;"""[\""Standard\""]""";0.00;0.00;0.00;;;false;;;false;;CR3;;;;;false;false;false;false;false;false;false;false;false;;;2025-12-30 00:00:00;2025-12-30 00:00:00;;;;;;;;;2026-02-11 00:00:00;;FOB;FOB;CNY;;;;;Directo CR - FERRETERIA EPA, S.A.;89;EPA;OLO6;;-- N/A --;XFH260206;;7560;101811;;SHENZHEN, CHINA;CALDERA, COSTA RICA;21036.00;;;0;0;0;0;;;;;0.00;;BINTER TRADE LLC. (Dropship CR);;2025-09-03 00:00:00;;;;;;false;;;;;;;;;;;;;;;;;;;;;;;false;;;
18696;1;6701570;draft;20952.00;pending;2025-09-03;USD;FOB;;;;;20952.00;;20952.00;;;;;0.00;0.00;0;;;;;;;;;;;;;;;;;;;;;;;;;;;;;;;;2026-03-19 15:23:44;2026-03-19 15:23:44;2;;693;;;;"""[\""Standard\""]""";0.00;0.00;0.00;;;false;;;false;;VE5;;;;;false;false;false;false;false;false;false;false;false;;;2026-04-15 00:00:00;2026-04-15 00:00:00;;;;;;;;;;;FOB;FOB;CNY;;;;;Directo VE - FERRETERIA EPA, C.A.;89;EPA;OLO6;;;;;;;;SHENZHEN, CHINA;PUERTO CABELLO, VENEZUELA;;;;0;0;0;0;;;;;0.00;;BINTER TRADE LLC. (Dropship EPA - VE);;2025-09-03 00:00:00;;;;;;false;;;;;;;;;;;;;;;;;;;;;;;false;;;
18697;1;6701572;draft;18940.00;pending;2025-09-03;USD;FOB;;;;;18940.00;;18940.00;;;;;0.00;0.00;0;;;;;;;;;;;;;;;;;;;;;;;;;;;;;;;;2026-03-19 15:23:44;2026-03-19 15:23:44;5;;693;;;;"""[\""Standard\""]""";0.00;0.00;0.00;;;false;;;false;;SV1;;;;;false;false;false;false;false;false;false;false;false;;;2025-12-30 00:00:00;2025-12-30 00:00:00;;;;;;;;;2026-02-10 00:00:00;;FOB;FOB;CNY;;;;;Directo SV - FERRETERIA EPA, S.A. DE C.V.;89;EPA;OLO6;;-- N/A --;XFH260210;;7551;101804;;SHENZHEN, CHINA;ACAJUTLA, EL SALVADOR;18940.00;;;0;0;0;0;;;;;0.00;;BINTER TRADE LLC. (Dropship SV);;2025-09-03 00:00:00;;;;;;false;;;;;;;;;;;;;;;;;;;;;;;false;;;
18698;1;6701573;draft;15863.00;pending;2025-09-03;USD;FOB;;;;;15863.00;;15863.00;;;;;0.00;0.00;0;;;;;;;;;;;;;;;;;;;;;;;;;;;;;;;;2026-03-19 15:23:44;2026-03-19 15:23:44;2;;693;;;;"""[\""Standard\""]""";0.00;0.00;0.00;;;false;;;false;;SV2;;;;;false;false;false;false;false;false;false;false;false;;;2026-04-15 00:00:00;2026-04-15 00:00:00;;;;;;;;;;;FOB;FOB;CNY;;;;;Directo SV - FERRETERIA EPA, S.A. DE C.V.;89;EPA;OLO6;;;;;;;;SHENZHEN, CHINA;ACAJUTLA, EL SALVADOR;;;;0;0;0;0;;;;;0.00;;BINTER TRADE LLC. (Dropship SV);;2025-09-03 00:00:00;;;;;;false;;;;;;;;;;;;;;;;;;;;;;;false;;;
18699;1;6701574;draft;16788.00;pending;2025-09-03;USD;FOB;;;;;16788.00;;16788.00;;;;;0.00;0.00;0;;;;;;;;;;;;;;;;;;;;;;;;;;;;;;;;2026-03-19 15:23:44;2026-03-19 15:23:44;5;;693;;;;"""[\""Standard\""]""";0.00;0.00;0.00;;;false;;;false;;GT1;;;;;false;false;false;false;false;false;false;false;false;;;2025-12-15 00:00:00;2025-12-15 00:00:00;;;;;;;;;2026-01-14 00:00:00;;FOB;FOB;CNY;;;;;Directo GT - FERRETERIA EPA, S.A. (Guatemala);89;EPA;OLO6;;-- N/A --;XFH260110;;7381;101621;;SHENZHEN, CHINA;QUETZAL, GUATEMALA;16788.00;;;0;0;0;0;;;;;0.00;;BINTER TRADE LLC. (Dropship GT);;2025-09-03 00:00:00;;;;;;false;;;;;;;;;;;;;;;;;;;;;;;false;;;
18700;1;6701575;draft;16788.00;pending;2025-09-03;USD;FOB;;;;;16788.00;;16788.00;;;;;0.00;0.00;0;;;;;;;;;;;;;;;;;;;;;;;;;;;;;;;;2026-03-19 15:23:44;2026-03-19 15:23:44;3;;693;;;;"""[\""Standard\""]""";0.00;0.00;0.00;;;false;;;false;;GT2;;;;;false;false;false;false;false;false;false;false;false;;;2026-04-15 00:00:00;2026-04-15 00:00:00;;;;;;;;;;;FOB;FOB;CNY;;;;;Directo GT - FERRETERIA EPA, S.A. (Guatemala);89;EPA;OLO6;;;;;;;;SHENZHEN, CHINA;QUETZAL, GUATEMALA;;;;0;0;0;0;;;;;0.00;;BINTER TRADE LLC. (Dropship GT);;2025-09-03 00:00:00;;;;;;false;;;;;;;;;;;;;;;;;;;;;;;false;;;
18701;1;6701576;draft;16788.00;pending;2025-09-03;USD;FOB;;;;;16788.00;;16788.00;;;;;0.00;0.00;0;;;;;;;;;;;;;;;;;;;;;;;;;;;;;;;;2026-03-19 15:23:44;2026-03-19 15:23:44;5;;693;;;;"""[\""Standard\""]""";0.00;0.00;0.00;;;false;;;false;;GT3;;;;;false;false;false;false;false;false;false;false;false;;;2026-01-20 00:00:00;2026-01-20 00:00:00;;;;;;;;;2026-02-24 00:00:00;;FOB;FOB;CNY;;;;;Directo GT - FERRETERIA EPA, S.A. (Guatemala);89;EPA;OLO6;;-- N/A --;XFH260212;;7610;101863;;SHENZHEN, CHINA;QUETZAL, GUATEMALA;16788.00;;;0;0;0;0;;;;;0.00;;BINTER TRADE LLC. (Dropship GT);;2025-09-03 00:00:00;;;;;;false;;;;;;;;;;;;;;;;;;;;;;;false;;;
18702;1;6701577;draft;11999.07;pending;2025-09-03;USD;FOB;;;;;11999.07;;11999.07;;;;;0.00;0.00;0;;;;;;;;;;;;;;;;;;;;;;;;;;;;;;;;2026-03-19 15:23:44;2026-03-19 15:23:44;5;;694;;;;"""[\""Standard\""]""";0.00;0.00;0.00;;;false;;;false;;CR;;;;;false;false;true;false;false;false;false;false;false;;;2025-12-15 00:00:00;2025-12-15 00:00:00;;;;;;;;;2026-02-11 00:00:00;;FOB;FOB;CNY;;;;;Directo CR - FERRETERIA EPA, S.A.;82;EPA;OLO6;;-- N/A --;KWP-410925-1;;7561;101812;;SHENZHEN, CHINA;CALDERA, COSTA RICA;11999.07;;;0;0;0;0;;;;;0.00;;BINTER TRADE LLC. (Dropship CR);;2025-09-03 00:00:00;;;;;;false;;;;;;;;;;;;;;;;;;;;;;;false;;;
18703;1;6701578;draft;11775.45;pending;2025-09-03;USD;FOB;;;;;11775.45;;11775.45;;;;;0.00;0.00;0;;;;;;;;;;;;;;;;;;;;;;;;;;;;;;;;2026-03-19 15:23:44;2026-03-19 15:23:44;5;;694;;;;"""[\""Standard\""]""";0.00;0.00;0.00;;;false;;;false;;CR;;;;;false;false;true;false;false;false;false;false;false;;;2025-12-15 00:00:00;2025-12-15 00:00:00;;;;;;;;;2026-02-19 00:00:00;;FOB;FOB;CNY;;;;;Directo CR - FERRETERIA EPA, S.A.;82;EPA;OLO6;;-- N/A --;KWP-410925-2;;7595;101849;;SHENZHEN, CHINA;CALDERA, COSTA RICA;11775.45;;;0;0;0;0;;;;;0.00;;BINTER TRADE LLC. (Dropship CR);;2025-09-03 00:00:00;;;;;;false;;;;;;;;;;;;;;;;;;;;;;;false;;;
18704;1;6701579;draft;11959.42;pending;2025-09-03;USD;FOB;;;;;11959.42;;11959.42;;;;;0.00;0.00;0;;;;;;;;;;;;;;;;;;;;;;;;;;;;;;;;2026-03-19 15:23:44;2026-03-19 15:23:44;5;;694;;;;"""[\""Standard\""]""";0.00;0.00;0.00;;;false;;;false;;CR;;;;;false;false;true;false;false;false;false;false;false;;;2025-12-15 00:00:00;2025-12-15 00:00:00;;;;;;;;;2026-02-19 00:00:00;;FOB;FOB;CNY;;;;;Directo CR - FERRETERIA EPA, S.A.;82;EPA;OLO6;;-- N/A --;KWP-410925-3;;7596;101850;;SHENZHEN, CHINA;CALDERA, COSTA RICA;11959.42;;;0;0;0;0;;;;;0.00;;BINTER TRADE LLC. (Dropship CR);;2025-09-03 00:00:00;;;;;;false;;;;;;;;;;;;;;;;;;;;;;;false;;;
18705;1;6701580;draft;11730.72;pending;2025-09-03;USD;FOB;;;;;11730.72;;11730.72;;;;;0.00;0.00;0;;;;;;;;;;;;;;;;;;;;;;;;;;;;;;;;2026-03-19 15:23:44;2026-03-19 15:23:44;5;;694;;;;"""[\""Standard\""]""";0.00;0.00;0.00;;;false;;;false;;CR;;;;;false;false;true;false;false;false;false;false;false;;;2025-12-15 00:00:00;2025-12-15 00:00:00;;;;;;;;;2026-02-19 00:00:00;;FOB;FOB;CNY;;;;;Directo CR - FERRETERIA EPA, S.A.;82;EPA;OLO6;;-- N/A --;KWP-410925-4;;7590;101844;;SHENZHEN, CHINA;CALDERA, COSTA RICA;11730.72;;;0;0;0;0;;;;;0.00;;BINTER TRADE LLC. (Dropship CR);;2025-09-03 00:00:00;;;;;;false;;;;;;;;;;;;;;;;;;;;;;;false;;;
18706;1;6701581;draft;11976.94;pending;2025-09-03;USD;FOB;;;;;11976.94;;11976.94;;;;;0.00;0.00;0;;;;;;;;;;;;;;;;;;;;;;;;;;;;;;;;2026-03-19 15:23:44;2026-03-19 15:23:44;3;;694;;;;"""[\""Standard\""]""";0.00;0.00;0.00;;;false;;;false;;CR;;;;;false;false;true;false;false;false;false;false;false;;;2026-03-10 00:00:00;2026-03-10 00:00:00;;;;;;;;;;;FOB;FOB;CNY;;;;;Directo CR - FERRETERIA EPA, S.A.;82;EPA;OLO6;;;;;;;;SHENZHEN, CHINA;CALDERA, COSTA RICA;;;;0;0;0;0;;;;;0.00;;BINTER TRADE LLC. (Dropship CR);;2025-09-03 00:00:00;;;;;;false;;;;;;;;;;;;;;;;;;;;;;;false;;;
18707;1;6701582;draft;12136.24;pending;2025-09-03;USD;FOB;;;;;12136.24;;12136.24;;;;;0.00;0.00;0;;;;;;;;;;;;;;;;;;;;;;;;;;;;;;;;2026-03-19 15:23:44;2026-03-19 15:23:44;3;;694;;;;"""[\""Standard\""]""";0.00;0.00;0.00;;;false;;;false;;CR;;;;;false;false;true;false;false;false;false;false;false;;;2026-03-10 00:00:00;2026-03-10 00:00:00;;;;;;;;;;;FOB;FOB;CNY;;;;;Directo CR - FERRETERIA EPA, S.A.;82;EPA;OLO6;;;;;;;;SHENZHEN, CHINA;CALDERA, COSTA RICA;;;;0;0;0;0;;;;;0.00;;BINTER TRADE LLC. (Dropship CR);;2025-09-03 00:00:00;;;;;;false;;;;;;;;;;;;;;;;;;;;;;;false;;;
18708;1;6701583;draft;12519.98;pending;2025-09-03;USD;FOB;;;;;12519.98;;12519.98;;;;;0.00;0.00;0;;;;;;;;;;;;;;;;;;;;;;;;;;;;;;;;2026-03-19 15:23:44;2026-03-19 15:23:44;5;;694;;;;"""[\""Standard\""]""";0.00;0.00;0.00;;;false;;;false;;SV;;;;;false;false;false;false;false;false;false;false;false;;;2025-12-15 00:00:00;2025-12-15 00:00:00;;;;;;;;;2026-02-18 00:00:00;;FOB;FOB;CNY;;;;;Directo SV - FERRETERIA EPA, S.A. DE C.V.;82;EPA;OLO6;;-- N/A --;KWP- 410925-5;;7581;101836;;SHENZHEN, CHINA;ACAJUTLA, EL SALVADOR;12519.98;;;0;0;0;0;;;;;0.00;;BINTER TRADE LLC. (Dropship SV);;2025-09-03 00:00:00;;;;;;false;;;;;;;;;;;;;;;;;;;;;;;false;;;
18709;1;6701584;draft;12703.87;pending;2025-09-03;USD;FOB;;;;;12703.87;;12703.87;;;;;0.00;0.00;0;;;;;;;;;;;;;;;;;;;;;;;;;;;;;;;;2026-03-19 15:23:44;2026-03-19 15:23:44;3;;694;;;;"""[\""Standard\""]""";0.00;0.00;0.00;;;false;;;false;;SV;;;;;false;false;false;false;false;false;false;false;false;;;2026-03-10 00:00:00;2026-03-10 00:00:00;;;;;;;;;;;FOB;FOB;CNY;;;;;Directo SV - FERRETERIA EPA, S.A. DE C.V.;82;EPA;OLO6;;;;;;;;SHENZHEN, CHINA;ACAJUTLA, EL SALVADOR;;;;0;0;0;0;;;;;0.00;;BINTER TRADE LLC. (Dropship SV);;2025-09-03 00:00:00;;;;;;false;;;;;;;;;;;;;;;;;;;;;;;false;;;
18710;1;6701585;draft;13766.92;pending;2025-09-03;USD;FOB;;;;;13766.92;;13766.92;;;;;0.00;0.00;0;;;;;;;;;;;;;;;;;;;;;;;;;;;;;;;;2026-03-19 15:23:44;2026-03-19 15:23:44;5;;694;;;;"""[\""Standard\""]""";0.00;0.00;0.00;;;false;;;false;;GT;;;;;false;false;false;false;false;false;false;false;false;;;2025-12-15 00:00:00;2025-12-15 00:00:00;;;;;;;;;2026-02-18 00:00:00;;FOB;FOB;CNY;;;;;Directo GT - FERRETERIA EPA, S.A. (Guatemala);82;EPA;OLO6;;-- N/A --;KWP- 410925-6;;7584;101837;;SHENZHEN, CHINA;QUETZAL, GUATEMALA;13766.92;;;0;0;0;0;;;;;0.00;;BINTER TRADE LLC. (Dropship GT);;2025-09-03 00:00:00;;;;;;false;;;;;;;;;;;;;;;;;;;;;;;false;;;
18711;1;6701586;draft;13766.92;pending;2025-09-03;USD;FOB;;;;;13766.92;;13766.92;;;;;0.00;0.00;0;;;;;;;;;;;;;;;;;;;;;;;;;;;;;;;;2026-03-19 15:23:44;2026-03-19 15:23:44;3;;694;;;;"""[\""Standard\""]""";0.00;0.00;0.00;;;false;;;false;;GT;;;;;false;false;false;false;false;false;false;false;false;;;2026-03-10 00:00:00;2026-03-10 00:00:00;;;;;;;;;;;FOB;FOB;CNY;;;;;Directo GT - FERRETERIA EPA, S.A. (Guatemala);82;EPA;OLO6;;;;;;;;SHENZHEN, CHINA;QUETZAL, GUATEMALA;;;;0;0;0;0;;;;;0.00;;BINTER TRADE LLC. (Dropship GT);;2025-09-03 00:00:00;;;;;;false;;;;;;;;;;;;;;;;;;;;;;;false;;;
18712;1;6701587;draft;10984.56;pending;2025-09-03;USD;FOB;;;;;10984.56;;10984.56;;;;;0.00;0.00;0;;;;;;;;;;;;;;;;;;;;;;;;;;;;;;;;2026-03-19 15:23:44;2026-03-19 15:23:44;5;;694;;;;"""[\""Standard\""]""";0.00;0.00;0.00;;;false;;;false;;VE;;;;;false;false;false;false;false;false;false;false;false;;;2025-12-15 00:00:00;2025-12-15 00:00:00;;;;;;;;;2026-02-13 00:00:00;;CIF;FOB;CNY;;;;;Directo VE - FERRETERIA EPA, C.A.;82;EPA;OLO6;;-- N/A --;KWP-410925-7;;7575;101824;;SHENZHEN, CHINA;PUERTO CABELLO, VENEZUELA;10984.56;;;0;0;0;0;;;;;0.00;;BINTER TRADE LLC. (Dropship EPA - VE);;2025-09-03 00:00:00;;;;;;false;;;;;;;;;;;;;;;;;;;;;;;false;;;
18713;1;6701588;draft;10951.54;pending;2025-09-03;USD;FOB;;;;;10951.54;;10951.54;;;;;0.00;0.00;0;;;;;;;;;;;;;;;;;;;;;;;;;;;;;;;;2026-03-19 15:23:44;2026-03-19 15:23:44;5;;694;;;;"""[\""Standard\""]""";0.00;0.00;0.00;;;false;;;false;;VE;;;;;false;false;false;false;false;false;false;false;false;;;2025-12-15 00:00:00;2025-12-15 00:00:00;;;;;;;;;2026-02-13 00:00:00;;CIF;FOB;CNY;;;;;Directo VE - FERRETERIA EPA, C.A.;82;EPA;OLO6;;-- N/A --;KWP-410925-8;;7576;101825;;SHENZHEN, CHINA;PUERTO CABELLO, VENEZUELA;10951.54;;;0;0;0;0;;;;;0.00;;BINTER TRADE LLC. (Dropship EPA - VE);;2025-09-03 00:00:00;;;;;;false;;;;;;;;;;;;;;;;;;;;;;;false;;;
18714;1;6701589;draft;10951.54;pending;2025-09-03;USD;FOB;;;;;10951.54;;10951.54;;;;;0.00;0.00;0;;;;;;;;;;;;;;;;;;;;;;;;;;;;;;;;2026-03-19 15:23:44;2026-03-19 15:23:44;3;;694;;;;"""[\""Standard\""]""";0.00;0.00;0.00;;;false;;;false;;VE;;;;;false;false;false;false;false;false;false;false;false;;;2026-03-10 00:00:00;2026-03-10 00:00:00;;;;;;;;;;;CIF;FOB;CNY;;;;;Directo VE - FERRETERIA EPA, C.A.;82;EPA;OLO6;;;;;;;;SHENZHEN, CHINA;PUERTO CABELLO, VENEZUELA;;;;0;0;0;0;;;;;0.00;;BINTER TRADE LLC. (Dropship EPA - VE);;2025-09-03 00:00:00;;;;;;false;;;;;;;;;;;;;;;;;;;;;;;false;;;
18715;1;6701590;draft;10951.54;pending;2025-09-03;USD;FOB;;;;;10951.54;;10951.54;;;;;0.00;0.00;0;;;;;;;;;;;;;;;;;;;;;;;;;;;;;;;;2026-03-19 15:23:44;2026-03-19 15:23:44;3;;694;;;;"""[\""Standard\""]""";0.00;0.00;0.00;;;false;;;false;;VE;;;;;false;false;false;false;false;false;false;false;false;;;2026-03-10 00:00:00;2026-03-10 00:00:00;;;;;;;;;;;CIF;FOB;CNY;;;;;Directo VE - FERRETERIA EPA, C.A.;82;EPA;OLO6;;;;;;;;SHENZHEN, CHINA;PUERTO CABELLO, VENEZUELA;;;;0;0;0;0;;;;;0.00;;BINTER TRADE LLC. (Dropship EPA - VE);;2025-09-03 00:00:00;;;;;;false;;;;;;;;;;;;;;;;;;;;;;;false;;;
18716;1;6701595;draft;30248.85;pending;2025-09-04;USD;FOB;;;;;30248.85;;30248.85;;;;;0.00;0.00;0;;;;;;;;;;;;;;;;;;;;;;;;;;;;;;;;2026-03-19 15:23:44;2026-03-19 15:23:44;3;;695;;;;"""[\""Standard\""]""";0.00;0.00;0.00;;;false;;;false;;CR Directo #3 Ago 25 CNY;;;;;false;false;true;false;false;false;false;false;false;;;2026-03-02 00:00:00;2026-03-02 00:00:00;;;;;;;;;;;FOB;FOB;CNY;;;;;Directo CR - FERRETERIA EPA, S.A.;85;EPA;OLO6;;;;;;;;XIAMEN, CHINA;CALDERA, COSTA RICA;;;;0;0;0;0;;;;;0.00;;BINTER TRADE LLC. (Dropship CR);;2025-09-04 00:00:00;;;;;;false;;;;;;;;;;;;;;;;;;;;;;;false;;;
18717;1;6701598;draft;29736.00;pending;2025-09-04;USD;FOB;;;;;29736.00;;29736.00;;;;;0.00;0.00;0;;;;;;;;;;;;;;;;;;;;;;;;;;;;;;;;2026-03-19 15:23:44;2026-03-19 15:23:44;3;;695;;;;"""[\""Standard\""]""";0.00;0.00;0.00;;;false;;;false;;GT Directo #6 Ago 25 CNY;;;;;false;false;false;false;false;false;false;false;false;;;2026-03-02 00:00:00;2026-03-02 00:00:00;;;;;;;;;;;FOB;FOB;CNY;;;;;Directo GT - FERRETERIA EPA, S.A. (Guatemala);85;EPA;OLO6;;;;;;;;XIAMEN, CHINA;QUETZAL, GUATEMALA;;;;0;0;0;0;;;;;0.00;;BINTER TRADE LLC. (Dropship GT);;2025-09-04 00:00:00;;;;;;false;;;;;;;;;;;;;;;;;;;;;;;false;;;
18718;1;6701643;draft;24115.58;pending;2025-09-11;USD;FOB;;;;;24115.58;;24115.58;;;;;0.00;0.00;0;;;;;;;;;;;;;;;;;;;;;;;;;;;;;;;;2026-03-19 15:23:44;2026-03-19 15:23:44;5;;696;;;;"""[\""Standard\""]""";0.00;0.00;0.00;;;false;;;false;;SILLACA Ago 25 CNY;;;;;false;false;false;false;false;false;false;true;false;;;2025-11-10 00:00:00;2025-11-10 00:00:00;;;;;;;;;2025-12-26 00:00:00;;CIF;FOB;COMPRAS A TERCEROS;;;;;Directo VE - Febeca, C.A.;85;EPA;OLO6;;-- N/A --;258100910;;7276;101501;;NINGBO, CHINA;PUERTO CABELLO, VENEZUELA;24115.58;;;0;0;0;0;;;;;0.00;;BINTER TRADE LLC. (Dropship FEBECA - VE);;2025-09-11 00:00:00;;;;;;false;;;;;;;;;;;;;;;;;;;;;;;false;;;
18719;1;6701652;draft;24236.60;pending;2025-09-11;USD;FOB;;;;;24236.60;;24236.60;;;;;0.00;0.00;0;;;;;;;;;;;;;;;;;;;;;;;;;;;;;;;;2026-03-19 15:23:44;2026-03-19 15:23:44;3;;696;;;;"""[\""Standard\""]""";0.00;0.00;0.00;;;false;;;false;;CR Ago 25 CNY #9;;;;;false;false;true;false;false;false;false;true;false;;;2026-03-02 00:00:00;2026-03-02 00:00:00;;;;;;;;;;;FOB;FOB;CNY;;;;;Directo CR - FERRETERIA EPA, S.A.;85;EPA;OLO6;;;;;;;;NINGBO, CHINA;CALDERA, COSTA RICA;;;;0;0;0;0;;;;;0.00;;BINTER TRADE LLC. (Dropship CR);;2025-09-11 00:00:00;;;;;;false;;;;;;;;;;;;;;;;;;;;;;;false;;;
18720;1;6701653;draft;23836.80;pending;2025-09-11;USD;FOB;;;;;23836.80;;23836.80;;;;;0.00;0.00;0;;;;;;;;;;;;;;;;;;;;;;;;;;;;;;;;2026-03-19 15:23:44;2026-03-19 15:23:44;3;;696;;;;"""[\""Standard\""]""";0.00;0.00;0.00;;;false;;;false;;CR Ago 25 CNY #10;;;;;false;false;true;false;false;false;false;true;false;;;2026-03-02 00:00:00;2026-03-02 00:00:00;;;;;;;;;;;FOB;FOB;CNY;;;;;Directo CR - FERRETERIA EPA, S.A.;85;EPA;OLO6;;;;;;;;NINGBO, CHINA;CALDERA, COSTA RICA;;;;0;0;0;0;;;;;0.00;;BINTER TRADE LLC. (Dropship CR);;2025-09-11 00:00:00;;;;;;false;;;;;;;;;;;;;;;;;;;;;;;false;;;
18721;1;6701654;draft;27375.32;pending;2025-09-11;USD;FOB;;;;;27375.32;;27375.32;;;;;0.00;0.00;0;;;;;;;;;;;;;;;;;;;;;;;;;;;;;;;;2026-03-19 15:23:44;2026-03-19 15:23:44;5;;696;;;;"""[\""Standard\""]""";0.00;0.00;0.00;;;false;;;false;;GT Ago 25 CNY #1;;;;;false;false;false;false;false;false;false;true;false;;;2025-11-10 00:00:00;2025-11-10 00:00:00;;;;;;;;;2025-12-29 00:00:00;;FOB;FOB;MIXTO;;;;;Directo GT - FERRETERIA EPA, S.A. (Guatemala);85;EPA;OLO6;;-- N/A --;258100926;;7243;101509;;NINGBO, CHINA;QUETZAL, GUATEMALA;27375.32;;;0;0;0;0;;;;;0.00;;BINTER TRADE LLC. (Dropship GT);;2025-09-11 00:00:00;;;;;;false;;;;;;;;;;;;;;;;;;;;;;;false;;;
18722;1;6701655;draft;25060.72;pending;2025-09-11;USD;FOB;;;;;25060.72;;25060.72;;;;;0.00;0.00;0;;;;;;;;;;;;;;;;;;;;;;;;;;;;;;;;2026-03-19 15:23:44;2026-03-19 15:23:44;5;;696;;;;"""[\""Standard\""]""";0.00;0.00;0.00;;;false;;;false;;GT Ago 25 CNY #2;;;;;false;false;false;false;false;false;false;true;false;;;2025-11-10 00:00:00;2025-11-10 00:00:00;;;;;;;;;2025-12-24 00:00:00;;FOB;FOB;MIXTO;;;;;Directo GT - FERRETERIA EPA, S.A. (Guatemala);85;EPA;OLO6;;-- N/A --;258100927;;7244;101482;;NINGBO, CHINA;QUETZAL, GUATEMALA;25060.72;;;0;0;0;0;;;;;0.00;;BINTER TRADE LLC. (Dropship GT);;2025-09-11 00:00:00;;;;;;false;;;;;;;;;;;;;;;;;;;;;;;false;;;
18723;1;6701656;draft;26703.54;pending;2025-09-11;USD;FOB;;;;;26703.54;;26703.54;;;;;0.00;0.00;0;;;;;;;;;;;;;;;;;;;;;;;;;;;;;;;;2026-03-19 15:23:44;2026-03-19 15:23:44;5;;696;;;;"""[\""Standard\""]""";0.00;0.00;0.00;;;false;;;false;;GT Ago 25 CNY #3;;;;;false;false;false;false;false;false;false;true;false;;;2025-12-01 00:00:00;2025-12-01 00:00:00;;;;;;;;;2026-01-09 00:00:00;;FOB;FOB;MIXTO;;;;;Directo GT - FERRETERIA EPA, S.A. (Guatemala);85;EPA;OLO6;;-- N/A --;258100938;;7331;101556;;NINGBO, CHINA;QUETZAL, GUATEMALA;26703.54;;;0;0;0;0;;;;;0.00;;BINTER TRADE LLC. (Dropship GT);;2025-09-11 00:00:00;;;;;;false;;;;;;;;;;;;;;;;;;;;;;;false;;;
18724;1;6701657;draft;28289.70;pending;2025-09-11;USD;FOB;;;;;28289.70;;28289.70;;;;;0.00;0.00;0;;;;;;;;;;;;;;;;;;;;;;;;;;;;;;;;2026-03-19 15:23:44;2026-03-19 15:23:44;3;;696;;;;"""[\""Standard\""]""";0.00;0.00;0.00;;;false;;;false;;GT Ago 25 CNY #4;;;;;false;false;false;false;false;false;false;true;false;;;2026-03-02 00:00:00;2026-03-02 00:00:00;;;;;;;;;;;FOB;FOB;CNY;;;;;Directo GT - FERRETERIA EPA, S.A. (Guatemala);85;EPA;OLO6;;;;;;;;NINGBO, CHINA;QUETZAL, GUATEMALA;;;;0;0;0;0;;;;;0.00;;BINTER TRADE LLC. (Dropship GT);;2025-09-11 00:00:00;;;;;;false;;;;;;;;;;;;;;;;;;;;;;;false;;;
18725;1;6701663;draft;17987.36;pending;2025-09-11;USD;FOB;;;;;17987.36;;17987.36;;;;;0.00;0.00;0;;;;;;;;;;;;;;;;;;;;;;;;;;;;;;;;2026-03-19 15:23:44;2026-03-19 15:23:44;5;;696;;;;"""[\""Standard\""]""";0.00;0.00;0.00;;;false;;;false;;SV Ago 25 CNY #8;;;;;false;false;false;false;false;false;false;true;false;;;2025-12-01 00:00:00;2025-12-01 00:00:00;;;;;;;;;2025-12-26 00:00:00;;FOB;FOB;CNY;;;;;Directo SV - FERRETERIA EPA, S.A. DE C.V.;85;EPA;OLO6;;-- N/A --;258100922;;7265;101490;;NINGBO, CHINA;ACAJUTLA, EL SALVADOR;17987.36;;;0;0;0;0;;;;;0.00;;BINTER TRADE LLC. (Dropship SV);;2025-09-11 00:00:00;;;;;;false;;;;;;;;;;;;;;;;;;;;;;;false;;;
18726;1;6701664;draft;19740.20;pending;2025-09-11;USD;FOB;;;;;19740.20;;19740.20;;;;;0.00;0.00;0;;;;;;;;;;;;;;;;;;;;;;;;;;;;;;;;2026-03-19 15:23:45;2026-03-19 15:23:45;3;;696;;;;"""[\""Standard\""]""";0.00;0.00;0.00;;;false;;;false;;SV Ago 25 CNY #10;;;;;false;false;false;false;false;false;false;true;false;;;2026-03-02 00:00:00;2026-03-02 00:00:00;;;;;;;;;;;FOB;FOB;CNY;;;;;Directo SV - FERRETERIA EPA, S.A. DE C.V.;85;EPA;OLO6;;;;;;;;NINGBO, CHINA;ACAJUTLA, EL SALVADOR;;;;0;0;0;0;;;;;0.00;;BINTER TRADE LLC. (Dropship SV);;2025-09-11 00:00:00;;;;;;false;;;;;;;;;;;;;;;;;;;;;;;false;;;
18727;1;6701665;draft;19367.20;pending;2025-09-11;USD;FOB;;;;;19367.20;;19367.20;;;;;0.00;0.00;0;;;;;;;;;;;;;;;;;;;;;;;;;;;;;;;;2026-03-19 15:23:45;2026-03-19 15:23:45;3;;696;;;;"""[\""Standard\""]""";0.00;0.00;0.00;;;false;;;false;;SV Ago 25 CNY #11;;;;;false;false;false;false;false;false;false;true;false;;;2026-03-02 00:00:00;2026-03-02 00:00:00;;;;;;;;;;;FOB;FOB;CNY;;;;;Directo SV - FERRETERIA EPA, S.A. DE C.V.;85;EPA;OLO6;;;;;;;;NINGBO, CHINA;ACAJUTLA, EL SALVADOR;;;;0;0;0;0;;;;;0.00;;BINTER TRADE LLC. (Dropship SV);;2025-09-11 00:00:00;;;;;;false;;;;;;;;;;;;;;;;;;;;;;;false;;;
18728;1;6701666;draft;25442.54;pending;2025-09-11;USD;FOB;;;;;25442.54;;25442.54;;;;;0.00;0.00;0;;;;;;;;;;;;;;;;;;;;;;;;;;;;;;;;2026-03-19 15:23:45;2026-03-19 15:23:45;5;;696;;;;"""[\""Standard\""]""";0.00;0.00;0.00;;;false;;;false;;VZ Ago 25 CNY #1;;;;;false;false;false;false;false;false;false;true;false;;;2025-11-10 00:00:00;2025-11-10 00:00:00;;;;;;;;;2025-12-22 00:00:00;;CIF;FOB;CNY;;;;;Directo VE - FERRETERIA EPA, C.A.;85;EPA;OLO6;;-- N/A --;258100911;;7238;101466;;NINGBO, CHINA;PUERTO CABELLO, VENEZUELA;25442.54;;;0;0;0;0;;;;;0.00;;BINTER TRADE LLC. (Dropship EPA - VE);;2025-09-11 00:00:00;;;;;;false;;;;;;;;;;;;;;;;;;;;;;;false;;;
18729;1;6701667;draft;24009.90;pending;2025-09-11;USD;FOB;;;;;24009.90;;24009.90;;;;;0.00;0.00;0;;;;;;;;;;;;;;;;;;;;;;;;;;;;;;;;2026-03-19 15:24:24;2026-03-19 15:24:24;5;;696;;;;"""[\""Standard\""]""";0.00;0.00;0.00;;;false;;;false;;VZ Ago 25 CNY #2;;;;;false;false;false;false;false;false;false;true;false;;;2025-11-10 00:00:00;2025-11-10 00:00:00;;;;;;;;;2025-12-17 00:00:00;;CIF;FOB;CNY;;;;;Directo VE - FERRETERIA EPA, C.A.;85;EPA;OLO6;;-- N/A --;258100912;;7197;101422;;NINGBO, CHINA;PUERTO CABELLO, VENEZUELA;24009.90;;;0;0;0;0;;;;;0.00;;BINTER TRADE LLC. (Dropship EPA - VE);;2025-09-11 00:00:00;;;;;;false;;;;;;;;;;;;;;;;;;;;;;;false;;;
18730;1;6701670;draft;24552.24;pending;2025-09-11;USD;FOB;;;;;24552.24;;24552.24;;;;;0.00;0.00;0;;;;;;;;;;;;;;;;;;;;;;;;;;;;;;;;2026-03-19 15:24:24;2026-03-19 15:24:24;10;;696;;;;"""[\""Standard\""]""";0.00;0.00;0.00;;;false;;;false;;VZ Ago 25 CNY #3;;;;;false;false;false;false;false;false;false;true;false;;;2025-12-01 00:00:00;2025-12-01 00:00:00;;;;;;;;;2026-01-20 00:00:00;;CIF;FOB;CNY;;;;;Directo VE - FERRETERIA EPA, C.A.;85;EPA;OLO6;;-- N/A --;258100913;;7428;101678;;NINGBO, CHINA;PUERTO CABELLO, VENEZUELA;24552.24;;;0;0;0;0;;;;;0.00;;BINTER TRADE LLC. (Dropship EPA - VE);;2025-09-11 00:00:00;;;;;;false;;;;;;;;;;;;;;;;;;;;;;;false;;;
18731;1;6701671;draft;19518.20;pending;2025-09-11;USD;FOB;;;;;19518.20;;19518.20;;;;;0.00;0.00;0;;;;;;;;;;;;;;;;;;;;;;;;;;;;;;;;2026-03-19 15:24:24;2026-03-19 15:24:24;3;;696;;;;"""[\""Standard\""]""";0.00;0.00;0.00;;;false;;;false;;SV Ago 25 CNY #9;;;;;false;false;false;false;false;false;false;true;false;;;2026-03-02 00:00:00;2026-03-02 00:00:00;;;;;;;;;;;FOB;FOB;CNY;;;;;Directo SV - FERRETERIA EPA, S.A. DE C.V.;85;EPA;OLO6;;;;;;;;NINGBO, CHINA;ACAJUTLA, EL SALVADOR;;;;0;0;0;0;;;;;0.00;;BINTER TRADE LLC. (Dropship SV);;2025-09-11 00:00:00;;;;;;false;;;;;;;;;;;;;;;;;;;;;;;false;;;
18732;1;6701685;draft;20570.05;pending;2025-09-11;USD;FOB;;;;;20570.05;;20570.05;;;;;0.00;0.00;0;;;;;;;;;;;;;;;;;;;;;;;;;;;;;;;;2026-03-19 15:24:24;2026-03-19 15:24:24;5;;697;;;;"""[\""Standard\""]""";0.00;0.00;0.00;;;false;;;false;;CR Ago 25 CNY #14;;;;;false;false;true;false;false;false;false;false;false;;;2026-03-02 00:00:00;2026-03-02 00:00:00;;;;;;;;;2026-03-18 00:00:00;;FOB;FOB;CNY;;;;;Directo CR - FERRETERIA EPA, S.A.;85;EPA;OLO6;;-- N/A --;BAC6701685;;7683;101955;;QINGDAO, CHINA;CALDERA, COSTA RICA;20570.05;;;0;0;0;0;;;;;0.00;;BINTER TRADE LLC. (Dropship CR);;2025-09-11 00:00:00;;;;;;false;;;;;;;;;;;;;;;;;;;;;;;false;;;
18733;1;6701686;draft;20570.05;pending;2025-09-11;USD;FOB;;;;;20570.05;;20570.05;;;;;0.00;0.00;0;;;;;;;;;;;;;;;;;;;;;;;;;;;;;;;;2026-03-19 15:24:24;2026-03-19 15:24:24;3;;697;;;;"""[\""Standard\""]""";0.00;0.00;0.00;;;false;;;false;;CR Ago 25 CNY #15;;;;;false;false;true;false;false;false;false;false;false;;;2026-03-02 00:00:00;2026-03-02 00:00:00;;;;;;;;;;;FOB;FOB;CNY;;;;;Directo CR - FERRETERIA EPA, S.A.;85;EPA;OLO6;;;;;;;;QINGDAO, CHINA;CALDERA, COSTA RICA;;;;0;0;0;0;;;;;0.00;;BINTER TRADE LLC. (Dropship CR);;2025-09-11 00:00:00;;;;;;false;;;;;;;;;;;;;;;;;;;;;;;false;;;
18734;1;6701687;draft;20570.05;pending;2025-09-11;USD;FOB;;;;;20570.05;;20570.05;;;;;0.00;0.00;0;;;;;;;;;;;;;;;;;;;;;;;;;;;;;;;;2026-03-19 15:24:24;2026-03-19 15:24:24;3;;697;;;;"""[\""Standard\""]""";0.00;0.00;0.00;;;false;;;false;;CR Ago 25 CNY #16;;;;;false;false;true;false;false;false;false;false;false;;;2026-03-02 00:00:00;2026-03-02 00:00:00;;;;;;;;;;;FOB;FOB;CNY;;;;;Directo CR - FERRETERIA EPA, S.A.;85;EPA;OLO6;;;;;;;;QINGDAO, CHINA;CALDERA, COSTA RICA;;;;0;0;0;0;;;;;0.00;;BINTER TRADE LLC. (Dropship CR);;2025-09-11 00:00:00;;;;;;false;;;;;;;;;;;;;;;;;;;;;;;false;;;
18735;1;6701688;draft;20570.05;pending;2025-09-11;USD;FOB;;;;;20570.05;;20570.05;;;;;0.00;0.00;0;;;;;;;;;;;;;;;;;;;;;;;;;;;;;;;;2026-03-19 15:24:24;2026-03-19 15:24:24;5;;697;;;;"""[\""Standard\""]""";0.00;0.00;0.00;;;false;;;false;;CR Ago 25 CNY #17;;;;;false;false;true;false;false;false;false;false;false;;;2026-03-02 00:00:00;2026-03-02 00:00:00;;;;;;;;;2026-03-18 00:00:00;;FOB;FOB;CNY;;;;;Directo CR - FERRETERIA EPA, S.A.;85;EPA;OLO6;;-- N/A --;BAC6701688;;7684;101956;;QINGDAO, CHINA;CALDERA, COSTA RICA;20570.05;;;0;0;0;0;;;;;0.00;;BINTER TRADE LLC. (Dropship CR);;2025-09-11 00:00:00;;;;;;false;;;;;;;;;;;;;;;;;;;;;;;false;;;
18736;1;6701689;draft;20570.05;pending;2025-09-11;USD;FOB;;;;;20570.05;;20570.05;;;;;0.00;0.00;0;;;;;;;;;;;;;;;;;;;;;;;;;;;;;;;;2026-03-19 15:24:24;2026-03-19 15:24:24;3;;697;;;;"""[\""Standard\""]""";0.00;0.00;0.00;;;false;;;false;;CR Ago 25 CNY #18;;;;;false;false;true;false;false;false;false;false;false;;;2026-03-02 00:00:00;2026-03-02 00:00:00;;;;;;;;;;;FOB;FOB;CNY;;;;;Directo CR - FERRETERIA EPA, S.A.;85;EPA;OLO6;;;;;;;;QINGDAO, CHINA;CALDERA, COSTA RICA;;;;0;0;0;0;;;;;0.00;;BINTER TRADE LLC. (Dropship CR);;2025-09-11 00:00:00;;;;;;false;;;;;;;;;;;;;;;;;;;;;;;false;;;
18737;1;6701710;draft;18761.30;pending;2025-09-11;USD;FOB;;;;;18761.30;;18761.30;;;;;0.00;0.00;0;;;;;;;;;;;;;;;;;;;;;;;;;;;;;;;;2026-03-19 15:24:24;2026-03-19 15:24:24;5;;697;;;;"""[\""Standard\""]""";0.00;0.00;0.00;;;false;;;false;;GT Ago 25 CNY #21;;;;;false;false;false;false;false;false;false;false;false;;;2026-03-02 00:00:00;2026-03-02 00:00:00;;;;;;;;;2026-03-18 00:00:00;;FOB;FOB;CNY;;;;;Directo GT - FERRETERIA EPA, S.A. (Guatemala);85;EPA;OLO6;;-- N/A --;BAC6701710;;7687;101959;;QINGDAO, CHINA;QUETZAL, GUATEMALA;18761.30;;;0;0;0;0;;;;;0.00;;BINTER TRADE LLC. (Dropship GT);;2025-09-11 00:00:00;;;;;;false;;;;;;;;;;;;;;;;;;;;;;;false;;;
18738;1;6701711;draft;18761.30;pending;2025-09-11;USD;FOB;;;;;18761.30;;18761.30;;;;;0.00;0.00;0;;;;;;;;;;;;;;;;;;;;;;;;;;;;;;;;2026-03-19 15:24:24;2026-03-19 15:24:24;3;;697;;;;"""[\""Standard\""]""";0.00;0.00;0.00;;;false;;;false;;GT Ago 25 CNY #22;;;;;false;false;false;false;false;false;false;false;false;;;2026-03-02 00:00:00;2026-03-02 00:00:00;;;;;;;;;;;FOB;FOB;CNY;;;;;Directo GT - FERRETERIA EPA, S.A. (Guatemala);85;EPA;OLO6;;;;;;;;QINGDAO, CHINA;QUETZAL, GUATEMALA;;;;0;0;0;0;;;;;0.00;;BINTER TRADE LLC. (Dropship GT);;2025-09-11 00:00:00;;;;;;false;;;;;;;;;;;;;;;;;;;;;;;false;;;
18739;1;6701712;draft;18761.30;pending;2025-09-11;USD;FOB;;;;;18761.30;;18761.30;;;;;0.00;0.00;0;;;;;;;;;;;;;;;;;;;;;;;;;;;;;;;;2026-03-19 15:24:24;2026-03-19 15:24:24;3;;697;;;;"""[\""Standard\""]""";0.00;0.00;0.00;;;false;;;false;;GT Ago 25 CNY #23;;;;;false;false;false;false;false;false;false;false;false;;;2026-03-02 00:00:00;2026-03-02 00:00:00;;;;;;;;;;;FOB;FOB;CNY;;;;;Directo GT - FERRETERIA EPA, S.A. (Guatemala);85;EPA;OLO6;;;;;;;;QINGDAO, CHINA;QUETZAL, GUATEMALA;;;;0;0;0;0;;;;;0.00;;BINTER TRADE LLC. (Dropship GT);;2025-09-11 00:00:00;;;;;;false;;;;;;;;;;;;;;;;;;;;;;;false;;;
18740;1;6701713;draft;18761.30;pending;2025-09-11;USD;FOB;;;;;18761.30;;18761.30;;;;;0.00;0.00;0;;;;;;;;;;;;;;;;;;;;;;;;;;;;;;;;2026-03-19 15:24:24;2026-03-19 15:24:24;5;;697;;;;"""[\""Standard\""]""";0.00;0.00;0.00;;;false;;;false;;GT Ago 25 CNY #24;;;;;false;false;false;false;false;false;false;false;false;;;2026-03-02 00:00:00;2026-03-02 00:00:00;;;;;;;;;2026-03-18 00:00:00;;FOB;FOB;CNY;;;;;Directo GT - FERRETERIA EPA, S.A. (Guatemala);85;EPA;OLO6;;-- N/A --;BAC6701713;;7688;101960;;QINGDAO, CHINA;QUETZAL, GUATEMALA;18761.30;;;0;0;0;0;;;;;0.00;;BINTER TRADE LLC. (Dropship GT);;2025-09-11 00:00:00;;;;;;false;;;;;;;;;;;;;;;;;;;;;;;false;;;
18741;1;6701714;draft;18761.30;pending;2025-09-11;USD;FOB;;;;;18761.30;;18761.30;;;;;0.00;0.00;0;;;;;;;;;;;;;;;;;;;;;;;;;;;;;;;;2026-03-19 15:24:24;2026-03-19 15:24:24;3;;697;;;;"""[\""Standard\""]""";0.00;0.00;0.00;;;false;;;false;;GT Ago 25 CNY #25;;;;;false;false;false;false;false;false;false;false;false;;;2026-03-02 00:00:00;2026-03-02 00:00:00;;;;;;;;;;;FOB;FOB;CNY;;;;;Directo GT - FERRETERIA EPA, S.A. (Guatemala);85;EPA;OLO6;;;;;;;;QINGDAO, CHINA;QUETZAL, GUATEMALA;;;;0;0;0;0;;;;;0.00;;BINTER TRADE LLC. (Dropship GT);;2025-09-11 00:00:00;;;;;;false;;;;;;;;;;;;;;;;;;;;;;;false;;;
18742;1;6701720;draft;17970.40;pending;2025-09-11;USD;FOB;;;;;17970.40;;17970.40;;;;;0.00;0.00;0;;;;;;;;;;;;;;;;;;;;;;;;;;;;;;;;2026-03-19 15:24:24;2026-03-19 15:24:24;3;;697;;;;"""[\""Standard\""]""";0.00;0.00;0.00;;;false;;;false;;SV Ago 25 CNY #6;;;;;false;false;false;false;false;false;false;false;false;;;2026-03-02 00:00:00;2026-03-02 00:00:00;;;;;;;;;;;FOB;FOB;CNY;;;;;Directo SV - FERRETERIA EPA, S.A. DE C.V.;85;EPA;OLO6;;;;;;;;QINGDAO, CHINA;ACAJUTLA, EL SALVADOR;;;;0;0;0;0;;;;;0.00;;BINTER TRADE LLC. (Dropship SV);;2025-09-11 00:00:00;;;;;;false;;;;;;;;;;;;;;;;;;;;;;;false;;;
18743;1;6701721;draft;17970.40;pending;2025-09-11;USD;FOB;;;;;17970.40;;17970.40;;;;;0.00;0.00;0;;;;;;;;;;;;;;;;;;;;;;;;;;;;;;;;2026-03-19 15:24:24;2026-03-19 15:24:24;5;;697;;;;"""[\""Standard\""]""";0.00;0.00;0.00;;;false;;;false;;SV Ago 25 CNY #7;;;;;false;false;false;false;false;false;false;false;false;;;2026-03-02 00:00:00;2026-03-02 00:00:00;;;;;;;;;2026-03-18 00:00:00;;FOB;FOB;CNY;;;;;Directo SV - FERRETERIA EPA, S.A. DE C.V.;85;EPA;OLO6;;-- N/A --;BAC6701721;;7689;101961;;QINGDAO, CHINA;ACAJUTLA, EL SALVADOR;17970.40;;;0;0;0;0;;;;;0.00;;BINTER TRADE LLC. (Dropship SV);;2025-09-11 00:00:00;;;;;;false;;;;;;;;;;;;;;;;;;;;;;;false;;;
18744;1;6701730;draft;16095.30;pending;2025-09-12;USD;FOB;;;;;16095.30;;16095.30;;;;;0.00;0.00;0;;;;;;;;;;;;;;;;;;;;;;;;;;;;;;;;2026-03-19 15:24:24;2026-03-19 15:24:24;5;;698;;;;"""[\""Standard\""]""";0.00;0.00;0.00;;;false;;;false;;VE;;;;;false;false;false;false;false;false;false;false;false;;;2025-10-18 00:00:00;2025-10-18 00:00:00;;;;;;;;;2025-12-18 00:00:00;;CIF;FOB;PEDIDO COMPRA;;;;;Directo VE - FERRETERIA EPA, C.A.;82;EPA;OLO6;;-- N/A --;EK-W251101;;7220;101447;;TIANJIN, CHINA;PUERTO CABELLO, VENEZUELA;16095.30;;;0;0;0;0;;;;;0.00;;BINTER TRADE LLC. (Dropship EPA - VE);;2025-09-12 00:00:00;;;;;;false;;;;;;;;;;;;;;;;;;;;;;;false;;;
18745;1;6701732;draft;26848.80;pending;2025-09-16;USD;FOB;;;;;26848.80;;26848.80;;;;;0.00;0.00;0;;;;;;;;;;;;;;;;;;;;;;;;;;;;;;;;2026-03-19 15:24:24;2026-03-19 15:24:24;5;;691;;;;"""[\""Standard\""]""";0.00;0.00;0.00;;;false;;;false;;Add PI;;;;;false;false;false;false;false;false;false;false;false;;;2026-02-15 00:00:00;2026-02-15 00:00:00;;;;;;;;;2026-02-06 00:00:00;;FOB;FOB;PEDIDO COMPRA;;;;;Directo GT - FERRETERIA EPA, S.A. (Guatemala);83;EPA;OLO6;;-- N/A --;PO25704;;7538;101788;;NINGBO, CHINA;QUETZAL, GUATEMALA;26848.80;;;0;0;0;0;;;;;0.00;;BINTER TRADE LLC. (Dropship GT);;2025-09-16 00:00:00;;;;;;false;;;;;;;;;;;;;;;;;;;;;;;false;;;
18746;1;6701733;draft;26848.80;pending;2025-09-16;USD;FOB;;;;;26848.80;;26848.80;;;;;0.00;0.00;0;;;;;;;;;;;;;;;;;;;;;;;;;;;;;;;;2026-03-19 15:24:24;2026-03-19 15:24:24;5;;691;;;;"""[\""Standard\""]""";0.00;0.00;0.00;;;false;;;false;;Add PI;;;;;false;false;false;false;false;false;false;false;false;;;2026-02-15 00:00:00;2026-02-15 00:00:00;;;;;;;;;2026-02-18 00:00:00;;FOB;FOB;PEDIDO COMPRA;;;;;Directo GT - FERRETERIA EPA, S.A. (Guatemala);83;EPA;OLO6;;-- N/A --;PO25705;;7586;101838;;NINGBO, CHINA;QUETZAL, GUATEMALA;26848.80;;;0;0;0;0;;;;;0.00;;BINTER TRADE LLC. (Dropship GT);;2025-09-16 00:00:00;;;;;;false;;;;;;;;;;;;;;;;;;;;;;;false;;;
18747;1;6701734;draft;21328.60;pending;2025-09-18;USD;EXW;;;;;21328.60;;21328.60;;;;;0.00;0.00;0;;;;;;;;;;;;;;;;;;;;;;;;;;;;;;;;2026-03-19 15:24:24;2026-03-19 15:24:24;2;;699;;;;"""[\""Standard\""]""";0.00;0.00;0.00;;;false;;;false;;PEDIDO SEP 2025 - EPA - PF 4988C;;;;;false;false;false;false;false;false;false;false;false;;;2026-02-22 00:00:00;2026-02-22 00:00:00;;;;;;;;;;;EXW;;PEDIDO COMPRA;;;;;Directo VE - Febeca, C.A.;87;MCG;OLO6;;-- N/A --;56042;;7166;;;JABEL ALI, UNITED ARAB EMIRATES;LA GUAIRA, VENEZUELA;87588.88;;;0;0;0;0;;;;;0.00;;BINTER TRADE LLC. (Dropship FEBECA - VE);;2025-09-18 00:00:00;;;;;;false;;;;;;;;;;;;;;;;;;;;;;;false;;;
18748;1;6701737;draft;1138.50;pending;2025-09-17;USD;FOB;;;;;1138.50;;1138.50;;;;;0.00;0.00;0;;;;;;;;;;;;;;;;;;;;;;;;;;;;;;;;2026-03-19 15:24:24;2026-03-19 15:24:24;5;;631;;;;"""[\""Standard\""]""";0.00;0.00;0.00;;;false;;;false;;adicional sv 1;;;;;false;false;false;false;false;false;false;false;false;;;2025-11-15 00:00:00;2025-11-15 00:00:00;;;;;;;;;2026-02-02 00:00:00;;FOB;FOB;CNY;;;;;Directo SV - FERRETERIA EPA, S.A. DE C.V.;89;EPA;OLO6;;-- N/A --;XFH260116;;7507;101758;;QINGDAO, CHINA;ACAJUTLA, EL SALVADOR;1138.50;;;0;0;0;0;;;;;0.00;;BINTER TRADE LLC. (Dropship SV);;2025-09-17 00:00:00;;;;;;false;;;;;;;;;;;;;;;;;;;;;;;false;;;
18749;1;6701739;draft;1113.00;pending;2025-09-17;USD;FOB;;;;;1113.00;;1113.00;;;;;0.00;0.00;0;;;;;;;;;;;;;;;;;;;;;;;;;;;;;;;;2026-03-19 15:24:24;2026-03-19 15:24:24;2;;631;;;;"""[\""Standard\""]""";0.00;0.00;0.00;;;false;;;false;;adicional sv 2;;;;;false;false;false;false;false;false;false;false;false;;;2026-05-15 00:00:00;2026-05-15 00:00:00;;;;;;;;;;;FOB;FOB;CNY;;;;;Directo SV - FERRETERIA EPA, S.A. DE C.V.;89;EPA;OLO6;;;;;;;;QINGDAO, CHINA;ACAJUTLA, EL SALVADOR;;;;0;0;0;0;;;;;0.00;;BINTER TRADE LLC. (Dropship SV);;2025-09-17 00:00:00;;;;;;false;;;;;;;;;;;;;;;;;;;;;;;false;;;
18750;1;6701740;draft;861.00;pending;2025-09-17;USD;FOB;;;;;861.00;;861.00;;;;;0.00;0.00;0;;;;;;;;;;;;;;;;;;;;;;;;;;;;;;;;2026-03-19 15:24:24;2026-03-19 15:24:24;5;;631;;;;"""[\""Standard\""]""";0.00;0.00;0.00;;;false;;;false;;adicional ve 1;;;;;false;false;false;false;false;false;false;false;false;;;2025-11-15 00:00:00;2025-11-15 00:00:00;;;;;;;;;2026-03-12 00:00:00;;CIF;FOB;CNY;;;;;Directo VE - FERRETERIA EPA, C.A.;89;EPA;OLO6;;-- N/A --;XFH260204B;;7664;101928;;QINGDAO, CHINA;PUERTO CABELLO, VENEZUELA;861.00;;;0;0;0;0;;;;;0.00;;BINTER TRADE LLC. (Dropship EPA - VE);;2025-09-17 00:00:00;;;;;;false;;;;;;;;;;;;;;;;;;;;;;;false;;;
18751;1;6701741;draft;861.00;pending;2025-09-17;USD;FOB;;;;;861.00;;861.00;;;;;0.00;0.00;0;;;;;;;;;;;;;;;;;;;;;;;;;;;;;;;;2026-03-19 15:24:24;2026-03-19 15:24:24;5;;631;;;;"""[\""Standard\""]""";0.00;0.00;0.00;;;false;;;false;;adicional ve 2;;;;;false;false;false;false;false;false;false;false;false;;;2025-11-30 00:00:00;2025-11-30 00:00:00;;;;;;;;;2026-03-10 00:00:00;;CIF;FOB;CNY;;;;;Directo VE - FERRETERIA EPA, C.A.;89;EPA;OLO6;;-- N/A --;XFH260205B;;7644;101906;;QINGDAO, CHINA;PUERTO CABELLO, VENEZUELA;861.00;;;0;0;0;0;;;;;0.00;;BINTER TRADE LLC. (Dropship EPA - VE);;2025-09-17 00:00:00;;;;;;false;;;;;;;;;;;;;;;;;;;;;;;false;;;
18752;1;6701742;draft;775.00;pending;2025-09-17;USD;FOB;;;;;775.00;;775.00;;;;;0.00;0.00;0;;;;;;;;;;;;;;;;;;;;;;;;;;;;;;;;2026-03-19 15:24:24;2026-03-19 15:24:24;2;;631;;;;"""[\""Standard\""]""";0.00;0.00;0.00;;;false;;;false;;adicional VE3;;;;;false;false;false;false;false;false;false;false;false;;;2026-04-30 00:00:00;2026-04-30 00:00:00;;;;;;;;;;;FOB;FOB;CNY;;;;;Directo VE - FERRETERIA EPA, C.A.;89;EPA;OLO6;;;;;;;;QINGDAO, CHINA;PUERTO CABELLO, VENEZUELA;;;;0;0;0;0;;;;;0.00;;BINTER TRADE LLC. (Dropship EPA - VE);;2025-09-17 00:00:00;;;;;;false;;;;;;;;;;;;;;;;;;;;;;;false;;;
18753;1;6701744;draft;45596.88;pending;2025-09-18;USD;EXW;;;;;45596.88;;45596.88;;;;;0.00;0.00;0;;;;;;;;;;;;;;;;;;;;;;;;;;;;;;;;2026-03-19 15:24:24;2026-03-19 15:24:24;2;;699;;;;"""[\""Standard\""]""";0.00;0.00;0.00;;;false;;;false;;PO PEDIDO SEP 2025 - FEBECA - PF 4988A;;;;;false;false;false;false;false;false;false;false;false;;;2026-02-22 00:00:00;2026-02-22 00:00:00;;;;;;;;;;;EXW;;PEDIDO COMPRA;;;;;Directo VE - Febeca, C.A.;87;MCG;OLO6;;-- N/A --;56042;;7166;;;JABEL ALI, UNITED ARAB EMIRATES;LA GUAIRA, VENEZUELA;87588.88;;;0;0;0;0;;;;;0.00;;BINTER TRADE LLC. (Dropship FEBECA - VE);;2025-09-18 00:00:00;;;;;;false;;;;;;;;;;;;;;;;;;;;;;;false;;;
18754;1;6701745;draft;25540.00;pending;2025-09-18;USD;FOB;;;;;25540.00;;25540.00;;;;;0.00;0.00;0;;;;;;;;;;;;;;;;;;;;;;;;;;;;;;;;2026-03-19 15:24:24;2026-03-19 15:24:24;5;;631;;;;"""[\""Standard\""]""";0.00;0.00;0.00;;;false;;;false;;ZF LAVAMANOS;;;;;false;false;false;false;false;false;false;false;false;;;2025-12-10 00:00:00;2025-12-10 00:00:00;;;;;;;;;;;FOB;FOB;CNY;;;;;ZF - OVERSEAS LOGISTICS OPERATIONS;89;EPA;OLO6;;;XFH260127A;;7541;;;QINGDAO, CHINA;CALDERA, COSTA RICA;25540.00;;;0;0;0;0;;;;;0.00;;BINTER TRADE LLC. (ZF);;2025-09-18 00:00:00;;;;;;false;;;;;;;;;;;;;;;;;;;;;;;false;;;
18755;1;6701747;draft;58793.20;pending;2025-09-18;USD;FOB;;;;;58793.20;;58793.20;;;;;0.00;0.00;0;;;;;;;;;;;;;;;;;;;;;;;;;;;;;;;;2026-03-19 15:24:25;2026-03-19 15:24:25;5;;700;;;;"""[\""Standard\""]""";0.00;0.00;0.00;;;false;;;false;;PICNY;;;;;false;false;false;false;false;false;false;false;false;;;2025-11-10 00:00:00;2025-11-10 00:00:00;;;;;;;;;;;FOB;FOB;CNY;;;;;ZF - OVERSEAS LOGISTICS OPERATIONS;83;EPA;OLO6;;;SWA082703525002;;7648;;;NINGBO, CHINA;CALDERA, COSTA RICA;58793.20;;;0;0;0;0;;;;;0.00;;BINTER TRADE LLC. (ZF);;2025-09-18 00:00:00;;;;;;false;;;;;;;;;;;;;;;;;;;;;;;false;;;
18756;1;6701749;draft;101397.60;pending;2025-09-19;USD;FOB;;;;;101397.60;;101397.60;;;;;0.00;0.00;0;;;;;;;;;;;;;;;;;;;;;;;;;;;;;;;;2026-03-19 15:24:25;2026-03-19 15:24:25;10;;690;;;;"""[\""Standard\""]""";0.00;0.00;0.00;;;false;;;false;;Febeca;;;;;false;false;false;false;false;false;false;false;false;;;2025-12-03 00:00:00;2025-12-03 00:00:00;;;;;;;;;2026-01-16 00:00:00;;CIF;FOB;PEDIDO COMPRA;;;;;Directo VE - Febeca, C.A.;82;EPA;OLO6;;-- N/A --;250916;;7405;101638;;ZHONGSHAN, CHINA;LA GUAIRA, VENEZUELA;101397.60;;;0;0;0;0;;;;;0.00;;BINTER TRADE LLC. (Dropship FEBECA - VE);;2025-09-19 00:00:00;;;;;;false;;;;;;;;;;;;;;;;;;;;;;;false;;;
18757;1;6701757;draft;27720.00;pending;2025-09-22;USD;FOB;;;;;27720.00;;27720.00;;;;;0.00;0.00;0;;;;;;;;;;;;;;;;;;;;;;;;;;;;;;;;2026-03-19 15:24:25;2026-03-19 15:24:25;5;;701;;;;"""[\""Standard\""]""";0.00;0.00;0.00;;;false;;;false;;VZ Directo Ago 25 CNY #2;;;;;false;false;false;false;false;false;false;false;false;;;2026-03-02 00:00:00;2026-03-02 00:00:00;;;;;;;;;2026-03-13 00:00:00;;CIF;FOB;CNY;;;;;Directo VE - FERRETERIA EPA, C.A.;85;EPA;OLO6;;-- N/A --;250918ABUSA-030-M1677;;7671;101940;;NINGBO, CHINA;LA GUAIRA, VENEZUELA;27720.00;;;0;0;0;0;;;;;0.00;;BINTER TRADE LLC. (Dropship EPA - VE);;2025-09-22 00:00:00;;;;;;false;;;;;;;;;;;;;;;;;;;;;;;false;;;
18758;1;6701767;draft;15787.20;pending;2025-09-23;USD;FOB;;;;;15787.20;;15787.20;;;;;0.00;0.00;0;;;;;;;;;;;;;;;;;;;;;;;;;;;;;;;;2026-03-19 15:24:25;2026-03-19 15:24:25;2;;702;;;;"""[\""Standard\""]""";0.00;0.00;0.00;;;false;;;false;;SV2;;;;;false;false;false;false;false;false;false;false;false;;;2026-03-05 00:00:00;2026-03-05 00:00:00;;;;;;;;;;;FOB;FOB;CNY;;;;;Directo SV - FERRETERIA EPA, S.A. DE C.V.;89;EPA;OLO6;;;;;;;;XIAMEN, CHINA;ACAJUTLA, EL SALVADOR;;;;0;0;0;0;;;;;0.00;;BINTER TRADE LLC. (Dropship SV);;2025-09-23 00:00:00;;;;;;false;;;;;;;;;;;;;;;;;;;;;;;false;;;
18759;1;6701773;draft;2552.00;pending;2025-09-24;USD;FOB;;;;;2552.00;;2552.00;;;;;0.00;0.00;0;;;;;;;;;;;;;;;;;;;;;;;;;;;;;;;;2026-03-19 15:24:25;2026-03-19 15:24:25;5;;631;;;;"""[\""Standard\""]""";0.00;0.00;0.00;;;false;;;false;;CR LAVAMANOS;;;;;false;false;false;false;false;false;false;false;false;;;2025-12-10 00:00:00;2025-12-10 00:00:00;;;;;;;;;2026-02-11 00:00:00;;FOB;FOB;CNY;;;;;Directo CR - OVERSEAS LOGISTICS OPERATIONS;89;EPA;OLO6;;-- N/A --;XFH260127B;;7566;101817;;QINGDAO, CHINA;CALDERA, COSTA RICA;2552.00;;;0;0;0;0;;;;;0.00;;BINTER TRADE LLC. (ZF);;2025-09-24 00:00:00;;;;;;false;;;;;;;;;;;;;;;;;;;;;;;false;;;
18760;1;6701797;draft;17973.44;pending;2025-09-24;USD;FOB;;;;;17973.44;;17973.44;;;;;0.00;0.00;0;;;;;;;;;;;;;;;;;;;;;;;;;;;;;;;;2026-03-19 15:24:25;2026-03-19 15:24:25;5;;703;;;;"""[\""Standard\""]""";0.00;0.00;0.00;;;false;;;false;;VE;;;;;false;false;false;false;false;false;false;false;false;;;2025-12-08 00:00:00;2025-12-08 00:00:00;;;;;;;;;2026-01-16 00:00:00;;CIF;FOB;CNY;;;;;Directo VE - FERRETERIA EPA, C.A.;82;EPA;OLO6;;-- N/A --;CM-DBT-250925S;;7396;101643;;QINGDAO, CHINA;PUERTO CABELLO, VENEZUELA;17973.44;;;0;0;0;0;;;;;0.00;;BINTER TRADE LLC. (Dropship EPA - VE);;2025-09-24 00:00:00;;;;;;false;;;;;;;;;;;;;;;;;;;;;;;false;;;
18761;1;6701800;draft;20824.98;pending;2025-09-25;USD;FOB;;;;;20824.98;;20824.98;;;;;0.00;0.00;0;;;;;;;;;;;;;;;;;;;;;;;;;;;;;;;;2026-03-19 15:24:25;2026-03-19 15:24:25;3;;704;;;;"""[\""Standard\""]""";0.00;0.00;0.00;;;false;;;false;;CR3;;;;;false;false;false;false;false;false;false;false;false;;;2026-03-05 00:00:00;2026-03-05 00:00:00;;;;;;;;;;;FOB;FOB;CNY;;;;;Directo CR - FERRETERIA EPA, S.A.;89;EPA;OLO6;;;;;;;;NINGBO, CHINA;CALDERA, COSTA RICA;;;;0;0;0;0;;;;;0.00;;BINTER TRADE LLC. (Dropship CR);;2025-09-25 00:00:00;;;;;;false;;;;;;;;;;;;;;;;;;;;;;;false;;;
18762;1;6701803;draft;18455.60;pending;2025-09-25;USD;FOB;;;;;18455.60;;18455.60;;;;;0.00;0.00;0;;;;;;;;;;;;;;;;;;;;;;;;;;;;;;;;2026-03-19 15:24:25;2026-03-19 15:24:25;3;;704;;;;"""[\""Standard\""]""";0.00;0.00;0.00;;;false;;;false;;GT3;;;;;false;false;false;false;false;false;false;false;false;;;2026-03-05 00:00:00;2026-03-05 00:00:00;;;;;;;;;;;FOB;FOB;CNY;;;;;Directo GT - FERRETERIA EPA, S.A. (Guatemala);89;EPA;OLO6;;;;;;;;NINGBO, CHINA;QUETZAL, GUATEMALA;;;;0;0;0;0;;;;;0.00;;BINTER TRADE LLC. (Dropship GT);;2025-09-25 00:00:00;;;;;;false;;;;;;;;;;;;;;;;;;;;;;;false;;;
18763;1;6701806;draft;28217.58;pending;2025-09-25;USD;FOB;;;;;28217.58;;28217.58;;;;;0.00;0.00;0;;;;;;;;;;;;;;;;;;;;;;;;;;;;;;;;2026-03-19 15:24:25;2026-03-19 15:24:25;3;;704;;;;"""[\""Standard\""]""";0.00;0.00;0.00;;;false;;;false;;ve4;;;;;false;false;false;false;false;false;false;false;false;;;2026-03-05 00:00:00;2026-03-05 00:00:00;;;;;;;;;;;CIF;FOB;CNY;;;;;Directo VE - FERRETERIA EPA, C.A.;89;EPA;OLO6;;;;;;;;NINGBO, CHINA;PUERTO CABELLO, VENEZUELA;;;;0;0;0;0;;;;;0.00;;BINTER TRADE LLC. (Dropship EPA - VE);;2025-09-25 00:00:00;;;;;;false;;;;;;;;;;;;;;;;;;;;;;;false;;;
18764;1;6701807;draft;28537.02;pending;2025-09-25;USD;FOB;;;;;28537.02;;28537.02;;;;;0.00;0.00;0;;;;;;;;;;;;;;;;;;;;;;;;;;;;;;;;2026-03-19 15:24:25;2026-03-19 15:24:25;3;;704;;;;"""[\""Standard\""]""";0.00;0.00;0.00;;;false;;;false;;ve4;;;;;false;false;false;false;false;false;false;false;false;;;2026-03-05 00:00:00;2026-03-05 00:00:00;;;;;;;;;;;CIF;FOB;CNY;;;;;Directo VE - FERRETERIA EPA, C.A.;89;EPA;OLO6;;;;;;;;NINGBO, CHINA;PUERTO CABELLO, VENEZUELA;;;;0;0;0;0;;;;;0.00;;BINTER TRADE LLC. (Dropship EPA - VE);;2025-09-25 00:00:00;;;;;;false;;;;;;;;;;;;;;;;;;;;;;;false;;;
18765;1;6701808;draft;27088.90;pending;2025-09-25;USD;FOB;;;;;27088.90;;27088.90;;;;;0.00;0.00;0;;;;;;;;;;;;;;;;;;;;;;;;;;;;;;;;2026-03-19 15:24:25;2026-03-19 15:24:25;5;;704;;;;"""[\""Standard\""]""";0.00;0.00;0.00;;;false;;;false;;sv1;;;;;false;false;false;false;false;false;false;false;false;;;2025-11-27 00:00:00;2025-11-27 00:00:00;;;;;;;;;2026-01-13 00:00:00;;FOB;FOB;CNY;;;;;Directo SV - FERRETERIA EPA, S.A. DE C.V.;89;EPA;OLO6;;-- N/A --;2025WT0919-11;;7351;101587;;NINGBO, CHINA;ACAJUTLA, EL SALVADOR;27088.90;;;0;0;0;0;;;;;0.00;;BINTER TRADE LLC. (Dropship SV);;2025-09-25 00:00:00;;;;;;false;;;;;;;;;;;;;;;;;;;;;;;false;;;
18766;1;6701809;draft;27674.50;pending;2025-09-25;USD;FOB;;;;;27674.50;;27674.50;;;;;0.00;0.00;0;;;;;;;;;;;;;;;;;;;;;;;;;;;;;;;;2026-03-19 15:24:25;2026-03-19 15:24:25;5;;704;;;;"""[\""Standard\""]""";0.00;0.00;0.00;;;false;;;false;;sv2;;;;;false;false;false;false;false;false;false;false;false;;;2025-11-26 00:00:00;2025-11-26 00:00:00;;;;;;;;;2026-01-13 00:00:00;;FOB;FOB;CNY;;;;;Directo SV - FERRETERIA EPA, S.A. DE C.V.;89;EPA;OLO6;;-- N/A --;2025WT0919-12;;7375;101611;;NINGBO, CHINA;ACAJUTLA, EL SALVADOR;27674.50;;;0;0;0;0;;;;;0.00;;BINTER TRADE LLC. (Dropship SV);;2025-09-25 00:00:00;;;;;;false;;;;;;;;;;;;;;;;;;;;;;;false;;;
18767;1;6701810;draft;27769.10;pending;2025-09-25;USD;FOB;;;;;27769.10;;27769.10;;;;;0.00;0.00;0;;;;;;;;;;;;;;;;;;;;;;;;;;;;;;;;2026-03-19 15:24:25;2026-03-19 15:24:25;3;;704;;;;"""[\""Standard\""]""";0.00;0.00;0.00;;;false;;;false;;sv3;;;;;false;false;false;false;false;false;false;false;false;;;2026-03-05 00:00:00;2026-03-05 00:00:00;;;;;;;;;;;FOB;FOB;CNY;;;;;Directo SV - FERRETERIA EPA, S.A. DE C.V.;89;EPA;OLO6;;;;;;;;NINGBO, CHINA;ACAJUTLA, EL SALVADOR;;;;0;0;0;0;;;;;0.00;;BINTER TRADE LLC. (Dropship SV);;2025-09-25 00:00:00;;;;;;false;;;;;;;;;;;;;;;;;;;;;;;false;;;
18768;1;6701811;draft;27099.90;pending;2025-09-25;USD;FOB;;;;;27099.90;;27099.90;;;;;0.00;0.00;0;;;;;;;;;;;;;;;;;;;;;;;;;;;;;;;;2026-03-19 15:24:25;2026-03-19 15:24:25;3;;704;;;;"""[\""Standard\""]""";0.00;0.00;0.00;;;false;;;false;;sv4;;;;;false;false;false;false;false;false;false;false;false;;;2026-03-05 00:00:00;2026-03-05 00:00:00;;;;;;;;;;;FOB;FOB;CNY;;;;;Directo SV - FERRETERIA EPA, S.A. DE C.V.;89;EPA;OLO6;;;;;;;;NINGBO, CHINA;ACAJUTLA, EL SALVADOR;;;;0;0;0;0;;;;;0.00;;BINTER TRADE LLC. (Dropship SV);;2025-09-25 00:00:00;;;;;;false;;;;;;;;;;;;;;;;;;;;;;;false;;;
18769;1;6701813;draft;15651.20;pending;2025-09-25;USD;FOB;;;;;15651.20;;15651.20;;;;;0.00;0.00;0;;;;;;;;;;;;;;;;;;;;;;;;;;;;;;;;2026-03-19 15:24:25;2026-03-19 15:24:25;5;;680;;;;"""[\""Standard\""]""";0.00;0.00;0.00;;;false;;;false;;CO2;;;;;false;false;false;false;false;false;false;false;false;;;2025-10-15 00:00:00;2025-10-15 00:00:00;;;;;;;;;2026-01-13 00:00:00;;FOB;FOB;CNY;;;;;Directo CR - Consorcio Ferretero San Jose S.A;89;EPA;OLO6;;-- N/A --;ST20251004-CO2;;7365;101604;;XIAMEN, CHINA;CALDERA, COSTA RICA;15651.20;;;0;0;0;0;;;;;0.00;;BINTER TRADE LLC. (Dropship Cofersa);;2025-09-25 00:00:00;;;;;;false;;;;;;;;;;;;;;;;;;;;;;;false;;;
18770;1;6701814;draft;15651.20;pending;2025-09-25;USD;FOB;;;;;15651.20;;15651.20;;;;;0.00;0.00;0;;;;;;;;;;;;;;;;;;;;;;;;;;;;;;;;2026-03-19 15:24:25;2026-03-19 15:24:25;5;;680;;;;"""[\""Standard\""]""";0.00;0.00;0.00;;;false;;;false;;CO3;;;;;false;false;false;false;false;false;false;false;false;;;2025-11-15 00:00:00;2025-11-15 00:00:00;;;;;;;;;2026-01-23 00:00:00;;FOB;FOB;CNY;;;;;Directo CR - Consorcio Ferretero San Jose S.A;89;EPA;OLO6;;-- N/A --;ST20250919-C03;;7463;101726;;XIAMEN, CHINA;CALDERA, COSTA RICA;15651.20;;;0;0;0;0;;;;;0.00;;BINTER TRADE LLC. (Dropship Cofersa);;2025-09-25 00:00:00;;;;;;false;;;;;;;;;;;;;;;;;;;;;;;false;;;
18771;1;6701815;draft;15651.20;pending;2025-09-25;USD;FOB;;;;;15651.20;;15651.20;;;;;0.00;0.00;0;;;;;;;;;;;;;;;;;;;;;;;;;;;;;;;;2026-03-19 15:24:25;2026-03-19 15:24:25;2;;680;;;;"""[\""Standard\""]""";0.00;0.00;0.00;;;false;;;false;;CO4;;;;;false;false;false;false;false;false;false;false;false;;;2026-03-15 00:00:00;2026-03-15 00:00:00;;;;;;;;;;;FOB;;CNY;;;;;Directo CR - Consorcio Ferretero San Jose S.A;89;EPA;OLO6;;;;;;;;XIAMEN, CHINA;CALDERA, COSTA RICA;;;;0;0;0;0;;;;;0.00;;BINTER TRADE LLC. (Dropship Cofersa);;2025-09-25 00:00:00;;;;;;false;;;;;;;;;;;;;;;;;;;;;;;false;;;
18772;1;6701816;draft;15651.20;pending;2025-09-25;USD;FOB;;;;;15651.20;;15651.20;;;;;0.00;0.00;0;;;;;;;;;;;;;;;;;;;;;;;;;;;;;;;;2026-03-19 15:24:25;2026-03-19 15:24:25;2;;680;;;;"""[\""Standard\""]""";0.00;0.00;0.00;;;false;;;false;;CO4;;;;;false;false;false;false;false;false;false;false;false;;;2026-04-01 00:00:00;2026-04-01 00:00:00;;;;;;;;;;;FOB;;CNY;;;;;Directo CR - Consorcio Ferretero San Jose S.A;89;EPA;OLO6;;;;;;;;XIAMEN, CHINA;CALDERA, COSTA RICA;;;;0;0;0;0;;;;;0.00;;BINTER TRADE LLC. (Dropship Cofersa);;2025-09-25 00:00:00;;;;;;false;;;;;;;;;;;;;;;;;;;;;;;false;;;
18773;1;6701817;draft;12900.00;pending;2025-09-26;USD;FOB;;;;;12900.00;;12900.00;;;;;0.00;0.00;0;;;;;;;;;;;;;;;;;;;;;;;;;;;;;;;;2026-03-19 15:24:25;2026-03-19 15:24:25;2;;680;;;;"""[\""Standard\""]""";0.00;0.00;0.00;;;false;;;false;;FE1;;;;;false;false;false;false;false;false;false;false;false;;;2025-12-10 00:00:00;2025-12-10 00:00:00;;;;;;;;;;;FOB;;CNY;;;;;Directo VE - Febeca, C.A.;89;EPA;OLO6;;;;;;;;XIAMEN, CHINA;LA GUAIRA, VENEZUELA;;;;0;0;0;0;;;;;0.00;;BINTER TRADE LLC. (Dropship FEBECA - VE);;2025-09-26 00:00:00;;;;;;false;;;;;;;;;;;;;;;;;;;;;;;false;;;
18774;1;6701818;draft;15375.00;pending;2025-09-26;USD;FOB;;;;;15375.00;;15375.00;;;;;0.00;0.00;0;;;;;;;;;;;;;;;;;;;;;;;;;;;;;;;;2026-03-19 15:24:25;2026-03-19 15:24:25;10;;680;;;;"""[\""Standard\""]""";0.00;0.00;0.00;;;false;;;false;;fe2;;;;;false;false;false;false;false;false;false;false;false;;;2025-12-10 00:00:00;2025-12-10 00:00:00;;;;;;;;;2025-12-22 00:00:00;;CIF;FOB;CNY;;;;;Directo VE - Febeca, C.A.;89;EPA;OLO6;;-- N/A --;ST20250806-FE2Z;;7234;101462;;XIAMEN, CHINA;LA GUAIRA, VENEZUELA;15375.00;;;0;0;0;0;;;;;0.00;;BINTER TRADE LLC. (Dropship FEBECA - VE);;2025-09-26 00:00:00;;;;;;false;;;;;;;;;;;;;;;;;;;;;;;false;;;
18775;1;6701819;draft;15375.00;pending;2025-09-26;USD;FOB;;;;;15375.00;;15375.00;;;;;0.00;0.00;0;;;;;;;;;;;;;;;;;;;;;;;;;;;;;;;;2026-03-19 15:24:25;2026-03-19 15:24:25;2;;680;;;;"""[\""Standard\""]""";0.00;0.00;0.00;;;false;;;false;;fe3;;;;;false;false;false;false;false;false;false;false;false;;;2026-03-30 00:00:00;2026-03-30 00:00:00;;;;;;;;;;;FOB;;CNY;;;;;Directo VE - Febeca, C.A.;89;EPA;OLO6;;;;;;;;XIAMEN, CHINA;LA GUAIRA, VENEZUELA;;;;0;0;0;0;;;;;0.00;;BINTER TRADE LLC. (Dropship FEBECA - VE);;2025-09-26 00:00:00;;;;;;false;;;;;;;;;;;;;;;;;;;;;;;false;;;
18776;1;6701824;draft;18758.60;pending;2025-09-26;USD;FOB;;;;;18758.60;;18758.60;;;;;0.00;0.00;0;;;;;;;;;;;;;;;;;;;;;;;;;;;;;;;;2026-03-19 15:24:25;2026-03-19 15:24:25;5;;705;;;;"""[\""Standard\""]""";0.00;0.00;0.00;;;false;;;false;;PI3SV CNY;;;;;false;false;false;false;false;false;false;true;false;;;2026-02-15 00:00:00;2026-02-15 00:00:00;;;;;;;;;2026-01-23 00:00:00;;FOB;FOB;MIXTO;;;;;Directo SV - FERRETERIA EPA, S.A. DE C.V.;83;EPA;OLO6;;-- N/A --;TX-250966B;;7485;101732;;JIANGMEN, CHINA;ACAJUTLA, EL SALVADOR;18758.60;;;0;0;0;0;;;;;0.00;;BINTER TRADE LLC. (Dropship SV);;2025-09-26 00:00:00;;;;;;false;;;;;;;;;;;;;;;;;;;;;;;false;;;
18777;1;6701827;draft;11199.16;pending;2025-09-30;USD;FOB;;;;;11199.16;;11199.16;;;;;0.00;0.00;0;;;;;;;;;;;;;;;;;;;;;;;;;;;;;;;;2026-03-19 15:24:25;2026-03-19 15:24:25;5;;680;;;;"""[\""Standard\""]""";0.00;0.00;0.00;;;false;;;false;;FE4;;;;;false;false;false;false;false;false;false;false;false;;;2025-11-30 00:00:00;2025-11-30 00:00:00;;;;;;;;;2025-12-18 00:00:00;;CIF;FOB;CNY;;;;;Directo VE - Febeca, C.A.;89;EPA;OLO6;;-- N/A --;ST20250806-FE4;;7210;101436;;XIAMEN, CHINA;LA GUAIRA, VENEZUELA;11199.16;;;0;0;0;0;;;;;0.00;;BINTER TRADE LLC. (Dropship FEBECA - VE);;2025-09-30 00:00:00;;;;;;false;;;;;;;;;;;;;;;;;;;;;;;false;;;
18778;1;6701828;draft;11242.40;pending;2025-09-30;USD;FOB;;;;;11242.40;;11242.40;;;;;0.00;0.00;0;;;;;;;;;;;;;;;;;;;;;;;;;;;;;;;;2026-03-19 15:24:25;2026-03-19 15:24:25;5;;680;;;;"""[\""Standard\""]""";0.00;0.00;0.00;;;false;;;false;;FE5;;;;;false;false;false;false;false;false;false;false;false;;;2025-12-10 00:00:00;2025-12-10 00:00:00;;;;;;;;;2026-02-13 00:00:00;;CIF;FOB;CNY;;;;;Directo VE - Febeca, C.A.;89;EPA;OLO6;;-- N/A --;ST20250928-FE5;;7574;101823;;XIAMEN, CHINA;LA GUAIRA, VENEZUELA;11242.40;;;0;0;0;0;;;;;0.00;;BINTER TRADE LLC. (Dropship FEBECA - VE);;2025-09-30 00:00:00;;;;;;false;;;;;;;;;;;;;;;;;;;;;;;false;;;
18779;1;6701829;draft;11242.40;pending;2025-09-30;USD;FOB;;;;;11242.40;;11242.40;;;;;0.00;0.00;0;;;;;;;;;;;;;;;;;;;;;;;;;;;;;;;;2026-03-19 15:24:25;2026-03-19 15:24:25;5;;680;;;;"""[\""Standard\""]""";0.00;0.00;0.00;;;false;;;false;;FE6;;;;;false;false;false;false;false;false;false;false;false;;;2025-12-15 00:00:00;2025-12-15 00:00:00;;;;;;;;;2026-02-11 00:00:00;;CIF;FOB;CNY;;;;;Directo VE - Febeca, C.A.;89;EPA;OLO6;;-- N/A --;ST20250928-FE6;;7564;101815;;XIAMEN, CHINA;LA GUAIRA, VENEZUELA;11242.40;;;0;0;0;0;;;;;0.00;;BINTER TRADE LLC. (Dropship FEBECA - VE);;2025-09-30 00:00:00;;;;;;false;;;;;;;;;;;;;;;;;;;;;;;false;;;
18780;1;6701831;draft;25884.32;pending;2025-09-30;USD;FOB;;;;;25884.32;;25884.32;;;;;0.00;0.00;0;;;;;;;;;;;;;;;;;;;;;;;;;;;;;;;;2026-03-19 15:24:25;2026-03-19 15:24:25;5;;685;;;;"""[\""Standard\""]""";0.00;0.00;0.00;;;false;;;false;;CR;;;;;false;false;false;false;false;false;false;false;false;;;2025-12-10 00:00:00;2025-12-10 00:00:00;;;;;;;;;2026-01-22 00:00:00;;FOB;FOB;CNY;;;;;Directo CR - FERRETERIA EPA, S.A.;82;EPA;OLO6;;-- N/A --;LAIRA25012;;7442;101687;;SHANGHAI, CHINA;CALDERA, COSTA RICA;25884.32;;;0;0;0;0;;;;;0.00;;BINTER TRADE LLC. (Dropship CR);;2025-09-30 00:00:00;;;;;;false;;;;;;;;;;;;;;;;;;;;;;;false;;;
18781;1;6701834;draft;11242.40;pending;2025-09-30;USD;FOB;;;;;11242.40;;11242.40;;;;;0.00;0.00;0;;;;;;;;;;;;;;;;;;;;;;;;;;;;;;;;2026-03-19 15:24:25;2026-03-19 15:24:25;2;;680;;;;"""[\""Standard\""]""";0.00;0.00;0.00;;;false;;;false;;FE6;;;;;false;false;false;false;false;false;false;false;false;;;2026-03-10 00:00:00;2026-03-10 00:00:00;;;;;;;;;;;FOB;;CNY;;;;;Directo VE - Febeca, C.A.;89;EPA;OLO6;;;;;;;;XIAMEN, CHINA;LA GUAIRA, VENEZUELA;;;;0;0;0;0;;;;;0.00;;BINTER TRADE LLC. (Dropship FEBECA - VE);;2025-09-30 00:00:00;;;;;;false;;;;;;;;;;;;;;;;;;;;;;;false;;;
18782;1;6701835;draft;11242.40;pending;2025-09-30;USD;FOB;;;;;11242.40;;11242.40;;;;;0.00;0.00;0;;;;;;;;;;;;;;;;;;;;;;;;;;;;;;;;2026-03-19 15:24:25;2026-03-19 23:00:04;2;;680;;;;"""[\""Standard\""]""";0.00;0.00;0.00;v36h3phKvqBZvOBDClczEquEWtBQ6Z1g5tKehArhIlJpJcyJeFkk3RQOupYKkeBa;2026-03-22 23:00:04;false;;;false;;FE5;;;;;false;false;false;false;false;false;false;false;false;;;2026-03-20 00:00:00;2026-03-20 00:00:00;;;;;;;;;;;FOB;;CNY;;;;;Directo VE - Febeca, C.A.;89;EPA;OLO6;;;;;;;;XIAMEN, CHINA;LA GUAIRA, VENEZUELA;;;;0;0;0;0;;;;;0.00;;BINTER TRADE LLC. (Dropship FEBECA - VE);;2025-09-30 00:00:00;;;;;;false;;;;;;;;;;;;;;;;;;;;;;;false;;;
18783;1;6701836;draft;11753.70;pending;2025-09-30;USD;FOB;;;;;11753.70;;11753.70;;;;;0.00;0.00;0;;;;;;;;;;;;;;;;;;;;;;;;;;;;;;;;2026-03-19 15:24:25;2026-03-19 15:24:25;5;;680;;;;"""[\""Standard\""]""";0.00;0.00;0.00;;;false;;;false;;FE9;;;;;false;false;false;false;false;false;false;false;false;;;2025-12-10 00:00:00;2025-12-10 00:00:00;;;;;;;;;2025-12-18 00:00:00;;CIF;FOB;CNY;;;;;Directo VE - Febeca, C.A.;89;EPA;OLO6;;-- N/A --;ST20250806-FE9;;7215;101443;;XIAMEN, CHINA;LA GUAIRA, VENEZUELA;11753.70;;;0;0;0;0;;;;;0.00;;BINTER TRADE LLC. (Dropship FEBECA - VE);;2025-09-30 00:00:00;;;;;;false;;;;;;;;;;;;;;;;;;;;;;;false;;;
18784;1;6701837;draft;10353.00;pending;2025-09-30;USD;FOB;;;;;10353.00;;10353.00;;;;;0.00;0.00;0;;;;;;;;;;;;;;;;;;;;;;;;;;;;;;;;2026-03-19 15:24:25;2026-03-19 15:24:25;5;;680;;;;"""[\""Standard\""]""";0.00;0.00;0.00;;;false;;;false;;FE10;;;;;false;false;false;false;false;false;false;false;false;;;2025-12-10 00:00:00;2025-12-10 00:00:00;;;;;;;;;2026-01-23 00:00:00;;CIF;FOB;CNY;;;;;Directo VE - Febeca, C.A.;89;EPA;OLO6;;-- N/A --;ST20250928-GT10;;7467;101711;;XIAMEN, CHINA;LA GUAIRA, VENEZUELA;12999.00;;;0;0;0;0;;;;;0.00;;BINTER TRADE LLC. (Dropship FEBECA - VE);;2025-09-30 00:00:00;;;;;;false;;;;;;;;;;;;;;;;;;;;;;;false;;;
18785;1;6701838;draft;11753.70;pending;2025-09-30;USD;FOB;;;;;11753.70;;11753.70;;;;;0.00;0.00;0;;;;;;;;;;;;;;;;;;;;;;;;;;;;;;;;2026-03-19 15:24:25;2026-03-19 15:24:25;2;;680;;;;"""[\""Standard\""]""";0.00;0.00;0.00;;;false;;;false;;FE11;;;;;false;false;false;false;false;false;false;false;false;;;2026-03-10 00:00:00;2026-03-10 00:00:00;;;;;;;;;;;FOB;;CNY;;;;;Directo VE - Febeca, C.A.;89;EPA;OLO6;;;;;;;;XIAMEN, CHINA;LA GUAIRA, VENEZUELA;;;;0;0;0;0;;;;;0.00;;BINTER TRADE LLC. (Dropship FEBECA - VE);;2025-09-30 00:00:00;;;;;;false;;;;;;;;;;;;;;;;;;;;;;;false;;;
18786;1;6701839;draft;349.20;pending;2025-09-30;USD;FOB;;;;;349.20;;349.20;;;;;0.00;0.00;0;;;;;;;;;;;;;;;;;;;;;;;;;;;;;;;;2026-03-19 15:24:26;2026-03-19 15:24:26;2;;706;;;;"""[\""Standard\""]""";0.00;0.00;0.00;;;false;;;false;;Uso interno en lugar de 6700841;;;;;false;false;false;false;false;false;false;false;false;;;2026-04-01 00:00:00;2026-04-01 00:00:00;;;;;;;;;;;FOB;FOB;C/ FACTURA;;;;;Directo CR - FERRETERIA EPA, S.A.;85;EPA;OLO6;;;;;;;;SHANGHAI, CHINA;CALDERA, COSTA RICA;;;;0;0;0;0;;;;;0.00;;BINTER TRADE LLC. (Dropship CR);;2025-09-30 00:00:00;;;;;;false;;;;;;;;;;;;;;;;;;;;;;;false;;;
18787;1;6701840;draft;24363.00;pending;2025-09-30;USD;FOB;;;;;24363.00;;24363.00;;;;;0.00;0.00;0;;;;;;;;;;;;;;;;;;;;;;;;;;;;;;;;2026-03-19 15:24:26;2026-03-19 15:24:26;10;;707;;;;"""[\""Standard\""]""";0.00;0.00;0.00;;;false;;;false;;CR Sept 25 CNY #1;;;;;false;false;false;false;false;false;false;false;false;;;2025-12-01 00:00:00;2025-12-01 00:00:00;;;;;;;;;2026-03-03 00:00:00;;FOB;FOB;CNY;;;;;Directo CR - FERRETERIA EPA, S.A.;85;EPA;OLO6;;-- N/A --;2509167-1;;7621;101880;;SHENZHEN, CHINA;ALAJUELA, COSTA RICA;24363.00;;;0;0;0;0;;;;;0.00;;BINTER TRADE LLC. (Dropship CR);;2025-09-30 00:00:00;;;;;;false;;;;;;;;;;;;;;;;;;;;;;;false;;;
18788;1;6701841;draft;24363.00;pending;2025-09-30;USD;FOB;;;;;24363.00;;24363.00;;;;;0.00;0.00;0;;;;;;;;;;;;;;;;;;;;;;;;;;;;;;;;2026-03-19 15:24:26;2026-03-19 15:24:26;10;;707;;;;"""[\""Standard\""]""";0.00;0.00;0.00;;;false;;;false;;CR Sept 25 CNY #2;;;;;false;false;false;false;false;false;false;false;false;;;2025-12-01 00:00:00;2025-12-01 00:00:00;;;;;;;;;2026-03-03 00:00:00;;FOB;FOB;CNY;;;;;Directo CR - FERRETERIA EPA, S.A.;85;EPA;OLO6;;-- N/A --;2509167-2;;7622;101881;;SHENZHEN, CHINA;ALAJUELA, COSTA RICA;24363.00;;;0;0;0;0;;;;;0.00;;BINTER TRADE LLC. (Dropship CR);;2025-09-30 00:00:00;;;;;;false;;;;;;;;;;;;;;;;;;;;;;;false;;;
18789;1;6701842;draft;24363.00;pending;2025-09-30;USD;FOB;;;;;24363.00;;24363.00;;;;;0.00;0.00;0;;;;;;;;;;;;;;;;;;;;;;;;;;;;;;;;2026-03-19 15:24:26;2026-03-19 15:24:26;2;;707;;;;"""[\""Standard\""]""";0.00;0.00;0.00;;;false;;;false;;CR Sept 25 CNY #3;;;;;false;false;false;false;false;false;false;false;false;;;2026-03-02 00:00:00;2026-03-02 00:00:00;;;;;;;;;;;FOB;FOB;CNY;;;;;Directo CR - FERRETERIA EPA, S.A.;85;EPA;OLO6;;;;;;;;SHENZHEN, CHINA;ALAJUELA, COSTA RICA;;;;0;0;0;0;;;;;0.00;;BINTER TRADE LLC. (Dropship CR);;2025-09-30 00:00:00;;;;;;false;;;;;;;;;;;;;;;;;;;;;;;false;;;
18790;1;6701843;draft;21296.00;pending;2025-09-30;USD;FOB;;;;;21296.00;;21296.00;;;;;0.00;0.00;0;;;;;;;;;;;;;;;;;;;;;;;;;;;;;;;;2026-03-19 15:24:26;2026-03-19 15:24:26;5;;707;;;;"""[\""Standard\""]""";0.00;0.00;0.00;;;false;;;false;;GL SV Sept 25 CNY #4;;;;;false;false;false;false;false;false;false;false;false;;;2025-12-01 00:00:00;2025-12-01 00:00:00;;;;;;;;;2026-03-09 00:00:00;;FOB;EXW;CNY;;;;;GL SV - FERRETERIA EPA, S.A. DE C.V.;85;EPA;OLO6;;-- N/A --;2509167-3;;7640;101901;;SHENZHEN, CHINA;SAN SALVADOR, EL SALVADOR;21296.00;;;0;0;0;0;;;;;0.00;;BINTER TRADE LLC. (Zona Franca SV);;2025-09-30 00:00:00;;;;;;false;;;;;;;;;;;;;;;;;;;;;;;false;;;
18791;1;6701844;draft;23524.00;pending;2025-09-30;USD;FOB;;;;;23524.00;;23524.00;;;;;0.00;0.00;0;;;;;;;;;;;;;;;;;;;;;;;;;;;;;;;;2026-03-19 15:24:26;2026-03-19 15:24:26;5;;707;;;;"""[\""Standard\""]""";0.00;0.00;0.00;;;false;;;false;;SV Sept 25 CNY #5;;;;;false;false;false;false;false;false;false;false;false;;;2025-12-01 00:00:00;2025-12-01 00:00:00;;;;;;;;;2026-03-02 00:00:00;;FOB;FOB;CNY;;;;;Directo SV - FERRETERIA EPA, S.A. DE C.V.;85;EPA;OLO6;;-- N/A --;2509167-4;;7625;101877;;SHENZHEN, CHINA;SAN SALVADOR, EL SALVADOR;23524.00;;;0;0;0;0;;;;;0.00;;BINTER TRADE LLC. (Dropship SV);;2025-09-30 00:00:00;;;;;;false;;;;;;;;;;;;;;;;;;;;;;;false;;;
18792;1;6701851;draft;9273.56;pending;2025-10-03;USD;FOB;;;;;9273.56;;9273.56;;;;;0.00;0.00;0;;;;;;;;;;;;;;;;;;;;;;;;;;;;;;;;2026-03-19 15:24:26;2026-03-19 15:24:26;10;;708;;;;"""[\""Standard\""]""";0.00;0.00;0.00;;;false;;;false;;CR;;;;;false;false;true;false;false;false;false;false;false;;;2025-11-15 00:00:00;2025-11-15 00:00:00;;;;;;;;;2026-01-12 00:00:00;;FOB;FOB;CNY;;;;;Directo CR - FERRETERIA EPA, S.A.;82;EPA;OLO6;;-- N/A --;25122801SD;;7338;101564;;NANSHA, CHINA;CALDERA, COSTA RICA;9273.56;;;0;0;0;0;;;;;0.00;;BINTER TRADE LLC. (Dropship CR);;2025-10-03 00:00:00;;;;;;false;;;;;;;;;;;;;;;;;;;;;;;false;;;
18793;1;6701852;draft;11630.56;pending;2025-10-03;USD;FOB;;;;;11630.56;;11630.56;;;;;0.00;0.00;0;;;;;;;;;;;;;;;;;;;;;;;;;;;;;;;;2026-03-19 15:24:26;2026-03-19 15:24:26;10;;708;;;;"""[\""Standard\""]""";0.00;0.00;0.00;;;false;;;false;;ZF;;;;;false;false;false;false;false;false;false;false;false;;;2025-11-15 00:00:00;2025-11-15 00:00:00;;;;;;;;;2026-03-17 00:00:00;;;;CNY;;;;;ZF - OVERSEAS LOGISTICS OPERATIONS;82;EPA;OLO6;;52026173761;25123002SD;;7443;101952;;NANSHA, CHINA;CALDERA, COSTA RICA;11630.56;;;0;0;0;0;;;;;0.00;;BINTER TRADE LLC. (ZF);;2025-10-03 00:00:00;;;;;;false;;;;;;;;;;;;;;;;;;;;;;;false;;;
18794;1;6701853;draft;22016.28;pending;2025-10-03;USD;FOB;;;;;22016.28;;22016.28;;;;;0.00;0.00;0;;;;;;;;;;;;;;;;;;;;;;;;;;;;;;;;2026-03-19 15:24:26;2026-03-19 15:24:26;10;;708;;;;"""[\""Standard\""]""";0.00;0.00;0.00;;;false;;;false;;ZF;;;;;false;false;false;false;false;false;false;false;false;;;2025-11-15 00:00:00;2025-11-15 00:00:00;;;;;;;;;2026-03-13 00:00:00;;FOB;FOB;CNY;;;;;ZF - OVERSEAS LOGISTICS OPERATIONS;82;EPA;OLO6;;52026167923;25123003SD;;7447;101930;;NANSHA, CHINA;CALDERA, COSTA RICA;22016.28;;;0;0;0;0;;;;;0.00;;BINTER TRADE LLC. (ZF);;2025-10-03 00:00:00;;;;;;false;;;;;;;;;;;;;;;;;;;;;;;false;;;
18795;1;6701854;draft;8455.36;pending;2025-10-03;USD;FOB;;;;;8455.36;;8455.36;;;;;0.00;0.00;0;;;;;;;;;;;;;;;;;;;;;;;;;;;;;;;;2026-03-19 15:24:26;2026-03-19 15:24:26;2;;708;;;;"""[\""Standard\""]""";0.00;0.00;0.00;;;false;;;false;;CR;;;;;false;false;true;false;false;false;false;false;false;;;2026-02-28 00:00:00;2026-02-28 00:00:00;;;;;;;;;;;FOB;FOB;CNY;;;;;Directo CR - FERRETERIA EPA, S.A.;82;EPA;OLO6;;;;;;;;NANSHA, CHINA;CALDERA, COSTA RICA;;;;0;0;0;0;;;;;0.00;;BINTER TRADE LLC. (Dropship CR);;2025-10-03 00:00:00;;;;;;false;;;;;;;;;;;;;;;;;;;;;;;false;;;
18796;1;6701855;draft;12794.52;pending;2025-10-03;USD;FOB;;;;;12794.52;;12794.52;;;;;0.00;0.00;0;;;;;;;;;;;;;;;;;;;;;;;;;;;;;;;;2026-03-19 15:24:26;2026-03-19 15:24:26;2;;708;;;;"""[\""Standard\""]""";0.00;0.00;0.00;;;false;;;false;;ZF;;;;;false;false;false;false;false;false;false;false;false;;;2026-02-28 00:00:00;2026-02-28 00:00:00;;;;;;;;;;;;;CNY;;;;;ZF - OVERSEAS LOGISTICS OPERATIONS;82;EPA;OLO6;;;;;;;;NANSHA, CHINA;CALDERA, COSTA RICA;;;;0;0;0;0;;;;;0.00;;BINTER TRADE LLC. (ZF);;2025-10-03 00:00:00;;;;;;false;;;;;;;;;;;;;;;;;;;;;;;false;;;
18797;1;6701857;draft;11440.00;pending;2025-10-08;USD;FOB;;;;;11440.00;;11440.00;;;;;0.00;0.00;0;;;;;;;;;;;;;;;;;;;;;;;;;;;;;;;;2026-03-19 15:24:26;2026-03-19 15:24:26;5;;631;;;;"""[\""Standard\""]""";0.00;0.00;0.00;;;false;;;false;;SV1;;;;;false;false;false;false;false;false;false;false;false;;;2025-12-12 00:00:00;2025-12-12 00:00:00;;;;;;;;;2026-02-02 00:00:00;;FOB;FOB;PROMOCIÓN;;;;;Directo SV - FERRETERIA EPA, S.A. DE C.V.;89;EPA;OLO6;;-- N/A --;XFH260112;;7508;101759;;QINGDAO, CHINA;ACAJUTLA, EL SALVADOR;11440.00;;;0;0;0;0;;;;;0.00;;BINTER TRADE LLC. (Dropship SV);;2025-10-08 00:00:00;;;;;;false;;;;;;;;;;;;;;;;;;;;;;;false;;;
18798;1;6701858;draft;11440.00;pending;2025-10-08;USD;FOB;;;;;11440.00;;11440.00;;;;;0.00;0.00;0;;;;;;;;;;;;;;;;;;;;;;;;;;;;;;;;2026-03-19 15:24:26;2026-03-19 15:24:26;5;;631;;;;"""[\""Standard\""]""";0.00;0.00;0.00;;;false;;;false;;SV2;;;;;false;false;false;false;false;false;false;false;false;;;2025-12-12 00:00:00;2025-12-12 00:00:00;;;;;;;;;2026-02-02 00:00:00;;FOB;FOB;PROMOCIÓN;;;;;Directo SV - FERRETERIA EPA, S.A. DE C.V.;89;EPA;OLO6;;-- N/A --;XFH260114;;7509;101760;;QINGDAO, CHINA;ACAJUTLA, EL SALVADOR;11440.00;;;0;0;0;0;;;;;0.00;;BINTER TRADE LLC. (Dropship SV);;2025-10-08 00:00:00;;;;;;false;;;;;;;;;;;;;;;;;;;;;;;false;;;
18799;1;6701859;draft;11440.00;pending;2025-10-08;USD;FOB;;;;;11440.00;;11440.00;;;;;0.00;0.00;0;;;;;;;;;;;;;;;;;;;;;;;;;;;;;;;;2026-03-19 15:24:26;2026-03-19 15:24:26;5;;631;;;;"""[\""Standard\""]""";0.00;0.00;0.00;;;false;;;false;;SV3;;;;;false;false;false;false;false;false;false;false;false;;;2025-12-12 00:00:00;2025-12-12 00:00:00;;;;;;;;;2026-01-23 00:00:00;;FOB;FOB;PROMOCIÓN;;;;;Directo SV - FERRETERIA EPA, S.A. DE C.V.;89;EPA;OLO6;;-- N/A --;XFH260121;;7478;101700;;QINGDAO, CHINA;ACAJUTLA, EL SALVADOR;11440.00;;;0;0;0;0;;;;;0.00;;BINTER TRADE LLC. (Dropship SV);;2025-10-08 00:00:00;;;;;;false;;;;;;;;;;;;;;;;;;;;;;;false;;;
18800;1;6701860;draft;37288.60;pending;2025-10-09;USD;FOB;;;;;37288.60;;37288.60;;;;;0.00;0.00;0;;;;;;;;;;;;;;;;;;;;;;;;;;;;;;;;2026-03-19 15:24:26;2026-03-19 15:24:26;5;;709;;;;"""[\""Standard\""]""";0.00;0.00;0.00;;;false;;;false;;Directo CR Sept 25 CNY #1;;;;;false;false;false;false;false;false;false;false;false;;;2026-01-20 00:00:00;2026-01-20 00:00:00;;;;;;;;;2026-03-10 00:00:00;;FOB;FOB;CNY;;;;;Directo CR - FERRETERIA EPA, S.A.;85;EPA;OLO6;;-- N/A --;25CB0349A;;7650;101909;;NANSHA, CHINA;ALAJUELA, COSTA RICA;37288.60;;;0;0;0;0;;;;;0.00;;BINTER TRADE LLC. (Dropship CR);;2025-10-09 00:00:00;;;;;;false;;;;;;;;;;;;;;;;;;;;;;;false;;;
18801;1;6701861;draft;36859.06;pending;2025-10-09;USD;FOB;;;;;36859.06;;36859.06;;;;;0.00;0.00;0;;;;;;;;;;;;;;;;;;;;;;;;;;;;;;;;2026-03-19 15:24:26;2026-03-19 15:24:26;5;;709;;;;"""[\""Standard\""]""";0.00;0.00;0.00;;;false;;;false;;Directo CR Sept 25 CNY #2;;;;;false;false;false;false;false;false;false;false;false;;;2026-01-20 00:00:00;2026-01-20 00:00:00;;;;;;;;;2026-03-10 00:00:00;;FOB;FOB;CNY;;;;;Directo CR - FERRETERIA EPA, S.A.;85;EPA;OLO6;;-- N/A --;25CB0350A;;7651;101910;;NANSHA, CHINA;ALAJUELA, COSTA RICA;36859.06;;;0;0;0;0;;;;;0.00;;BINTER TRADE LLC. (Dropship CR);;2025-10-09 00:00:00;;;;;;false;;;;;;;;;;;;;;;;;;;;;;;false;;;
18802;1;6701862;draft;31274.16;pending;2025-10-09;USD;FOB;;;;;31274.16;;31274.16;;;;;0.00;0.00;0;;;;;;;;;;;;;;;;;;;;;;;;;;;;;;;;2026-03-19 15:24:26;2026-03-19 15:24:26;3;;709;;;;"""[\""Standard\""]""";0.00;0.00;0.00;;;false;;;false;;Directo GT Sept 25 CNY #3;;;;;false;false;false;false;false;false;false;false;false;;;2026-03-01 00:00:00;2026-03-01 00:00:00;;;;;;;;;;;FOB;FOB;CNY;;;;;Directo GT - FERRETERIA EPA, S.A. (Guatemala);85;EPA;OLO6;;;;;;;;NANSHA, CHINA;CIUDAD DE GUATEMALA, GUATEMALA;;;;0;0;0;0;;;;;0.00;;BINTER TRADE LLC. (Dropship GT);;2025-10-09 00:00:00;;;;;;false;;;;;;;;;;;;;;;;;;;;;;;false;;;
18803;1;6701863;draft;33819.00;pending;2025-10-09;USD;FOB;;;;;33819.00;;33819.00;;;;;0.00;0.00;0;;;;;;;;;;;;;;;;;;;;;;;;;;;;;;;;2026-03-19 15:24:26;2026-03-19 15:24:26;3;;709;;;;"""[\""Standard\""]""";0.00;0.00;0.00;;;false;;;false;;Directo SV Sept 25 CNY #4;;;;;false;false;false;false;false;false;false;false;false;;;2026-03-01 00:00:00;2026-03-01 00:00:00;;;;;;;;;;;FOB;FOB;CNY;;;;;Directo SV - FERRETERIA EPA, S.A. DE C.V.;85;EPA;OLO6;;;;;;;;YANTIAN, CHINA;SAN SALVADOR, EL SALVADOR;;;;0;0;0;0;;;;;0.00;;BINTER TRADE LLC. (Dropship SV);;2025-10-09 00:00:00;;;;;;false;;;;;;;;;;;;;;;;;;;;;;;false;;;
18804;1;6701864;draft;17451.08;pending;2025-10-16;USD;FOB;;;;;17451.08;;17451.08;;;;;0.00;0.00;0;;;;;;;;;;;;;;;;;;;;;;;;;;;;;;;;2026-03-19 15:24:26;2026-03-19 15:24:26;5;;683;;;;"""[\""Standard\""]""";0.00;0.00;0.00;;;false;;;false;;Febeca;;;;;false;false;false;false;false;false;false;false;false;;;2025-12-01 00:00:00;2025-12-01 00:00:00;;;;;;;;;2026-02-25 00:00:00;;CIF;FOB;PEDIDO COMPRA;;;;;Directo VE - Febeca, C.A.;82;EPA;OLO6;;-- N/A --;ANK202550-1;;7619;101870;;SHANGHAI, CHINA;LA GUAIRA, VENEZUELA;17451.08;;;0;0;0;0;;;;;0.00;;BINTER TRADE LLC. (Dropship FEBECA - VE);;2025-10-16 00:00:00;;;;;;false;;;;;;;;;;;;;;;;;;;;;;;false;;;
18805;1;6701865;draft;23416.50;pending;2025-10-16;USD;FOB;;;;;23416.50;;23416.50;;;;;0.00;0.00;0;;;;;;;;;;;;;;;;;;;;;;;;;;;;;;;;2026-03-19 15:24:26;2026-03-19 15:24:26;5;;682;;;;"""[\""Standard\""]""";0.00;0.00;0.00;;;false;;;false;;Febeca;;;;;false;false;false;false;false;false;false;false;false;;;2025-12-01 00:00:00;2025-12-01 00:00:00;;;;;;;;;2026-02-25 00:00:00;;CIF;FOB;PEDIDO COMPRA;;;;;Directo VE - Febeca, C.A.;82;EPA;OLO6;;-- N/A --;ANK202550-2;;7619;101871;;SHANGHAI, CHINA;LA GUAIRA, VENEZUELA;23416.50;;;0;0;0;0;;;;;0.00;;BINTER TRADE LLC. (Dropship FEBECA - VE);;2025-10-16 00:00:00;;;;;;false;;;;;;;;;;;;;;;;;;;;;;;false;;;
18806;1;6701870;draft;20958.00;pending;2025-10-09;USD;FOB;;;;;20958.00;;20958.00;;;;;0.00;0.00;0;;;;;;;;;;;;;;;;;;;;;;;;;;;;;;;;2026-03-19 15:24:26;2026-03-19 15:24:26;5;;698;;;;"""[\""Standard\""]""";0.00;0.00;0.00;;;false;;;false;;EK-W251003-062E;;;;;false;false;false;false;false;false;false;false;false;;;2026-03-03 00:00:00;2026-03-03 00:00:00;;;;;;;;;2026-03-16 00:00:00;;FOB;FOB;CNY;;;;;Directo CR - FERRETERIA EPA, S.A.;82;EPA;OLO6;;-- N/A --;EK-W260301;;7675;101946;;TIANJIN, CHINA;CALDERA, COSTA RICA;20958.00;;;0;0;0;0;;;;;0.00;;BINTER TRADE LLC. (Dropship CR);;2025-10-09 00:00:00;;;;;;false;;;;;;;;;;;;;;;;;;;;;;;false;;;
18807;1;6701871;draft;16451.10;pending;2025-10-09;USD;FOB;;;;;16451.10;;16451.10;;;;;0.00;0.00;0;;;;;;;;;;;;;;;;;;;;;;;;;;;;;;;;2026-03-19 15:24:26;2026-03-19 15:24:26;5;;698;;;;"""[\""Standard\""]""";0.00;0.00;0.00;;;false;;;false;;EK-W251003-062F;;;;;false;false;false;false;false;false;false;false;false;;;2026-03-03 00:00:00;2026-03-03 00:00:00;;;;;;;;;;;CIF;FOB;CNY;;;;;Directo VE - FERRETERIA EPA, C.A.;82;EPA;OLO6;;;;;;;;TIANJIN, CHINA;PUERTO CABELLO, VENEZUELA;;;;0;0;0;0;;;;;0.00;;BINTER TRADE LLC. (Dropship EPA - VE);;2025-10-09 00:00:00;;;;;;false;;;;;;;;;;;;;;;;;;;;;;;false;;;
18808;1;6701892;draft;4544.10;pending;2025-10-09;USD;FOB;;;;;4544.10;;4544.10;;;;;0.00;0.00;0;;;;;;;;;;;;;;;;;;;;;;;;;;;;;;;;2026-03-19 15:24:26;2026-03-19 15:24:26;5;;710;;;;"""[\""Standard\""]""";0.00;0.00;0.00;;;false;;;false;;VE;;;;;false;false;false;false;false;false;false;false;false;;;2025-11-25 00:00:00;2025-11-25 00:00:00;;;;;;;;;2025-12-02 00:00:00;;CIF;FOB;CNY;;;;;Directo VE - FERRETERIA EPA, C.A.;82;EPA;OLO6;;-- N/A --;BA1892-3;;7052;101241;;FOSHAN, CHINA;PUERTO CABELLO, VENEZUELA;13632.30;;;0;0;0;0;;;;;0.00;;BINTER TRADE LLC. (Dropship EPA - VE);;2025-10-09 00:00:00;;;;;;false;;;;;;;;;;;;;;;;;;;;;;;false;;;
18809;1;6701893;draft;4544.10;pending;2025-10-09;USD;FOB;;;;;4544.10;;4544.10;;;;;0.00;0.00;0;;;;;;;;;;;;;;;;;;;;;;;;;;;;;;;;2026-03-19 15:24:26;2026-03-19 15:24:26;5;;710;;;;"""[\""Standard\""]""";0.00;0.00;0.00;;;false;;;false;;VE;;;;;false;false;false;false;false;false;false;false;false;;;2025-11-25 00:00:00;2025-11-25 00:00:00;;;;;;;;;2025-12-02 00:00:00;;CIF;FOB;CNY;;;;;Directo VE - FERRETERIA EPA, C.A.;82;EPA;OLO6;;-- N/A --;BA1892-3;;7052;101242;;FOSHAN, CHINA;PUERTO CABELLO, VENEZUELA;13632.30;;;0;0;0;0;;;;;0.00;;BINTER TRADE LLC. (Dropship EPA - VE);;2025-10-09 00:00:00;;;;;;false;;;;;;;;;;;;;;;;;;;;;;;false;;;
18810;1;6701894;draft;4544.10;pending;2025-10-09;USD;FOB;;;;;4544.10;;4544.10;;;;;0.00;0.00;0;;;;;;;;;;;;;;;;;;;;;;;;;;;;;;;;2026-03-19 15:24:26;2026-03-19 15:24:26;5;;710;;;;"""[\""Standard\""]""";0.00;0.00;0.00;;;false;;;false;;VE;;;;;false;false;false;false;false;false;false;false;false;;;2025-11-25 00:00:00;2025-11-25 00:00:00;;;;;;;;;2025-12-02 00:00:00;;CIF;FOB;CNY;;;;;Directo VE - FERRETERIA EPA, C.A.;82;EPA;OLO6;;-- N/A --;BA1892-3;;7052;101243;;FOSHAN, CHINA;PUERTO CABELLO, VENEZUELA;13632.30;;;0;0;0;0;;;;;0.00;;BINTER TRADE LLC. (Dropship EPA - VE);;2025-10-09 00:00:00;;;;;;false;;;;;;;;;;;;;;;;;;;;;;;false;;;
18811;1;6701898;draft;4807.00;pending;2025-10-09;USD;FOB;;;;;4807.00;;4807.00;;;;;0.00;0.00;0;;;;;;;;;;;;;;;;;;;;;;;;;;;;;;;;2026-03-19 15:24:26;2026-03-19 15:24:26;5;;710;;;;"""[\""Standard\""]""";0.00;0.00;0.00;;;false;;;false;;VE;;;;;false;false;false;false;false;false;false;false;false;;;2025-10-15 00:00:00;2025-10-15 00:00:00;;;;;;;;;2025-11-13 00:00:00;;CIF;FOB;CNY;;;;;Directo VE - FERRETERIA EPA, C.A.;82;EPA;OLO6;;-- N/A --;BA1898-4;;6899;101071;;FOSHAN, CHINA;PUERTO CABELLO, VENEZUELA;19228.00;;;0;0;0;0;;;;;0.00;;BINTER TRADE LLC. (Dropship EPA - VE);;2025-10-09 00:00:00;;;;;;false;;;;;;;;;;;;;;;;;;;;;;;false;;;
18812;1;6701899;draft;4807.00;pending;2025-10-09;USD;FOB;;;;;4807.00;;4807.00;;;;;0.00;0.00;0;;;;;;;;;;;;;;;;;;;;;;;;;;;;;;;;2026-03-19 15:24:26;2026-03-19 15:24:26;5;;710;;;;"""[\""Standard\""]""";0.00;0.00;0.00;;;false;;;false;;VE;;;;;false;false;false;false;false;false;false;false;false;;;2025-10-15 00:00:00;2025-10-15 00:00:00;;;;;;;;;2025-11-13 00:00:00;;CIF;FOB;CNY;;;;;Directo VE - FERRETERIA EPA, C.A.;82;EPA;OLO6;;-- N/A --;BA1898-4;;6899;101072;;FOSHAN, CHINA;PUERTO CABELLO, VENEZUELA;19228.00;;;0;0;0;0;;;;;0.00;;BINTER TRADE LLC. (Dropship EPA - VE);;2025-10-09 00:00:00;;;;;;false;;;;;;;;;;;;;;;;;;;;;;;false;;;
18813;1;6701904;draft;4807.00;pending;2025-10-09;USD;FOB;;;;;4807.00;;4807.00;;;;;0.00;0.00;0;;;;;;;;;;;;;;;;;;;;;;;;;;;;;;;;2026-03-19 15:24:26;2026-03-19 15:24:26;5;;710;;;;"""[\""Standard\""]""";0.00;0.00;0.00;;;false;;;false;;VE;;;;;false;false;false;false;false;false;false;false;false;;;2025-10-31 00:00:00;2025-10-31 00:00:00;;;;;;;;;2025-11-13 00:00:00;;CIF;FOB;CNY;;;;;Directo VE - FERRETERIA EPA, C.A.;82;EPA;OLO6;;-- N/A --;BA1898-4;;6899;101073;;FOSHAN, CHINA;PUERTO CABELLO, VENEZUELA;19228.00;;;0;0;0;0;;;;;0.00;;BINTER TRADE LLC. (Dropship EPA - VE);;2025-10-09 00:00:00;;;;;;false;;;;;;;;;;;;;;;;;;;;;;;false;;;
18814;1;6701905;draft;4807.00;pending;2025-10-09;USD;FOB;;;;;4807.00;;4807.00;;;;;0.00;0.00;0;;;;;;;;;;;;;;;;;;;;;;;;;;;;;;;;2026-03-19 15:24:26;2026-03-19 15:24:26;5;;710;;;;"""[\""Standard\""]""";0.00;0.00;0.00;;;false;;;false;;VE;;;;;false;false;false;false;false;false;false;false;false;;;2025-10-31 00:00:00;2025-10-31 00:00:00;;;;;;;;;2025-11-13 00:00:00;;CIF;FOB;CNY;;;;;Directo VE - FERRETERIA EPA, C.A.;82;EPA;OLO6;;-- N/A --;BA1898-4;;6899;101074;;FOSHAN, CHINA;PUERTO CABELLO, VENEZUELA;19228.00;;;0;0;0;0;;;;;0.00;;BINTER TRADE LLC. (Dropship EPA - VE);;2025-10-09 00:00:00;;;;;;false;;;;;;;;;;;;;;;;;;;;;;;false;;;
18815;1;6701964;draft;22726.30;pending;2025-10-09;USD;FOB;;;;;22726.30;;22726.30;;;;;0.00;0.00;0;;;;;;;;;;;;;;;;;;;;;;;;;;;;;;;;2026-03-19 15:24:26;2026-03-19 15:24:26;5;;711;;;;"""[\""Standard\""]""";0.00;0.00;0.00;;;false;;;false;;PI3VE;;;;;false;false;false;false;false;false;false;false;false;;;2025-12-01 00:00:00;2025-12-01 00:00:00;;;;;;;;;2025-12-17 00:00:00;;CIF;FOB;CNY;;;;;Directo VE - FERRETERIA EPA, C.A.;83;EPA;OLO6;;-- N/A --;SH25-1127;;7196;101421;;NINGBO, CHINA;PUERTO CABELLO, VENEZUELA;22726.30;;;0;0;0;0;;;;;0.00;;BINTER TRADE LLC. (Dropship EPA - VE);;2025-10-09 00:00:00;;;;;;false;;;;;;;;;;;;;;;;;;;;;;;false;;;
18816;1;6701965;draft;22726.30;pending;2025-10-09;USD;FOB;;;;;22726.30;;22726.30;;;;;0.00;0.00;0;;;;;;;;;;;;;;;;;;;;;;;;;;;;;;;;2026-03-19 15:24:26;2026-03-19 15:24:26;5;;711;;;;"""[\""Standard\""]""";0.00;0.00;0.00;;;false;;;false;;PI4VE;;;;;false;false;false;false;false;false;false;false;false;;;2025-12-15 00:00:00;2025-12-15 00:00:00;;;;;;;;;2025-12-22 00:00:00;;CIF;FOB;CNY;;;;;Directo VE - FERRETERIA EPA, C.A.;83;EPA;OLO6;;-- N/A --;SH25-1209;;7239;101467;;NINGBO, CHINA;PUERTO CABELLO, VENEZUELA;22726.30;;;0;0;0;0;;;;;0.00;;BINTER TRADE LLC. (Dropship EPA - VE);;2025-10-09 00:00:00;;;;;;false;;;;;;;;;;;;;;;;;;;;;;;false;;;
18817;1;6701966;draft;22726.30;pending;2025-10-09;USD;FOB;;;;;22726.30;;22726.30;;;;;0.00;0.00;0;;;;;;;;;;;;;;;;;;;;;;;;;;;;;;;;2026-03-19 15:24:27;2026-03-19 15:24:27;10;;711;;;;"""[\""Standard\""]""";0.00;0.00;0.00;;;false;;;false;;PI5VE;;;;;false;false;false;false;false;false;false;false;false;;;2026-01-30 00:00:00;2026-01-30 00:00:00;;;;;;;;;2026-01-23 00:00:00;;CIF;FOB;CNY;;;;;Directo VE - FERRETERIA EPA, C.A.;83;EPA;OLO6;;-- N/A --;SH26-0112;;7482;101704;;NINGBO, CHINA;PUERTO CABELLO, VENEZUELA;22726.30;;;0;0;0;0;;;;;0.00;;BINTER TRADE LLC. (Dropship EPA - VE);;2025-10-09 00:00:00;;;;;;false;;;;;;;;;;;;;;;;;;;;;;;false;;;
18818;1;6701968;draft;6014.88;pending;2025-10-10;USD;FOB;;;;;6014.88;;6014.88;;;;;0.00;0.00;0;;;;;;;;;;;;;;;;;;;;;;;;;;;;;;;;2026-03-19 15:24:27;2026-03-19 15:24:27;5;;712;;;;"""[\""Standard\""]""";0.00;0.00;0.00;;;false;;;false;;PI CNY2;;;;;false;false;true;false;false;false;false;false;false;;;2025-12-15 00:00:00;2025-12-15 00:00:00;;;;;;;;;2026-01-13 00:00:00;;FOB;FOB;CNY;;;;;Directo CR - FERRETERIA EPA, S.A.;83;EPA;OLO6;;-- N/A --;25Y-C044;;7367;101603;;SHANGHAI, CHINA;CALDERA, COSTA RICA;6014.88;;;0;0;0;0;;;;;0.00;;BINTER TRADE LLC. (Dropship CR);;2025-10-10 00:00:00;;;;;;false;;;;;;;;;;;;;;;;;;;;;;;false;;;
18819;1;6701969;draft;28789.48;pending;2025-10-10;USD;FOB;;;;;28789.48;;28789.48;;;;;0.00;0.00;0;;;;;;;;;;;;;;;;;;;;;;;;;;;;;;;;2026-03-19 15:24:27;2026-03-19 15:24:27;5;;712;;;;"""[\""Standard\""]""";0.00;0.00;0.00;;;false;;;false;;PI CNY2;;;;;false;false;false;false;false;false;false;false;false;;;2025-12-15 00:00:00;2025-12-15 00:00:00;;;;;;;;;;;FOB;FOB;CNY;;;;;ZF - OVERSEAS LOGISTICS OPERATIONS;83;EPA;OLO6;;;25Y-C045;;7440;;;SHANGHAI, CHINA;CALDERA, COSTA RICA;28789.48;;;0;0;0;0;;;;;0.00;;BINTER TRADE LLC. (ZF);;2025-10-10 00:00:00;;;;;;false;;;;;;;;;;;;;;;;;;;;;;;false;;;
18820;1;6701970;draft;36128.53;pending;2025-10-10;USD;FOB;;;;;36128.53;;36128.53;;;;;0.00;0.00;0;;;;;;;;;;;;;;;;;;;;;;;;;;;;;;;;2026-03-19 15:24:27;2026-03-19 15:24:27;5;;713;;;;"""[\""Standard\""]""";0.00;0.00;0.00;;;false;;;false;;CR1|;;;;;false;false;false;false;false;false;false;false;false;;;2025-12-12 00:00:00;2025-12-12 00:00:00;;;;;;;;;2026-02-09 00:00:00;;FOB;FOB;CNY;;;;;Directo CR - FERRETERIA EPA, S.A.;89;EPA;OLO6;;-- N/A --;INV20010225100901;;7533;101796;;NANSHA, CHINA;CALDERA, COSTA RICA;36128.53;;;0;0;0;0;;;;;0.00;;BINTER TRADE LLC. (Dropship CR);;2025-10-10 00:00:00;;;;;;false;;;;;;;;;;;;;;;;;;;;;;;false;;;
18821;1;6701971;draft;35373.20;pending;2025-10-10;USD;FOB;;;;;35373.20;;35373.20;;;;;0.00;0.00;0;;;;;;;;;;;;;;;;;;;;;;;;;;;;;;;;2026-03-19 15:24:27;2026-03-19 15:24:27;5;;713;;;;"""[\""Standard\""]""";0.00;0.00;0.00;;;false;;;false;;CR2;;;;;false;false;false;false;false;false;false;false;false;;;2025-12-12 00:00:00;2025-12-12 00:00:00;;;;;;;;;2026-02-09 00:00:00;;FOB;FOB;CNY;;;;;Directo CR - FERRETERIA EPA, S.A.;89;EPA;OLO6;;-- N/A --;INV20010225100902;;7544;101792;;NANSHA, CHINA;CALDERA, COSTA RICA;35373.20;;;0;0;0;0;;;;;0.00;;BINTER TRADE LLC. (Dropship CR);;2025-10-10 00:00:00;;;;;;false;;;;;;;;;;;;;;;;;;;;;;;false;;;
18822;1;6701972;draft;32973.37;pending;2025-10-10;USD;FOB;;;;;32973.37;;32973.37;;;;;0.00;0.00;0;;;;;;;;;;;;;;;;;;;;;;;;;;;;;;;;2026-03-19 15:24:27;2026-03-19 15:24:27;5;;713;;;;"""[\""Standard\""]""";0.00;0.00;0.00;;;false;;;false;;CR3;;;;;false;false;false;false;false;false;false;false;false;;;2025-12-12 00:00:00;2025-12-12 00:00:00;;;;;;;;;2026-02-03 00:00:00;;FOB;FOB;CNY;;;;;Directo CR - FERRETERIA EPA, S.A.;89;EPA;OLO6;;-- N/A --;INV20010225100903;;7506;101775;;NANSHA, CHINA;CALDERA, COSTA RICA;32973.37;;;0;0;0;0;;;;;0.00;;BINTER TRADE LLC. (Dropship CR);;2025-10-10 00:00:00;;;;;;false;;;;;;;;;;;;;;;;;;;;;;;false;;;
18823;1;6701973;draft;36934.64;pending;2025-10-10;USD;FOB;;;;;36934.64;;36934.64;;;;;0.00;0.00;0;;;;;;;;;;;;;;;;;;;;;;;;;;;;;;;;2026-03-19 15:24:27;2026-03-19 15:24:27;3;;713;;;;"""[\""Standard\""]""";0.00;0.00;0.00;;;false;;;false;;CR4;;;;;false;false;false;false;false;false;false;false;false;;;2026-03-01 00:00:00;2026-03-01 00:00:00;;;;;;;;;;;FOB;FOB;CNY;;;;;Directo CR - FERRETERIA EPA, S.A.;89;EPA;OLO6;;;;;;;;NANSHA, CHINA;CALDERA, COSTA RICA;;;;0;0;0;0;;;;;0.00;;BINTER TRADE LLC. (Dropship CR);;2025-10-10 00:00:00;;;;;;false;;;;;;;;;;;;;;;;;;;;;;;false;;;
18824;1;6701974;draft;35503.90;pending;2025-10-10;USD;FOB;;;;;35503.90;;35503.90;;;;;0.00;0.00;0;;;;;;;;;;;;;;;;;;;;;;;;;;;;;;;;2026-03-19 15:24:27;2026-03-19 15:24:27;3;;713;;;;"""[\""Standard\""]""";0.00;0.00;0.00;;;false;;;false;;CR5;;;;;false;false;false;false;false;false;false;false;false;;;2026-03-01 00:00:00;2026-03-01 00:00:00;;;;;;;;;;;FOB;FOB;CNY;;;;;Directo CR - FERRETERIA EPA, S.A.;89;EPA;OLO6;;;;;;;;NANSHA, CHINA;CALDERA, COSTA RICA;;;;0;0;0;0;;;;;0.00;;BINTER TRADE LLC. (Dropship CR);;2025-10-10 00:00:00;;;;;;false;;;;;;;;;;;;;;;;;;;;;;;false;;;
18825;1;6701975;draft;31758.11;pending;2025-10-10;USD;FOB;;;;;31758.11;;31758.11;;;;;0.00;0.00;0;;;;;;;;;;;;;;;;;;;;;;;;;;;;;;;;2026-03-19 15:24:27;2026-03-19 15:24:27;5;;713;;;;"""[\""Standard\""]""";0.00;0.00;0.00;;;false;;;false;;SV1;;;;;false;false;false;false;false;false;false;false;false;;;2025-12-12 00:00:00;2025-12-12 00:00:00;;;;;;;;;2026-03-05 00:00:00;;FOB;FOB;CNY;;;;;Directo SV - FERRETERIA EPA, S.A. DE C.V.;89;EPA;OLO6;;-- N/A --;INV20010225100906;;7626;101888;;NANSHA, CHINA;ACAJUTLA, EL SALVADOR;31758.11;;;0;0;0;0;;;;;0.00;;BINTER TRADE LLC. (Dropship SV);;2025-10-10 00:00:00;;;;;;false;;;;;;;;;;;;;;;;;;;;;;;false;;;
18826;1;6701976;draft;31855.95;pending;2025-10-10;USD;FOB;;;;;31855.95;;31855.95;;;;;0.00;0.00;0;;;;;;;;;;;;;;;;;;;;;;;;;;;;;;;;2026-03-19 15:24:27;2026-03-19 15:24:27;5;;713;;;;"""[\""Standard\""]""";0.00;0.00;0.00;;;false;;;false;;SV2;;;;;false;false;false;false;false;false;false;false;false;;;2025-12-12 00:00:00;2025-12-12 00:00:00;;;;;;;;;2026-02-23 00:00:00;;FOB;FOB;CNY;;;;;Directo SV - FERRETERIA EPA, S.A. DE C.V.;89;EPA;OLO6;;-- N/A --;INV20010225100907;;7601;101857;;NANSHA, CHINA;ACAJUTLA, EL SALVADOR;31855.95;;;0;0;0;0;;;;;0.00;;BINTER TRADE LLC. (Dropship SV);;2025-10-10 00:00:00;;;;;;false;;;;;;;;;;;;;;;;;;;;;;;false;;;
18827;1;6701977;draft;31463.96;pending;2025-10-10;USD;FOB;;;;;31463.96;;31463.96;;;;;0.00;0.00;0;;;;;;;;;;;;;;;;;;;;;;;;;;;;;;;;2026-03-19 15:24:27;2026-03-19 15:24:27;5;;713;;;;"""[\""Standard\""]""";0.00;0.00;0.00;;;false;;;false;;SV3;;;;;false;false;false;false;false;false;false;false;false;;;2025-12-12 00:00:00;2025-12-12 00:00:00;;;;;;;;;2026-02-23 00:00:00;;FOB;FOB;CNY;;;;;Directo SV - FERRETERIA EPA, S.A. DE C.V.;89;EPA;OLO6;;-- N/A --;INV20010225100908;;7602;101858;;NANSHA, CHINA;ACAJUTLA, EL SALVADOR;31463.96;;;0;0;0;0;;;;;0.00;;BINTER TRADE LLC. (Dropship SV);;2025-10-10 00:00:00;;;;;;false;;;;;;;;;;;;;;;;;;;;;;;false;;;
18828;1;6701978;draft;38032.70;pending;2025-10-10;USD;FOB;;;;;38032.70;;38032.70;;;;;0.00;0.00;0;;;;;;;;;;;;;;;;;;;;;;;;;;;;;;;;2026-03-19 15:24:27;2026-03-19 15:24:27;3;;713;;;;"""[\""Standard\""]""";0.00;0.00;0.00;;;false;;;false;;SV4;;;;;false;false;false;false;false;false;false;false;false;;;2026-03-01 00:00:00;2026-03-01 00:00:00;;;;;;;;;;;FOB;FOB;CNY;;;;;Directo SV - FERRETERIA EPA, S.A. DE C.V.;89;EPA;OLO6;;;;;;;;NANSHA, CHINA;ACAJUTLA, EL SALVADOR;;;;0;0;0;0;;;;;0.00;;BINTER TRADE LLC. (Dropship SV);;2025-10-10 00:00:00;;;;;;false;;;;;;;;;;;;;;;;;;;;;;;false;;;
18829;1;6701979;draft;35961.90;pending;2025-10-10;USD;FOB;;;;;35961.90;;35961.90;;;;;0.00;0.00;0;;;;;;;;;;;;;;;;;;;;;;;;;;;;;;;;2026-03-19 15:26:50;2026-03-19 15:26:50;5;;713;;;;"""[\""Standard\""]""";0.00;0.00;0.00;;;false;;;false;;GT1;;;;;false;false;false;false;false;false;false;false;false;;;2025-12-12 00:00:00;2025-12-12 00:00:00;;;;;;;;;2026-03-03 00:00:00;;FOB;FOB;CNY;;;;;Directo GT - FERRETERIA EPA, S.A. (Guatemala);89;EPA;OLO6;;-- N/A --;INV20010225100910;;7627;101883;;NANSHA, CHINA;QUETZAL, GUATEMALA;35961.90;;;0;0;0;0;;;;;0.00;;BINTER TRADE LLC. (Dropship GT);;2025-10-10 00:00:00;;;;;;false;;;;;;;;;;;;;;;;;;;;;;;false;;;
18830;1;6701980;draft;35792.44;pending;2025-10-10;USD;FOB;;;;;35792.44;;35792.44;;;;;0.00;0.00;0;;;;;;;;;;;;;;;;;;;;;;;;;;;;;;;;2026-03-19 15:26:50;2026-03-19 15:26:50;5;;713;;;;"""[\""Standard\""]""";0.00;0.00;0.00;;;false;;;false;;GT2;;;;;false;false;false;false;false;false;false;false;false;;;2025-12-12 00:00:00;2025-12-12 00:00:00;;;;;;;;;2026-03-16 00:00:00;;FOB;FOB;CNY;;;;;Directo GT - FERRETERIA EPA, S.A. (Guatemala);89;EPA;OLO6;;-- N/A --;INV20010225100911;;7679;101949;;NANSHA, CHINA;QUETZAL, GUATEMALA;35792.44;;;0;0;0;0;;;;;0.00;;BINTER TRADE LLC. (Dropship GT);;2025-10-10 00:00:00;;;;;;false;;;;;;;;;;;;;;;;;;;;;;;false;;;
18831;1;6701981;draft;33546.52;pending;2025-10-10;USD;FOB;;;;;33546.52;;33546.52;;;;;0.00;0.00;0;;;;;;;;;;;;;;;;;;;;;;;;;;;;;;;;2026-03-19 15:26:50;2026-03-19 15:26:50;5;;713;;;;"""[\""Standard\""]""";0.00;0.00;0.00;;;false;;;false;;GT3;;;;;false;false;false;false;false;false;false;false;false;;;2025-12-12 00:00:00;2025-12-12 00:00:00;;;;;;;;;2026-02-24 00:00:00;;FOB;FOB;CNY;;;;;Directo GT - FERRETERIA EPA, S.A. (Guatemala);89;EPA;OLO6;;-- N/A --;INV20010225100912;;7603;101862;;NANSHA, CHINA;QUETZAL, GUATEMALA;33546.52;;;0;0;0;0;;;;;0.00;;BINTER TRADE LLC. (Dropship GT);;2025-10-10 00:00:00;;;;;;false;;;;;;;;;;;;;;;;;;;;;;;false;;;
18832;1;6701982;draft;36391.00;pending;2025-10-10;USD;FOB;;;;;36391.00;;36391.00;;;;;0.00;0.00;0;;;;;;;;;;;;;;;;;;;;;;;;;;;;;;;;2026-03-19 15:26:50;2026-03-19 15:26:50;5;;713;;;;"""[\""Standard\""]""";0.00;0.00;0.00;;;false;;;false;;GT4;;;;;false;false;false;false;false;false;false;false;false;;;2025-12-12 00:00:00;2025-12-12 00:00:00;;;;;;;;;2026-03-16 00:00:00;;FOB;FOB;CNY;;;;;Directo GT - FERRETERIA EPA, S.A. (Guatemala);89;EPA;OLO6;;-- N/A --;INV20010225100913;;7678;101948;;NANSHA, CHINA;QUETZAL, GUATEMALA;36391.00;;;0;0;0;0;;;;;0.00;;BINTER TRADE LLC. (Dropship GT);;2025-10-10 00:00:00;;;;;;false;;;;;;;;;;;;;;;;;;;;;;;false;;;
18833;1;6701983;draft;30949.70;pending;2025-10-10;USD;FOB;;;;;30949.70;;30949.70;;;;;0.00;0.00;0;;;;;;;;;;;;;;;;;;;;;;;;;;;;;;;;2026-03-19 15:26:50;2026-03-19 15:26:50;3;;713;;;;"""[\""Standard\""]""";0.00;0.00;0.00;;;false;;;false;;GT5;;;;;false;false;false;false;false;false;false;false;false;;;2026-03-01 00:00:00;2026-03-01 00:00:00;;;;;;;;;;;FOB;FOB;CNY;;;;;Directo GT - FERRETERIA EPA, S.A. (Guatemala);89;EPA;OLO6;;;;;;;;NANSHA, CHINA;QUETZAL, GUATEMALA;;;;0;0;0;0;;;;;0.00;;BINTER TRADE LLC. (Dropship GT);;2025-10-10 00:00:00;;;;;;false;;;;;;;;;;;;;;;;;;;;;;;false;;;
18834;1;6701984;draft;28348.30;pending;2025-10-10;USD;FOB;;;;;28348.30;;28348.30;;;;;0.00;0.00;0;;;;;;;;;;;;;;;;;;;;;;;;;;;;;;;;2026-03-19 15:26:50;2026-03-19 15:26:50;3;;713;;;;"""[\""Standard\""]""";0.00;0.00;0.00;;;false;;;false;;GT6;;;;;false;false;false;false;false;false;false;false;false;;;2026-03-01 00:00:00;2026-03-01 00:00:00;;;;;;;;;;;FOB;FOB;CNY;;;;;Directo GT - FERRETERIA EPA, S.A. (Guatemala);89;EPA;OLO6;;;;;;;;NANSHA, CHINA;QUETZAL, GUATEMALA;;;;0;0;0;0;;;;;0.00;;BINTER TRADE LLC. (Dropship GT);;2025-10-10 00:00:00;;;;;;false;;;;;;;;;;;;;;;;;;;;;;;false;;;
18835;1;6701985;draft;30684.60;pending;2025-10-10;USD;FOB;;;;;30684.60;;30684.60;;;;;0.00;0.00;0;;;;;;;;;;;;;;;;;;;;;;;;;;;;;;;;2026-03-19 15:26:50;2026-03-19 15:26:50;3;;713;;;;"""[\""Standard\""]""";0.00;0.00;0.00;;;false;;;false;;GT7;;;;;false;false;false;false;false;false;false;false;false;;;2026-03-01 00:00:00;2026-03-01 00:00:00;;;;;;;;;;;FOB;FOB;CNY;;;;;Directo GT - FERRETERIA EPA, S.A. (Guatemala);89;EPA;OLO6;;;;;;;;NANSHA, CHINA;QUETZAL, GUATEMALA;;;;0;0;0;0;;;;;0.00;;BINTER TRADE LLC. (Dropship GT);;2025-10-10 00:00:00;;;;;;false;;;;;;;;;;;;;;;;;;;;;;;false;;;
18836;1;6701986;draft;31387.80;pending;2025-10-10;USD;FOB;;;;;31387.80;;31387.80;;;;;0.00;0.00;0;;;;;;;;;;;;;;;;;;;;;;;;;;;;;;;;2026-03-19 15:26:50;2026-03-19 15:26:50;5;;713;;;;"""[\""Standard\""]""";0.00;0.00;0.00;;;false;;;false;;VE1;;;;;false;false;false;false;false;false;false;false;false;;;2025-12-12 00:00:00;2025-12-12 00:00:00;;;;;;;;;2026-02-03 00:00:00;;CIF;FOB;CNY;;;;;Directo VE - FERRETERIA EPA, C.A.;89;EPA;OLO6;;-- N/A --;INV20010225100917;;7513;101774;;NANSHA, CHINA;PUERTO CABELLO, VENEZUELA;31387.80;;;0;0;0;0;;;;;0.00;;BINTER TRADE LLC. (Dropship EPA - VE);;2025-10-10 00:00:00;;;;;;false;;;;;;;;;;;;;;;;;;;;;;;false;;;
18837;1;6701987;draft;32746.00;pending;2025-10-10;USD;FOB;;;;;32746.00;;32746.00;;;;;0.00;0.00;0;;;;;;;;;;;;;;;;;;;;;;;;;;;;;;;;2026-03-19 15:26:50;2026-03-19 15:26:50;5;;713;;;;"""[\""Standard\""]""";0.00;0.00;0.00;;;false;;;false;;VE2;;;;;false;false;false;false;false;false;false;false;false;;;2025-12-12 00:00:00;2025-12-12 00:00:00;;;;;;;;;2026-02-03 00:00:00;;CIF;FOB;CNY;;;;;Directo VE - FERRETERIA EPA, C.A.;89;EPA;OLO6;;-- N/A --;INV20010225100918;;7514;101773;;NANSHA, CHINA;PUERTO CABELLO, VENEZUELA;32746.00;;;0;0;0;0;;;;;0.00;;BINTER TRADE LLC. (Dropship EPA - VE);;2025-10-10 00:00:00;;;;;;false;;;;;;;;;;;;;;;;;;;;;;;false;;;
18838;1;6701988;draft;31148.38;pending;2025-10-10;USD;FOB;;;;;31148.38;;31148.38;;;;;0.00;0.00;0;;;;;;;;;;;;;;;;;;;;;;;;;;;;;;;;2026-03-19 15:26:50;2026-03-19 15:26:50;5;;713;;;;"""[\""Standard\""]""";0.00;0.00;0.00;;;false;;;false;;VE3;;;;;false;false;false;false;false;false;false;false;false;;;2025-12-12 00:00:00;2025-12-12 00:00:00;;;;;;;;;2026-02-06 00:00:00;;CIF;FOB;CNY;;;;;Directo VE - FERRETERIA EPA, C.A.;89;EPA;OLO6;;-- N/A --;INV20010225100919;;7529;101782;;NANSHA, CHINA;PUERTO CABELLO, VENEZUELA;31148.38;;;0;0;0;0;;;;;0.00;;BINTER TRADE LLC. (Dropship EPA - VE);;2025-10-10 00:00:00;;;;;;false;;;;;;;;;;;;;;;;;;;;;;;false;;;
18839;1;6701989;draft;30702.83;pending;2025-10-10;USD;FOB;;;;;30702.83;;30702.83;;;;;0.00;0.00;0;;;;;;;;;;;;;;;;;;;;;;;;;;;;;;;;2026-03-19 15:26:50;2026-03-19 15:26:50;5;;713;;;;"""[\""Standard\""]""";0.00;0.00;0.00;;;false;;;false;;VE4;;;;;false;false;false;false;false;false;false;false;false;;;2025-12-12 00:00:00;2025-12-12 00:00:00;;;;;;;;;2026-02-06 00:00:00;;CIF;FOB;CNY;;;;;Directo VE - FERRETERIA EPA, C.A.;89;EPA;OLO6;;-- N/A --;INV20010225100920;;7528;101785;;NANSHA, CHINA;PUERTO CABELLO, VENEZUELA;30702.83;;;0;0;0;0;;;;;0.00;;BINTER TRADE LLC. (Dropship EPA - VE);;2025-10-10 00:00:00;;;;;;false;;;;;;;;;;;;;;;;;;;;;;;false;;;
18840;1;6701990;draft;32137.69;pending;2025-10-10;USD;FOB;;;;;32137.69;;32137.69;;;;;0.00;0.00;0;;;;;;;;;;;;;;;;;;;;;;;;;;;;;;;;2026-03-19 15:26:50;2026-03-19 15:26:50;3;;713;;;;"""[\""Standard\""]""";0.00;0.00;0.00;;;false;;;false;;VE5;;;;;false;false;false;false;false;false;false;false;false;;;2026-03-01 00:00:00;2026-03-01 00:00:00;;;;;;;;;;;CIF;FOB;CNY;;;;;Directo VE - FERRETERIA EPA, C.A.;89;EPA;OLO6;;;;;;;;NANSHA, CHINA;PUERTO CABELLO, VENEZUELA;;;;0;0;0;0;;;;;0.00;;BINTER TRADE LLC. (Dropship EPA - VE);;2025-10-10 00:00:00;;;;;;false;;;;;;;;;;;;;;;;;;;;;;;false;;;
18841;1;6701998;draft;11624.18;pending;2025-10-14;USD;FOB;;;;;11624.18;;11624.18;;;;;0.00;0.00;0;;;;;;;;;;;;;;;;;;;;;;;;;;;;;;;;2026-03-19 15:26:50;2026-03-23 00:00:08;3;;714;;;;"""[\""Standard\""]""";0.00;0.00;0.00;pYLtKIhw700SOi7QOLd3ytXKWL7Ok1kH8FuWQcR0XRA0t2xNGVvySVDpxwTAPtza;2026-03-26 00:00:08;false;;;false;;25KS383-1;;;;;false;false;true;false;false;false;false;true;false;;;2026-03-25 00:00:00;2026-03-25 00:00:00;;;;;;;;;;;FOB;FOB;CNY;;;;;Directo CR - FERRETERIA EPA, S.A.;82;EPA;OLO6;;;;;;;;SHENZHEN, CHINA;CALDERA, COSTA RICA;;;;0;0;0;0;;;;;0.00;;BINTER TRADE LLC. (Dropship CR);;2025-10-14 00:00:00;;;;;;false;;;;;;;;;;;;;;;;;;;;;;;false;;;
18842;1;6701999;draft;20992.86;pending;2025-10-14;USD;FOB;;;;;20992.86;;20992.86;;;;;0.00;0.00;0;;;;;;;;;;;;;;;;;;;;;;;;;;;;;;;;2026-03-19 15:26:50;2026-03-23 00:00:08;3;;714;;;;"""[\""Standard\""]""";0.00;0.00;0.00;fyquhDQiLW5mnZl9gcXGNuWqwsdNSA6BT4wJRmAffkNAFXLtrYZyc5JGOpxF0N1a;2026-03-26 00:00:08;false;;;false;;25KS383-1;;;;;false;false;false;false;false;false;false;true;false;;;2026-03-25 00:00:00;2026-03-25 00:00:00;;;;;;;;;;;FOB;FOB;CNY;;;;;ZF - OVERSEAS LOGISTICS OPERATIONS;82;EPA;OLO6;;;;;;;;SHENZHEN, CHINA;CALDERA, COSTA RICA;;;;0;0;0;0;;;;;0.00;;BINTER TRADE LLC. (ZF);;2025-10-14 00:00:00;;;;;;false;;;;;;;;;;;;;;;;;;;;;;;false;;;
18843;1;6702000;draft;18434.20;pending;2025-10-14;USD;FOB;;;;;18434.20;;18434.20;;;;;0.00;0.00;0;;;;;;;;;;;;;;;;;;;;;;;;;;;;;;;;2026-03-19 15:26:50;2026-03-23 00:00:08;3;;714;;;;"""[\""Standard\""]""";0.00;0.00;0.00;1Xd7Sa2qTYVpOYwgL2oAA14o2TZe4TTkKpIbU5JSROK0QmREc2kgVrfOGaF43tXf;2026-03-26 00:00:08;false;;;false;;25KS383-2;;;;;false;false;false;false;false;false;false;false;false;;;2026-03-25 00:00:00;2026-03-25 00:00:00;;;;;;;;;;;CIF;FOB;CNY;;;;;Directo VE - FERRETERIA EPA, C.A.;82;EPA;OLO6;;;;;;;;SHENZHEN, CHINA;PUERTO CABELLO, VENEZUELA;;;;0;0;0;0;;;;;0.00;;BINTER TRADE LLC. (Dropship EPA - VE);;2025-10-14 00:00:00;;;;;;false;;;;;;;;;;;;;;;;;;;;;;;false;;;
18844;1;6702001;draft;1135.80;pending;2025-10-15;USD;FOB;;;;;1135.80;;1135.80;;;;;0.00;0.00;0;;;;;;;;;;;;;;;;;;;;;;;;;;;;;;;;2026-03-19 15:26:50;2026-03-19 15:26:50;5;;715;;;;"""[\""Standard\""]""";0.00;0.00;0.00;;;false;;;false;;cr;;;;;false;false;true;false;false;false;false;false;false;;;2025-11-30 00:00:00;2025-11-30 00:00:00;;;;;;;;;2026-01-13 00:00:00;;FOB;FOB;CNY;;;;;Directo CR - FERRETERIA EPA, S.A.;89;EPA;OLO6;;-- N/A --;HB6702001;;7369;101610;;SHENZHEN, CHINA;CALDERA, COSTA RICA;1135.80;;;0;0;0;0;;;;;0.00;;BINTER TRADE LLC. (Dropship CR);;2025-10-15 00:00:00;;;;;;false;;;;;;;;;;;;;;;;;;;;;;;false;;;
18845;1;6702002;draft;23389.60;pending;2025-10-15;USD;FOB;;;;;23389.60;;23389.60;;;;;0.00;0.00;0;;;;;;;;;;;;;;;;;;;;;;;;;;;;;;;;2026-03-19 15:26:50;2026-03-19 15:26:50;5;;715;;;;"""[\""Standard\""]""";0.00;0.00;0.00;;;false;;;false;;zf;;;;;false;false;false;false;false;false;false;false;false;;;2025-11-30 00:00:00;2025-11-30 00:00:00;;;;;;;;;;;FOB;FOB;CNY;;;;;ZF - OVERSEAS LOGISTICS OPERATIONS;89;EPA;OLO6;;;HB6702002;;7437;;;SHENZHEN, CHINA;CALDERA, COSTA RICA;23389.60;;;0;0;0;0;;;;;0.00;;BINTER TRADE LLC. (ZF);;2025-10-15 00:00:00;;;;;;false;;;;;;;;;;;;;;;;;;;;;;;false;;;
18846;1;6702003;draft;28897.80;pending;2025-10-15;USD;FOB;;;;;28897.80;;28897.80;;;;;0.00;0.00;0;;;;;;;;;;;;;;;;;;;;;;;;;;;;;;;;2026-03-19 15:26:50;2026-03-19 15:26:50;3;;716;;;;"""[\""Standard\""]""";0.00;0.00;0.00;;;false;;;false;;ZF;;;;;false;false;false;false;false;false;false;false;false;;;2026-03-10 00:00:00;2026-03-10 00:00:00;;;;;;;;;;;FOB;FOB;CNY;;;;;ZF - OVERSEAS LOGISTICS OPERATIONS;82;EPA;OLO6;;;;;;;;SHENZHEN, CHINA;CALDERA, COSTA RICA;;;;0;0;0;0;;;;;0.00;;BINTER TRADE LLC. (ZF);;2025-10-15 00:00:00;;;;;;false;;;;;;;;;;;;;;;;;;;;;;;false;;;
18847;1;6702004;draft;12975.00;pending;2025-10-15;USD;FOB;;;;;12975.00;;12975.00;;;;;0.00;0.00;0;;;;;;;;;;;;;;;;;;;;;;;;;;;;;;;;2026-03-19 15:26:50;2026-03-19 15:26:50;5;;717;;;;"""[\""Standard\""]""";0.00;0.00;0.00;;;false;;;false;;ZF;;;;;false;false;false;false;false;false;false;false;false;;;2026-02-27 00:00:00;2026-02-27 00:00:00;;;;;;;;;;;FOB;FOB;CNY;;;;;ZF - OVERSEAS LOGISTICS OPERATIONS;82;EPA;OLO6;;;;;;;;SHANGHAI, CHINA;CALDERA, COSTA RICA;;;;0;0;0;0;;;;;0.00;;BINTER TRADE LLC. (ZF);;2025-10-15 00:00:00;;;;;;false;;;;;;;;;;;;;;;;;;;;;;;false;;;
18848;1;6702005;draft;12975.00;pending;2025-10-15;USD;FOB;;;;;12975.00;;12975.00;;;;;0.00;0.00;0;;;;;;;;;;;;;;;;;;;;;;;;;;;;;;;;2026-03-19 15:26:50;2026-03-19 15:26:50;5;;717;;;;"""[\""Standard\""]""";0.00;0.00;0.00;;;false;;;false;;VE;;;;;false;false;false;false;false;false;false;false;false;;;2026-02-27 00:00:00;2026-02-27 00:00:00;;;;;;;;;;;FOB;FOB;CNY;;;;;Directo VE - FERRETERIA EPA, C.A.;82;EPA;OLO6;;;;;;;;SHANGHAI, CHINA;PUERTO CABELLO, VENEZUELA;;;;0;0;0;0;;;;;0.00;;BINTER TRADE LLC. (Dropship EPA - VE);;2025-10-15 00:00:00;;;;;;false;;;;;;;;;;;;;;;;;;;;;;;false;;;
18849;1;6702030;draft;3915.29;pending;2025-10-16;USD;FOB;;;;;3915.29;;3915.29;;;;;0.00;0.00;0;;;;;;;;;;;;;;;;;;;;;;;;;;;;;;;;2026-03-19 15:26:50;2026-03-19 15:26:50;10;;718;;;;"""[\""Standard\""]""";0.00;0.00;0.00;;;false;;;false;;cr;;;;;false;false;true;false;false;false;false;false;false;;;2025-12-25 00:00:00;2025-12-25 00:00:00;;;;;;;;;2026-01-13 00:00:00;;FOB;FOB;CNY;;;;;Directo CR - FERRETERIA EPA, S.A.;89;EPA;OLO6;;-- N/A --;25TST10872;;7370;101609;;NINGBO, CHINA;CALDERA, COSTA RICA;3915.29;;;0;0;0;0;;;;;0.00;;BINTER TRADE LLC. (Dropship CR);;2025-10-16 00:00:00;;;;;;false;;;;;;;;;;;;;;;;;;;;;;;false;;;
18850;1;6702032;draft;32911.00;pending;2025-10-16;USD;FOB;;;;;32911.00;;32911.00;;;;;0.00;0.00;0;;;;;;;;;;;;;;;;;;;;;;;;;;;;;;;;2026-03-19 15:26:50;2026-03-19 15:26:50;5;;718;;;;"""[\""Standard\""]""";0.00;0.00;0.00;;;false;;;false;;ve2;;;;;false;false;false;false;false;false;false;false;false;;;2026-03-15 00:00:00;2026-03-15 00:00:00;;;;;;;;;2026-03-12 00:00:00;;CIF;FOB;CNY;;;;;Directo VE - FERRETERIA EPA, C.A.;89;EPA;OLO6;;-- N/A --;26TST1018;;7657;101923;;NINGBO, CHINA;PUERTO CABELLO, VENEZUELA;32911.00;;;0;0;0;0;;;;;0.00;;BINTER TRADE LLC. (Dropship EPA - VE);;2025-10-16 00:00:00;;;;;;false;;;;;;;;;;;;;;;;;;;;;;;false;;;
18851;1;6702033;draft;22236.15;pending;2025-10-16;USD;FOB;;;;;22236.15;;22236.15;;;;;0.00;0.00;0;;;;;;;;;;;;;;;;;;;;;;;;;;;;;;;;2026-03-19 15:26:50;2026-03-19 15:26:50;5;;718;;;;"""[\""Standard\""]""";0.00;0.00;0.00;;;false;;;false;;gt1;;;;;false;false;false;false;false;false;false;false;false;;;2025-12-25 00:00:00;2025-12-25 00:00:00;;;;;;;;;2026-01-23 00:00:00;;FOB;FOB;CNY;;;;;Directo GT - FERRETERIA EPA, S.A. (Guatemala);89;EPA;OLO6;;-- N/A --;25TST1089;;7477;101699;;NINGBO, CHINA;QUETZAL, GUATEMALA;22236.15;;;0;0;0;0;;;;;0.00;;BINTER TRADE LLC. (Dropship GT);;2025-10-16 00:00:00;;;;;;false;;;;;;;;;;;;;;;;;;;;;;;false;;;
18852;1;6702034;draft;34264.50;pending;2025-10-16;USD;FOB;;;;;34264.50;;34264.50;;;;;0.00;0.00;0;;;;;;;;;;;;;;;;;;;;;;;;;;;;;;;;2026-03-19 15:26:50;2026-03-19 15:26:50;5;;718;;;;"""[\""Standard\""]""";0.00;0.00;0.00;;;false;;;false;;ve3;;;;;false;false;false;false;false;false;false;false;false;;;2026-03-15 00:00:00;2026-03-15 00:00:00;;;;;;;;;2026-03-12 00:00:00;;CIF;FOB;CNY;;;;;Directo VE - FERRETERIA EPA, C.A.;89;EPA;OLO6;;-- N/A --;26TST1019;;7667;101929;;NINGBO, CHINA;PUERTO CABELLO, VENEZUELA;34264.50;;;0;0;0;0;;;;;0.00;;BINTER TRADE LLC. (Dropship EPA - VE);;2025-10-16 00:00:00;;;;;;false;;;;;;;;;;;;;;;;;;;;;;;false;;;
18853;1;6702035;draft;15375.00;pending;2025-10-16;USD;FOB;;;;;15375.00;;15375.00;;;;;0.00;0.00;0;;;;;;;;;;;;;;;;;;;;;;;;;;;;;;;;2026-03-19 15:26:50;2026-03-19 15:26:50;5;;680;;;;"""[\""Standard\""]""";0.00;0.00;0.00;;;false;;;false;;CR1;;;;;false;false;false;false;false;false;false;false;false;;;2025-12-30 00:00:00;2025-12-30 00:00:00;;;;;;;;;2026-01-13 00:00:00;;FOB;FOB;CNY;;;;;Directo CR - FERRETERIA EPA, S.A.;89;EPA;OLO6;;-- N/A --;ST20251004-CR1;;7372;101608;;XIAMEN, CHINA;CALDERA, COSTA RICA;15375.00;;;0;0;0;0;;;;;0.00;;BINTER TRADE LLC. (Dropship CR);;2025-10-16 00:00:00;;;;;;false;;;;;;;;;;;;;;;;;;;;;;;false;;;
18854;1;6702036;draft;15375.00;pending;2025-10-16;USD;FOB;;;;;15375.00;;15375.00;;;;;0.00;0.00;0;;;;;;;;;;;;;;;;;;;;;;;;;;;;;;;;2026-03-19 15:26:50;2026-03-19 23:00:05;2;;680;;;;"""[\""Standard\""]""";0.00;0.00;0.00;7TF0wVqw2G22sX88y7MJdFpYVd9o6Gafv71sPYti9zPRHeBDZhW4jBZ91An1o0q6;2026-03-22 23:00:05;false;;;false;;CR2;;;;;false;false;false;false;false;false;false;false;false;;;2026-03-20 00:00:00;2026-03-20 00:00:00;;;;;;;;;;;FOB;FOB;CNY;;;;;Directo CR - FERRETERIA EPA, S.A.;89;EPA;OLO6;;;;;;;;XIAMEN, CHINA;CALDERA, COSTA RICA;;;;0;0;0;0;;;;;0.00;;BINTER TRADE LLC. (Dropship CR);;2025-10-16 00:00:00;;;;;;false;;;;;;;;;;;;;;;;;;;;;;;false;;;
18855;1;6702037;draft;13760.00;pending;2025-10-16;USD;FOB;;;;;13760.00;;13760.00;;;;;0.00;0.00;0;;;;;;;;;;;;;;;;;;;;;;;;;;;;;;;;2026-03-19 15:26:50;2026-03-19 15:26:50;5;;680;;;;"""[\""Standard\""]""";0.00;0.00;0.00;;;false;;;false;;CR3;;;;;false;false;false;false;false;false;false;false;false;;;2025-12-20 00:00:00;2025-12-20 00:00:00;;;;;;;;;2026-01-29 00:00:00;;FOB;FOB;CNY;;;;;Directo CR - FERRETERIA EPA, S.A.;89;EPA;OLO6;;-- N/A --;ST20251004-CR3;;7500;101751;;XIAMEN, CHINA;CALDERA, COSTA RICA;13760.00;;;0;0;0;0;;;;;0.00;;BINTER TRADE LLC. (Dropship CR);;2025-10-16 00:00:00;;;;;;false;;;;;;;;;;;;;;;;;;;;;;;false;;;
18856;1;6702038;draft;17193.35;pending;2025-10-16;USD;FOB;;;;;17193.35;;17193.35;;;;;0.00;0.00;0;;;;;;;;;;;;;;;;;;;;;;;;;;;;;;;;2026-03-19 15:26:50;2026-03-19 15:26:50;5;;680;;;;"""[\""Standard\""]""";0.00;0.00;0.00;;;false;;;false;;CR4;;;;;false;false;false;false;false;false;false;false;false;;;2025-12-15 00:00:00;2025-12-15 00:00:00;;;;;;;;;2026-01-23 00:00:00;;FOB;FOB;CNY;;;;;Directo CR - FERRETERIA EPA, S.A.;89;EPA;OLO6;;-- N/A --;ST20251004-CR4;;7465;101728;;XIAMEN, CHINA;CALDERA, COSTA RICA;17193.35;;;0;0;0;0;;;;;0.00;;BINTER TRADE LLC. (Dropship CR);;2025-10-16 00:00:00;;;;;;false;;;;;;;;;;;;;;;;;;;;;;;false;;;
18857;1;6702039;draft;17794.30;pending;2025-10-16;USD;FOB;;;;;17794.30;;17794.30;;;;;0.00;0.00;0;;;;;;;;;;;;;;;;;;;;;;;;;;;;;;;;2026-03-19 15:26:50;2026-03-19 15:26:50;5;;680;;;;"""[\""Standard\""]""";0.00;0.00;0.00;;;false;;;false;;CR5;;;;;false;false;false;false;false;false;false;false;false;;;2025-12-20 00:00:00;2025-12-20 00:00:00;;;;;;;;;2026-01-08 00:00:00;;FOB;FOB;CNY;;;;;Directo CR - FERRETERIA EPA, S.A.;89;EPA;OLO6;;-- N/A --;ST20250806-CR5Z;;7327;101552;;XIAMEN, CHINA;CALDERA, COSTA RICA;17794.30;;;0;0;0;0;;;;;0.00;;BINTER TRADE LLC. (Dropship CR);;2025-10-16 00:00:00;;;;;;false;;;;;;;;;;;;;;;;;;;;;;;false;;;
18858;1;6702040;draft;16131.31;pending;2025-10-16;USD;FOB;;;;;16131.31;;16131.31;;;;;0.00;0.00;0;;;;;;;;;;;;;;;;;;;;;;;;;;;;;;;;2026-03-19 15:26:50;2026-03-19 15:26:50;2;;680;;;;"""[\""Standard\""]""";0.00;0.00;0.00;;;false;;;false;;CR6;;;;;false;false;false;false;false;false;false;false;false;;;2026-03-30 00:00:00;2026-03-30 00:00:00;;;;;;;;;;;FOB;FOB;CNY;;;;;Directo CR - FERRETERIA EPA, S.A.;89;EPA;OLO6;;;;;;;;XIAMEN, CHINA;CALDERA, COSTA RICA;;;;0;0;0;0;;;;;0.00;;BINTER TRADE LLC. (Dropship CR);;2025-10-16 00:00:00;;;;;;false;;;;;;;;;;;;;;;;;;;;;;;false;;;
18859;1;6702041;draft;15234.64;pending;2025-10-16;USD;FOB;;;;;15234.64;;15234.64;;;;;0.00;0.00;0;;;;;;;;;;;;;;;;;;;;;;;;;;;;;;;;2026-03-19 15:26:51;2026-03-19 15:26:51;2;;680;;;;"""[\""Standard\""]""";0.00;0.00;0.00;;;false;;;false;;CR7;;;;;false;false;false;false;false;false;false;false;false;;;2026-03-30 00:00:00;2026-03-30 00:00:00;;;;;;;;;;;FOB;FOB;CNY;;;;;Directo CR - FERRETERIA EPA, S.A.;89;EPA;OLO6;;;;;;;;XIAMEN, CHINA;CALDERA, COSTA RICA;;;;0;0;0;0;;;;;0.00;;BINTER TRADE LLC. (Dropship CR);;2025-10-16 00:00:00;;;;;;false;;;;;;;;;;;;;;;;;;;;;;;false;;;
18860;1;6702042;draft;15375.00;pending;2025-10-16;USD;FOB;;;;;15375.00;;15375.00;;;;;0.00;0.00;0;;;;;;;;;;;;;;;;;;;;;;;;;;;;;;;;2026-03-19 15:26:51;2026-03-19 15:26:51;2;;680;;;;"""[\""Standard\""]""";0.00;0.00;0.00;;;false;;;false;;SV1;;;;;false;false;false;false;false;false;false;false;false;;;2026-01-20 00:00:00;2026-01-20 00:00:00;;;;;;;;;;;FOB;FOB;CNY;;;;;Directo SV - FERRETERIA EPA, S.A. DE C.V.;89;EPA;OLO6;;;;;;;;QINGDAO, CHINA;ACAJUTLA, EL SALVADOR;;;;0;0;0;0;;;;;0.00;;BINTER TRADE LLC. (Dropship SV);;2025-10-16 00:00:00;;;;;;false;;;;;;;;;;;;;;;;;;;;;;;false;;;
18861;1;6702043;draft;17262.56;pending;2025-10-16;USD;FOB;;;;;17262.56;;17262.56;;;;;0.00;0.00;0;;;;;;;;;;;;;;;;;;;;;;;;;;;;;;;;2026-03-19 15:26:51;2026-03-19 15:26:51;5;;680;;;;"""[\""Standard\""]""";0.00;0.00;0.00;;;false;;;false;;SV2;;;;;false;false;false;false;false;false;false;false;false;;;2026-01-20 00:00:00;2026-01-20 00:00:00;;;;;;;;;2026-01-23 00:00:00;;FOB;FOB;CNY;;;;;Directo SV - FERRETERIA EPA, S.A. DE C.V.;89;EPA;OLO6;;-- N/A --;ST20251004-SV2;;7476;101709;;XIAMEN, CHINA;ACAJUTLA, EL SALVADOR;17262.56;;;0;0;0;0;;;;;0.00;;BINTER TRADE LLC. (Dropship SV);;2025-10-16 00:00:00;;;;;;false;;;;;;;;;;;;;;;;;;;;;;;false;;;
18862;1;6702044;draft;15499.44;pending;2025-10-16;USD;FOB;;;;;15499.44;;15499.44;;;;;0.00;0.00;0;;;;;;;;;;;;;;;;;;;;;;;;;;;;;;;;2026-03-19 15:26:51;2026-03-19 15:26:51;2;;680;;;;"""[\""Standard\""]""";0.00;0.00;0.00;;;false;;;false;;SV3;;;;;false;false;false;false;false;false;false;false;false;;;2026-03-30 00:00:00;2026-03-30 00:00:00;;;;;;;;;;;FOB;FOB;CNY;;;;;Directo SV - FERRETERIA EPA, S.A. DE C.V.;89;EPA;OLO6;;;;;;;;XIAMEN, CHINA;ACAJUTLA, EL SALVADOR;;;;0;0;0;0;;;;;0.00;;BINTER TRADE LLC. (Dropship SV);;2025-10-16 00:00:00;;;;;;false;;;;;;;;;;;;;;;;;;;;;;;false;;;
18863;1;6702045;draft;15375.00;pending;2025-10-16;USD;FOB;;;;;15375.00;;15375.00;;;;;0.00;0.00;0;;;;;;;;;;;;;;;;;;;;;;;;;;;;;;;;2026-03-19 15:26:51;2026-03-19 15:26:51;5;;680;;;;"""[\""Standard\""]""";0.00;0.00;0.00;;;false;;;false;;GT1;;;;;false;false;false;false;false;false;false;false;false;;;2025-12-30 00:00:00;2025-12-30 00:00:00;;;;;;;;;2026-01-13 00:00:00;;FOB;FOB;CNY;;;;;Directo GT - FERRETERIA EPA, S.A. (Guatemala);89;EPA;OLO6;;-- N/A --;ST20251004-GT1;;7376;101612;;XIAMEN, CHINA;QUETZAL, GUATEMALA;15375.00;;;0;0;0;0;;;;;0.00;;BINTER TRADE LLC. (Dropship GT);;2025-10-16 00:00:00;;;;;;false;;;;;;;;;;;;;;;;;;;;;;;false;;;
18864;1;6702046;draft;13002.00;pending;2025-10-16;USD;FOB;;;;;13002.00;;13002.00;;;;;0.00;0.00;0;;;;;;;;;;;;;;;;;;;;;;;;;;;;;;;;2026-03-19 15:26:51;2026-03-19 15:26:51;2;;680;;;;"""[\""Standard\""]""";0.00;0.00;0.00;;;false;;;false;;GT2;;;;;false;false;false;false;false;false;false;false;false;;;2025-12-30 00:00:00;2025-12-30 00:00:00;;;;;;;;;;;FOB;FOB;CNY;;;;;Directo GT - FERRETERIA EPA, S.A. (Guatemala);89;EPA;OLO6;;;;;;;;XIAMEN, CHINA;QUETZAL, GUATEMALA;;;;0;0;0;0;;;;;0.00;;BINTER TRADE LLC. (Dropship GT);;2025-10-16 00:00:00;;;;;;false;;;;;;;;;;;;;;;;;;;;;;;false;;;
18865;1;6702047;draft;16527.50;pending;2025-10-16;USD;FOB;;;;;16527.50;;16527.50;;;;;0.00;0.00;0;;;;;;;;;;;;;;;;;;;;;;;;;;;;;;;;2026-03-19 15:26:51;2026-03-19 15:26:51;3;;680;;;;"""[\""Standard\""]""";0.00;0.00;0.00;;;false;;;false;;GT3;;;;;false;false;false;false;false;false;false;false;false;;;2025-12-20 00:00:00;2025-12-20 00:00:00;;;;;;;;;;;FOB;FOB;CNY;;;;;Directo GT - FERRETERIA EPA, S.A. (Guatemala);89;EPA;OLO6;;;;;;;;XIAMEN, CHINA;QUETZAL, GUATEMALA;;;;0;0;0;0;;;;;0.00;;BINTER TRADE LLC. (Dropship GT);;2025-10-16 00:00:00;;;;;;false;;;;;;;;;;;;;;;;;;;;;;;false;;;
18866;1;6702048;draft;11242.40;pending;2025-10-16;USD;FOB;;;;;11242.40;;11242.40;;;;;0.00;0.00;0;;;;;;;;;;;;;;;;;;;;;;;;;;;;;;;;2026-03-19 15:26:51;2026-03-19 15:26:51;2;;680;;;;"""[\""Standard\""]""";0.00;0.00;0.00;;;false;;;false;;GT4;;;;;false;false;false;false;false;false;false;false;false;;;2025-12-30 00:00:00;2025-12-30 00:00:00;;;;;;;;;;;FOB;FOB;CNY;;;;;Directo GT - FERRETERIA EPA, S.A. (Guatemala);89;EPA;OLO6;;;;;;;;XIAMEN, CHINA;QUETZAL, GUATEMALA;;;;0;0;0;0;;;;;0.00;;BINTER TRADE LLC. (Dropship GT);;2025-10-16 00:00:00;;;;;;false;;;;;;;;;;;;;;;;;;;;;;;false;;;
18867;1;6702049;draft;11548.35;pending;2025-10-16;USD;FOB;;;;;11548.35;;11548.35;;;;;0.00;0.00;0;;;;;;;;;;;;;;;;;;;;;;;;;;;;;;;;2026-03-19 15:26:51;2026-03-19 15:26:51;2;;680;;;;"""[\""Standard\""]""";0.00;0.00;0.00;;;false;;;false;;GT5;;;;;false;false;false;false;false;false;false;false;false;;;2026-01-20 00:00:00;2026-01-20 00:00:00;;;;;;;;;;;FOB;FOB;CNY;;;;;Directo GT - FERRETERIA EPA, S.A. (Guatemala);89;EPA;OLO6;;;;;;;;XIAMEN, CHINA;QUETZAL, GUATEMALA;;;;0;0;0;0;;;;;0.00;;BINTER TRADE LLC. (Dropship GT);;2025-10-16 00:00:00;;;;;;false;;;;;;;;;;;;;;;;;;;;;;;false;;;
18868;1;6702050;draft;13713.95;pending;2025-10-16;USD;FOB;;;;;13713.95;;13713.95;;;;;0.00;0.00;0;;;;;;;;;;;;;;;;;;;;;;;;;;;;;;;;2026-03-19 15:26:51;2026-03-19 15:26:51;5;;680;;;;"""[\""Standard\""]""";0.00;0.00;0.00;;;false;;;false;;GT6;;;;;false;false;false;false;false;false;false;false;false;;;2025-12-20 00:00:00;2025-12-20 00:00:00;;;;;;;;;2026-01-23 00:00:00;;FOB;FOB;MIXTO;;;;;Directo GT - FERRETERIA EPA, S.A. (Guatemala);89;EPA;OLO6;;-- N/A --;ST20251004-GT6;;7462;101724;;XIAMEN, CHINA;QUETZAL, GUATEMALA;13930.15;;;0;0;0;0;;;;;0.00;;BINTER TRADE LLC. (Dropship GT);;2025-10-16 00:00:00;;;;;;false;;;;;;;;;;;;;;;;;;;;;;;false;;;
18869;1;6702051;draft;11242.40;pending;2025-10-16;USD;FOB;;;;;11242.40;;11242.40;;;;;0.00;0.00;0;;;;;;;;;;;;;;;;;;;;;;;;;;;;;;;;2026-03-19 15:26:51;2026-03-19 15:26:51;2;;680;;;;"""[\""Standard\""]""";0.00;0.00;0.00;;;false;;;false;;GT7;;;;;false;false;false;false;false;false;false;false;false;;;2026-03-30 00:00:00;2026-03-30 00:00:00;;;;;;;;;;;FOB;FOB;CNY;;;;;Directo GT - FERRETERIA EPA, S.A. (Guatemala);89;EPA;OLO6;;;;;;;;XIAMEN, CHINA;QUETZAL, GUATEMALA;;;;0;0;0;0;;;;;0.00;;BINTER TRADE LLC. (Dropship GT);;2025-10-16 00:00:00;;;;;;false;;;;;;;;;;;;;;;;;;;;;;;false;;;
18870;1;6702052;draft;16271.86;pending;2025-10-16;USD;FOB;;;;;16271.86;;16271.86;;;;;0.00;0.00;0;;;;;;;;;;;;;;;;;;;;;;;;;;;;;;;;2026-03-19 15:26:51;2026-03-19 15:26:51;5;;680;;;;"""[\""Standard\""]""";0.00;0.00;0.00;;;false;;;false;;GT8;;;;;false;false;false;false;false;false;false;false;false;;;2025-12-16 00:00:00;2025-12-16 00:00:00;;;;;;;;;2026-01-08 00:00:00;;FOB;FOB;CNY;;;;;Directo GT - FERRETERIA EPA, S.A. (Guatemala);89;EPA;OLO6;;-- N/A --;ST20250806-GT8;;7317;101540;;XIAMEN, CHINA;QUETZAL, GUATEMALA;16271.86;;;0;0;0;0;;;;;0.00;;BINTER TRADE LLC. (Dropship GT);;2025-10-16 00:00:00;;;;;;false;;;;;;;;;;;;;;;;;;;;;;;false;;;
18871;1;6702053;draft;14725.00;pending;2025-10-16;USD;FOB;;;;;14725.00;;14725.00;;;;;0.00;0.00;0;;;;;;;;;;;;;;;;;;;;;;;;;;;;;;;;2026-03-19 15:26:51;2026-03-19 15:26:51;2;;680;;;;"""[\""Standard\""]""";0.00;0.00;0.00;;;false;;;false;;GT9;;;;;false;false;false;false;false;false;false;false;false;;;2026-03-30 00:00:00;2026-03-30 00:00:00;;;;;;;;;;;FOB;FOB;CNY;;;;;Directo GT - FERRETERIA EPA, S.A. (Guatemala);89;EPA;OLO6;;;;;;;;XIAMEN, CHINA;QUETZAL, GUATEMALA;;;;0;0;0;0;;;;;0.00;;BINTER TRADE LLC. (Dropship GT);;2025-10-16 00:00:00;;;;;;false;;;;;;;;;;;;;;;;;;;;;;;false;;;
18872;1;6702054;draft;16475.70;pending;2025-10-16;USD;FOB;;;;;16475.70;;16475.70;;;;;0.00;0.00;0;;;;;;;;;;;;;;;;;;;;;;;;;;;;;;;;2026-03-19 15:26:51;2026-03-19 15:26:51;2;;680;;;;"""[\""Standard\""]""";0.00;0.00;0.00;;;false;;;false;;GT10;;;;;false;false;false;false;false;false;false;false;false;;;2026-03-30 00:00:00;2026-03-30 00:00:00;;;;;;;;;;;FOB;FOB;CNY;;;;;Directo GT - FERRETERIA EPA, S.A. (Guatemala);89;EPA;OLO6;;;;;;;;XIAMEN, CHINA;QUETZAL, GUATEMALA;;;;0;0;0;0;;;;;0.00;;BINTER TRADE LLC. (Dropship GT);;2025-10-16 00:00:00;;;;;;false;;;;;;;;;;;;;;;;;;;;;;;false;;;
18873;1;6702055;draft;15375.00;pending;2025-10-16;USD;FOB;;;;;15375.00;;15375.00;;;;;0.00;0.00;0;;;;;;;;;;;;;;;;;;;;;;;;;;;;;;;;2026-03-19 15:26:51;2026-03-19 15:26:51;10;;680;;;;"""[\""Standard\""]""";0.00;0.00;0.00;;;false;;;false;;VE1;;;;;false;false;false;false;false;false;false;false;false;;;2025-12-16 00:00:00;2025-12-16 00:00:00;;;;;;;;;2026-01-12 00:00:00;;CIF;FOB;CNY;;;;;Directo VE - FERRETERIA EPA, C.A.;89;EPA;OLO6;;-- N/A --;ST20251004-VE1;;7343;101571;;XIAMEN, CHINA;PUERTO CABELLO, VENEZUELA;15375.00;;;0;0;0;0;;;;;0.00;;BINTER TRADE LLC. (Dropship EPA - VE);;2025-10-16 00:00:00;;;;;;false;;;;;;;;;;;;;;;;;;;;;;;false;;;
18874;1;6702056;draft;15375.00;pending;2025-10-16;USD;FOB;;;;;15375.00;;15375.00;;;;;0.00;0.00;0;;;;;;;;;;;;;;;;;;;;;;;;;;;;;;;;2026-03-19 15:26:51;2026-03-19 15:26:51;5;;680;;;;"""[\""Standard\""]""";0.00;0.00;0.00;;;false;;;false;;VE2;;;;;false;false;false;false;false;false;false;false;false;;;2025-12-15 00:00:00;2025-12-15 00:00:00;;;;;;;;;2026-02-11 00:00:00;;FOB;FOB;CNY;;;;;Directo VE - FERRETERIA EPA, C.A.;89;EPA;OLO6;;-- N/A --;ST20251004-VE2;;7562;101813;;XIAMEN, CHINA;PUERTO CABELLO, VENEZUELA;15375.00;;;0;0;0;0;;;;;0.00;;BINTER TRADE LLC. (Dropship EPA - VE);;2025-10-16 00:00:00;;;;;;false;;;;;;;;;;;;;;;;;;;;;;;false;;;
18875;1;6702057;draft;15375.00;pending;2025-10-16;USD;FOB;;;;;15375.00;;15375.00;;;;;0.00;0.00;0;;;;;;;;;;;;;;;;;;;;;;;;;;;;;;;;2026-03-19 15:26:51;2026-03-19 15:26:51;2;;680;;;;"""[\""Standard\""]""";0.00;0.00;0.00;;;false;;;false;;VE3;;;;;false;false;false;false;false;false;false;false;false;;;2025-12-15 00:00:00;2025-12-15 00:00:00;;;;;;;;;;;FOB;FOB;CNY;;;;;Directo VE - FERRETERIA EPA, C.A.;89;EPA;OLO6;;;;;;;;XIAMEN, CHINA;PUERTO CABELLO, VENEZUELA;;;;0;0;0;0;;;;;0.00;;BINTER TRADE LLC. (Dropship EPA - VE);;2025-10-16 00:00:00;;;;;;false;;;;;;;;;;;;;;;;;;;;;;;false;;;
18876;1;6702058;draft;15375.00;pending;2025-10-16;USD;FOB;;;;;15375.00;;15375.00;;;;;0.00;0.00;0;;;;;;;;;;;;;;;;;;;;;;;;;;;;;;;;2026-03-19 15:26:51;2026-03-19 15:26:51;2;;680;;;;"""[\""Standard\""]""";0.00;0.00;0.00;;;false;;;false;;VE4;;;;;false;false;false;false;false;false;false;false;false;;;2026-03-30 00:00:00;2026-03-30 00:00:00;;;;;;;;;;;FOB;FOB;CNY;;;;;Directo VE - FERRETERIA EPA, C.A.;89;EPA;OLO6;;;;;;;;XIAMEN, CHINA;PUERTO CABELLO, VENEZUELA;;;;0;0;0;0;;;;;0.00;;BINTER TRADE LLC. (Dropship EPA - VE);;2025-10-16 00:00:00;;;;;;false;;;;;;;;;;;;;;;;;;;;;;;false;;;
18877;1;6702059;draft;15375.00;pending;2025-10-16;USD;FOB;;;;;15375.00;;15375.00;;;;;0.00;0.00;0;;;;;;;;;;;;;;;;;;;;;;;;;;;;;;;;2026-03-19 15:26:51;2026-03-19 15:26:51;2;;680;;;;"""[\""Standard\""]""";0.00;0.00;0.00;;;false;;;false;;VE5;;;;;false;false;false;false;false;false;false;false;false;;;2026-03-30 00:00:00;2026-03-30 00:00:00;;;;;;;;;;;FOB;FOB;CNY;;;;;Directo VE - FERRETERIA EPA, C.A.;89;EPA;OLO6;;;;;;;;XIAMEN, CHINA;PUERTO CABELLO, VENEZUELA;;;;0;0;0;0;;;;;0.00;;BINTER TRADE LLC. (Dropship EPA - VE);;2025-10-16 00:00:00;;;;;;false;;;;;;;;;;;;;;;;;;;;;;;false;;;
18878;1;6702060;draft;12900.00;pending;2025-10-16;USD;FOB;;;;;12900.00;;12900.00;;;;;0.00;0.00;0;;;;;;;;;;;;;;;;;;;;;;;;;;;;;;;;2026-03-19 15:26:51;2026-03-19 15:26:51;2;;680;;;;"""[\""Standard\""]""";0.00;0.00;0.00;;;false;;;false;;VE6;;;;;false;false;false;false;false;false;false;false;false;;;2026-03-30 00:00:00;2026-03-30 00:00:00;;;;;;;;;;;FOB;FOB;CNY;;;;;Directo VE - FERRETERIA EPA, C.A.;89;EPA;OLO6;;;;;;;;XIAMEN, CHINA;PUERTO CABELLO, VENEZUELA;;;;0;0;0;0;;;;;0.00;;BINTER TRADE LLC. (Dropship EPA - VE);;2025-10-16 00:00:00;;;;;;false;;;;;;;;;;;;;;;;;;;;;;;false;;;
18879;1;6702061;draft;29364.60;pending;2025-10-16;USD;FOB;;;;;29364.60;;29364.60;;;;;0.00;0.00;0;;;;;;;;;;;;;;;;;;;;;;;;;;;;;;;;2026-03-19 15:26:51;2026-03-19 15:26:51;10;;680;;;;"""[\""Standard\""]""";0.00;0.00;0.00;;;false;;;false;;VE7;;;;;false;false;false;false;false;false;false;false;false;;;2025-11-30 00:00:00;2025-11-30 00:00:00;;;;;;;;;2026-01-16 00:00:00;;CIF;FOB;CNY;;;;;Directo VE - FERRETERIA EPA, C.A.;89;EPA;OLO6;;-- N/A --;ST20250806-VE7Z;;7403;101651;;XIAMEN, CHINA;PUERTO CABELLO, VENEZUELA;29364.60;;;0;0;0;0;;;;;0.00;;BINTER TRADE LLC. (Dropship EPA - VE);;2025-10-16 00:00:00;;;;;;false;;;;;;;;;;;;;;;;;;;;;;;false;;;
18880;1;6702062;draft;29364.60;pending;2025-10-16;USD;FOB;;;;;29364.60;;29364.60;;;;;0.00;0.00;0;;;;;;;;;;;;;;;;;;;;;;;;;;;;;;;;2026-03-19 15:26:51;2026-03-19 15:26:51;10;;680;;;;"""[\""Standard\""]""";0.00;0.00;0.00;;;false;;;false;;VE8;;;;;false;false;false;false;false;false;false;false;false;;;2025-11-30 00:00:00;2025-11-30 00:00:00;;;;;;;;;2025-12-22 00:00:00;;CIF;FOB;CNY;;;;;Directo VE - FERRETERIA EPA, C.A.;89;EPA;OLO6;;-- N/A --;ST20250806-VE8Z;;7236;101464;;XIAMEN, CHINA;PUERTO CABELLO, VENEZUELA;29364.60;;;0;0;0;0;;;;;0.00;;BINTER TRADE LLC. (Dropship EPA - VE);;2025-10-16 00:00:00;;;;;;false;;;;;;;;;;;;;;;;;;;;;;;false;;;
18881;1;6702063;draft;29376.25;pending;2025-10-16;USD;FOB;;;;;29376.25;;29376.25;;;;;0.00;0.00;0;;;;;;;;;;;;;;;;;;;;;;;;;;;;;;;;2026-03-19 15:26:51;2026-03-19 15:26:51;2;;680;;;;"""[\""Standard\""]""";0.00;0.00;0.00;;;false;;;false;;VE9;;;;;false;false;false;false;false;false;false;false;false;;;2026-04-10 00:00:00;2026-04-10 00:00:00;;;;;;;;;;;FOB;FOB;CNY;;;;;Directo VE - FERRETERIA EPA, C.A.;89;EPA;OLO6;;;;;;;;XIAMEN, CHINA;PUERTO CABELLO, VENEZUELA;;;;0;0;0;0;;;;;0.00;;BINTER TRADE LLC. (Dropship EPA - VE);;2025-10-16 00:00:00;;;;;;false;;;;;;;;;;;;;;;;;;;;;;;false;;;
18882;1;6702064;draft;11242.40;pending;2025-10-16;USD;FOB;;;;;11242.40;;11242.40;;;;;0.00;0.00;0;;;;;;;;;;;;;;;;;;;;;;;;;;;;;;;;2026-03-19 15:26:51;2026-03-19 15:26:51;3;;680;;;;"""[\""Standard\""]""";0.00;0.00;0.00;;;false;;;false;;VE10;;;;;false;false;false;false;false;false;false;false;false;;;2025-12-30 00:00:00;2025-12-30 00:00:00;;;;;;;;;;;CIF;FOB;CNY;;;;;Directo VE - FERRETERIA EPA, C.A.;89;EPA;OLO6;;;;;;;;XIAMEN, CHINA;PUERTO CABELLO, VENEZUELA;;;;0;0;0;0;;;;;0.00;;BINTER TRADE LLC. (Dropship EPA - VE);;2025-10-16 00:00:00;;;;;;false;;;;;;;;;;;;;;;;;;;;;;;false;;;
18883;1;6702065;draft;11242.40;pending;2025-10-16;USD;FOB;;;;;11242.40;;11242.40;;;;;0.00;0.00;0;;;;;;;;;;;;;;;;;;;;;;;;;;;;;;;;2026-03-19 15:26:51;2026-03-19 15:26:51;2;;680;;;;"""[\""Standard\""]""";0.00;0.00;0.00;;;false;;;false;;VE11;;;;;false;false;false;false;false;false;false;false;false;;;2025-12-30 00:00:00;2025-12-30 00:00:00;;;;;;;;;;;FOB;FOB;CNY;;;;;Directo VE - FERRETERIA EPA, C.A.;89;EPA;OLO6;;;;;;;;XIAMEN, CHINA;PUERTO CABELLO, VENEZUELA;;;;0;0;0;0;;;;;0.00;;BINTER TRADE LLC. (Dropship EPA - VE);;2025-10-16 00:00:00;;;;;;false;;;;;;;;;;;;;;;;;;;;;;;false;;;
18884;1;6702066;draft;11242.40;pending;2025-10-16;USD;FOB;;;;;11242.40;;11242.40;;;;;0.00;0.00;0;;;;;;;;;;;;;;;;;;;;;;;;;;;;;;;;2026-03-19 15:26:51;2026-03-19 15:26:51;2;;680;;;;"""[\""Standard\""]""";0.00;0.00;0.00;;;false;;;false;;VE12;;;;;false;false;false;false;false;false;false;false;false;;;2025-12-30 00:00:00;2025-12-30 00:00:00;;;;;;;;;;;FOB;FOB;CNY;;;;;Directo VE - FERRETERIA EPA, C.A.;89;EPA;OLO6;;;;;;;;XIAMEN, CHINA;PUERTO CABELLO, VENEZUELA;;;;0;0;0;0;;;;;0.00;;BINTER TRADE LLC. (Dropship EPA - VE);;2025-10-16 00:00:00;;;;;;false;;;;;;;;;;;;;;;;;;;;;;;false;;;
18885;1;6702067;draft;11242.40;pending;2025-10-16;USD;FOB;;;;;11242.40;;11242.40;;;;;0.00;0.00;0;;;;;;;;;;;;;;;;;;;;;;;;;;;;;;;;2026-03-19 15:26:51;2026-03-19 15:26:51;2;;680;;;;"""[\""Standard\""]""";0.00;0.00;0.00;;;false;;;false;;VE13;;;;;false;false;false;false;false;false;false;false;false;;;2025-12-30 00:00:00;2025-12-30 00:00:00;;;;;;;;;;;FOB;FOB;CNY;;;;;Directo VE - FERRETERIA EPA, C.A.;89;EPA;OLO6;;;;;;;;XIAMEN, CHINA;PUERTO CABELLO, VENEZUELA;;;;0;0;0;0;;;;;0.00;;BINTER TRADE LLC. (Dropship EPA - VE);;2025-10-16 00:00:00;;;;;;false;;;;;;;;;;;;;;;;;;;;;;;false;;;
18886;1;6702068;draft;11242.40;pending;2025-10-16;USD;FOB;;;;;11242.40;;11242.40;;;;;0.00;0.00;0;;;;;;;;;;;;;;;;;;;;;;;;;;;;;;;;2026-03-19 15:26:51;2026-03-19 15:26:51;2;;680;;;;"""[\""Standard\""]""";0.00;0.00;0.00;;;false;;;false;;VE14;;;;;false;false;false;false;false;false;false;false;false;;;2025-12-30 00:00:00;2025-12-30 00:00:00;;;;;;;;;;;FOB;FOB;CNY;;;;;Directo VE - FERRETERIA EPA, C.A.;89;EPA;OLO6;;;;;;;;XIAMEN, CHINA;PUERTO CABELLO, VENEZUELA;;;;0;0;0;0;;;;;0.00;;BINTER TRADE LLC. (Dropship EPA - VE);;2025-10-16 00:00:00;;;;;;false;;;;;;;;;;;;;;;;;;;;;;;false;;;
18887;1;6702069;draft;11242.40;pending;2025-10-16;USD;FOB;;;;;11242.40;;11242.40;;;;;0.00;0.00;0;;;;;;;;;;;;;;;;;;;;;;;;;;;;;;;;2026-03-19 15:26:51;2026-03-19 15:26:51;2;;680;;;;"""[\""Standard\""]""";0.00;0.00;0.00;;;false;;;false;;VE15;;;;;false;false;false;false;false;false;false;false;false;;;2026-03-30 00:00:00;2026-03-30 00:00:00;;;;;;;;;;;FOB;FOB;CNY;;;;;Directo VE - FERRETERIA EPA, C.A.;89;EPA;OLO6;;;;;;;;XIAMEN, CHINA;PUERTO CABELLO, VENEZUELA;;;;0;0;0;0;;;;;0.00;;BINTER TRADE LLC. (Dropship EPA - VE);;2025-10-16 00:00:00;;;;;;false;;;;;;;;;;;;;;;;;;;;;;;false;;;
18888;1;6702070;draft;11242.40;pending;2025-10-16;USD;FOB;;;;;11242.40;;11242.40;;;;;0.00;0.00;0;;;;;;;;;;;;;;;;;;;;;;;;;;;;;;;;2026-03-19 15:26:51;2026-03-19 15:26:51;2;;680;;;;"""[\""Standard\""]""";0.00;0.00;0.00;;;false;;;false;;VE16;;;;;false;false;false;false;false;false;false;false;false;;;2026-03-30 00:00:00;2026-03-30 00:00:00;;;;;;;;;;;FOB;FOB;CNY;;;;;Directo VE - FERRETERIA EPA, C.A.;89;EPA;OLO6;;;;;;;;XIAMEN, CHINA;PUERTO CABELLO, VENEZUELA;;;;0;0;0;0;;;;;0.00;;BINTER TRADE LLC. (Dropship EPA - VE);;2025-10-16 00:00:00;;;;;;false;;;;;;;;;;;;;;;;;;;;;;;false;;;
18889;1;6702073;draft;22765.00;pending;2025-10-17;USD;FOB;;;;;22765.00;;22765.00;;;;;0.00;0.00;0;;;;;;;;;;;;;;;;;;;;;;;;;;;;;;;;2026-03-19 15:26:51;2026-03-19 15:26:51;5;;719;;;;"""[\""Standard\""]""";0.00;0.00;0.00;;;false;;;false;;CR #3 Zapatera Oct 25 CNY;;;;;false;false;false;false;false;false;false;false;false;;;2026-01-15 00:00:00;2026-01-15 00:00:00;;;;;;;;;2026-01-22 00:00:00;;FOB;FOB;PEDIDO COMPRA;;;;;Directo CR - FERRETERIA EPA, S.A.;85;EPA;OLO6;;-- N/A --;UEO2510418;;7450;101692;;ZHEJIANG, CHINA;ALAJUELA, COSTA RICA;22765.00;;;0;0;0;0;;;;;0.00;;BINTER TRADE LLC. (Dropship CR);;2025-10-17 00:00:00;;;;;;false;;;;;;;;;;;;;;;;;;;;;;;false;;;
18890;1;6702074;draft;22765.00;pending;2025-10-17;USD;FOB;;;;;22765.00;;22765.00;;;;;0.00;0.00;0;;;;;;;;;;;;;;;;;;;;;;;;;;;;;;;;2026-03-19 15:26:51;2026-03-19 15:26:51;3;;719;;;;"""[\""Standard\""]""";0.00;0.00;0.00;;;false;;;false;;CR #4 Zapatera Oct 25 CNY;;;;;false;false;false;false;false;false;false;false;false;;;2026-03-01 00:00:00;2026-03-01 00:00:00;;;;;;;;;;;FOB;FOB;PEDIDO COMPRA;;;;;Directo CR - FERRETERIA EPA, S.A.;85;EPA;OLO6;;;;;;;;ZHEJIANG, CHINA;ALAJUELA, COSTA RICA;;;;0;0;0;0;;;;;0.00;;BINTER TRADE LLC. (Dropship CR);;2025-10-17 00:00:00;;;;;;false;;;;;;;;;;;;;;;;;;;;;;;false;;;
18891;1;6702075;draft;22765.00;pending;2025-10-17;USD;FOB;;;;;22765.00;;22765.00;;;;;0.00;0.00;0;;;;;;;;;;;;;;;;;;;;;;;;;;;;;;;;2026-03-19 15:26:51;2026-03-19 15:26:51;5;;719;;;;"""[\""Standard\""]""";0.00;0.00;0.00;;;false;;;false;;GT #5 Zapatera Oct 25 CNY;;;;;false;false;false;false;false;false;false;false;false;;;2025-11-18 00:00:00;2025-11-18 00:00:00;;;;;;;;;2026-01-13 00:00:00;;FOB;FOB;PEDIDO COMPRA;;;;;Directo GT - FERRETERIA EPA, S.A. (Guatemala);85;EPA;OLO6;;-- N/A --;UEO2510420;;7373;101605;;ZHEJIANG, CHINA;CIUDAD DE GUATEMALA, GUATEMALA;22765.00;;;0;0;0;0;;;;;0.00;;BINTER TRADE LLC. (Dropship GT);;2025-10-17 00:00:00;;;;;;false;;;;;;;;;;;;;;;;;;;;;;;false;;;
18892;1;6702078;draft;22765.00;pending;2025-10-17;USD;FOB;;;;;22765.00;;22765.00;;;;;0.00;0.00;0;;;;;;;;;;;;;;;;;;;;;;;;;;;;;;;;2026-03-19 15:26:52;2026-03-19 15:26:52;5;;719;;;;"""[\""Standard\""]""";0.00;0.00;0.00;;;false;;;false;;GT #8 Zapatera Oct 25 CNY;;;;;false;false;false;false;false;false;false;false;false;;;2025-11-18 00:00:00;2025-11-18 00:00:00;;;;;;;;;2026-01-19 00:00:00;;FOB;FOB;PEDIDO COMPRA;;;;;Directo GT - FERRETERIA EPA, S.A. (Guatemala);85;EPA;OLO6;;-- N/A --;UEO2510423;;7411;101664;;ZHEJIANG, CHINA;CIUDAD DE GUATEMALA, GUATEMALA;22765.00;;;0;0;0;0;;;;;0.00;;BINTER TRADE LLC. (Dropship GT);;2025-10-17 00:00:00;;;;;;false;;;;;;;;;;;;;;;;;;;;;;;false;;;
18893;1;6702079;draft;22765.00;pending;2025-10-17;USD;FOB;;;;;22765.00;;22765.00;;;;;0.00;0.00;0;;;;;;;;;;;;;;;;;;;;;;;;;;;;;;;;2026-03-19 15:26:52;2026-03-19 15:26:52;3;;719;;;;"""[\""Standard\""]""";0.00;0.00;0.00;;;false;;;false;;GT #9 Zapatera Oct 25 CNY;;;;;false;false;false;false;false;false;false;false;false;;;2026-03-15 00:00:00;2026-03-15 00:00:00;;;;;;;;;;;FOB;FOB;PEDIDO COMPRA;;;;;Directo GT - FERRETERIA EPA, S.A. (Guatemala);85;EPA;OLO6;;;;;;;;ZHEJIANG, CHINA;CIUDAD DE GUATEMALA, GUATEMALA;;;;0;0;0;0;;;;;0.00;;BINTER TRADE LLC. (Dropship GT);;2025-10-17 00:00:00;;;;;;false;;;;;;;;;;;;;;;;;;;;;;;false;;;
18894;1;6702080;draft;22765.00;pending;2025-10-17;USD;FOB;;;;;22765.00;;22765.00;;;;;0.00;0.00;0;;;;;;;;;;;;;;;;;;;;;;;;;;;;;;;;2026-03-19 15:26:52;2026-03-19 15:26:52;3;;719;;;;"""[\""Standard\""]""";0.00;0.00;0.00;;;false;;;false;;GT #10 Zapatera Oct 25 CNY;;;;;false;false;false;false;false;false;false;false;false;;;2026-03-15 00:00:00;2026-03-15 00:00:00;;;;;;;;;;;FOB;FOB;PEDIDO COMPRA;;;;;Directo GT - FERRETERIA EPA, S.A. (Guatemala);85;EPA;OLO6;;;;;;;;ZHEJIANG, CHINA;CIUDAD DE GUATEMALA, GUATEMALA;;;;0;0;0;0;;;;;0.00;;BINTER TRADE LLC. (Dropship GT);;2025-10-17 00:00:00;;;;;;false;;;;;;;;;;;;;;;;;;;;;;;false;;;
18895;1;6702081;draft;22765.00;pending;2025-10-17;USD;FOB;;;;;22765.00;;22765.00;;;;;0.00;0.00;0;;;;;;;;;;;;;;;;;;;;;;;;;;;;;;;;2026-03-19 15:26:52;2026-03-19 15:26:52;3;;719;;;;"""[\""Standard\""]""";0.00;0.00;0.00;;;false;;;false;;GT #11 Zapatera Oct 25 CNY;;;;;false;false;false;false;false;false;false;false;false;;;2026-03-15 00:00:00;2026-03-15 00:00:00;;;;;;;;;;;FOB;FOB;PEDIDO COMPRA;;;;;Directo GT - FERRETERIA EPA, S.A. (Guatemala);85;EPA;OLO6;;;;;;;;ZHEJIANG, CHINA;CIUDAD DE GUATEMALA, GUATEMALA;;;;0;0;0;0;;;;;0.00;;BINTER TRADE LLC. (Dropship GT);;2025-10-17 00:00:00;;;;;;false;;;;;;;;;;;;;;;;;;;;;;;false;;;
18896;1;6702082;draft;22765.00;pending;2025-10-17;USD;FOB;;;;;22765.00;;22765.00;;;;;0.00;0.00;0;;;;;;;;;;;;;;;;;;;;;;;;;;;;;;;;2026-03-19 15:26:52;2026-03-19 15:26:52;2;;719;;;;"""[\""Standard\""]""";0.00;0.00;0.00;;;false;;;false;;GT #12 Zapatera Oct 25 CNY;;;;;false;false;false;false;false;false;false;false;false;;;2026-05-01 00:00:00;2026-05-01 00:00:00;;;;;;;;;;;FOB;FOB;PEDIDO COMPRA;;;;;Directo GT - FERRETERIA EPA, S.A. (Guatemala);85;EPA;OLO6;;;;;;;;ZHEJIANG, CHINA;CIUDAD DE GUATEMALA, GUATEMALA;;;;0;0;0;0;;;;;0.00;;BINTER TRADE LLC. (Dropship GT);;2025-10-17 00:00:00;;;;;;false;;;;;;;;;;;;;;;;;;;;;;;false;;;
18897;1;6702083;draft;22765.00;pending;2025-10-17;USD;FOB;;;;;22765.00;;22765.00;;;;;0.00;0.00;0;;;;;;;;;;;;;;;;;;;;;;;;;;;;;;;;2026-03-19 15:26:52;2026-03-19 15:26:52;2;;719;;;;"""[\""Standard\""]""";0.00;0.00;0.00;;;false;;;false;;GT #13 Zapatera Oct 25 CNY;;;;;false;false;false;false;false;false;false;false;false;;;2026-05-01 00:00:00;2026-05-01 00:00:00;;;;;;;;;;;FOB;FOB;PEDIDO COMPRA;;;;;Directo GT - FERRETERIA EPA, S.A. (Guatemala);85;EPA;OLO6;;;;;;;;ZHEJIANG, CHINA;CIUDAD DE GUATEMALA, GUATEMALA;;;;0;0;0;0;;;;;0.00;;BINTER TRADE LLC. (Dropship GT);;2025-10-17 00:00:00;;;;;;false;;;;;;;;;;;;;;;;;;;;;;;false;;;
18898;1;6702084;draft;22765.00;pending;2025-10-17;USD;FOB;;;;;22765.00;;22765.00;;;;;0.00;0.00;0;;;;;;;;;;;;;;;;;;;;;;;;;;;;;;;;2026-03-19 15:26:52;2026-03-19 15:26:52;2;;719;;;;"""[\""Standard\""]""";0.00;0.00;0.00;;;false;;;false;;GT #14 Zapatera Oct 25 CNY;;;;;false;false;false;false;false;false;false;false;false;;;2026-05-01 00:00:00;2026-05-01 00:00:00;;;;;;;;;;;FOB;FOB;PEDIDO COMPRA;;;;;Directo GT - FERRETERIA EPA, S.A. (Guatemala);85;EPA;OLO6;;;;;;;;ZHEJIANG, CHINA;CIUDAD DE GUATEMALA, GUATEMALA;;;;0;0;0;0;;;;;0.00;;BINTER TRADE LLC. (Dropship GT);;2025-10-17 00:00:00;;;;;;false;;;;;;;;;;;;;;;;;;;;;;;false;;;
18899;1;6702087;draft;22765.00;pending;2025-10-17;USD;FOB;;;;;22765.00;;22765.00;;;;;0.00;0.00;0;;;;;;;;;;;;;;;;;;;;;;;;;;;;;;;;2026-03-19 15:26:52;2026-03-19 15:26:52;5;;719;;;;"""[\""Standard\""]""";0.00;0.00;0.00;;;false;;;false;;SV #3 Zapatera Oct 25 CNY;;;;;false;false;false;false;false;false;false;false;false;;;2026-01-15 00:00:00;2026-01-15 00:00:00;;;;;;;;;2026-02-02 00:00:00;;FOB;FOB;PEDIDO COMPRA;;;;;Directo SV - FERRETERIA EPA, S.A. DE C.V.;85;EPA;OLO6;;-- N/A --;UEO2510432;;7521;101770;;ZHEJIANG, CHINA;SAN SALVADOR, EL SALVADOR;22765.00;;;0;0;0;0;;;;;0.00;;BINTER TRADE LLC. (Dropship SV);;2025-10-17 00:00:00;;;;;;false;;;;;;;;;;;;;;;;;;;;;;;false;;;
18900;1;6702088;draft;22765.00;pending;2025-10-17;USD;FOB;;;;;22765.00;;22765.00;;;;;0.00;0.00;0;;;;;;;;;;;;;;;;;;;;;;;;;;;;;;;;2026-03-19 15:26:52;2026-03-19 15:26:52;5;;719;;;;"""[\""Standard\""]""";0.00;0.00;0.00;;;false;;;false;;SV #4 Zapatera Oct 25 CNY;;;;;false;false;false;false;false;false;false;false;false;;;2026-01-15 00:00:00;2026-01-15 00:00:00;;;;;;;;;2026-02-02 00:00:00;;FOB;FOB;PEDIDO COMPRA;;;;;Directo SV - FERRETERIA EPA, S.A. DE C.V.;85;EPA;OLO6;;-- N/A --;UEO2510433;;7520;101769;;ZHEJIANG, CHINA;SAN SALVADOR, EL SALVADOR;22765.00;;;0;0;0;0;;;;;0.00;;BINTER TRADE LLC. (Dropship SV);;2025-10-17 00:00:00;;;;;;false;;;;;;;;;;;;;;;;;;;;;;;false;;;
18901;1;6702089;draft;22765.00;pending;2025-10-17;USD;FOB;;;;;22765.00;;22765.00;;;;;0.00;0.00;0;;;;;;;;;;;;;;;;;;;;;;;;;;;;;;;;2026-03-19 15:26:52;2026-03-19 15:26:52;10;;719;;;;"""[\""Standard\""]""";0.00;0.00;0.00;;;false;;;false;;VZ #1 Zapatera Oct 25 CNY;;;;;false;false;false;false;false;false;false;false;false;;;2025-11-18 00:00:00;2025-11-18 00:00:00;;;;;;;;;2026-01-20 00:00:00;;FOB;FOB;PEDIDO COMPRA;;;;;Directo VE - FERRETERIA EPA, C.A.;85;EPA;OLO6;;-- N/A --;UEO2510434;;7423;101677;;ZHEJIANG, CHINA;LA GUAIRA, VENEZUELA;22765.00;;;0;0;0;0;;;;;0.00;;BINTER TRADE LLC. (Dropship EPA - VE);;2025-10-17 00:00:00;;;;;;false;;;;;;;;;;;;;;;;;;;;;;;false;;;
18902;1;6702090;draft;22765.00;pending;2025-10-17;USD;FOB;;;;;22765.00;;22765.00;;;;;0.00;0.00;0;;;;;;;;;;;;;;;;;;;;;;;;;;;;;;;;2026-03-19 15:26:52;2026-03-19 15:26:52;5;;719;;;;"""[\""Standard\""]""";0.00;0.00;0.00;;;false;;;false;;VZ #2 Zapatera Oct 25 CNY;;;;;false;false;false;false;false;false;false;false;false;;;2025-12-22 00:00:00;2025-12-22 00:00:00;;;;;;;;;2026-01-27 00:00:00;;CIF;FOB;PEDIDO COMPRA;;;;;Directo VE - FERRETERIA EPA, C.A.;85;EPA;OLO6;;-- N/A --;UEO2510435;;7491;101741;;ZHEJIANG, CHINA;LA GUAIRA, VENEZUELA;22765.00;;;0;0;0;0;;;;;0.00;;BINTER TRADE LLC. (Dropship EPA - VE);;2025-10-17 00:00:00;;;;;;false;;;;;;;;;;;;;;;;;;;;;;;false;;;
18903;1;6702091;draft;22765.00;pending;2025-10-17;USD;FOB;;;;;22765.00;;22765.00;;;;;0.00;0.00;0;;;;;;;;;;;;;;;;;;;;;;;;;;;;;;;;2026-03-19 15:26:52;2026-03-19 15:26:52;3;;719;;;;"""[\""Standard\""]""";0.00;0.00;0.00;;;false;;;false;;VZ #3 Zapatera Oct 25 CNY;;;;;false;false;false;false;false;false;false;false;false;;;2026-03-01 00:00:00;2026-03-01 00:00:00;;;;;;;;;;;CIF;FOB;PEDIDO COMPRA;;;;;Directo VE - FERRETERIA EPA, C.A.;85;EPA;OLO6;;;;;;;;ZHEJIANG, CHINA;LA GUAIRA, VENEZUELA;;;;0;0;0;0;;;;;0.00;;BINTER TRADE LLC. (Dropship EPA - VE);;2025-10-17 00:00:00;;;;;;false;;;;;;;;;;;;;;;;;;;;;;;false;;;
18904;1;6702092;draft;22765.00;pending;2025-10-17;USD;FOB;;;;;22765.00;;22765.00;;;;;0.00;0.00;0;;;;;;;;;;;;;;;;;;;;;;;;;;;;;;;;2026-03-19 15:26:52;2026-03-19 15:26:52;2;;719;;;;"""[\""Standard\""]""";0.00;0.00;0.00;;;false;;;false;;VZ #4 Zapatera Oct 25 CNY;;;;;false;false;false;false;false;false;false;false;false;;;2026-04-01 00:00:00;2026-04-01 00:00:00;;;;;;;;;;;FOB;FOB;PEDIDO COMPRA;;;;;Directo VE - FERRETERIA EPA, C.A.;85;EPA;OLO6;;;;;;;;ZHEJIANG, CHINA;LA GUAIRA, VENEZUELA;;;;0;0;0;0;;;;;0.00;;BINTER TRADE LLC. (Dropship EPA - VE);;2025-10-17 00:00:00;;;;;;false;;;;;;;;;;;;;;;;;;;;;;;false;;;
18905;1;6702094;draft;47305.38;pending;2025-10-17;USD;FOB;;;;;47305.38;;47305.38;;;;;0.00;0.00;0;;;;;;;;;;;;;;;;;;;;;;;;;;;;;;;;2026-03-19 15:26:52;2026-03-19 15:26:52;10;;720;;;;"""[\""Standard\""]""";0.00;0.00;0.00;;;false;;;false;;PIZF;;;;;false;false;false;false;false;false;false;false;false;;;2025-12-01 00:00:00;2025-12-01 00:00:00;;;;;;;;;2026-03-17 00:00:00;;FOB;FOB;PEDIDO COMPRA;;;;;ZF - OVERSEAS LOGISTICS OPERATIONS;83;EPA;OLO6;;52026161692;CHMA2530;;7460;101951;;DA NANG, VIETNAM;CALDERA, COSTA RICA;47305.38;;;0;0;0;0;;;;;0.00;;BINTER TRADE LLC. (ZF);;2025-10-17 00:00:00;;;;;;false;;;;;;;;;;;;;;;;;;;;;;;false;;;
18906;1;6702095;draft;40319.04;pending;2025-10-17;USD;FOB;;;;;40319.04;;40319.04;;;;;0.00;0.00;0;;;;;;;;;;;;;;;;;;;;;;;;;;;;;;;;2026-03-19 15:26:52;2026-03-19 15:26:52;10;;720;;;;"""[\""Standard\""]""";0.00;0.00;0.00;;;false;;;false;;PIVE;;;;;false;false;false;false;false;false;false;false;false;;;2025-12-15 00:00:00;2025-12-15 00:00:00;;;;;;;;;2026-01-20 00:00:00;;CIF;FOB;PEDIDO COMPRA;;;;;Directo VE - FERRETERIA EPA, C.A.;83;EPA;OLO6;;-- N/A --;CHMA2531;;7422;101676;;DA NANG, VIETNAM;PUERTO CABELLO, VENEZUELA;40319.04;;;0;0;0;0;;;;;0.00;;BINTER TRADE LLC. (Dropship EPA - VE);;2025-10-17 00:00:00;;;;;;false;;;;;;;;;;;;;;;;;;;;;;;false;;;
18907;1;6702096;draft;37215.80;pending;2025-10-21;USD;FOB;;;;;37215.80;;37215.80;;;;;0.00;0.00;0;;;;;;;;;;;;;;;;;;;;;;;;;;;;;;;;2026-03-19 15:26:52;2026-03-19 15:26:52;3;;679;;;;"""[\""Standard\""]""";0.00;0.00;0.00;;;false;;;false;;Refuerzo Oct 25 CNY ZF CR;;;;;false;false;false;false;false;false;false;false;false;;;2026-03-01 00:00:00;2026-03-01 00:00:00;;;;;;;;;;;FOB;FOB;CNY;;;;;ZF - OVERSEAS LOGISTICS OPERATIONS;85;EPA;OLO6;;;;;;;;SHANGHAI, CHINA;CALDERA, COSTA RICA;;;;0;0;0;0;;;;;0.00;;BINTER TRADE LLC. (ZF);;2025-10-21 00:00:00;;;;;;false;;;;;;;;;;;;;;;;;;;;;;;false;;;
18908;1;6702110;draft;21237.34;pending;2025-10-21;USD;FOB;;;;;21237.34;;21237.34;;;;;0.00;0.00;0;;;;;;;;;;;;;;;;;;;;;;;;;;;;;;;;2026-03-19 15:26:52;2026-03-19 15:26:52;5;;721;;;;"""[\""Standard\""]""";0.00;0.00;0.00;;;false;;;false;;PI 12250089;;;;;false;false;false;false;false;false;false;true;false;;;2025-12-12 00:00:00;2025-12-12 00:00:00;;;;;;;;;2025-12-12 00:00:00;;FOB;FOB;CNY;;;;;Directo GT - FERRETERIA EPA, S.A. (Guatemala);83;EPA;OLO6;;-- N/A --;13250134;;7176;101401;;SHENZHEN, CHINA;QUETZAL, GUATEMALA;21237.34;;;0;0;0;0;;;;;0.00;;BINTER TRADE LLC. (Dropship GT);;2025-10-21 00:00:00;;;;;;false;;;;;;;;;;;;;;;;;;;;;;;false;;;
18909;1;6702111;draft;21312.06;pending;2025-10-24;USD;FOB;;;;;21312.06;;21312.06;;;;;0.00;0.00;0;;;;;;;;;;;;;;;;;;;;;;;;;;;;;;;;2026-03-19 15:26:52;2026-03-19 15:26:52;5;;722;;;;"""[\""Standard\""]""";0.00;0.00;0.00;;;false;;;false;;CR;;;;;false;false;true;false;false;false;false;false;false;;;2025-12-10 00:00:00;2025-12-10 00:00:00;;;;;;;;;2026-01-21 00:00:00;;FOB;FOB;CNY;;;;;Directo CR - FERRETERIA EPA, S.A.;82;EPA;OLO6;;-- N/A --;YKIRA25038;;7429;101682;;QINGDAO, CHINA;CALDERA, COSTA RICA;21312.06;;;0;0;0;0;;;;;0.00;;BINTER TRADE LLC. (Dropship CR);;2025-10-24 00:00:00;;;;;;false;;;;;;;;;;;;;;;;;;;;;;;false;;;
18910;1;6702112;draft;21224.06;pending;2025-10-24;USD;FOB;;;;;21224.06;;21224.06;;;;;0.00;0.00;0;;;;;;;;;;;;;;;;;;;;;;;;;;;;;;;;2026-03-19 15:26:52;2026-03-19 15:26:52;5;;722;;;;"""[\""Standard\""]""";0.00;0.00;0.00;;;false;;;false;;CR;;;;;false;false;true;false;false;false;false;false;false;;;2025-12-20 00:00:00;2025-12-20 00:00:00;;;;;;;;;2026-02-10 00:00:00;;FOB;FOB;CNY;;;;;Directo CR - FERRETERIA EPA, S.A.;82;EPA;OLO6;;-- N/A --;YKIRA25039;;7451;101806;;QINGDAO, CHINA;CALDERA, COSTA RICA;21224.06;;;0;0;0;0;;;;;0.00;;BINTER TRADE LLC. (Dropship CR);;2025-10-24 00:00:00;;;;;;false;;;;;;;;;;;;;;;;;;;;;;;false;;;
18911;1;6702123;draft;15733.24;pending;2025-10-24;USD;FOB;;;;;15733.24;;15733.24;;;;;0.00;0.00;0;;;;;;;;;;;;;;;;;;;;;;;;;;;;;;;;2026-03-19 15:26:52;2026-03-19 15:26:52;5;;722;;;;"""[\""Standard\""]""";0.00;0.00;0.00;;;false;;;false;;VE;;;;;false;false;false;false;false;false;false;false;false;;;2025-12-10 00:00:00;2025-12-10 00:00:00;;;;;;;;;2026-01-16 00:00:00;;CIF;FOB;CNY;;;;;Directo VE - FERRETERIA EPA, C.A.;82;EPA;OLO6;;-- N/A --;YKIRA25033;;7407;101654;;QINGDAO, CHINA;PUERTO CABELLO, VENEZUELA;15733.24;;;0;0;0;0;;;;;0.00;;BINTER TRADE LLC. (Dropship EPA - VE);;2025-10-24 00:00:00;;;;;;false;;;;;;;;;;;;;;;;;;;;;;;false;;;
18912;1;6702124;draft;15733.24;pending;2025-10-24;USD;FOB;;;;;15733.24;;15733.24;;;;;0.00;0.00;0;;;;;;;;;;;;;;;;;;;;;;;;;;;;;;;;2026-03-19 15:26:52;2026-03-19 15:26:52;5;;722;;;;"""[\""Standard\""]""";0.00;0.00;0.00;;;false;;;false;;VE;;;;;false;false;false;false;false;false;false;false;false;;;2025-12-20 00:00:00;2025-12-20 00:00:00;;;;;;;;;2026-01-16 00:00:00;;FOB;FOB;CNY;;;;;Directo VE - FERRETERIA EPA, C.A.;82;EPA;OLO6;;-- N/A --;YKIRA25032;;7398;101646;;QINGDAO, CHINA;PUERTO CABELLO, VENEZUELA;15733.24;;;0;0;0;0;;;;;0.00;;BINTER TRADE LLC. (Dropship EPA - VE);;2025-10-24 00:00:00;;;;;;false;;;;;;;;;;;;;;;;;;;;;;;false;;;
18913;1;6702127;draft;27855.00;pending;2025-10-28;USD;FOB;;;;;27855.00;;27855.00;;;;;0.00;0.00;0;;;;;;;;;;;;;;;;;;;;;;;;;;;;;;;;2026-03-19 15:26:52;2026-03-19 15:26:52;3;;686;;;;"""[\""Standard\""]""";0.00;0.00;0.00;;;false;;;false;;CR #1 Directo Oct 2025 CNY;;;;;false;false;false;false;false;false;false;false;false;;;2026-03-16 00:00:00;2026-03-16 00:00:00;;;;;;;;;;;FOB;FOB;CNY;;;;;Directo CR - FERRETERIA EPA, S.A.;85;EPA;OLO6;;;;;;;;SHENZHEN, CHINA;CALDERA, COSTA RICA;;;;0;0;0;0;;;;;0.00;;BINTER TRADE LLC. (Dropship CR);;2025-10-28 00:00:00;;;;;;false;;;;;;;;;;;;;;;;;;;;;;;false;;;
18914;1;6702128;draft;13679.00;pending;2025-10-28;USD;FOB;;;;;13679.00;;13679.00;;;;;0.00;0.00;0;;;;;;;;;;;;;;;;;;;;;;;;;;;;;;;;2026-03-19 15:26:52;2026-03-19 15:26:52;5;;686;;;;"""[\""Standard\""]""";0.00;0.00;0.00;;;false;;;false;;CR #2 ZF CR Oct 2025 CNY;;;;;false;false;false;false;false;false;false;false;false;;;2026-01-19 00:00:00;2026-01-19 00:00:00;;;;;;;;;2026-02-19 00:00:00;;FOB;FOB;CNY;;;;;Directo CR - FERRETERIA EPA, S.A.;85;EPA;OLO6;;-- N/A --;BCA6702128;;7591;101846;;SHENZHEN, CHINA;CALDERA, COSTA RICA;13679.00;;;0;0;0;0;;;;;0.00;;BINTER TRADE LLC. (Dropship CR);;2025-10-28 00:00:00;;;;;;false;;;;;;;;;;;;;;;;;;;;;;;false;;;
18915;1;6702129;draft;14689.96;pending;2025-10-28;USD;FOB;;;;;14689.96;;14689.96;;;;;0.00;0.00;0;;;;;;;;;;;;;;;;;;;;;;;;;;;;;;;;2026-03-19 15:26:52;2026-03-19 15:26:52;5;;686;;;;"""[\""Standard\""]""";0.00;0.00;0.00;;;false;;;false;;CR #2 ZF CA Oct 2025 CNY;;;;;false;false;false;false;false;false;false;false;false;;;2026-01-19 00:00:00;2026-01-19 00:00:00;;;;;;;;;;;FOB;FOB;CNY;;;;;ZF - OVERSEAS LOGISTICS OPERATIONS;85;EPA;OLO6;;;BCA6702129;;7616;;;SHENZHEN, CHINA;CALDERA, COSTA RICA;14689.96;;;0;0;0;0;;;;;0.00;;BINTER TRADE LLC. (ZF);;2025-10-28 00:00:00;;;;;;false;;;;;;;;;;;;;;;;;;;;;;;false;;;
18916;1;6702130;draft;34622.00;pending;2025-10-28;USD;FOB;;;;;34622.00;;34622.00;;;;;0.00;0.00;0;;;;;;;;;;;;;;;;;;;;;;;;;;;;;;;;2026-03-19 15:26:52;2026-03-19 15:26:52;5;;686;;;;"""[\""Standard\""]""";0.00;0.00;0.00;;;false;;;false;;SV #3 Directo Oct 2025 CNY;;;;;false;false;false;false;false;false;false;false;false;;;2026-01-19 00:00:00;2026-01-19 00:00:00;;;;;;;;;2026-02-18 00:00:00;;FOB;FOB;CNY;;;;;Directo SV - FERRETERIA EPA, S.A. DE C.V.;85;EPA;OLO6;;-- N/A --;BCA6702130;;7587;101840;;SHENZHEN, CHINA;ACAJUTLA, EL SALVADOR;34622.00;;;0;0;0;0;;;;;0.00;;BINTER TRADE LLC. (Dropship SV);;2025-10-28 00:00:00;;;;;;false;;;;;;;;;;;;;;;;;;;;;;;false;;;
18917;1;6702131;draft;31168.00;pending;2025-10-28;USD;FOB;;;;;31168.00;;31168.00;;;;;0.00;0.00;0;;;;;;;;;;;;;;;;;;;;;;;;;;;;;;;;2026-03-19 15:26:52;2026-03-22 23:00:05;3;;686;;;;"""[\""Standard\""]""";0.00;0.00;0.00;q5BdT55zOOoeljyixp3FDdBVLcjlCZaulUllbGayPbZdl72KQUtjMXainU59flIR;2026-03-25 23:00:05;false;;;false;;SV #4 Directo Oct 2025 CNY;;;;;false;false;false;false;false;false;false;false;false;;;2026-03-23 00:00:00;2026-03-23 00:00:00;;;;;;;;;;;FOB;FOB;CNY;;;;;Directo SV - FERRETERIA EPA, S.A. DE C.V.;85;EPA;OLO6;;;;;;;;SHENZHEN, CHINA;ACAJUTLA, EL SALVADOR;;;;0;0;0;0;;;;;0.00;;BINTER TRADE LLC. (Dropship SV);;2025-10-28 00:00:00;;;;;;false;;;;;;;;;;;;;;;;;;;;;;;false;;;
18918;1;6702132;draft;26238.10;pending;2025-10-28;USD;FOB;;;;;26238.10;;26238.10;;;;;0.00;0.00;0;;;;;;;;;;;;;;;;;;;;;;;;;;;;;;;;2026-03-19 15:26:52;2026-03-19 15:26:52;5;;686;;;;"""[\""Standard\""]""";0.00;0.00;0.00;;;false;;;false;;VZ #5 Directo Oct 2025 CNY;;;;;false;false;false;false;false;false;false;false;false;;;2026-01-19 00:00:00;2026-01-19 00:00:00;;;;;;;;;2026-02-25 00:00:00;;CIF;FOB;CNY;;;;;Directo VE - FERRETERIA EPA, C.A.;85;EPA;OLO6;;-- N/A --;BCA6702132;;7617;101868;;SHENZHEN, CHINA;PUERTO CABELLO, VENEZUELA;26238.10;;;0;0;0;0;;;;;0.00;;BINTER TRADE LLC. (Dropship EPA - VE);;2025-10-28 00:00:00;;;;;;false;;;;;;;;;;;;;;;;;;;;;;;false;;;
18919;1;6702133;draft;26238.10;pending;2025-10-28;USD;FOB;;;;;26238.10;;26238.10;;;;;0.00;0.00;0;;;;;;;;;;;;;;;;;;;;;;;;;;;;;;;;2026-03-19 15:26:52;2026-03-22 23:00:05;3;;686;;;;"""[\""Standard\""]""";0.00;0.00;0.00;dddEslO0cYaYwUCKyIsfr2lIaUmiHZ5oBq8zDd1dS3PlBWuowI5yCy6wQ3mEGtEB;2026-03-25 23:00:05;false;;;false;;VZ #6 Directo Oct 2025 CNY;;;;;false;false;false;false;false;false;false;false;false;;;2026-03-23 00:00:00;2026-03-23 00:00:00;;;;;;;;;;;CIF;FOB;CNY;;;;;Directo VE - FERRETERIA EPA, C.A.;85;EPA;OLO6;;;;;;;;SHENZHEN, CHINA;PUERTO CABELLO, VENEZUELA;;;;0;0;0;0;;;;;0.00;;BINTER TRADE LLC. (Dropship EPA - VE);;2025-10-28 00:00:00;;;;;;false;;;;;;;;;;;;;;;;;;;;;;;false;;;
18920;1;6702135;draft;23071.40;pending;2025-10-29;USD;FOB;;;;;23071.40;;23071.40;;;;;0.00;0.00;0;;;;;;;;;;;;;;;;;;;;;;;;;;;;;;;;2026-03-19 15:26:52;2026-03-19 15:26:52;5;;678;;;;"""[\""Standard\""]""";0.00;0.00;0.00;;;false;;;false;;PI1CR;;;;;false;false;false;false;false;false;false;false;false;;;2025-12-26 00:00:00;2025-12-26 00:00:00;;;;;;;;;2026-01-14 00:00:00;;FOB;FOB;CNY;;;;;Directo CR - FERRETERIA EPA, S.A.;83;EPA;OLO6;;-- N/A --;JL251217F;;7387;101627;;JIANGMEN, CHINA;ALAJUELA, COSTA RICA;23071.40;;;0;0;0;0;;;;;0.00;;BINTER TRADE LLC. (Dropship CR);;2025-10-29 00:00:00;;;;;;false;;;;;;;;;;;;;;;;;;;;;;;false;;;
18921;1;6702136;draft;20977.90;pending;2025-10-29;USD;FOB;;;;;20977.90;;20977.90;;;;;0.00;0.00;0;;;;;;;;;;;;;;;;;;;;;;;;;;;;;;;;2026-03-19 15:26:52;2026-03-19 15:26:52;5;;678;;;;"""[\""Standard\""]""";0.00;0.00;0.00;;;false;;;false;;PI2GT;;;;;false;false;false;false;false;false;false;false;false;;;2025-12-26 00:00:00;2025-12-26 00:00:00;;;;;;;;;2026-01-13 00:00:00;;FOB;FOB;CNY;;;;;Directo GT - FERRETERIA EPA, S.A. (Guatemala);83;EPA;OLO6;;-- N/A --;JL251217G;;7364;101599;;JIANGMEN, CHINA;CIUDAD DE GUATEMALA, GUATEMALA;20977.90;;;0;0;0;0;;;;;0.00;;BINTER TRADE LLC. (Dropship GT);;2025-10-29 00:00:00;;;;;;false;;;;;;;;;;;;;;;;;;;;;;;false;;;
18922;1;6702137;draft;20977.90;pending;2025-10-29;USD;FOB;;;;;20977.90;;20977.90;;;;;0.00;0.00;0;;;;;;;;;;;;;;;;;;;;;;;;;;;;;;;;2026-03-19 15:26:52;2026-03-19 15:26:52;5;;678;;;;"""[\""Standard\""]""";0.00;0.00;0.00;;;false;;;false;;PI3GT;;;;;false;false;false;false;false;false;false;false;false;;;2026-01-07 00:00:00;2026-01-07 00:00:00;;;;;;;;;2026-02-02 00:00:00;;FOB;FOB;CNY;;;;;Directo GT - FERRETERIA EPA, S.A. (Guatemala);83;EPA;OLO6;;-- N/A --;JL260104A;;7519;101768;;JIANGMEN, CHINA;CIUDAD DE GUATEMALA, GUATEMALA;20977.90;;;0;0;0;0;;;;;0.00;;BINTER TRADE LLC. (Dropship GT);;2025-10-29 00:00:00;;;;;;false;;;;;;;;;;;;;;;;;;;;;;;false;;;
18923;1;6702138;draft;18813.60;pending;2025-10-29;USD;FOB;;;;;18813.60;;18813.60;;;;;0.00;0.00;0;;;;;;;;;;;;;;;;;;;;;;;;;;;;;;;;2026-03-19 15:26:53;2026-03-19 15:26:53;5;;678;;;;"""[\""Standard\""]""";0.00;0.00;0.00;;;false;;;false;;PI4VE;;;;;false;false;false;false;false;false;false;false;false;;;2025-12-26 00:00:00;2025-12-26 00:00:00;;;;;;;;;2026-02-10 00:00:00;;CIF;FOB;CNY;;;;;Directo VE - FERRETERIA EPA, C.A.;83;EPA;OLO6;;-- N/A --;JL260104B;;7554;101805;;JIANGMEN, CHINA;PUERTO CABELLO, VENEZUELA;18813.60;;;0;0;0;0;;;;;0.00;;BINTER TRADE LLC. (Dropship EPA - VE);;2025-10-29 00:00:00;;;;;;false;;;;;;;;;;;;;;;;;;;;;;;false;;;
18924;1;6702139;draft;3292.30;pending;2025-10-29;USD;FOB;;;;;3292.30;;3292.30;;;;;0.00;0.00;0;;;;;;;;;;;;;;;;;;;;;;;;;;;;;;;;2026-03-19 15:26:53;2026-03-19 15:26:53;5;;678;;;;"""[\""Standard\""]""";0.00;0.00;0.00;;;false;;;false;;PI5ZF;;;;;false;false;false;false;false;false;false;false;false;;;2026-01-15 00:00:00;2026-01-15 00:00:00;;;;;;;;;2026-02-04 00:00:00;;FOB;FOB;CNY;;;;;Directo CR - FERRETERIA EPA, S.A.;83;EPA;OLO6;;-- N/A --;JL260104C;;7525;101778;;JIANGMEN, CHINA;ALAJUELA, COSTA RICA;3292.30;;;0;0;0;0;;;;;0.00;;BINTER TRADE LLC. (Dropship CR);;2025-10-29 00:00:00;;;;;;false;;;;;;;;;;;;;;;;;;;;;;;false;;;
18925;1;6702140;draft;18083.50;pending;2025-10-29;USD;FOB;;;;;18083.50;;18083.50;;;;;0.00;0.00;0;;;;;;;;;;;;;;;;;;;;;;;;;;;;;;;;2026-03-19 15:26:53;2026-03-19 15:26:53;5;;678;;;;"""[\""Standard\""]""";0.00;0.00;0.00;;;false;;;false;;PI5ZF;;;;;false;false;false;false;false;false;false;false;false;;;2026-01-15 00:00:00;2026-01-15 00:00:00;;;;;;;;;;;FOB;FOB;CNY;;;;;ZF - OVERSEAS LOGISTICS OPERATIONS;83;EPA;OLO6;;;JL260104D;;7542;;;JIANGMEN, CHINA;ALAJUELA, COSTA RICA;18083.50;;;0;0;0;0;;;;;0.00;;BINTER TRADE LLC. (ZF);;2025-10-29 00:00:00;;;;;;false;;;;;;;;;;;;;;;;;;;;;;;false;;;
18926;1;6702141;draft;3292.30;pending;2025-10-29;USD;FOB;;;;;3292.30;;3292.30;;;;;0.00;0.00;0;;;;;;;;;;;;;;;;;;;;;;;;;;;;;;;;2026-03-19 15:26:53;2026-03-19 15:26:53;3;;678;;;;"""[\""Standard\""]""";0.00;0.00;0.00;;;false;;;false;;PI6ZF;;;;;false;false;false;false;false;false;false;false;false;;;2026-02-25 00:00:00;2026-02-25 00:00:00;;;;;;;;;;;FOB;FOB;CNY;;;;;Directo CR - FERRETERIA EPA, S.A.;83;EPA;OLO6;;;;;;;;JIANGMEN, CHINA;ALAJUELA, COSTA RICA;;;;0;0;0;0;;;;;0.00;;BINTER TRADE LLC. (Dropship CR);;2025-10-29 00:00:00;;;;;;false;;;;;;;;;;;;;;;;;;;;;;;false;;;
18927;1;6702142;draft;18083.50;pending;2025-10-29;USD;FOB;;;;;18083.50;;18083.50;;;;;0.00;0.00;0;;;;;;;;;;;;;;;;;;;;;;;;;;;;;;;;2026-03-19 15:26:53;2026-03-19 15:26:53;3;;678;;;;"""[\""Standard\""]""";0.00;0.00;0.00;;;false;;;false;;PI6ZF;;;;;false;false;false;false;false;false;false;false;false;;;2026-02-25 00:00:00;2026-02-25 00:00:00;;;;;;;;;;;FOB;FOB;CNY;;;;;ZF - OVERSEAS LOGISTICS OPERATIONS;83;EPA;OLO6;;;;;;;;JIANGMEN, CHINA;ALAJUELA, COSTA RICA;;;;0;0;0;0;;;;;0.00;;BINTER TRADE LLC. (ZF);;2025-10-29 00:00:00;;;;;;false;;;;;;;;;;;;;;;;;;;;;;;false;;;
18928;1;6702145;draft;18816.60;pending;2025-10-30;USD;FOB;;;;;18816.60;;18816.60;;;;;0.00;0.00;0;;;;;;;;;;;;;;;;;;;;;;;;;;;;;;;;2026-03-19 15:26:53;2026-03-19 15:26:53;5;;696;;;;"""[\""Standard\""]""";0.00;0.00;0.00;;;false;;;false;;Directo CR #1 Oct 25 CNY;;;;;false;false;true;false;false;false;false;false;false;;;2026-01-01 00:00:00;2026-01-01 00:00:00;;;;;;;;;2026-02-19 00:00:00;;FOB;FOB;CNY;;;;;Directo CR - FERRETERIA EPA, S.A.;85;EPA;OLO6;;-- N/A --;258101025;;7592;101845;;NINGBO, CHINA;CALDERA, COSTA RICA;18816.60;;;0;0;0;0;;;;;0.00;;BINTER TRADE LLC. (Dropship CR);;2025-10-30 00:00:00;;;;;;false;;;;;;;;;;;;;;;;;;;;;;;false;;;
18929;1;6702146;draft;20215.00;pending;2025-10-30;USD;FOB;;;;;20215.00;;20215.00;;;;;0.00;0.00;0;;;;;;;;;;;;;;;;;;;;;;;;;;;;;;;;2026-03-19 15:27:50;2026-03-19 15:27:50;3;;696;;;;"""[\""Standard\""]""";0.00;0.00;0.00;;;false;;;false;;Directo CR #2 Oct 25 CNY;;;;;false;false;true;false;false;false;false;false;false;;;2026-03-01 00:00:00;2026-03-01 00:00:00;;;;;;;;;;;FOB;FOB;CNY;;;;;Directo CR - FERRETERIA EPA, S.A.;85;EPA;OLO6;;;;;;;;NINGBO, CHINA;CALDERA, COSTA RICA;;;;0;0;0;0;;;;;0.00;;BINTER TRADE LLC. (Dropship CR);;2025-10-30 00:00:00;;;;;;false;;;;;;;;;;;;;;;;;;;;;;;false;;;
18930;1;6702147;draft;20676.00;pending;2025-10-30;USD;FOB;;;;;20676.00;;20676.00;;;;;0.00;0.00;0;;;;;;;;;;;;;;;;;;;;;;;;;;;;;;;;2026-03-19 15:27:50;2026-03-19 15:27:50;5;;696;;;;"""[\""Standard\""]""";0.00;0.00;0.00;;;false;;;false;;Directo GT #1 Oct 25 CNY;;;;;false;false;false;false;false;false;false;false;false;;;2026-01-01 00:00:00;2026-01-01 00:00:00;;;;;;;;;2026-02-11 00:00:00;;FOB;FOB;CNY;;;;;Directo GT - FERRETERIA EPA, S.A. (Guatemala);85;EPA;OLO6;;-- N/A --;258101027;;7558;101810;;NINGBO, CHINA;QUETZAL, GUATEMALA;20676.00;;;0;0;0;0;;;;;0.00;;BINTER TRADE LLC. (Dropship GT);;2025-10-30 00:00:00;;;;;;false;;;;;;;;;;;;;;;;;;;;;;;false;;;
18931;1;6702148;draft;22884.00;pending;2025-10-30;USD;FOB;;;;;22884.00;;22884.00;;;;;0.00;0.00;0;;;;;;;;;;;;;;;;;;;;;;;;;;;;;;;;2026-03-19 15:27:50;2026-03-19 15:27:50;3;;696;;;;"""[\""Standard\""]""";0.00;0.00;0.00;;;false;;;false;;Directo GT #2 Oct 25 CNY;;;;;false;false;false;false;false;false;false;false;false;;;2026-03-01 00:00:00;2026-03-01 00:00:00;;;;;;;;;;;FOB;FOB;CNY;;;;;Directo GT - FERRETERIA EPA, S.A. (Guatemala);85;EPA;OLO6;;;;;;;;NINGBO, CHINA;QUETZAL, GUATEMALA;;;;0;0;0;0;;;;;0.00;;BINTER TRADE LLC. (Dropship GT);;2025-10-30 00:00:00;;;;;;false;;;;;;;;;;;;;;;;;;;;;;;false;;;
18932;1;6702149;draft;22884.00;pending;2025-10-30;USD;FOB;;;;;22884.00;;22884.00;;;;;0.00;0.00;0;;;;;;;;;;;;;;;;;;;;;;;;;;;;;;;;2026-03-19 15:27:50;2026-03-19 15:27:50;2;;696;;;;"""[\""Standard\""]""";0.00;0.00;0.00;;;false;;;false;;Directo GT #3 Oct 25 CNY;;;;;false;false;false;false;false;false;false;false;false;;;2026-04-01 00:00:00;2026-04-01 00:00:00;;;;;;;;;;;FOB;FOB;CNY;;;;;Directo GT - FERRETERIA EPA, S.A. (Guatemala);85;EPA;OLO6;;;;;;;;NINGBO, CHINA;QUETZAL, GUATEMALA;;;;0;0;0;0;;;;;0.00;;BINTER TRADE LLC. (Dropship GT);;2025-10-30 00:00:00;;;;;;false;;;;;;;;;;;;;;;;;;;;;;;false;;;
18933;1;6702150;draft;18795.60;pending;2025-10-30;USD;FOB;;;;;18795.60;;18795.60;;;;;0.00;0.00;0;;;;;;;;;;;;;;;;;;;;;;;;;;;;;;;;2026-03-19 15:27:50;2026-03-19 15:27:50;5;;696;;;;"""[\""Standard\""]""";0.00;0.00;0.00;;;false;;;false;;Directo SV #1 Oct 25 CNY;;;;;false;false;false;false;false;false;false;false;false;;;2026-01-01 00:00:00;2026-01-01 00:00:00;;;;;;;;;2026-03-18 00:00:00;;FOB;FOB;CNY;;;;;Directo SV - FERRETERIA EPA, S.A. DE C.V.;85;EPA;OLO6;;-- N/A --;258101030;;7685;101957;;NINGBO, CHINA;ACAJUTLA, EL SALVADOR;18795.60;;;0;0;0;0;;;;;0.00;;BINTER TRADE LLC. (Dropship SV);;2025-10-30 00:00:00;;;;;;false;;;;;;;;;;;;;;;;;;;;;;;false;;;
18934;1;6702151;draft;18795.60;pending;2025-10-30;USD;FOB;;;;;18795.60;;18795.60;;;;;0.00;0.00;0;;;;;;;;;;;;;;;;;;;;;;;;;;;;;;;;2026-03-19 15:27:50;2026-03-19 15:27:50;3;;696;;;;"""[\""Standard\""]""";0.00;0.00;0.00;;;false;;;false;;Directo SV #2 Oct 25 CNY;;;;;false;false;false;false;false;false;false;false;false;;;2026-03-01 00:00:00;2026-03-01 00:00:00;;;;;;;;;;;FOB;FOB;CNY;;;;;Directo SV - FERRETERIA EPA, S.A. DE C.V.;85;EPA;OLO6;;;;;;;;NINGBO, CHINA;ACAJUTLA, EL SALVADOR;;;;0;0;0;0;;;;;0.00;;BINTER TRADE LLC. (Dropship SV);;2025-10-30 00:00:00;;;;;;false;;;;;;;;;;;;;;;;;;;;;;;false;;;
18935;1;6702152;draft;18795.60;pending;2025-10-30;USD;FOB;;;;;18795.60;;18795.60;;;;;0.00;0.00;0;;;;;;;;;;;;;;;;;;;;;;;;;;;;;;;;2026-03-19 15:27:50;2026-03-19 15:27:50;2;;696;;;;"""[\""Standard\""]""";0.00;0.00;0.00;;;false;;;false;;Directo SV #3 Oct 25 CNY;;;;;false;false;false;false;false;false;false;false;false;;;2026-04-01 00:00:00;2026-04-01 00:00:00;;;;;;;;;;;FOB;FOB;CNY;;;;;Directo SV - FERRETERIA EPA, S.A. DE C.V.;85;EPA;OLO6;;;;;;;;NINGBO, CHINA;ACAJUTLA, EL SALVADOR;;;;0;0;0;0;;;;;0.00;;BINTER TRADE LLC. (Dropship SV);;2025-10-30 00:00:00;;;;;;false;;;;;;;;;;;;;;;;;;;;;;;false;;;
18936;1;6702153;draft;16552.60;pending;2025-11-05;USD;FOB;;;;;16552.60;;16552.60;;;;;0.00;0.00;0;;;;;;;;;;;;;;;;;;;;;;;;;;;;;;;;2026-03-19 15:27:50;2026-03-19 15:27:50;5;;696;;;;"""[\""Standard\""]""";0.00;0.00;0.00;;;false;;;false;;A-6701837;;;;;false;false;false;false;false;false;false;false;false;;;2026-01-01 00:00:00;2026-01-01 00:00:00;;;;;;;;;2026-03-12 00:00:00;;CIF;FOB;CNY;;;;;Directo VE - Febeca, C.A.;85;EPA;OLO6;;-- N/A --;258101102;;7661;101925;;NINGBO, CHINA;PUERTO CABELLO, VENEZUELA;16552.60;;;0;0;0;0;;;;;0.00;;BINTER TRADE LLC. (Dropship FEBECA - VE);;2025-11-05 00:00:00;;;;;;false;;;;;;;;;;;;;;;;;;;;;;;false;;;
18937;1;6702154;draft;17951.00;pending;2025-11-05;USD;FOB;;;;;17951.00;;17951.00;;;;;0.00;0.00;0;;;;;;;;;;;;;;;;;;;;;;;;;;;;;;;;2026-03-19 15:27:50;2026-03-19 15:27:50;3;;696;;;;"""[\""Standard\""]""";0.00;0.00;0.00;;;false;;;false;;Directo VZ #2 Oct 25 CNY;;;;;false;false;false;false;false;false;false;false;false;;;2026-03-01 00:00:00;2026-03-01 00:00:00;;;;;;;;;;;CIF;FOB;CNY;;;;;Directo VE - FERRETERIA EPA, C.A.;85;EPA;OLO6;;;;;;;;NINGBO, CHINA;PUERTO CABELLO, VENEZUELA;;;;0;0;0;0;;;;;0.00;;BINTER TRADE LLC. (Dropship EPA - VE);;2025-11-05 00:00:00;;;;;;false;;;;;;;;;;;;;;;;;;;;;;;false;;;
18938;1;6702155;draft;17951.00;pending;2025-11-05;USD;FOB;;;;;17951.00;;17951.00;;;;;0.00;0.00;0;;;;;;;;;;;;;;;;;;;;;;;;;;;;;;;;2026-03-19 15:27:50;2026-03-19 15:27:50;2;;696;;;;"""[\""Standard\""]""";0.00;0.00;0.00;;;false;;;false;;Directo VZ #3 Oct 25 CNY;;;;;false;false;false;false;false;false;false;false;false;;;2026-04-01 00:00:00;2026-04-01 00:00:00;;;;;;;;;;;FOB;FOB;CNY;;;;;Directo VE - FERRETERIA EPA, C.A.;85;EPA;OLO6;;;;;;;;NINGBO, CHINA;PUERTO CABELLO, VENEZUELA;;;;0;0;0;0;;;;;0.00;;BINTER TRADE LLC. (Dropship EPA - VE);;2025-11-05 00:00:00;;;;;;false;;;;;;;;;;;;;;;;;;;;;;;false;;;
18939;1;6702156;draft;22932.00;pending;2025-10-30;USD;FOB;;;;;22932.00;;22932.00;;;;;0.00;0.00;0;;;;;;;;;;;;;;;;;;;;;;;;;;;;;;;;2026-03-19 15:27:50;2026-03-19 15:27:50;5;;723;;;;"""[\""Standard\""]""";0.00;0.00;0.00;;;false;;;false;;VE;;;;;false;false;false;false;false;false;false;false;false;;;2025-12-05 00:00:00;2025-12-05 00:00:00;;;;;;;;;2025-12-22 00:00:00;;CIF;FOB;CNY;;;;;Directo VE - FERRETERIA EPA, C.A.;82;EPA;OLO6;;-- N/A --;PY251030-ALEX-1;;7232;101460;;NINGBO, CHINA;PUERTO CABELLO, VENEZUELA;22932.00;;;0;0;0;0;;;;;0.00;;BINTER TRADE LLC. (Dropship EPA - VE);;2025-10-30 00:00:00;;;;;;false;;;;;;;;;;;;;;;;;;;;;;;false;;;
18940;1;6702157;draft;22932.00;pending;2025-10-30;USD;FOB;;;;;22932.00;;22932.00;;;;;0.00;0.00;0;;;;;;;;;;;;;;;;;;;;;;;;;;;;;;;;2026-03-19 15:27:50;2026-03-19 15:27:50;2;;723;;;;"""[\""Standard\""]""";0.00;0.00;0.00;;;false;;;false;;VE;;;;;false;false;false;false;false;false;false;false;false;;;2026-02-27 00:00:00;2026-02-27 00:00:00;;;;;;;;;;;FOB;FOB;CNY;;;;;Directo VE - FERRETERIA EPA, C.A.;82;EPA;OLO6;;;;;;;;NINGBO, CHINA;PUERTO CABELLO, VENEZUELA;;;;0;0;0;0;;;;;0.00;;BINTER TRADE LLC. (Dropship EPA - VE);;2025-10-30 00:00:00;;;;;;false;;;;;;;;;;;;;;;;;;;;;;;false;;;
18941;1;6702158;draft;32682.00;pending;2025-10-30;USD;FOB;;;;;32682.00;;32682.00;;;;;0.00;0.00;0;;;;;;;;;;;;;;;;;;;;;;;;;;;;;;;;2026-03-19 15:27:51;2026-03-19 15:27:51;5;;676;;;;"""[\""Standard\""]""";0.00;0.00;0.00;;;false;;;false;;PI1CR;;;;;false;false;false;false;false;false;false;false;false;;;2025-12-15 00:00:00;2025-12-15 00:00:00;;;;;;;;;2026-02-17 00:00:00;;FOB;FOB;CNY;;;;;Directo CR - FERRETERIA EPA, S.A.;83;EPA;OLO6;;-- N/A --;HMR25B050;;7578;101829;;NINGBO, CHINA;SAN JOSE, COSTA RICA;32682.00;;;0;0;0;0;;;;;0.00;;BINTER TRADE LLC. (Dropship CR);;2025-10-30 00:00:00;;;;;;false;;;;;;;;;;;;;;;;;;;;;;;false;;;
18942;1;6702159;draft;32682.00;pending;2025-10-30;USD;FOB;;;;;32682.00;;32682.00;;;;;0.00;0.00;0;;;;;;;;;;;;;;;;;;;;;;;;;;;;;;;;2026-03-19 15:27:51;2026-03-19 15:27:51;5;;676;;;;"""[\""Standard\""]""";0.00;0.00;0.00;;;false;;;false;;PI2CR;;;;;false;false;false;false;false;false;false;false;false;;;2025-12-15 00:00:00;2025-12-15 00:00:00;;;;;;;;;2026-02-19 00:00:00;;FOB;FOB;CNY;;;;;Directo CR - FERRETERIA EPA, S.A.;83;EPA;OLO6;;-- N/A --;HMR25B056;;7593;101847;;NINGBO, CHINA;SAN JOSE, COSTA RICA;32682.00;;;0;0;0;0;;;;;0.00;;BINTER TRADE LLC. (Dropship CR);;2025-10-30 00:00:00;;;;;;false;;;;;;;;;;;;;;;;;;;;;;;false;;;
18943;1;6702160;draft;32682.00;pending;2025-10-30;USD;FOB;;;;;32682.00;;32682.00;;;;;0.00;0.00;0;;;;;;;;;;;;;;;;;;;;;;;;;;;;;;;;2026-03-19 15:27:51;2026-03-19 15:27:51;3;;676;;;;"""[\""Standard\""]""";0.00;0.00;0.00;;;false;;;false;;PI3CR;;;;;false;false;true;false;false;false;false;false;false;;;2026-01-15 00:00:00;2026-01-15 00:00:00;;;;;;;;;;;FOB;FOB;CNY;;;;;Directo CR - FERRETERIA EPA, S.A.;83;EPA;OLO6;;;;;;;;NINGBO, CHINA;SAN JOSE, COSTA RICA;;;;0;0;0;0;;;;;0.00;;BINTER TRADE LLC. (Dropship CR);;2025-10-30 00:00:00;;;;;;false;;;;;;;;;;;;;;;;;;;;;;;false;;;
18944;1;6702161;draft;32682.00;pending;2025-10-30;USD;FOB;;;;;32682.00;;32682.00;;;;;0.00;0.00;0;;;;;;;;;;;;;;;;;;;;;;;;;;;;;;;;2026-03-19 15:27:51;2026-03-19 15:27:51;3;;676;;;;"""[\""Standard\""]""";0.00;0.00;0.00;;;false;;;false;;PI4CR;;;;;false;false;true;false;false;false;false;false;false;;;2026-02-15 00:00:00;2026-02-15 00:00:00;;;;;;;;;;;FOB;FOB;CNY;;;;;Directo CR - FERRETERIA EPA, S.A.;83;EPA;OLO6;;;;;;;;NINGBO, CHINA;SAN JOSE, COSTA RICA;;;;0;0;0;0;;;;;0.00;;BINTER TRADE LLC. (Dropship CR);;2025-10-30 00:00:00;;;;;;false;;;;;;;;;;;;;;;;;;;;;;;false;;;
18945;1;6702162;draft;32682.00;pending;2025-10-30;USD;FOB;;;;;32682.00;;32682.00;;;;;0.00;0.00;0;;;;;;;;;;;;;;;;;;;;;;;;;;;;;;;;2026-03-19 15:27:51;2026-03-19 15:27:51;2;;676;;;;"""[\""Standard\""]""";0.00;0.00;0.00;;;false;;;false;;PI5CR;;;;;false;false;true;false;false;false;false;false;false;;;2026-03-30 00:00:00;2026-03-30 00:00:00;;;;;;;;;;;FOB;FOB;CNY;;;;;Directo CR - FERRETERIA EPA, S.A.;83;EPA;OLO6;;;;;;;;NINGBO, CHINA;SAN JOSE, COSTA RICA;;;;0;0;0;0;;;;;0.00;;BINTER TRADE LLC. (Dropship CR);;2025-10-30 00:00:00;;;;;;false;;;;;;;;;;;;;;;;;;;;;;;false;;;
18946;1;6702163;draft;33774.70;pending;2025-10-30;USD;FOB;;;;;33774.70;;33774.70;;;;;0.00;0.00;0;;;;;;;;;;;;;;;;;;;;;;;;;;;;;;;;2026-03-19 15:27:51;2026-03-19 15:27:51;5;;676;;;;"""[\""Standard\""]""";0.00;0.00;0.00;;;false;;;false;;PI6SV;;;;;false;false;false;false;false;false;false;false;false;;;2025-12-15 00:00:00;2025-12-15 00:00:00;;;;;;;;;2026-03-06 00:00:00;;FOB;FOB;CNY;;;;;Directo SV - FERRETERIA EPA, S.A. DE C.V.;83;EPA;OLO6;;-- N/A --;HMR25B051;;7637;101898;;NINGBO, CHINA;ACAJUTLA, EL SALVADOR;33774.70;;;0;0;0;0;;;;;0.00;;BINTER TRADE LLC. (Dropship SV);;2025-10-30 00:00:00;;;;;;false;;;;;;;;;;;;;;;;;;;;;;;false;;;
18947;1;6702164;draft;33774.70;pending;2025-10-30;USD;FOB;;;;;33774.70;;33774.70;;;;;0.00;0.00;0;;;;;;;;;;;;;;;;;;;;;;;;;;;;;;;;2026-03-19 15:27:51;2026-03-19 15:27:51;5;;676;;;;"""[\""Standard\""]""";0.00;0.00;0.00;;;false;;;false;;PI7SV;;;;;false;false;false;false;false;false;false;false;false;;;2025-12-15 00:00:00;2025-12-15 00:00:00;;;;;;;;;2026-03-06 00:00:00;;FOB;FOB;CNY;;;;;Directo SV - FERRETERIA EPA, S.A. DE C.V.;83;EPA;OLO6;;-- N/A --;HMR25B058;;7638;101899;;NINGBO, CHINA;ACAJUTLA, EL SALVADOR;33774.70;;;0;0;0;0;;;;;0.00;;BINTER TRADE LLC. (Dropship SV);;2025-10-30 00:00:00;;;;;;false;;;;;;;;;;;;;;;;;;;;;;;false;;;
18948;1;6702165;draft;33774.70;pending;2025-10-30;USD;FOB;;;;;33774.70;;33774.70;;;;;0.00;0.00;0;;;;;;;;;;;;;;;;;;;;;;;;;;;;;;;;2026-03-19 15:27:51;2026-03-19 15:27:51;3;;676;;;;"""[\""Standard\""]""";0.00;0.00;0.00;;;false;;;false;;PI8SV;;;;;false;false;false;false;false;false;false;false;false;;;2026-01-15 00:00:00;2026-01-15 00:00:00;;;;;;;;;;;FOB;FOB;CNY;;;;;Directo SV - FERRETERIA EPA, S.A. DE C.V.;83;EPA;OLO6;;;;;;;;NINGBO, CHINA;ACAJUTLA, EL SALVADOR;;;;0;0;0;0;;;;;0.00;;BINTER TRADE LLC. (Dropship SV);;2025-10-30 00:00:00;;;;;;false;;;;;;;;;;;;;;;;;;;;;;;false;;;
18949;1;6702166;draft;33774.70;pending;2025-10-30;USD;FOB;;;;;33774.70;;33774.70;;;;;0.00;0.00;0;;;;;;;;;;;;;;;;;;;;;;;;;;;;;;;;2026-03-19 15:27:51;2026-03-19 15:27:51;2;;676;;;;"""[\""Standard\""]""";0.00;0.00;0.00;;;false;;;false;;PI9SV;;;;;false;false;false;false;false;false;false;false;false;;;2026-03-30 00:00:00;2026-03-30 00:00:00;;;;;;;;;;;FOB;FOB;CNY;;;;;Directo SV - FERRETERIA EPA, S.A. DE C.V.;83;EPA;OLO6;;;;;;;;NINGBO, CHINA;ACAJUTLA, EL SALVADOR;;;;0;0;0;0;;;;;0.00;;BINTER TRADE LLC. (Dropship SV);;2025-10-30 00:00:00;;;;;;false;;;;;;;;;;;;;;;;;;;;;;;false;;;
18950;1;6702167;draft;34698.40;pending;2025-10-30;USD;FOB;;;;;34698.40;;34698.40;;;;;0.00;0.00;0;;;;;;;;;;;;;;;;;;;;;;;;;;;;;;;;2026-03-19 15:27:51;2026-03-19 15:27:51;5;;676;;;;"""[\""Standard\""]""";0.00;0.00;0.00;;;false;;;false;;PI10GT;;;;;false;false;false;false;false;false;false;false;false;;;2025-12-15 00:00:00;2025-12-15 00:00:00;;;;;;;;;2026-02-18 00:00:00;;FOB;FOB;CNY;;;;;Directo GT - FERRETERIA EPA, S.A. (Guatemala);83;EPA;OLO6;;-- N/A --;HMR25B052;;7585;101839;;NINGBO, CHINA;QUETZAL, GUATEMALA;34698.40;;;0;0;0;0;;;;;0.00;;BINTER TRADE LLC. (Dropship GT);;2025-10-30 00:00:00;;;;;;false;;;;;;;;;;;;;;;;;;;;;;;false;;;
18951;1;6702168;draft;35286.40;pending;2025-10-30;USD;FOB;;;;;35286.40;;35286.40;;;;;0.00;0.00;0;;;;;;;;;;;;;;;;;;;;;;;;;;;;;;;;2026-03-19 15:27:51;2026-03-19 15:27:51;3;;676;;;;"""[\""Standard\""]""";0.00;0.00;0.00;;;false;;;false;;PI11GT;;;;;false;false;false;false;false;false;false;false;false;;;2025-12-15 00:00:00;2025-12-15 00:00:00;;;;;;;;;;;FOB;FOB;CNY;;;;;Directo GT - FERRETERIA EPA, S.A. (Guatemala);83;EPA;OLO6;;;;;;;;NINGBO, CHINA;QUETZAL, GUATEMALA;;;;0;0;0;0;;;;;0.00;;BINTER TRADE LLC. (Dropship GT);;2025-10-30 00:00:00;;;;;;false;;;;;;;;;;;;;;;;;;;;;;;false;;;
18952;1;6702169;draft;35286.40;pending;2025-10-30;USD;FOB;;;;;35286.40;;35286.40;;;;;0.00;0.00;0;;;;;;;;;;;;;;;;;;;;;;;;;;;;;;;;2026-03-19 15:27:51;2026-03-19 15:27:51;3;;676;;;;"""[\""Standard\""]""";0.00;0.00;0.00;;;false;;;false;;PI12GT;;;;;false;false;false;false;false;false;false;false;false;;;2026-01-15 00:00:00;2026-01-15 00:00:00;;;;;;;;;;;FOB;FOB;CNY;;;;;Directo GT - FERRETERIA EPA, S.A. (Guatemala);83;EPA;OLO6;;;;;;;;NINGBO, CHINA;QUETZAL, GUATEMALA;;;;0;0;0;0;;;;;0.00;;BINTER TRADE LLC. (Dropship GT);;2025-10-30 00:00:00;;;;;;false;;;;;;;;;;;;;;;;;;;;;;;false;;;
18953;1;6702170;draft;35286.40;pending;2025-10-30;USD;FOB;;;;;35286.40;;35286.40;;;;;0.00;0.00;0;;;;;;;;;;;;;;;;;;;;;;;;;;;;;;;;2026-03-19 15:27:51;2026-03-19 15:27:51;2;;676;;;;"""[\""Standard\""]""";0.00;0.00;0.00;;;false;;;false;;PI13GT;;;;;false;false;false;false;false;false;false;false;false;;;2026-02-15 00:00:00;2026-02-15 00:00:00;;;;;;;;;;;FOB;FOB;CNY;;;;;Directo GT - FERRETERIA EPA, S.A. (Guatemala);83;EPA;OLO6;;;;;;;;NINGBO, CHINA;QUETZAL, GUATEMALA;;;;0;0;0;0;;;;;0.00;;BINTER TRADE LLC. (Dropship GT);;2025-10-30 00:00:00;;;;;;false;;;;;;;;;;;;;;;;;;;;;;;false;;;
18954;1;6702171;draft;35286.40;pending;2025-10-30;USD;FOB;;;;;35286.40;;35286.40;;;;;0.00;0.00;0;;;;;;;;;;;;;;;;;;;;;;;;;;;;;;;;2026-03-19 15:27:51;2026-03-19 15:27:51;2;;676;;;;"""[\""Standard\""]""";0.00;0.00;0.00;;;false;;;false;;PI14GT;;;;;false;false;false;false;false;false;false;false;false;;;2026-03-30 00:00:00;2026-03-30 00:00:00;;;;;;;;;;;FOB;FOB;CNY;;;;;Directo GT - FERRETERIA EPA, S.A. (Guatemala);83;EPA;OLO6;;;;;;;;NINGBO, CHINA;QUETZAL, GUATEMALA;;;;0;0;0;0;;;;;0.00;;BINTER TRADE LLC. (Dropship GT);;2025-10-30 00:00:00;;;;;;false;;;;;;;;;;;;;;;;;;;;;;;false;;;
18955;1;6702172;draft;32365.00;pending;2025-10-30;USD;FOB;;;;;32365.00;;32365.00;;;;;0.00;0.00;0;;;;;;;;;;;;;;;;;;;;;;;;;;;;;;;;2026-03-19 15:27:51;2026-03-19 15:27:51;5;;676;;;;"""[\""Standard\""]""";0.00;0.00;0.00;;;false;;;false;;PI15VE;;;;;false;false;false;false;false;false;false;false;false;;;2025-12-15 00:00:00;2025-12-15 00:00:00;;;;;;;;;2026-03-03 00:00:00;;CIF;FOB;CNY;;;;;Directo VE - FERRETERIA EPA, C.A.;83;EPA;OLO6;;-- N/A --;HMR25B053;;7629;101885;;NINGBO, CHINA;PUERTO CABELLO, VENEZUELA;32365.00;;;0;0;0;0;;;;;0.00;;BINTER TRADE LLC. (Dropship EPA - VE);;2025-10-30 00:00:00;;;;;;false;;;;;;;;;;;;;;;;;;;;;;;false;;;
18956;1;6702173;draft;32365.00;pending;2025-10-30;USD;FOB;;;;;32365.00;;32365.00;;;;;0.00;0.00;0;;;;;;;;;;;;;;;;;;;;;;;;;;;;;;;;2026-03-19 15:27:51;2026-03-19 15:27:51;3;;676;;;;"""[\""Standard\""]""";0.00;0.00;0.00;;;false;;;false;;PI16VE;;;;;false;false;false;false;false;false;false;false;false;;;2025-12-15 00:00:00;2025-12-15 00:00:00;;;;;;;;;;;CIF;FOB;CNY;;;;;Directo VE - FERRETERIA EPA, C.A.;83;EPA;OLO6;;;;;;;;NINGBO, CHINA;PUERTO CABELLO, VENEZUELA;;;;0;0;0;0;;;;;0.00;;BINTER TRADE LLC. (Dropship EPA - VE);;2025-10-30 00:00:00;;;;;;false;;;;;;;;;;;;;;;;;;;;;;;false;;;
18957;1;6702174;draft;32365.00;pending;2025-10-30;USD;FOB;;;;;32365.00;;32365.00;;;;;0.00;0.00;0;;;;;;;;;;;;;;;;;;;;;;;;;;;;;;;;2026-03-19 15:27:51;2026-03-19 15:27:51;3;;676;;;;"""[\""Standard\""]""";0.00;0.00;0.00;;;false;;;false;;PI17VE;;;;;false;false;false;false;false;false;false;false;false;;;2025-12-15 00:00:00;2025-12-15 00:00:00;;;;;;;;;;;CIF;FOB;CNY;;;;;Directo VE - FERRETERIA EPA, C.A.;83;EPA;OLO6;;;;;;;;NINGBO, CHINA;PUERTO CABELLO, VENEZUELA;;;;0;0;0;0;;;;;0.00;;BINTER TRADE LLC. (Dropship EPA - VE);;2025-10-30 00:00:00;;;;;;false;;;;;;;;;;;;;;;;;;;;;;;false;;;
18958;1;6702175;draft;32365.00;pending;2025-10-30;USD;FOB;;;;;32365.00;;32365.00;;;;;0.00;0.00;0;;;;;;;;;;;;;;;;;;;;;;;;;;;;;;;;2026-03-19 15:27:51;2026-03-19 15:27:51;3;;676;;;;"""[\""Standard\""]""";0.00;0.00;0.00;;;false;;;false;;PI18VE;;;;;false;false;false;false;false;false;false;false;false;;;2025-12-15 00:00:00;2025-12-15 00:00:00;;;;;;;;;;;CIF;FOB;CNY;;;;;Directo VE - FERRETERIA EPA, C.A.;83;EPA;OLO6;;;;;;;;NINGBO, CHINA;PUERTO CABELLO, VENEZUELA;;;;0;0;0;0;;;;;0.00;;BINTER TRADE LLC. (Dropship EPA - VE);;2025-10-30 00:00:00;;;;;;false;;;;;;;;;;;;;;;;;;;;;;;false;;;
18959;1;6702176;draft;32365.00;pending;2025-10-30;USD;FOB;;;;;32365.00;;32365.00;;;;;0.00;0.00;0;;;;;;;;;;;;;;;;;;;;;;;;;;;;;;;;2026-03-19 15:27:51;2026-03-19 15:27:51;3;;676;;;;"""[\""Standard\""]""";0.00;0.00;0.00;;;false;;;false;;PI19VE;;;;;false;false;false;false;false;false;false;false;false;;;2026-01-15 00:00:00;2026-01-15 00:00:00;;;;;;;;;;;CIF;FOB;CNY;;;;;Directo VE - FERRETERIA EPA, C.A.;83;EPA;OLO6;;;;;;;;NINGBO, CHINA;PUERTO CABELLO, VENEZUELA;;;;0;0;0;0;;;;;0.00;;BINTER TRADE LLC. (Dropship EPA - VE);;2025-10-30 00:00:00;;;;;;false;;;;;;;;;;;;;;;;;;;;;;;false;;;
18960;1;6702177;draft;32365.00;pending;2025-10-30;USD;FOB;;;;;32365.00;;32365.00;;;;;0.00;0.00;0;;;;;;;;;;;;;;;;;;;;;;;;;;;;;;;;2026-03-19 15:27:51;2026-03-19 15:27:51;3;;676;;;;"""[\""Standard\""]""";0.00;0.00;0.00;;;false;;;false;;PI20VE;;;;;false;false;false;false;false;false;false;false;false;;;2026-01-15 00:00:00;2026-01-15 00:00:00;;;;;;;;;;;CIF;FOB;CNY;;;;;Directo VE - FERRETERIA EPA, C.A.;83;EPA;OLO6;;;;;;;;NINGBO, CHINA;PUERTO CABELLO, VENEZUELA;;;;0;0;0;0;;;;;0.00;;BINTER TRADE LLC. (Dropship EPA - VE);;2025-10-30 00:00:00;;;;;;false;;;;;;;;;;;;;;;;;;;;;;;false;;;
18961;1;6702178;draft;32365.00;pending;2025-10-30;USD;FOB;;;;;32365.00;;32365.00;;;;;0.00;0.00;0;;;;;;;;;;;;;;;;;;;;;;;;;;;;;;;;2026-03-19 15:27:51;2026-03-19 15:27:51;3;;676;;;;"""[\""Standard\""]""";0.00;0.00;0.00;;;false;;;false;;PI21VE;;;;;false;false;false;false;false;false;false;false;false;;;2026-01-15 00:00:00;2026-01-15 00:00:00;;;;;;;;;;;CIF;FOB;CNY;;;;;Directo VE - FERRETERIA EPA, C.A.;83;EPA;OLO6;;;;;;;;NINGBO, CHINA;PUERTO CABELLO, VENEZUELA;;;;0;0;0;0;;;;;0.00;;BINTER TRADE LLC. (Dropship EPA - VE);;2025-10-30 00:00:00;;;;;;false;;;;;;;;;;;;;;;;;;;;;;;false;;;
18962;1;6702179;draft;32365.00;pending;2025-10-30;USD;FOB;;;;;32365.00;;32365.00;;;;;0.00;0.00;0;;;;;;;;;;;;;;;;;;;;;;;;;;;;;;;;2026-03-19 15:27:51;2026-03-19 15:27:51;3;;676;;;;"""[\""Standard\""]""";0.00;0.00;0.00;;;false;;;false;;PI22VE;;;;;false;false;false;false;false;false;false;false;false;;;2026-01-15 00:00:00;2026-01-15 00:00:00;;;;;;;;;;;CIF;FOB;CNY;;;;;Directo VE - FERRETERIA EPA, C.A.;83;EPA;OLO6;;;;;;;;NINGBO, CHINA;PUERTO CABELLO, VENEZUELA;;;;0;0;0;0;;;;;0.00;;BINTER TRADE LLC. (Dropship EPA - VE);;2025-10-30 00:00:00;;;;;;false;;;;;;;;;;;;;;;;;;;;;;;false;;;
18963;1;6702180;draft;32365.00;pending;2025-10-30;USD;FOB;;;;;32365.00;;32365.00;;;;;0.00;0.00;0;;;;;;;;;;;;;;;;;;;;;;;;;;;;;;;;2026-03-19 15:27:51;2026-03-19 15:27:51;2;;676;;;;"""[\""Standard\""]""";0.00;0.00;0.00;;;false;;;false;;PI23VE;;;;;false;false;false;false;false;false;false;false;false;;;2026-02-15 00:00:00;2026-02-15 00:00:00;;;;;;;;;;;FOB;FOB;CNY;;;;;Directo VE - FERRETERIA EPA, C.A.;83;EPA;OLO6;;;;;;;;NINGBO, CHINA;PUERTO CABELLO, VENEZUELA;;;;0;0;0;0;;;;;0.00;;BINTER TRADE LLC. (Dropship EPA - VE);;2025-10-30 00:00:00;;;;;;false;;;;;;;;;;;;;;;;;;;;;;;false;;;
18964;1;6702181;draft;32365.00;pending;2025-10-30;USD;FOB;;;;;32365.00;;32365.00;;;;;0.00;0.00;0;;;;;;;;;;;;;;;;;;;;;;;;;;;;;;;;2026-03-19 15:27:51;2026-03-19 15:27:51;2;;676;;;;"""[\""Standard\""]""";0.00;0.00;0.00;;;false;;;false;;PI24VE;;;;;false;false;false;false;false;false;false;false;false;;;2026-02-15 00:00:00;2026-02-15 00:00:00;;;;;;;;;;;FOB;FOB;CNY;;;;;Directo VE - FERRETERIA EPA, C.A.;83;EPA;OLO6;;;;;;;;NINGBO, CHINA;PUERTO CABELLO, VENEZUELA;;;;0;0;0;0;;;;;0.00;;BINTER TRADE LLC. (Dropship EPA - VE);;2025-10-30 00:00:00;;;;;;false;;;;;;;;;;;;;;;;;;;;;;;false;;;
18965;1;6702182;draft;32365.00;pending;2025-10-30;USD;FOB;;;;;32365.00;;32365.00;;;;;0.00;0.00;0;;;;;;;;;;;;;;;;;;;;;;;;;;;;;;;;2026-03-19 15:27:51;2026-03-19 15:27:51;2;;676;;;;"""[\""Standard\""]""";0.00;0.00;0.00;;;false;;;false;;PI25VE;;;;;false;false;false;false;false;false;false;false;false;;;2026-02-15 00:00:00;2026-02-15 00:00:00;;;;;;;;;;;FOB;FOB;CNY;;;;;Directo VE - FERRETERIA EPA, C.A.;83;EPA;OLO6;;;;;;;;NINGBO, CHINA;PUERTO CABELLO, VENEZUELA;;;;0;0;0;0;;;;;0.00;;BINTER TRADE LLC. (Dropship EPA - VE);;2025-10-30 00:00:00;;;;;;false;;;;;;;;;;;;;;;;;;;;;;;false;;;
18966;1;6702183;draft;32365.00;pending;2025-10-30;USD;FOB;;;;;32365.00;;32365.00;;;;;0.00;0.00;0;;;;;;;;;;;;;;;;;;;;;;;;;;;;;;;;2026-03-19 15:27:51;2026-03-19 15:27:51;2;;676;;;;"""[\""Standard\""]""";0.00;0.00;0.00;;;false;;;false;;PI26VE;;;;;false;false;false;false;false;false;false;false;false;;;2026-03-30 00:00:00;2026-03-30 00:00:00;;;;;;;;;;;FOB;FOB;CNY;;;;;Directo VE - FERRETERIA EPA, C.A.;83;EPA;OLO6;;;;;;;;NINGBO, CHINA;PUERTO CABELLO, VENEZUELA;;;;0;0;0;0;;;;;0.00;;BINTER TRADE LLC. (Dropship EPA - VE);;2025-10-30 00:00:00;;;;;;false;;;;;;;;;;;;;;;;;;;;;;;false;;;
18967;1;6702184;draft;32365.00;pending;2025-10-30;USD;FOB;;;;;32365.00;;32365.00;;;;;0.00;0.00;0;;;;;;;;;;;;;;;;;;;;;;;;;;;;;;;;2026-03-19 15:27:51;2026-03-19 15:27:51;2;;676;;;;"""[\""Standard\""]""";0.00;0.00;0.00;;;false;;;false;;PI27VE;;;;;false;false;false;false;false;false;false;false;false;;;2026-03-30 00:00:00;2026-03-30 00:00:00;;;;;;;;;;;FOB;FOB;CNY;;;;;Directo VE - FERRETERIA EPA, C.A.;83;EPA;OLO6;;;;;;;;NINGBO, CHINA;PUERTO CABELLO, VENEZUELA;;;;0;0;0;0;;;;;0.00;;BINTER TRADE LLC. (Dropship EPA - VE);;2025-10-30 00:00:00;;;;;;false;;;;;;;;;;;;;;;;;;;;;;;false;;;
18968;1;6702185;draft;32365.00;pending;2025-10-30;USD;FOB;;;;;32365.00;;32365.00;;;;;0.00;0.00;0;;;;;;;;;;;;;;;;;;;;;;;;;;;;;;;;2026-03-19 15:27:51;2026-03-19 15:27:51;2;;676;;;;"""[\""Standard\""]""";0.00;0.00;0.00;;;false;;;false;;PI28VE;;;;;false;false;false;false;false;false;false;false;false;;;2026-03-30 00:00:00;2026-03-30 00:00:00;;;;;;;;;;;FOB;FOB;CNY;;;;;Directo VE - FERRETERIA EPA, C.A.;83;EPA;OLO6;;;;;;;;NINGBO, CHINA;PUERTO CABELLO, VENEZUELA;;;;0;0;0;0;;;;;0.00;;BINTER TRADE LLC. (Dropship EPA - VE);;2025-10-30 00:00:00;;;;;;false;;;;;;;;;;;;;;;;;;;;;;;false;;;
18969;1;6702186;draft;10788.28;pending;2025-10-31;USD;FOB;;;;;10788.28;;10788.28;;;;;0.00;0.00;0;;;;;;;;;;;;;;;;;;;;;;;;;;;;;;;;2026-03-19 15:27:51;2026-03-19 15:27:51;5;;724;;;;"""[\""Standard\""]""";0.00;0.00;0.00;;;false;;;false;;CR;;;;;false;false;true;false;false;false;false;true;false;;;2026-03-05 00:00:00;2026-03-05 00:00:00;;;;;;;;;2026-03-12 00:00:00;;FOB;FOB;CNY;;;;;Directo CR - FERRETERIA EPA, S.A.;82;EPA;OLO6;;-- N/A --;2026HONGGANG-BINTER 001;;7659;101924;;NINGBO, CHINA;CALDERA, COSTA RICA;10788.28;;;0;0;0;0;;;;;0.00;;BINTER TRADE LLC. (Dropship CR);;2025-10-31 00:00:00;;;;;;false;;;;;;;;;;;;;;;;;;;;;;;false;;;
18970;1;6702187;draft;10579.52;pending;2025-10-31;USD;FOB;;;;;10579.52;;10579.52;;;;;0.00;0.00;0;;;;;;;;;;;;;;;;;;;;;;;;;;;;;;;;2026-03-19 15:27:51;2026-03-19 15:27:51;5;;724;;;;"""[\""Standard\""]""";0.00;0.00;0.00;;;false;;;false;;GL SV;;;;;false;false;false;false;false;false;false;true;false;;;2026-03-05 00:00:00;2026-03-05 00:00:00;;;;;;;;;;;FOB;FOB;CNY;;;;;GL SV - FERRETERIA EPA, S.A. DE C.V.;82;EPA;OLO6;;;;;;;;NINGBO, CHINA;ACAJUTLA, EL SALVADOR;;;;0;0;0;0;;;;;0.00;;BINTER TRADE LLC. (Zona Franca SV);;2025-10-31 00:00:00;;;;;;false;;;;;;;;;;;;;;;;;;;;;;;false;;;
18971;1;6702188;draft;5014.68;pending;2025-10-31;USD;FOB;;;;;5014.68;;5014.68;;;;;0.00;0.00;0;;;;;;;;;;;;;;;;;;;;;;;;;;;;;;;;2026-03-19 15:27:51;2026-03-19 15:27:51;5;;724;;;;"""[\""Standard\""]""";0.00;0.00;0.00;;;false;;;false;;CR;;;;;false;false;true;false;false;false;false;false;false;;;2026-03-05 00:00:00;2026-03-05 00:00:00;;;;;;;;;2026-03-13 00:00:00;;FOB;FOB;CNY;;;;;Directo CR - FERRETERIA EPA, S.A.;82;EPA;OLO6;;-- N/A --;2026HONGGANG-BINTER 003;;7660;101931;;NINGBO, CHINA;CALDERA, COSTA RICA;5014.68;;;0;0;0;0;;;;;0.00;;BINTER TRADE LLC. (Dropship CR);;2025-10-31 00:00:00;;;;;;false;;;;;;;;;;;;;;;;;;;;;;;false;;;
18972;1;6702189;draft;5644.22;pending;2025-10-31;USD;FOB;;;;;5644.22;;5644.22;;;;;0.00;0.00;0;;;;;;;;;;;;;;;;;;;;;;;;;;;;;;;;2026-03-19 15:27:51;2026-03-19 15:27:51;5;;724;;;;"""[\""Standard\""]""";0.00;0.00;0.00;;;false;;;false;;ZF;;;;;false;false;false;false;false;false;false;true;false;;;2026-03-05 00:00:00;2026-03-05 00:00:00;;;;;;;;;;;FOB;FOB;CNY;;;;;ZF - OVERSEAS LOGISTICS OPERATIONS;82;EPA;OLO6;;;;;;;;NINGBO, CHINA;CALDERA, COSTA RICA;;;;0;0;0;0;;;;;0.00;;BINTER TRADE LLC. (ZF);;2025-10-31 00:00:00;;;;;;false;;;;;;;;;;;;;;;;;;;;;;;false;;;
18973;1;6702190;draft;15114.56;pending;2025-10-31;USD;FOB;;;;;15114.56;;15114.56;;;;;0.00;0.00;0;;;;;;;;;;;;;;;;;;;;;;;;;;;;;;;;2026-03-19 15:27:51;2026-03-19 15:27:51;5;;689;;;;"""[\""Standard\""]""";0.00;0.00;0.00;;;false;;;false;;PI1CR;;;;;false;false;true;false;false;false;false;false;false;;;2025-12-10 00:00:00;2025-12-10 00:00:00;;;;;;;;;2026-02-17 00:00:00;;FOB;FOB;PEDIDO COMPRA;;;;;Directo CR - FERRETERIA EPA, S.A.;83;EPA;OLO6;;-- N/A --;GW251101B-1;;7579;101830;;SHANGHAI, CHINA;CALDERA, COSTA RICA;15114.56;;;0;0;0;0;;;;;0.00;;BINTER TRADE LLC. (Dropship CR);;2025-10-31 00:00:00;;;;;;false;;;;;;;;;;;;;;;;;;;;;;;false;;;
18974;1;6702191;draft;15066.88;pending;2025-10-31;USD;FOB;;;;;15066.88;;15066.88;;;;;0.00;0.00;0;;;;;;;;;;;;;;;;;;;;;;;;;;;;;;;;2026-03-19 15:27:51;2026-03-19 15:27:51;5;;689;;;;"""[\""Standard\""]""";0.00;0.00;0.00;;;false;;;false;;PI2CR;;;;;false;false;true;false;false;false;false;false;false;;;2026-02-15 00:00:00;2026-02-15 00:00:00;;;;;;;;;2026-02-11 00:00:00;;FOB;FOB;PEDIDO COMPRA;;;;;Directo CR - FERRETERIA EPA, S.A.;83;EPA;OLO6;;-- N/A --;GW251101B-3;;7563;101814;;SHANGHAI, CHINA;CALDERA, COSTA RICA;15066.88;;;0;0;0;0;;;;;0.00;;BINTER TRADE LLC. (Dropship CR);;2025-10-31 00:00:00;;;;;;false;;;;;;;;;;;;;;;;;;;;;;;false;;;
18975;1;6702192;draft;25591.50;pending;2025-10-31;USD;FOB;;;;;25591.50;;25591.50;;;;;0.00;0.00;0;;;;;;;;;;;;;;;;;;;;;;;;;;;;;;;;2026-03-19 15:27:51;2026-03-19 15:27:51;3;;685;;;;"""[\""Standard\""]""";0.00;0.00;0.00;;;false;;;false;;CR;;;;;false;false;false;false;false;false;false;false;false;;;2026-03-05 00:00:00;2026-03-05 00:00:00;;;;;;;;;;;FOB;FOB;CNY;;;;;Directo CR - FERRETERIA EPA, S.A.;82;EPA;OLO6;;;;;;;;SHANGHAI, CHINA;CALDERA, COSTA RICA;;;;0;0;0;0;;;;;0.00;;BINTER TRADE LLC. (Dropship CR);;2025-10-31 00:00:00;;;;;;false;;;;;;;;;;;;;;;;;;;;;;;false;;;
18976;1;6702193;draft;24969.36;pending;2025-10-31;USD;FOB;;;;;24969.36;;24969.36;;;;;0.00;0.00;0;;;;;;;;;;;;;;;;;;;;;;;;;;;;;;;;2026-03-19 15:27:52;2026-03-19 15:27:52;3;;685;;;;"""[\""Standard\""]""";0.00;0.00;0.00;;;false;;;false;;CR;;;;;false;false;false;false;false;false;false;false;false;;;2026-03-05 00:00:00;2026-03-05 00:00:00;;;;;;;;;;;FOB;FOB;CNY;;;;;Directo CR - FERRETERIA EPA, S.A.;82;EPA;OLO6;;;;;;;;SHANGHAI, CHINA;CALDERA, COSTA RICA;;;;0;0;0;0;;;;;0.00;;BINTER TRADE LLC. (Dropship CR);;2025-10-31 00:00:00;;;;;;false;;;;;;;;;;;;;;;;;;;;;;;false;;;
18977;1;6702194;draft;25624.28;pending;2025-10-31;USD;FOB;;;;;25624.28;;25624.28;;;;;0.00;0.00;0;;;;;;;;;;;;;;;;;;;;;;;;;;;;;;;;2026-03-19 15:27:52;2026-03-19 15:27:52;3;;685;;;;"""[\""Standard\""]""";0.00;0.00;0.00;;;false;;;false;;CR;;;;;false;false;false;false;false;false;false;false;false;;;2026-03-05 00:00:00;2026-03-05 00:00:00;;;;;;;;;;;FOB;FOB;CNY;;;;;Directo CR - FERRETERIA EPA, S.A.;82;EPA;OLO6;;;;;;;;SHANGHAI, CHINA;CALDERA, COSTA RICA;;;;0;0;0;0;;;;;0.00;;BINTER TRADE LLC. (Dropship CR);;2025-10-31 00:00:00;;;;;;false;;;;;;;;;;;;;;;;;;;;;;;false;;;
18978;1;6702195;draft;25567.98;pending;2025-10-31;USD;FOB;;;;;25567.98;;25567.98;;;;;0.00;0.00;0;;;;;;;;;;;;;;;;;;;;;;;;;;;;;;;;2026-03-19 15:27:52;2026-03-19 15:27:52;3;;685;;;;"""[\""Standard\""]""";0.00;0.00;0.00;;;false;;;false;;SV;;;;;false;false;false;false;false;false;false;false;false;;;2026-03-05 00:00:00;2026-03-05 00:00:00;;;;;;;;;;;FOB;FOB;CNY;;;;;GL SV - FERRETERIA EPA, S.A. DE C.V.;82;EPA;OLO6;;;;;;;;SHANGHAI, CHINA;ACAJUTLA, EL SALVADOR;;;;0;0;0;0;;;;;0.00;;BINTER TRADE LLC. (Zona Franca SV);;2025-10-31 00:00:00;;;;;;false;;;;;;;;;;;;;;;;;;;;;;;false;;;
18979;1;6702196;draft;13696.00;pending;2025-10-31;USD;FOB;;;;;13696.00;;13696.00;;;;;0.00;0.00;0;;;;;;;;;;;;;;;;;;;;;;;;;;;;;;;;2026-03-19 15:27:52;2026-03-19 15:27:52;5;;689;;;;"""[\""Standard\""]""";0.00;0.00;0.00;;;false;;;false;;PI3GT;;;;;false;false;false;false;false;false;false;false;false;;;2025-12-10 00:00:00;2025-12-10 00:00:00;;;;;;;;;2026-02-09 00:00:00;;FOB;FOB;CNY;;;;;Directo GT - FERRETERIA EPA, S.A. (Guatemala);83;EPA;OLO6;;-- N/A --;GW251101B-2;;7547;101799;;SHANGHAI, CHINA;CIUDAD DE GUATEMALA, GUATEMALA;13696.00;;;0;0;0;0;;;;;0.00;;BINTER TRADE LLC. (Dropship GT);;2025-10-31 00:00:00;;;;;;false;;;;;;;;;;;;;;;;;;;;;;;false;;;
18980;1;6702197;draft;13696.00;pending;2025-10-31;USD;FOB;;;;;13696.00;;13696.00;;;;;0.00;0.00;0;;;;;;;;;;;;;;;;;;;;;;;;;;;;;;;;2026-03-19 15:27:52;2026-03-19 15:27:52;5;;689;;;;"""[\""Standard\""]""";0.00;0.00;0.00;;;false;;;false;;PI4VE;;;;;false;false;false;false;false;false;false;false;false;;;2026-02-10 00:00:00;2026-02-10 00:00:00;;;;;;;;;2026-03-09 00:00:00;;CIF;FOB;CNY;;;;;Directo VE - FERRETERIA EPA, C.A.;83;EPA;OLO6;;-- N/A --;GW251101B-4;;7641;101902;;SHANGHAI, CHINA;PUERTO CABELLO, VENEZUELA;13696.00;;;0;0;0;0;;;;;0.00;;BINTER TRADE LLC. (Dropship EPA - VE);;2025-10-31 00:00:00;;;;;;false;;;;;;;;;;;;;;;;;;;;;;;false;;;
18981;1;6702200;draft;17540.00;pending;2025-11-06;USD;FOB;;;;;17540.00;;17540.00;;;;;0.00;0.00;0;;;;;;;;;;;;;;;;;;;;;;;;;;;;;;;;2026-03-19 15:27:52;2026-03-19 15:27:52;5;;681;;;;"""[\""Standard\""]""";0.00;0.00;0.00;;;false;;;false;;Refuerzo SV Nov 25 #1;;;;;false;false;false;false;false;false;false;false;false;;;2025-12-20 00:00:00;2025-12-20 00:00:00;;;;;;;;;2026-01-19 00:00:00;;FOB;FOB;CNY;;;;;Directo SV - FERRETERIA EPA, S.A. DE C.V.;85;EPA;OLO6;;-- N/A --;BLN25D380;;7416;101668;;NINGBO, CHINA;ACAJUTLA, EL SALVADOR;17540.00;;;0;0;0;0;;;;;0.00;;BINTER TRADE LLC. (Dropship SV);;2025-11-06 00:00:00;;;;;;false;;;;;;;;;;;;;;;;;;;;;;;false;;;
18982;1;6702201;draft;17540.00;pending;2025-11-06;USD;FOB;;;;;17540.00;;17540.00;;;;;0.00;0.00;0;;;;;;;;;;;;;;;;;;;;;;;;;;;;;;;;2026-03-19 15:27:52;2026-03-19 15:27:52;5;;681;;;;"""[\""Standard\""]""";0.00;0.00;0.00;;;false;;;false;;Refuerzo SV Nov 25 #2;;;;;false;false;false;false;false;false;false;false;false;;;2026-01-12 00:00:00;2026-01-12 00:00:00;;;;;;;;;2026-02-02 00:00:00;;FOB;FOB;CNY;;;;;Directo SV - FERRETERIA EPA, S.A. DE C.V.;85;EPA;OLO6;;-- N/A --;BLN26D062;;7516;101765;;NINGBO, CHINA;ACAJUTLA, EL SALVADOR;17540.00;;;0;0;0;0;;;;;0.00;;BINTER TRADE LLC. (Dropship SV);;2025-11-06 00:00:00;;;;;;false;;;;;;;;;;;;;;;;;;;;;;;false;;;
18983;1;6702202;draft;17540.00;pending;2025-11-06;USD;FOB;;;;;17540.00;;17540.00;;;;;0.00;0.00;0;;;;;;;;;;;;;;;;;;;;;;;;;;;;;;;;2026-03-19 15:27:52;2026-03-19 15:27:52;5;;681;;;;"""[\""Standard\""]""";0.00;0.00;0.00;;;false;;;false;;Refuerzo SV Nov 25 #3;;;;;false;false;false;false;false;false;false;false;false;;;2026-01-26 00:00:00;2026-01-26 00:00:00;;;;;;;;;2026-01-23 00:00:00;;FOB;FOB;CNY;;;;;Directo SV - FERRETERIA EPA, S.A. DE C.V.;85;EPA;OLO6;;-- N/A --;BLN26D063;;7468;101716;;NINGBO, CHINA;ACAJUTLA, EL SALVADOR;17540.00;;;0;0;0;0;;;;;0.00;;BINTER TRADE LLC. (Dropship SV);;2025-11-06 00:00:00;;;;;;false;;;;;;;;;;;;;;;;;;;;;;;false;;;
18984;1;6702203;draft;9914.52;pending;2025-11-03;USD;FOB;;;;;9914.52;;9914.52;;;;;0.00;0.00;0;;;;;;;;;;;;;;;;;;;;;;;;;;;;;;;;2026-03-19 15:27:52;2026-03-19 15:27:52;5;;725;;;;"""[\""Standard\""]""";0.00;0.00;0.00;;;false;;;false;;CR;;;;;false;false;false;false;false;false;false;false;false;;;2025-12-15 00:00:00;2025-12-15 00:00:00;;;;;;;;;2026-03-04 00:00:00;;FOB;FOB;CNY;;;;;Directo CR - FERRETERIA EPA, S.A.;89;EPA;OLO6;;-- N/A --;YM25270-Z-1;;7631;101886;;NINGBO, CHINA;CALDERA, COSTA RICA;9914.52;;;0;0;0;0;;;;;0.00;;BINTER TRADE LLC. (Dropship CR);;2025-11-03 00:00:00;;;;;;false;;;;;;;;;;;;;;;;;;;;;;;false;;;
18985;1;6702204;draft;17836.44;pending;2025-11-03;USD;FOB;;;;;17836.44;;17836.44;;;;;0.00;0.00;0;;;;;;;;;;;;;;;;;;;;;;;;;;;;;;;;2026-03-19 15:27:52;2026-03-19 15:27:52;5;;725;;;;"""[\""Standard\""]""";0.00;0.00;0.00;;;false;;;false;;zf;;;;;false;false;false;false;false;false;false;false;false;;;2025-12-15 00:00:00;2025-12-15 00:00:00;;;;;;;;;;;FOB;FOB;CNY;;;;;ZF - OVERSEAS LOGISTICS OPERATIONS;89;EPA;OLO6;;;YM25270-Z;;7647;;;NINGBO, CHINA;CALDERA, COSTA RICA;17836.44;;;0;0;0;0;;;;;0.00;;BINTER TRADE LLC. (ZF);;2025-11-03 00:00:00;;;;;;false;;;;;;;;;;;;;;;;;;;;;;;false;;;
18986;1;6702209;draft;28137.00;pending;2025-11-03;USD;FOB;;;;;28137.00;;28137.00;;;;;0.00;0.00;0;;;;;;;;;;;;;;;;;;;;;;;;;;;;;;;;2026-03-19 15:27:52;2026-03-19 15:27:52;5;;726;;;;"""[\""Standard\""]""";0.00;0.00;0.00;;;false;;;false;;Directo VZ Oct 25 CNY;;;;;false;false;false;false;false;false;false;false;false;;;2025-12-15 00:00:00;2025-12-15 00:00:00;;;;;;;;;2026-01-23 00:00:00;;CIF;FOB;CNY;;;;;Directo VE - FERRETERIA EPA, C.A.;85;EPA;OLO6;;-- N/A --;BP20251031;;7472;101707;;YANTIAN, CHINA;PUERTO CABELLO, VENEZUELA;28137.00;;;0;0;0;0;;;;;0.00;;BINTER TRADE LLC. (Dropship EPA - VE);;2025-11-03 00:00:00;;;;;;false;;;;;;;;;;;;;;;;;;;;;;;false;;;
18987;1;6702210;draft;216.20;pending;2025-11-04;USD;FOB;;;;;216.20;;216.20;;;;;0.00;0.00;0;;;;;;;;;;;;;;;;;;;;;;;;;;;;;;;;2026-03-19 15:27:52;2026-03-19 15:27:52;5;;680;;;;"""[\""Standard\""]""";0.00;0.00;0.00;;;false;;;false;;A-6702050;;;;;false;false;false;false;false;false;false;false;false;;;2025-12-20 00:00:00;2025-12-20 00:00:00;;;;;;;;;2026-01-23 00:00:00;;FOB;FOB;CNY;;;;;Directo GT - FERRETERIA EPA, S.A. (Guatemala);89;EPA;OLO6;;-- N/A --;ST20251004-GT6;;7462;101725;;XIAMEN, CHINA;QUETZAL, GUATEMALA;13930.15;;;0;0;0;0;;;;;0.00;;BINTER TRADE LLC. (Dropship GT);;2025-11-04 00:00:00;;;;;;false;;;;;;;;;;;;;;;;;;;;;;;false;;;
18988;1;6702211;draft;335.11;pending;2025-11-04;USD;FOB;;;;;335.11;;335.11;;;;;0.00;0.00;0;;;;;;;;;;;;;;;;;;;;;;;;;;;;;;;;2026-03-19 15:27:52;2026-03-19 15:27:52;2;;680;;;;"""[\""Standard\""]""";0.00;0.00;0.00;;;false;;;false;;A-6702054;;;;;false;false;false;false;false;false;false;false;false;;;2026-03-30 00:00:00;2026-03-30 00:00:00;;;;;;;;;;;FOB;FOB;CNY;;;;;Directo GT - FERRETERIA EPA, S.A. (Guatemala);89;EPA;OLO6;;;;;;;;XIAMEN, CHINA;QUETZAL, GUATEMALA;;;;0;0;0;0;;;;;0.00;;BINTER TRADE LLC. (Dropship GT);;2025-11-04 00:00:00;;;;;;false;;;;;;;;;;;;;;;;;;;;;;;false;;;
18989;1;6702212;draft;17880.00;pending;2025-11-05;USD;FOB;;;;;17880.00;;17880.00;;;;;0.00;0.00;0;;;;;;;;;;;;;;;;;;;;;;;;;;;;;;;;2026-03-19 15:27:52;2026-03-19 15:27:52;2;;696;;;;"""[\""Standard\""]""";0.00;0.00;0.00;;;false;;;false;;Directo VZ #4 Oct 25 CNY;;;;;false;false;false;false;false;false;false;false;false;;;2026-05-01 00:00:00;2026-05-01 00:00:00;;;;;;;;;;;FOB;FOB;CNY;;;;;Directo VE - FERRETERIA EPA, C.A.;85;EPA;OLO6;;;;;;;;NINGBO, CHINA;PUERTO CABELLO, VENEZUELA;;;;0;0;0;0;;;;;0.00;;BINTER TRADE LLC. (Dropship EPA - VE);;2025-11-05 00:00:00;;;;;;false;;;;;;;;;;;;;;;;;;;;;;;false;;;
18990;1;6702213;draft;2646.00;pending;2025-11-05;USD;FOB;;;;;2646.00;;2646.00;;;;;0.00;0.00;0;;;;;;;;;;;;;;;;;;;;;;;;;;;;;;;;2026-03-19 15:27:52;2026-03-19 15:27:52;5;;680;;;;"""[\""Standard\""]""";0.00;0.00;0.00;;;false;;;false;;VE;;;;;false;false;false;false;false;false;false;false;false;;;2025-12-10 00:00:00;2025-12-10 00:00:00;;;;;;;;;2026-01-23 00:00:00;;CIF;FOB;CNY;;;;;Directo VE - Febeca, C.A.;89;EPA;OLO6;;-- N/A --;ST20250928-GT10;;7467;101712;;XIAMEN, CHINA;LA GUAIRA, VENEZUELA;12999.00;;;0;0;0;0;;;;;0.00;;BINTER TRADE LLC. (Dropship FEBECA - VE);;2025-11-05 00:00:00;;;;;;false;;;;;;;;;;;;;;;;;;;;;;;false;;;
18991;1;6702214;draft;11000.00;pending;2025-11-06;USD;FOB;;;;;11000.00;;11000.00;;;;;0.00;0.00;0;;;;;;;;;;;;;;;;;;;;;;;;;;;;;;;;2026-03-19 15:27:52;2026-03-19 15:27:52;5;;727;;;;"""[\""Standard\""]""";0.00;0.00;0.00;;;false;;;false;;GT1;;;;;false;false;false;false;false;false;false;false;false;;;2025-11-30 00:00:00;2025-11-30 00:00:00;;;;;;;;;2025-11-26 00:00:00;;FOB;FOB;PEDIDO COMPRA;;;;;Directo GT - FERRETERIA EPA, S.A. (Guatemala);89;EPA;OLO6;;-- N/A --;STB-2025027;;7010;101207;;QINGDAO, CHINA;QUETZAL, GUATEMALA;11000.00;;;0;0;0;0;;;;;0.00;;BINTER TRADE LLC. (Dropship GT);;2025-11-06 00:00:00;;;;;;false;;;;;;;;;;;;;;;;;;;;;;;false;;;
18992;1;6702215;draft;11000.00;pending;2025-11-06;USD;FOB;;;;;11000.00;;11000.00;;;;;0.00;0.00;0;;;;;;;;;;;;;;;;;;;;;;;;;;;;;;;;2026-03-19 15:27:52;2026-03-19 15:27:52;5;;727;;;;"""[\""Standard\""]""";0.00;0.00;0.00;;;false;;;false;;GT;;;;;false;false;false;false;false;false;false;false;false;;;2025-11-30 00:00:00;2025-11-30 00:00:00;;;;;;;;;2025-11-26 00:00:00;;FOB;FOB;PEDIDO COMPRA;;;;;Directo GT - FERRETERIA EPA, S.A. (Guatemala);89;EPA;OLO6;;-- N/A --;STB-2025028;;7009;101206;;QINGDAO, CHINA;QUETZAL, GUATEMALA;11000.00;;;0;0;0;0;;;;;0.00;;BINTER TRADE LLC. (Dropship GT);;2025-11-06 00:00:00;;;;;;false;;;;;;;;;;;;;;;;;;;;;;;false;;;
18993;1;6702216;draft;23080.00;pending;2025-11-06;USD;FOB;;;;;23080.00;;23080.00;;;;;0.00;0.00;0;;;;;;;;;;;;;;;;;;;;;;;;;;;;;;;;2026-03-19 15:27:52;2026-03-19 15:27:52;5;;719;;;;"""[\""Standard\""]""";0.00;0.00;0.00;;;false;;;false;;Directo CR #1 Oct 25 CNY;;;;;false;false;false;false;false;false;false;false;false;;;2026-01-10 00:00:00;2026-01-10 00:00:00;;;;;;;;;2026-03-16 00:00:00;;FOB;FOB;CNY;;;;;Directo CR - FERRETERIA EPA, S.A.;85;EPA;OLO6;;-- N/A --;UZE251193;;7665;101944;;ZHEJIANG, CHINA;ALAJUELA, COSTA RICA;23080.00;;;0;0;0;0;;;;;0.00;;BINTER TRADE LLC. (Dropship CR);;2025-11-06 00:00:00;;;;;;false;;;;;;;;;;;;;;;;;;;;;;;false;;;
18994;1;6702217;draft;28315.10;pending;2025-11-06;USD;FOB;;;;;28315.10;;28315.10;;;;;0.00;0.00;0;;;;;;;;;;;;;;;;;;;;;;;;;;;;;;;;2026-03-19 15:27:52;2026-03-19 15:27:52;2;;719;;;;"""[\""Standard\""]""";0.00;0.00;0.00;;;false;;;false;;Directo CR #2 Oct 25 CNY;;;;;false;false;false;false;false;false;false;false;false;;;2026-07-01 00:00:00;2026-07-01 00:00:00;;;;;;;;;;;FOB;DAP;CNY;;;;;Directo CR - FERRETERIA EPA, S.A.;85;EPA;OLO6;;;;;;;;ZHEJIANG, CHINA;ALAJUELA, COSTA RICA;;;;0;0;0;0;;;;;0.00;;BINTER TRADE LLC. (Dropship CR);;2025-11-06 00:00:00;;;;;;false;;;;;;;;;;;;;;;;;;;;;;;false;;;
18995;1;6702218;draft;21603.70;pending;2025-11-06;USD;FOB;;;;;21603.70;;21603.70;;;;;0.00;0.00;0;;;;;;;;;;;;;;;;;;;;;;;;;;;;;;;;2026-03-19 15:27:52;2026-03-19 15:27:52;5;;719;;;;"""[\""Standard\""]""";0.00;0.00;0.00;;;false;;;false;;Directo SV #3 Oct 25 CNY;;;;;false;false;false;false;false;false;false;false;false;;;2026-01-10 00:00:00;2026-01-10 00:00:00;;;;;;;;;2026-03-11 00:00:00;;FOB;FOB;CNY;;;;;Directo SV - FERRETERIA EPA, S.A. DE C.V.;85;EPA;OLO6;;-- N/A --;UZE251195;;7656;101917;;ZHEJIANG, CHINA;SAN SALVADOR, EL SALVADOR;21603.70;;;0;0;0;0;;;;;0.00;;BINTER TRADE LLC. (Dropship SV);;2025-11-06 00:00:00;;;;;;false;;;;;;;;;;;;;;;;;;;;;;;false;;;
18996;1;6702219;draft;31204.70;pending;2025-11-06;USD;FOB;;;;;31204.70;;31204.70;;;;;0.00;0.00;0;;;;;;;;;;;;;;;;;;;;;;;;;;;;;;;;2026-03-19 15:27:52;2026-03-19 15:27:52;2;;719;;;;"""[\""Standard\""]""";0.00;0.00;0.00;;;false;;;false;;Directo SV #4 Oct 25 CNY;;;;;false;false;false;false;false;false;false;false;false;;;2026-04-01 00:00:00;2026-04-01 00:00:00;;;;;;;;;;;FOB;FOB;CNY;;;;;Directo SV - FERRETERIA EPA, S.A. DE C.V.;85;EPA;OLO6;;;;;;;;ZHEJIANG, CHINA;SAN SALVADOR, EL SALVADOR;;;;0;0;0;0;;;;;0.00;;BINTER TRADE LLC. (Dropship SV);;2025-11-06 00:00:00;;;;;;false;;;;;;;;;;;;;;;;;;;;;;;false;;;
18997;1;6702220;draft;31204.70;pending;2025-11-06;USD;FOB;;;;;31204.70;;31204.70;;;;;0.00;0.00;0;;;;;;;;;;;;;;;;;;;;;;;;;;;;;;;;2026-03-19 15:27:52;2026-03-19 15:27:52;2;;719;;;;"""[\""Standard\""]""";0.00;0.00;0.00;;;false;;;false;;Directo SV #5 Oct 25 CNY;;;;;false;false;false;false;false;false;false;false;false;;;2026-06-01 00:00:00;2026-06-01 00:00:00;;;;;;;;;;;FOB;FOB;CNY;;;;;Directo SV - FERRETERIA EPA, S.A. DE C.V.;85;EPA;OLO6;;;;;;;;ZHEJIANG, CHINA;SAN SALVADOR, EL SALVADOR;;;;0;0;0;0;;;;;0.00;;BINTER TRADE LLC. (Dropship SV);;2025-11-06 00:00:00;;;;;;false;;;;;;;;;;;;;;;;;;;;;;;false;;;
18998;1;6702221;draft;26863.48;pending;2025-11-06;USD;FOB;;;;;26863.48;;26863.48;;;;;0.00;0.00;0;;;;;;;;;;;;;;;;;;;;;;;;;;;;;;;;2026-03-19 15:27:52;2026-03-19 15:27:52;5;;719;;;;"""[\""Standard\""]""";0.00;0.00;0.00;;;false;;;false;;Directo VE #6 Oct 25 CNY;;;;;false;false;false;false;false;false;false;false;false;;;2026-01-10 00:00:00;2026-01-10 00:00:00;;;;;;;;;2026-03-05 00:00:00;;CIF;FOB;CNY;;;;;Directo VE - FERRETERIA EPA, C.A.;85;EPA;OLO6;;-- N/A --;UZE251198;;7632;101889;;ZHEJIANG, CHINA;LA GUAIRA, VENEZUELA;26863.48;;;0;0;0;0;;;;;0.00;;BINTER TRADE LLC. (Dropship EPA - VE);;2025-11-06 00:00:00;;;;;;false;;;;;;;;;;;;;;;;;;;;;;;false;;;
18999;1;6702222;draft;7090.84;pending;2025-11-06;USD;FOB;;;;;7090.84;;7090.84;;;;;0.00;0.00;0;;;;;;;;;;;;;;;;;;;;;;;;;;;;;;;;2026-03-19 15:27:52;2026-03-19 15:27:52;5;;719;;;;"""[\""Standard\""]""";0.00;0.00;0.00;;;false;;;false;;ZF CA #7 Oct 25 CNY CR;;;;;false;false;false;false;false;false;false;false;false;;;2026-01-10 00:00:00;2026-01-10 00:00:00;;;;;;;;;2026-03-13 00:00:00;;FOB;FOB;CNY;;;;;Directo CR - FERRETERIA EPA, S.A.;85;EPA;OLO6;;-- N/A --;UZE251199A;;7666;101932;;ZHEJIANG, CHINA;ALAJUELA, COSTA RICA;7090.84;;;0;0;0;0;;;;;0.00;;BINTER TRADE LLC. (Dropship CR);;2025-11-06 00:00:00;;;;;;false;;;;;;;;;;;;;;;;;;;;;;;false;;;
19000;1;6702223;draft;24066.54;pending;2025-11-06;USD;FOB;;;;;24066.54;;24066.54;;;;;0.00;0.00;0;;;;;;;;;;;;;;;;;;;;;;;;;;;;;;;;2026-03-19 15:27:52;2026-03-19 15:27:52;5;;719;;;;"""[\""Standard\""]""";0.00;0.00;0.00;;;false;;;false;;ZF CA #7 Oct 25 CNY GT;;;;;false;false;false;false;false;false;false;false;false;;;2026-01-10 00:00:00;2026-01-10 00:00:00;;;;;;;;;;;FOB;FOB;CNY;;;;;ZF - OVERSEAS LOGISTICS OPERATIONS;85;EPA;OLO6;;;;;;;;ZHEJIANG, CHINA;ALAJUELA, COSTA RICA;;;;0;0;0;0;;;;;0.00;;BINTER TRADE LLC. (ZF);;2025-11-06 00:00:00;;;;;;false;;;;;;;;;;;;;;;;;;;;;;;false;;;
19001;1;6702224;draft;4789.00;pending;2025-11-06;USD;FOB;;;;;4789.00;;4789.00;;;;;0.00;0.00;0;;;;;;;;;;;;;;;;;;;;;;;;;;;;;;;;2026-03-19 15:27:52;2026-03-19 15:27:52;2;;719;;;;"""[\""Standard\""]""";0.00;0.00;0.00;;;false;;;false;;ZF CA #8 Oct 25 CNY CR;;;;;false;false;false;false;false;false;false;false;false;;;2026-04-01 00:00:00;2026-04-01 00:00:00;;;;;;;;;;;FOB;DAP;CNY;;;;;Directo CR - FERRETERIA EPA, S.A.;85;EPA;OLO6;;;;;;;;ZHEJIANG, CHINA;ALAJUELA, COSTA RICA;;;;0;0;0;0;;;;;0.00;;BINTER TRADE LLC. (Dropship CR);;2025-11-06 00:00:00;;;;;;false;;;;;;;;;;;;;;;;;;;;;;;false;;;
19002;1;6702225;draft;8250.00;pending;2025-11-06;USD;FOB;;;;;8250.00;;8250.00;;;;;0.00;0.00;0;;;;;;;;;;;;;;;;;;;;;;;;;;;;;;;;2026-03-19 15:27:52;2026-03-19 15:27:52;2;;719;;;;"""[\""Standard\""]""";0.00;0.00;0.00;;;false;;;false;;ZF CA #8 Oct 25 CNY SV;;;;;false;false;false;false;false;false;false;false;false;;;2026-04-01 00:00:00;2026-04-01 00:00:00;;;;;;;;;;;;;CNY;;;;;ZF - OVERSEAS LOGISTICS OPERATIONS;85;EPA;OLO6;;;;;;;;ZHEJIANG, CHINA;ALAJUELA, COSTA RICA;;;;0;0;0;0;;;;;0.00;;BINTER TRADE LLC. (ZF);;2025-11-06 00:00:00;;;;;;false;;;;;;;;;;;;;;;;;;;;;;;false;;;
19003;1;6702226;draft;20839.42;pending;2025-11-06;USD;FOB;;;;;20839.42;;20839.42;;;;;0.00;0.00;0;;;;;;;;;;;;;;;;;;;;;;;;;;;;;;;;2026-03-19 15:27:52;2026-03-19 15:27:52;2;;719;;;;"""[\""Standard\""]""";0.00;0.00;0.00;;;false;;;false;;ZF CA #8 Oct 25 CNY VZ;;;;;false;false;false;false;false;false;false;false;false;;;2026-04-01 00:00:00;2026-04-01 00:00:00;;;;;;;;;;;;;CNY;;;;;ZF - OVERSEAS LOGISTICS OPERATIONS;85;EPA;OLO6;;;;;;;;ZHEJIANG, CHINA;ALAJUELA, COSTA RICA;;;;0;0;0;0;;;;;0.00;;BINTER TRADE LLC. (ZF);;2025-11-06 00:00:00;;;;;;false;;;;;;;;;;;;;;;;;;;;;;;false;;;
19004;1;6702227;draft;37096.16;pending;2025-11-07;USD;FOB;;;;;37096.16;;37096.16;;;;;0.00;0.00;0;;;;;;;;;;;;;;;;;;;;;;;;;;;;;;;;2026-03-19 15:27:52;2026-03-19 15:27:52;2;;728;;;;"""[\""Standard\""]""";0.00;0.00;0.00;;;false;;;false;;PI1ZF;;;;;false;false;false;false;false;false;false;false;false;;;2026-01-15 00:00:00;2026-01-15 00:00:00;;;;;;;;;;;FOB;FOB;CNY;;;;;Directo CR - FERRETERIA EPA, S.A.;83;EPA;OLO6;;;;;;;;NINGBO, CHINA;CALDERA, COSTA RICA;;;;0;0;0;0;;;;;0.00;;BINTER TRADE LLC. (Dropship CR);;2025-11-07 00:00:00;;;;;;false;;;;;;;;;;;;;;;;;;;;;;;false;;;
19005;1;6702228;draft;46282.38;pending;2025-11-07;USD;FOB;;;;;46282.38;;46282.38;;;;;0.00;0.00;0;;;;;;;;;;;;;;;;;;;;;;;;;;;;;;;;2026-03-19 15:27:52;2026-03-19 15:27:52;2;;728;;;;"""[\""Standard\""]""";0.00;0.00;0.00;;;false;;;false;;PI1ZF;;;;;false;false;false;false;false;false;false;false;false;;;2026-01-15 00:00:00;2026-01-15 00:00:00;;;;;;;;;;;;;CNY;;;;;ZF - OVERSEAS LOGISTICS OPERATIONS;83;EPA;OLO6;;;;;;;;NINGBO, CHINA;CALDERA, COSTA RICA;;;;0;0;0;0;;;;;0.00;;BINTER TRADE LLC. (ZF);;2025-11-07 00:00:00;;;;;;false;;;;;;;;;;;;;;;;;;;;;;;false;;;
19006;1;6702229;draft;37096.16;pending;2025-11-07;USD;FOB;;;;;37096.16;;37096.16;;;;;0.00;0.00;0;;;;;;;;;;;;;;;;;;;;;;;;;;;;;;;;2026-03-19 15:27:52;2026-03-23 00:00:07;2;;728;;;;"""[\""Standard\""]""";0.00;0.00;0.00;QTogYoXxmfOpCws6dwszpk3UN8mqCbNVLtsaQBiMSyNcJ7JGsD7IKS8pxy4VYQ8l;2026-03-26 00:00:07;false;;;false;;PI2ZF;;;;;false;false;false;false;false;false;false;false;false;;;2026-03-25 00:00:00;2026-03-25 00:00:00;;;;;;;;;;;FOB;FOB;CNY;;;;;Directo CR - FERRETERIA EPA, S.A.;83;EPA;OLO6;;;;;;;;NINGBO, CHINA;CALDERA, COSTA RICA;;;;0;0;0;0;;;;;0.00;;BINTER TRADE LLC. (Dropship CR);;2025-11-07 00:00:00;;;;;;false;;;;;;;;;;;;;;;;;;;;;;;false;;;
19007;1;6702230;draft;46282.38;pending;2025-11-07;USD;FOB;;;;;46282.38;;46282.38;;;;;0.00;0.00;0;;;;;;;;;;;;;;;;;;;;;;;;;;;;;;;;2026-03-19 15:27:52;2026-03-23 00:00:07;2;;728;;;;"""[\""Standard\""]""";0.00;0.00;0.00;IZmuoVyLnqMSEUIAp1jRrCZnVjovFIXKNONV4VZc7YVSVP5E1s9ACsp8qbiwPuUQ;2026-03-26 00:00:07;false;;;false;;PI2ZF;;;;;false;false;false;false;false;false;false;false;false;;;2026-03-25 00:00:00;2026-03-25 00:00:00;;;;;;;;;;;;;CNY;;;;;ZF - OVERSEAS LOGISTICS OPERATIONS;83;EPA;OLO6;;;;;;;;NINGBO, CHINA;CALDERA, COSTA RICA;;;;0;0;0;0;;;;;0.00;;BINTER TRADE LLC. (ZF);;2025-11-07 00:00:00;;;;;;false;;;;;;;;;;;;;;;;;;;;;;;false;;;
19008;1;6702232;draft;2940.00;pending;2025-11-10;USD;FOB;;;;;2940.00;;2940.00;;;;;0.00;0.00;0;;;;;;;;;;;;;;;;;;;;;;;;;;;;;;;;2026-03-19 15:27:52;2026-03-19 15:27:52;5;;631;;;;"""[\""Standard\""]""";0.00;0.00;0.00;;;false;;;false;;FE tapas;;;;;false;false;false;false;false;false;false;false;false;;;2025-11-30 00:00:00;2025-11-30 00:00:00;;;;;;;;;2026-01-16 00:00:00;;CIF;FOB;PEDIDO COMPRA;;;;;Directo VE - Febeca, C.A.;89;EPA;OLO6;;-- N/A --;XFH251216C;;7397;101645;;QINGDAO, CHINA;LA GUAIRA, VENEZUELA;2940.00;;;0;0;0;0;;;;;0.00;;BINTER TRADE LLC. (Dropship FEBECA - VE);;2025-11-10 00:00:00;;;;;;false;;;;;;;;;;;;;;;;;;;;;;;false;;;
19009;1;6702234;draft;27271.32;pending;2025-11-12;USD;FOB;;;;;27271.32;;27271.32;;;;;0.00;0.00;0;;;;;;;;;;;;;;;;;;;;;;;;;;;;;;;;2026-03-19 15:27:52;2026-03-19 15:27:52;2;;729;;;;"""[\""Standard\""]""";0.00;0.00;0.00;;;false;;;false;;PI1ZF;;;;;false;false;false;false;false;false;false;false;false;;;2026-01-10 00:00:00;2026-01-10 00:00:00;;;;;;;;;;;FOB;FOB;CNY;;;;;Directo CR - FERRETERIA EPA, S.A.;83;EPA;OLO6;;;;;;;;GUANGZHOU, CHINA;CALDERA, COSTA RICA;;;;0;0;0;0;;;;;0.00;;BINTER TRADE LLC. (Dropship CR);;2025-11-12 00:00:00;;;;;;false;;;;;;;;;;;;;;;;;;;;;;;false;;;
19010;1;6702235;draft;9393.84;pending;2025-11-12;USD;FOB;;;;;9393.84;;9393.84;;;;;0.00;0.00;0;;;;;;;;;;;;;;;;;;;;;;;;;;;;;;;;2026-03-19 15:27:53;2026-03-19 15:27:53;2;;729;;;;"""[\""Standard\""]""";0.00;0.00;0.00;;;false;;;false;;PI1ZF;;;;;false;false;false;false;false;false;false;false;false;;;2026-01-10 00:00:00;2026-01-10 00:00:00;;;;;;;;;;;;;CNY;;;;;ZF - OVERSEAS LOGISTICS OPERATIONS;83;EPA;OLO6;;;;;;;;GUANGZHOU, CHINA;CALDERA, COSTA RICA;;;;0;0;0;0;;;;;0.00;;BINTER TRADE LLC. (ZF);;2025-11-12 00:00:00;;;;;;false;;;;;;;;;;;;;;;;;;;;;;;false;;;
19011;1;6702236;draft;27271.32;pending;2025-11-12;USD;FOB;;;;;27271.32;;27271.32;;;;;0.00;0.00;0;;;;;;;;;;;;;;;;;;;;;;;;;;;;;;;;2026-03-19 15:27:53;2026-03-19 23:00:05;2;;729;;;;"""[\""Standard\""]""";0.00;0.00;0.00;97gyupZWRNEAObSwAwepVWZdwPYXcoEoAeUAllETfpXzCBWzR4vetpVE2aLhIqPD;2026-03-22 23:00:05;false;;;false;;PI2ZF;;;;;false;false;false;false;false;false;false;false;false;;;2026-03-20 00:00:00;2026-03-20 00:00:00;;;;;;;;;;;FOB;FOB;CNY;;;;;Directo CR - FERRETERIA EPA, S.A.;83;EPA;OLO6;;;;;;;;GUANGZHOU, CHINA;CALDERA, COSTA RICA;;;;0;0;0;0;;;;;0.00;;BINTER TRADE LLC. (Dropship CR);;2025-11-12 00:00:00;;;;;;false;;;;;;;;;;;;;;;;;;;;;;;false;;;
19012;1;6702237;draft;9393.84;pending;2025-11-12;USD;FOB;;;;;9393.84;;9393.84;;;;;0.00;0.00;0;;;;;;;;;;;;;;;;;;;;;;;;;;;;;;;;2026-03-19 15:27:53;2026-03-19 23:00:05;2;;729;;;;"""[\""Standard\""]""";0.00;0.00;0.00;hELfLn0buM5JboDICxKKQ9HumJRawxzGAAPsB1mvsWi5zoBiV7TtkX1GA2OtLktF;2026-03-22 23:00:05;false;;;false;;PI2ZF;;;;;false;false;false;false;false;false;false;false;false;;;2026-03-20 00:00:00;2026-03-20 00:00:00;;;;;;;;;;;;;CNY;;;;;ZF - OVERSEAS LOGISTICS OPERATIONS;83;EPA;OLO6;;;;;;;;GUANGZHOU, CHINA;CALDERA, COSTA RICA;;;;0;0;0;0;;;;;0.00;;BINTER TRADE LLC. (ZF);;2025-11-12 00:00:00;;;;;;false;;;;;;;;;;;;;;;;;;;;;;;false;;;
19013;1;6702238;draft;62059.20;pending;2025-12-04;USD;EXW;;;;;62059.20;;62059.20;;;;;0.00;0.00;0;;;;;;;;;;;;;;;;;;;;;;;;;;;;;;;;2026-03-19 15:27:53;2026-03-19 15:27:53;2;;699;;;;"""[\""Standard\""]""";0.00;0.00;0.00;;;false;;;false;;ASMACO - PINTURAS SPRAY - PI 5282;;;;;false;false;false;false;false;false;false;false;false;;;2026-02-12 00:00:00;2026-02-12 00:00:00;;;;;;;;;;;EXW;;PEDIDO COMPRA;;;;;Directo VE - Febeca, C.A.;87;MCG;OLO6;;;;;;;;JABEL ALI, UNITED ARAB EMIRATES;LA GUAIRA, VENEZUELA;;;;0;0;0;0;;;;;0.00;;BINTER TRADE LLC. (Dropship FEBECA - VE);;2025-12-04 00:00:00;;;;;;false;;;;;;;;;;;;;;;;;;;;;;;false;;;
19014;1;6702239;draft;39696.56;pending;2025-11-14;USD;FOB;;;;;39696.56;;39696.56;;;;;0.00;0.00;0;;;;;;;;;;;;;;;;;;;;;;;;;;;;;;;;2026-03-19 15:27:53;2026-03-19 15:27:53;3;;688;;;;"""[\""Standard\""]""";0.00;0.00;0.00;;;false;;;false;;Directo CR Oct 25 CNY;;;;;false;false;true;false;false;false;false;false;false;;;2026-01-26 00:00:00;2026-01-26 00:00:00;;;;;;;;;;;FOB;FOB;CNY;;;;;Directo CR - FERRETERIA EPA, S.A.;85;EPA;OLO6;;;;;;;;NINGBO, CHINA;CALDERA, COSTA RICA;;;;0;0;0;0;;;;;0.00;;BINTER TRADE LLC. (Dropship CR);;2025-11-14 00:00:00;;;;;;false;;;;;;;;;;;;;;;;;;;;;;;false;;;
19015;1;6702240;draft;36591.28;pending;2025-11-14;USD;FOB;;;;;36591.28;;36591.28;;;;;0.00;0.00;0;;;;;;;;;;;;;;;;;;;;;;;;;;;;;;;;2026-03-19 15:27:53;2026-03-19 15:27:53;5;;688;;;;"""[\""Standard\""]""";0.00;0.00;0.00;;;false;;;false;;Directo VZ Oct 25 CNY;;;;;false;false;false;false;false;false;false;false;false;;;2026-01-26 00:00:00;2026-01-26 00:00:00;;;;;;;;;2026-03-05 00:00:00;;CIF;FOB;CNY;;;;;Directo VE - FERRETERIA EPA, C.A.;85;EPA;OLO6;;-- N/A --;25HSA69BM6702240;;7633;101892;;NINGBO, CHINA;PUERTO CABELLO, VENEZUELA;36591.28;;;0;0;0;0;;;;;0.00;;BINTER TRADE LLC. (Dropship EPA - VE);;2025-11-14 00:00:00;;;;;;false;;;;;;;;;;;;;;;;;;;;;;;false;;;
19016;1;6702241;draft;37006.12;pending;2025-11-14;USD;FOB;;;;;37006.12;;37006.12;;;;;0.00;0.00;0;;;;;;;;;;;;;;;;;;;;;;;;;;;;;;;;2026-03-19 15:27:53;2026-03-19 15:27:53;5;;688;;;;"""[\""Standard\""]""";0.00;0.00;0.00;;;false;;;false;;Directo GL SV Oct 25 CNY;;;;;false;false;false;false;false;false;false;false;false;;;2026-01-26 00:00:00;2026-01-26 00:00:00;;;;;;;;;;;FOB;FOB;CNY;;;;;GL SV - FERRETERIA EPA, S.A. DE C.V.;85;EPA;OLO6;;;;;;;;NINGBO, CHINA;ACAJUTLA, EL SALVADOR;;;;0;0;0;0;;;;;0.00;;BINTER TRADE LLC. (Zona Franca SV);;2025-11-14 00:00:00;;;;;;false;;;;;;;;;;;;;;;;;;;;;;;false;;;
19017;1;6702242;draft;7093.12;pending;2025-11-14;USD;FOB;;;;;7093.12;;7093.12;;;;;0.00;0.00;0;;;;;;;;;;;;;;;;;;;;;;;;;;;;;;;;2026-03-19 15:27:53;2026-03-19 15:27:53;5;;688;;;;"""[\""Standard\""]""";0.00;0.00;0.00;;;false;;;false;;TLC CR Oct 25 CNY;;;;;false;false;true;false;false;false;false;false;false;;;2026-01-26 00:00:00;2026-01-26 00:00:00;;;;;;;;;2026-03-03 00:00:00;;FOB;FOB;CNY;;;;;Directo CR - FERRETERIA EPA, S.A.;85;EPA;OLO6;;-- N/A --;25HSA69BM6702242;;7623;101884;;NINGBO, CHINA;CALDERA, COSTA RICA;7093.12;;;0;0;0;0;;;;;0.00;;BINTER TRADE LLC. (Dropship CR);;2025-11-14 00:00:00;;;;;;false;;;;;;;;;;;;;;;;;;;;;;;false;;;
19018;1;6702243;draft;33269.82;pending;2025-11-14;USD;FOB;;;;;33269.82;;33269.82;;;;;0.00;0.00;0;;;;;;;;;;;;;;;;;;;;;;;;;;;;;;;;2026-03-19 15:27:53;2026-03-19 15:27:53;5;;688;;;;"""[\""Standard\""]""";0.00;0.00;0.00;;;false;;;false;;ZF CR Oct 25 CNY;;;;;false;false;false;false;false;false;false;false;false;;;2026-01-26 00:00:00;2026-01-26 00:00:00;;;;;;;;;;;FOB;FOB;CNY;;;;;ZF - OVERSEAS LOGISTICS OPERATIONS;85;EPA;OLO6;;;25HSA69BM6702243;;7649;;;NINGBO, CHINA;CALDERA, COSTA RICA;33269.82;;;0;0;0;0;;;;;0.00;;BINTER TRADE LLC. (ZF);;2025-11-14 00:00:00;;;;;;false;;;;;;;;;;;;;;;;;;;;;;;false;;;
19019;1;6702244;draft;39600.00;pending;2025-11-14;USD;FOB;;;;;39600.00;;39600.00;;;;;0.00;0.00;0;;;;;;;;;;;;;;;;;;;;;;;;;;;;;;;;2026-03-19 15:27:53;2026-03-19 15:27:53;5;;730;;;;"""[\""Standard\""]""";0.00;0.00;0.00;;;false;;;false;;Pedido Oct 25 CNY;;;;;false;false;false;false;false;false;false;false;false;;;2026-01-08 00:00:00;2026-01-08 00:00:00;;;;;;;;;;;FOB;FOB;CNY;;;;;ZF - OVERSEAS LOGISTICS OPERATIONS;85;EPA;OLO6;;;251VI D1114-1;;7436;;;SHENZHEN, CHINA;SAN JOSE, COSTA RICA;39600.00;;;0;0;0;0;;;;;0.00;;BINTER TRADE LLC. (ZF);;2025-11-14 00:00:00;;;;;;false;;;;;;;;;;;;;;;;;;;;;;;false;;;
19020;1;6702245;draft;23382.00;pending;2025-11-17;USD;FOB;;;;;23382.00;;23382.00;;;;;0.00;0.00;0;;;;;;;;;;;;;;;;;;;;;;;;;;;;;;;;2026-03-19 15:27:53;2026-03-19 15:27:53;5;;731;;;;"""[\""Standard\""]""";0.00;0.00;0.00;;;false;;;false;;Directo CR #1 Nov 25 CNY;;;;;false;false;true;false;false;false;false;false;false;;;2026-01-26 00:00:00;2026-01-26 00:00:00;;;;;;;;;2026-02-09 00:00:00;;FOB;FOB;CNY;;;;;Directo CR - FERRETERIA EPA, S.A.;85;EPA;OLO6;;-- N/A --;DR830-71;;7545;101798;;NINGBO, CHINA;CALDERA, COSTA RICA;23382.00;;;0;0;0;0;;;;;0.00;;BINTER TRADE LLC. (Dropship CR);;2025-11-17 00:00:00;;;;;;false;;;;;;;;;;;;;;;;;;;;;;;false;;;
19021;1;6702246;draft;23382.00;pending;2025-11-17;USD;FOB;;;;;23382.00;;23382.00;;;;;0.00;0.00;0;;;;;;;;;;;;;;;;;;;;;;;;;;;;;;;;2026-03-19 15:27:53;2026-03-19 15:27:53;5;;731;;;;"""[\""Standard\""]""";0.00;0.00;0.00;;;false;;;false;;Directo GT #2 Nov 25 CNY;;;;;false;false;false;false;false;false;false;false;false;;;2026-01-26 00:00:00;2026-01-26 00:00:00;;;;;;;;;2026-02-18 00:00:00;;FOB;FOB;CNY;;;;;Directo GT - FERRETERIA EPA, S.A. (Guatemala);85;EPA;OLO6;;-- N/A --;DR830-72;;7588;101841;;NINGBO, CHINA;QUETZAL, GUATEMALA;23382.00;;;0;0;0;0;;;;;0.00;;BINTER TRADE LLC. (Dropship GT);;2025-11-17 00:00:00;;;;;;false;;;;;;;;;;;;;;;;;;;;;;;false;;;
19022;1;6702247;draft;23382.00;pending;2025-11-17;USD;FOB;;;;;23382.00;;23382.00;;;;;0.00;0.00;0;;;;;;;;;;;;;;;;;;;;;;;;;;;;;;;;2026-03-19 15:27:53;2026-03-19 15:27:53;5;;731;;;;"""[\""Standard\""]""";0.00;0.00;0.00;;;false;;;false;;Directo GT #3 Nov 25 CNY;;;;;false;false;false;false;false;false;false;false;false;;;2026-04-01 00:00:00;2026-04-01 00:00:00;;;;;;;;;2026-02-18 00:00:00;;FOB;FOB;CNY;;;;;Directo GT - FERRETERIA EPA, S.A. (Guatemala);85;EPA;OLO6;;-- N/A --;DR830-73;;7589;101842;;NINGBO, CHINA;QUETZAL, GUATEMALA;23382.00;;;0;0;0;0;;;;;0.00;;BINTER TRADE LLC. (Dropship GT);;2025-11-17 00:00:00;;;;;;false;;;;;;;;;;;;;;;;;;;;;;;false;;;
19023;1;6702248;draft;28510.00;pending;2025-11-17;USD;FOB;;;;;28510.00;;28510.00;;;;;0.00;0.00;0;;;;;;;;;;;;;;;;;;;;;;;;;;;;;;;;2026-03-19 15:27:53;2026-03-19 15:27:53;5;;731;;;;"""[\""Standard\""]""";0.00;0.00;0.00;;;false;;;false;;GL SV #4 Nov 25 CNY;;;;;false;false;false;false;false;false;false;false;false;;;2026-01-26 00:00:00;2026-01-26 00:00:00;;;;;;;;;;;FOB;FOB;CNY;;;;;GL SV - FERRETERIA EPA, S.A. DE C.V.;85;EPA;OLO6;;;;;;;;NINGBO, CHINA;ACAJUTLA, EL SALVADOR;;;;0;0;0;0;;;;;0.00;;BINTER TRADE LLC. (Zona Franca SV);;2025-11-17 00:00:00;;;;;;false;;;;;;;;;;;;;;;;;;;;;;;false;;;
19024;1;6702249;draft;12318.00;pending;2025-11-17;USD;FOB;;;;;12318.00;;12318.00;;;;;0.00;0.00;0;;;;;;;;;;;;;;;;;;;;;;;;;;;;;;;;2026-03-19 15:27:53;2026-03-19 15:27:53;5;;731;;;;"""[\""Standard\""]""";0.00;0.00;0.00;;;false;;;false;;TLC CR #5 Nov 25 CNY;;;;;false;false;true;false;false;false;false;false;false;;;2026-01-26 00:00:00;2026-01-26 00:00:00;;;;;;;;;2026-02-09 00:00:00;;FOB;FOB;CNY;;;;;Directo CR - FERRETERIA EPA, S.A.;85;EPA;OLO6;;-- N/A --;DR830-751;;7548;101800;;NINGBO, CHINA;CALDERA, COSTA RICA;12318.00;;;0;0;0;0;;;;;0.00;;BINTER TRADE LLC. (Dropship CR);;2025-11-17 00:00:00;;;;;;false;;;;;;;;;;;;;;;;;;;;;;;false;;;
19025;1;6702250;draft;10752.00;pending;2025-11-17;USD;FOB;;;;;10752.00;;10752.00;;;;;0.00;0.00;0;;;;;;;;;;;;;;;;;;;;;;;;;;;;;;;;2026-03-19 15:27:53;2026-03-19 15:27:53;5;;731;;;;"""[\""Standard\""]""";0.00;0.00;0.00;;;false;;;false;;ZF CA #5 Nov 25 CNY;;;;;false;false;false;false;false;false;false;false;false;;;2026-01-26 00:00:00;2026-01-26 00:00:00;;;;;;;;;;;FOB;FOB;CNY;;;;;ZF - OVERSEAS LOGISTICS OPERATIONS;85;EPA;OLO6;;;DR830-752;;7555;;;NINGBO, CHINA;CALDERA, COSTA RICA;10752.00;;;0;0;0;0;;;;;0.00;;BINTER TRADE LLC. (ZF);;2025-11-17 00:00:00;;;;;;false;;;;;;;;;;;;;;;;;;;;;;;false;;;
19026;1;6702251;draft;4044.48;pending;2025-11-17;USD;FOB;;;;;4044.48;;4044.48;;;;;0.00;0.00;0;;;;;;;;;;;;;;;;;;;;;;;;;;;;;;;;2026-03-19 15:27:53;2026-03-19 15:27:53;10;;710;;;;"""[\""Standard\""]""";0.00;0.00;0.00;;;false;;;false;;CR;;;;;false;false;false;false;false;false;false;false;false;;;2025-12-03 00:00:00;2025-12-03 00:00:00;;;;;;;;;2026-01-22 00:00:00;;FOB;FOB;CNY;;;;;Directo CR - FERRETERIA EPA, S.A.;82;EPA;OLO6;;-- N/A --;BA2251-3;;7454;101696;;FOSHAN, CHINA;CALDERA, COSTA RICA;14155.08;;;0;0;0;0;;;;;0.00;;BINTER TRADE LLC. (Dropship CR);;2025-11-17 00:00:00;;;;;;false;;;;;;;;;;;;;;;;;;;;;;;false;;;
19027;1;6702252;draft;4811.40;pending;2025-11-17;USD;FOB;;;;;4811.40;;4811.40;;;;;0.00;0.00;0;;;;;;;;;;;;;;;;;;;;;;;;;;;;;;;;2026-03-19 15:27:53;2026-03-19 15:27:53;10;;710;;;;"""[\""Standard\""]""";0.00;0.00;0.00;;;false;;;false;;CR;;;;;false;false;false;false;false;false;false;false;false;;;2026-03-01 00:00:00;2026-03-01 00:00:00;;;;;;;;;2026-01-22 00:00:00;;FOB;FOB;CNY;;;;;Directo CR - FERRETERIA EPA, S.A.;82;EPA;OLO6;;-- N/A --;BA2251-3;;7454;101697;;FOSHAN, CHINA;CALDERA, COSTA RICA;14155.08;;;0;0;0;0;;;;;0.00;;BINTER TRADE LLC. (Dropship CR);;2025-11-17 00:00:00;;;;;;false;;;;;;;;;;;;;;;;;;;;;;;false;;;
19028;1;6702253;draft;5299.20;pending;2025-11-17;USD;FOB;;;;;5299.20;;5299.20;;;;;0.00;0.00;0;;;;;;;;;;;;;;;;;;;;;;;;;;;;;;;;2026-03-19 15:27:53;2026-03-19 15:27:53;10;;710;;;;"""[\""Standard\""]""";0.00;0.00;0.00;;;false;;;false;;CR;;;;;false;false;false;false;false;false;false;false;false;;;2026-03-01 00:00:00;2026-03-01 00:00:00;;;;;;;;;2026-01-22 00:00:00;;FOB;FOB;CNY;;;;;Directo CR - FERRETERIA EPA, S.A.;82;EPA;OLO6;;-- N/A --;BA2251-3;;7454;101698;;FOSHAN, CHINA;CALDERA, COSTA RICA;14155.08;;;0;0;0;0;;;;;0.00;;BINTER TRADE LLC. (Dropship CR);;2025-11-17 00:00:00;;;;;;false;;;;;;;;;;;;;;;;;;;;;;;false;;;
19029;1;6702254;draft;3874.50;pending;2025-11-17;USD;FOB;;;;;3874.50;;3874.50;;;;;0.00;0.00;0;;;;;;;;;;;;;;;;;;;;;;;;;;;;;;;;2026-03-19 15:29:17;2026-03-19 15:29:17;10;;710;;;;"""[\""Standard\""]""";0.00;0.00;0.00;;;false;;;false;;CR;;;;;false;false;false;false;false;false;false;false;false;;;2026-03-01 00:00:00;2026-03-01 00:00:00;;;;;;;;;2026-01-14 00:00:00;;FOB;FOB;CNY;;;;;Directo CR - FERRETERIA EPA, S.A.;82;EPA;OLO6;;-- N/A --;BA2254-3;;7389;101629;;FOSHAN, CHINA;CALDERA, COSTA RICA;12312.90;;;0;0;0;0;;;;;0.00;;BINTER TRADE LLC. (Dropship CR);;2025-11-17 00:00:00;;;;;;false;;;;;;;;;;;;;;;;;;;;;;;false;;;
19030;1;6702255;draft;4233.60;pending;2025-11-17;USD;FOB;;;;;4233.60;;4233.60;;;;;0.00;0.00;0;;;;;;;;;;;;;;;;;;;;;;;;;;;;;;;;2026-03-19 15:29:17;2026-03-19 15:29:17;10;;710;;;;"""[\""Standard\""]""";0.00;0.00;0.00;;;false;;;false;;CR;;;;;false;false;false;false;false;false;false;false;false;;;2025-12-03 00:00:00;2025-12-03 00:00:00;;;;;;;;;2026-01-14 00:00:00;;FOB;FOB;CNY;;;;;Directo CR - FERRETERIA EPA, S.A.;82;EPA;OLO6;;-- N/A --;BA2254-3;;7389;101630;;FOSHAN, CHINA;CALDERA, COSTA RICA;12312.90;;;0;0;0;0;;;;;0.00;;BINTER TRADE LLC. (Dropship CR);;2025-11-17 00:00:00;;;;;;false;;;;;;;;;;;;;;;;;;;;;;;false;;;
19031;1;6702256;draft;4204.80;pending;2025-11-17;USD;FOB;;;;;4204.80;;4204.80;;;;;0.00;0.00;0;;;;;;;;;;;;;;;;;;;;;;;;;;;;;;;;2026-03-19 15:29:17;2026-03-19 15:29:17;10;;710;;;;"""[\""Standard\""]""";0.00;0.00;0.00;;;false;;;false;;CR;;;;;false;false;false;false;false;false;false;false;false;;;2026-03-01 00:00:00;2026-03-01 00:00:00;;;;;;;;;2026-01-14 00:00:00;;FOB;FOB;CNY;;;;;Directo CR - FERRETERIA EPA, S.A.;82;EPA;OLO6;;-- N/A --;BA2254-3;;7389;101631;;FOSHAN, CHINA;CALDERA, COSTA RICA;12312.90;;;0;0;0;0;;;;;0.00;;BINTER TRADE LLC. (Dropship CR);;2025-11-17 00:00:00;;;;;;false;;;;;;;;;;;;;;;;;;;;;;;false;;;
19032;1;6702257;draft;4044.48;pending;2025-11-17;USD;FOB;;;;;4044.48;;4044.48;;;;;0.00;0.00;0;;;;;;;;;;;;;;;;;;;;;;;;;;;;;;;;2026-03-19 15:29:17;2026-03-19 15:29:17;5;;710;;;;"""[\""Standard\""]""";0.00;0.00;0.00;;;false;;;false;;SV;;;;;false;false;false;false;false;false;false;false;false;;;2026-03-01 00:00:00;2026-03-01 00:00:00;;;;;;;;;2026-01-28 00:00:00;;FOB;FOB;CNY;;;;;Directo SV - FERRETERIA EPA, S.A. DE C.V.;82;EPA;OLO6;;-- N/A --;BA2257-4;;7498;101745;;FOSHAN, CHINA;ACAJUTLA, EL SALVADOR;16177.92;;;0;0;0;0;;;;;0.00;;BINTER TRADE LLC. (Dropship SV);;2025-11-17 00:00:00;;;;;;false;;;;;;;;;;;;;;;;;;;;;;;false;;;
19033;1;6702258;draft;4044.48;pending;2025-11-17;USD;FOB;;;;;4044.48;;4044.48;;;;;0.00;0.00;0;;;;;;;;;;;;;;;;;;;;;;;;;;;;;;;;2026-03-19 15:29:17;2026-03-19 15:29:17;5;;710;;;;"""[\""Standard\""]""";0.00;0.00;0.00;;;false;;;false;;SV;;;;;false;false;false;false;false;false;false;false;false;;;2026-03-01 00:00:00;2026-03-01 00:00:00;;;;;;;;;2026-01-28 00:00:00;;FOB;FOB;CNY;;;;;Directo SV - FERRETERIA EPA, S.A. DE C.V.;82;EPA;OLO6;;-- N/A --;BA2257-4;;7498;101746;;FOSHAN, CHINA;ACAJUTLA, EL SALVADOR;16177.92;;;0;0;0;0;;;;;0.00;;BINTER TRADE LLC. (Dropship SV);;2025-11-17 00:00:00;;;;;;false;;;;;;;;;;;;;;;;;;;;;;;false;;;
19034;1;6702259;draft;4044.48;pending;2025-11-17;USD;FOB;;;;;4044.48;;4044.48;;;;;0.00;0.00;0;;;;;;;;;;;;;;;;;;;;;;;;;;;;;;;;2026-03-19 15:29:17;2026-03-19 15:29:17;5;;710;;;;"""[\""Standard\""]""";0.00;0.00;0.00;;;false;;;false;;SV;;;;;false;false;false;false;false;false;false;false;false;;;2026-03-01 00:00:00;2026-03-01 00:00:00;;;;;;;;;2026-01-28 00:00:00;;FOB;FOB;CNY;;;;;Directo SV - FERRETERIA EPA, S.A. DE C.V.;82;EPA;OLO6;;-- N/A --;BA2257-4;;7498;101747;;FOSHAN, CHINA;ACAJUTLA, EL SALVADOR;16177.92;;;0;0;0;0;;;;;0.00;;BINTER TRADE LLC. (Dropship SV);;2025-11-17 00:00:00;;;;;;false;;;;;;;;;;;;;;;;;;;;;;;false;;;
19035;1;6702260;draft;4044.48;pending;2025-11-17;USD;FOB;;;;;4044.48;;4044.48;;;;;0.00;0.00;0;;;;;;;;;;;;;;;;;;;;;;;;;;;;;;;;2026-03-19 15:29:17;2026-03-19 15:29:17;5;;710;;;;"""[\""Standard\""]""";0.00;0.00;0.00;;;false;;;false;;SV;;;;;false;false;false;false;false;false;false;false;false;;;2026-03-01 00:00:00;2026-03-01 00:00:00;;;;;;;;;2026-01-28 00:00:00;;FOB;FOB;CNY;;;;;Directo SV - FERRETERIA EPA, S.A. DE C.V.;82;EPA;OLO6;;-- N/A --;BA2257-4;;7498;101748;;FOSHAN, CHINA;ACAJUTLA, EL SALVADOR;16177.92;;;0;0;0;0;;;;;0.00;;BINTER TRADE LLC. (Dropship SV);;2025-11-17 00:00:00;;;;;;false;;;;;;;;;;;;;;;;;;;;;;;false;;;
19036;1;6702261;draft;4044.48;pending;2025-11-17;USD;FOB;;;;;4044.48;;4044.48;;;;;0.00;0.00;0;;;;;;;;;;;;;;;;;;;;;;;;;;;;;;;;2026-03-19 15:29:17;2026-03-19 15:29:17;5;;710;;;;"""[\""Standard\""]""";0.00;0.00;0.00;;;false;;;false;;SV;;;;;false;false;false;false;false;false;false;false;false;;;2026-03-01 00:00:00;2026-03-01 00:00:00;;;;;;;;;2026-01-23 00:00:00;;FOB;FOB;CNY;;;;;Directo SV - FERRETERIA EPA, S.A. DE C.V.;82;EPA;OLO6;;-- N/A --;BA2261-3;;7458;101721;;FOSHAN, CHINA;ACAJUTLA, EL SALVADOR;13667.28;;;0;0;0;0;;;;;0.00;;BINTER TRADE LLC. (Dropship SV);;2025-11-17 00:00:00;;;;;;false;;;;;;;;;;;;;;;;;;;;;;;false;;;
19037;1;6702262;draft;4811.40;pending;2025-11-17;USD;FOB;;;;;4811.40;;4811.40;;;;;0.00;0.00;0;;;;;;;;;;;;;;;;;;;;;;;;;;;;;;;;2026-03-19 15:29:17;2026-03-19 15:29:17;5;;710;;;;"""[\""Standard\""]""";0.00;0.00;0.00;;;false;;;false;;SV;;;;;false;false;false;false;false;false;false;false;false;;;2026-03-01 00:00:00;2026-03-01 00:00:00;;;;;;;;;2026-01-23 00:00:00;;FOB;FOB;CNY;;;;;Directo SV - FERRETERIA EPA, S.A. DE C.V.;82;EPA;OLO6;;-- N/A --;BA2261-3;;7458;101722;;FOSHAN, CHINA;ACAJUTLA, EL SALVADOR;13667.28;;;0;0;0;0;;;;;0.00;;BINTER TRADE LLC. (Dropship SV);;2025-11-17 00:00:00;;;;;;false;;;;;;;;;;;;;;;;;;;;;;;false;;;
19038;1;6702263;draft;4811.40;pending;2025-11-17;USD;FOB;;;;;4811.40;;4811.40;;;;;0.00;0.00;0;;;;;;;;;;;;;;;;;;;;;;;;;;;;;;;;2026-03-19 15:29:17;2026-03-19 15:29:17;5;;710;;;;"""[\""Standard\""]""";0.00;0.00;0.00;;;false;;;false;;SV;;;;;false;false;false;false;false;false;false;false;false;;;2026-03-01 00:00:00;2026-03-01 00:00:00;;;;;;;;;2026-01-23 00:00:00;;FOB;FOB;CNY;;;;;Directo SV - FERRETERIA EPA, S.A. DE C.V.;82;EPA;OLO6;;-- N/A --;BA2261-3;;7458;101723;;FOSHAN, CHINA;ACAJUTLA, EL SALVADOR;13667.28;;;0;0;0;0;;;;;0.00;;BINTER TRADE LLC. (Dropship SV);;2025-11-17 00:00:00;;;;;;false;;;;;;;;;;;;;;;;;;;;;;;false;;;
19039;1;6702264;draft;5016.00;pending;2025-11-17;USD;FOB;;;;;5016.00;;5016.00;;;;;0.00;0.00;0;;;;;;;;;;;;;;;;;;;;;;;;;;;;;;;;2026-03-19 15:29:17;2026-03-19 15:29:17;5;;710;;;;"""[\""Standard\""]""";0.00;0.00;0.00;;;false;;;false;;SV;;;;;false;false;false;false;false;false;false;false;false;;;2025-12-14 00:00:00;2025-12-14 00:00:00;;;;;;;;;2026-01-19 00:00:00;;FOB;FOB;CNY;;;;;Directo SV - FERRETERIA EPA, S.A. DE C.V.;82;EPA;OLO6;;-- N/A --;BA2264-4;;7409;101659;;FOSHAN, CHINA;ACAJUTLA, EL SALVADOR;20064.00;;;0;0;0;0;;;;;0.00;;BINTER TRADE LLC. (Dropship SV);;2025-11-17 00:00:00;;;;;;false;;;;;;;;;;;;;;;;;;;;;;;false;;;
19040;1;6702265;draft;5016.00;pending;2025-11-17;USD;FOB;;;;;5016.00;;5016.00;;;;;0.00;0.00;0;;;;;;;;;;;;;;;;;;;;;;;;;;;;;;;;2026-03-19 15:29:17;2026-03-19 15:29:17;5;;710;;;;"""[\""Standard\""]""";0.00;0.00;0.00;;;false;;;false;;SV;;;;;false;false;false;false;false;false;false;false;false;;;2025-12-14 00:00:00;2025-12-14 00:00:00;;;;;;;;;2026-01-19 00:00:00;;FOB;FOB;CNY;;;;;Directo SV - FERRETERIA EPA, S.A. DE C.V.;82;EPA;OLO6;;-- N/A --;BA2264-4;;7409;101660;;FOSHAN, CHINA;ACAJUTLA, EL SALVADOR;20064.00;;;0;0;0;0;;;;;0.00;;BINTER TRADE LLC. (Dropship SV);;2025-11-17 00:00:00;;;;;;false;;;;;;;;;;;;;;;;;;;;;;;false;;;
19041;1;6702266;draft;5016.00;pending;2025-11-17;USD;FOB;;;;;5016.00;;5016.00;;;;;0.00;0.00;0;;;;;;;;;;;;;;;;;;;;;;;;;;;;;;;;2026-03-19 15:29:17;2026-03-19 15:29:17;5;;710;;;;"""[\""Standard\""]""";0.00;0.00;0.00;;;false;;;false;;SV;;;;;false;false;false;false;false;false;false;false;false;;;2025-12-14 00:00:00;2025-12-14 00:00:00;;;;;;;;;2026-01-19 00:00:00;;FOB;FOB;CNY;;;;;Directo SV - FERRETERIA EPA, S.A. DE C.V.;82;EPA;OLO6;;-- N/A --;BA2264-4;;7409;101661;;FOSHAN, CHINA;ACAJUTLA, EL SALVADOR;20064.00;;;0;0;0;0;;;;;0.00;;BINTER TRADE LLC. (Dropship SV);;2025-11-17 00:00:00;;;;;;false;;;;;;;;;;;;;;;;;;;;;;;false;;;
19042;1;6702267;draft;5016.00;pending;2025-11-17;USD;FOB;;;;;5016.00;;5016.00;;;;;0.00;0.00;0;;;;;;;;;;;;;;;;;;;;;;;;;;;;;;;;2026-03-19 15:29:17;2026-03-19 15:29:17;5;;710;;;;"""[\""Standard\""]""";0.00;0.00;0.00;;;false;;;false;;SV;;;;;false;false;false;false;false;false;false;false;false;;;2026-03-01 00:00:00;2026-03-01 00:00:00;;;;;;;;;2026-01-19 00:00:00;;FOB;FOB;CNY;;;;;Directo SV - FERRETERIA EPA, S.A. DE C.V.;82;EPA;OLO6;;-- N/A --;BA2264-4;;7409;101662;;FOSHAN, CHINA;ACAJUTLA, EL SALVADOR;20064.00;;;0;0;0;0;;;;;0.00;;BINTER TRADE LLC. (Dropship SV);;2025-11-17 00:00:00;;;;;;false;;;;;;;;;;;;;;;;;;;;;;;false;;;
19043;1;6702268;draft;5016.00;pending;2025-11-17;USD;FOB;;;;;5016.00;;5016.00;;;;;0.00;0.00;0;;;;;;;;;;;;;;;;;;;;;;;;;;;;;;;;2026-03-19 15:29:17;2026-03-19 15:29:17;5;;710;;;;"""[\""Standard\""]""";0.00;0.00;0.00;;;false;;;false;;SV;;;;;false;false;false;false;false;false;false;false;false;;;2026-03-01 00:00:00;2026-03-01 00:00:00;;;;;;;;;2026-01-23 00:00:00;;FOB;FOB;CNY;;;;;Directo SV - FERRETERIA EPA, S.A. DE C.V.;82;EPA;OLO6;;-- N/A --;BA2268-4;;7457;101717;;FOSHAN, CHINA;ACAJUTLA, EL SALVADOR;20054.50;;;0;0;0;0;;;;;0.00;;BINTER TRADE LLC. (Dropship SV);;2025-11-17 00:00:00;;;;;;false;;;;;;;;;;;;;;;;;;;;;;;false;;;
19044;1;6702269;draft;5016.00;pending;2025-11-17;USD;FOB;;;;;5016.00;;5016.00;;;;;0.00;0.00;0;;;;;;;;;;;;;;;;;;;;;;;;;;;;;;;;2026-03-19 15:29:17;2026-03-19 15:29:17;5;;710;;;;"""[\""Standard\""]""";0.00;0.00;0.00;;;false;;;false;;SV;;;;;false;false;false;false;false;false;false;false;false;;;2026-03-01 00:00:00;2026-03-01 00:00:00;;;;;;;;;2026-01-23 00:00:00;;FOB;FOB;CNY;;;;;Directo SV - FERRETERIA EPA, S.A. DE C.V.;82;EPA;OLO6;;-- N/A --;BA2268-4;;7457;101718;;FOSHAN, CHINA;ACAJUTLA, EL SALVADOR;20054.50;;;0;0;0;0;;;;;0.00;;BINTER TRADE LLC. (Dropship SV);;2025-11-17 00:00:00;;;;;;false;;;;;;;;;;;;;;;;;;;;;;;false;;;
19045;1;6702270;draft;5006.50;pending;2025-11-17;USD;FOB;;;;;5006.50;;5006.50;;;;;0.00;0.00;0;;;;;;;;;;;;;;;;;;;;;;;;;;;;;;;;2026-03-19 15:29:17;2026-03-19 15:29:17;10;;710;;;;"""[\""Standard\""]""";0.00;0.00;0.00;;;false;;;false;;SV;;;;;false;false;false;false;false;false;false;false;false;;;2026-03-01 00:00:00;2026-03-01 00:00:00;;;;;;;;;2026-01-23 00:00:00;;FOB;FOB;CNY;;;;;Directo SV - FERRETERIA EPA, S.A. DE C.V.;82;EPA;OLO6;;-- N/A --;BA2268-4;;7457;101719;;FOSHAN, CHINA;ACAJUTLA, EL SALVADOR;20054.50;;;0;0;0;0;;;;;0.00;;BINTER TRADE LLC. (Dropship SV);;2025-11-17 00:00:00;;;;;;false;;;;;;;;;;;;;;;;;;;;;;;false;;;
19046;1;6702271;draft;5016.00;pending;2025-11-17;USD;FOB;;;;;5016.00;;5016.00;;;;;0.00;0.00;0;;;;;;;;;;;;;;;;;;;;;;;;;;;;;;;;2026-03-19 15:29:17;2026-03-19 15:29:17;5;;710;;;;"""[\""Standard\""]""";0.00;0.00;0.00;;;false;;;false;;SV;;;;;false;false;false;false;false;false;false;false;false;;;2026-03-01 00:00:00;2026-03-01 00:00:00;;;;;;;;;2026-01-23 00:00:00;;FOB;FOB;CNY;;;;;Directo SV - FERRETERIA EPA, S.A. DE C.V.;82;EPA;OLO6;;-- N/A --;BA2268-4;;7457;101720;;FOSHAN, CHINA;ACAJUTLA, EL SALVADOR;20054.50;;;0;0;0;0;;;;;0.00;;BINTER TRADE LLC. (Dropship SV);;2025-11-17 00:00:00;;;;;;false;;;;;;;;;;;;;;;;;;;;;;;false;;;
19047;1;6702272;draft;5016.00;pending;2025-11-17;USD;FOB;;;;;5016.00;;5016.00;;;;;0.00;0.00;0;;;;;;;;;;;;;;;;;;;;;;;;;;;;;;;;2026-03-19 15:29:17;2026-03-19 15:29:17;5;;710;;;;"""[\""Standard\""]""";0.00;0.00;0.00;;;false;;;false;;SV;;;;;false;false;false;false;false;false;false;false;false;;;2026-03-01 00:00:00;2026-03-01 00:00:00;;;;;;;;;2026-01-23 00:00:00;;FOB;FOB;CNY;;;;;Directo SV - FERRETERIA EPA, S.A. DE C.V.;82;EPA;OLO6;;-- N/A --;BA2275-3;;7456;101713;;FOSHAN, CHINA;ACAJUTLA, EL SALVADOR;15993.60;;;0;0;0;0;;;;;0.00;;BINTER TRADE LLC. (Dropship SV);;2025-11-17 00:00:00;;;;;;false;;;;;;;;;;;;;;;;;;;;;;;false;;;
19048;1;6702273;draft;5016.00;pending;2025-11-17;USD;FOB;;;;;5016.00;;5016.00;;;;;0.00;0.00;0;;;;;;;;;;;;;;;;;;;;;;;;;;;;;;;;2026-03-19 15:29:17;2026-03-19 15:29:17;5;;710;;;;"""[\""Standard\""]""";0.00;0.00;0.00;;;false;;;false;;SV;;;;;false;false;false;false;false;false;false;false;false;;;2026-03-01 00:00:00;2026-03-01 00:00:00;;;;;;;;;2026-01-23 00:00:00;;FOB;FOB;CNY;;;;;Directo SV - FERRETERIA EPA, S.A. DE C.V.;82;EPA;OLO6;;-- N/A --;BA2275-3;;7456;101714;;FOSHAN, CHINA;ACAJUTLA, EL SALVADOR;15993.60;;;0;0;0;0;;;;;0.00;;BINTER TRADE LLC. (Dropship SV);;2025-11-17 00:00:00;;;;;;false;;;;;;;;;;;;;;;;;;;;;;;false;;;
19049;1;6702274;draft;5462.40;pending;2025-11-17;USD;FOB;;;;;5462.40;;5462.40;;;;;0.00;0.00;0;;;;;;;;;;;;;;;;;;;;;;;;;;;;;;;;2026-03-19 15:29:17;2026-03-19 15:29:17;5;;710;;;;"""[\""Standard\""]""";0.00;0.00;0.00;;;false;;;false;;SV;;;;;false;false;false;false;false;false;false;false;false;;;2026-03-01 00:00:00;2026-03-01 00:00:00;;;;;;;;;2026-01-22 00:00:00;;FOB;FOB;CNY;;;;;Directo SV - FERRETERIA EPA, S.A. DE C.V.;82;EPA;OLO6;;-- N/A --;BA2274-2;;7453;101694;;FOSHAN, CHINA;ACAJUTLA, EL SALVADOR;9707.52;;;0;0;0;0;;;;;0.00;;BINTER TRADE LLC. (Dropship SV);;2025-11-17 00:00:00;;;;;;false;;;;;;;;;;;;;;;;;;;;;;;false;;;
19050;1;6702275;draft;5961.60;pending;2025-11-17;USD;FOB;;;;;5961.60;;5961.60;;;;;0.00;0.00;0;;;;;;;;;;;;;;;;;;;;;;;;;;;;;;;;2026-03-19 15:29:17;2026-03-19 15:29:17;5;;710;;;;"""[\""Standard\""]""";0.00;0.00;0.00;;;false;;;false;;SV;;;;;false;false;false;false;false;false;false;false;false;;;2026-03-01 00:00:00;2026-03-01 00:00:00;;;;;;;;;2026-01-23 00:00:00;;FOB;FOB;CNY;;;;;Directo SV - FERRETERIA EPA, S.A. DE C.V.;82;EPA;OLO6;;-- N/A --;BA2275-3;;7456;101715;;FOSHAN, CHINA;ACAJUTLA, EL SALVADOR;15993.60;;;0;0;0;0;;;;;0.00;;BINTER TRADE LLC. (Dropship SV);;2025-11-17 00:00:00;;;;;;false;;;;;;;;;;;;;;;;;;;;;;;false;;;
19051;1;6702276;draft;4245.12;pending;2025-11-17;USD;FOB;;;;;4245.12;;4245.12;;;;;0.00;0.00;0;;;;;;;;;;;;;;;;;;;;;;;;;;;;;;;;2026-03-19 15:29:17;2026-03-19 15:29:17;5;;710;;;;"""[\""Standard\""]""";0.00;0.00;0.00;;;false;;;false;;SV;;;;;false;false;false;false;false;false;false;false;false;;;2026-03-01 00:00:00;2026-03-01 00:00:00;;;;;;;;;2026-01-22 00:00:00;;FOB;FOB;CNY;;;;;Directo SV - FERRETERIA EPA, S.A. DE C.V.;82;EPA;OLO6;;-- N/A --;BA2274-2;;7453;101695;;FOSHAN, CHINA;ACAJUTLA, EL SALVADOR;9707.52;;;0;0;0;0;;;;;0.00;;BINTER TRADE LLC. (Dropship SV);;2025-11-17 00:00:00;;;;;;false;;;;;;;;;;;;;;;;;;;;;;;false;;;
19052;1;6702277;draft;4245.12;pending;2025-11-17;USD;FOB;;;;;4245.12;;4245.12;;;;;0.00;0.00;0;;;;;;;;;;;;;;;;;;;;;;;;;;;;;;;;2026-03-19 15:29:17;2026-03-19 15:29:17;10;;710;;;;"""[\""Standard\""]""";0.00;0.00;0.00;;;false;;;false;;GT;;;;;false;false;false;false;false;false;false;false;false;;;2026-03-01 00:00:00;2026-03-01 00:00:00;;;;;;;;;2026-01-13 00:00:00;;FOB;FOB;CNY;;;;;Directo GT - FERRETERIA EPA, S.A. (Guatemala);82;EPA;OLO6;;-- N/A --;BA2277-4;;7379;101616;;FOSHAN, CHINA;QUETZAL, GUATEMALA;16980.48;;;0;0;0;0;;;;;0.00;;BINTER TRADE LLC. (Dropship GT);;2025-11-17 00:00:00;;;;;;false;;;;;;;;;;;;;;;;;;;;;;;false;;;
19053;1;6702278;draft;4245.12;pending;2025-11-17;USD;FOB;;;;;4245.12;;4245.12;;;;;0.00;0.00;0;;;;;;;;;;;;;;;;;;;;;;;;;;;;;;;;2026-03-19 15:29:18;2026-03-19 15:29:18;10;;710;;;;"""[\""Standard\""]""";0.00;0.00;0.00;;;false;;;false;;GT;;;;;false;false;false;false;false;false;false;false;false;;;2026-03-01 00:00:00;2026-03-01 00:00:00;;;;;;;;;2026-01-13 00:00:00;;FOB;FOB;CNY;;;;;Directo GT - FERRETERIA EPA, S.A. (Guatemala);82;EPA;OLO6;;-- N/A --;BA2277-4;;7379;101617;;FOSHAN, CHINA;QUETZAL, GUATEMALA;16980.48;;;0;0;0;0;;;;;0.00;;BINTER TRADE LLC. (Dropship GT);;2025-11-17 00:00:00;;;;;;false;;;;;;;;;;;;;;;;;;;;;;;false;;;
19054;1;6702279;draft;4245.12;pending;2025-11-17;USD;FOB;;;;;4245.12;;4245.12;;;;;0.00;0.00;0;;;;;;;;;;;;;;;;;;;;;;;;;;;;;;;;2026-03-19 15:29:18;2026-03-19 15:29:18;10;;710;;;;"""[\""Standard\""]""";0.00;0.00;0.00;;;false;;;false;;GT;;;;;false;false;false;false;false;false;false;false;false;;;2026-03-01 00:00:00;2026-03-01 00:00:00;;;;;;;;;2026-01-13 00:00:00;;FOB;FOB;CNY;;;;;Directo GT - FERRETERIA EPA, S.A. (Guatemala);82;EPA;OLO6;;-- N/A --;BA2277-4;;7379;101618;;FOSHAN, CHINA;QUETZAL, GUATEMALA;16980.48;;;0;0;0;0;;;;;0.00;;BINTER TRADE LLC. (Dropship GT);;2025-11-17 00:00:00;;;;;;false;;;;;;;;;;;;;;;;;;;;;;;false;;;
19055;1;6702280;draft;4245.12;pending;2025-11-17;USD;FOB;;;;;4245.12;;4245.12;;;;;0.00;0.00;0;;;;;;;;;;;;;;;;;;;;;;;;;;;;;;;;2026-03-19 15:29:18;2026-03-19 15:29:18;10;;710;;;;"""[\""Standard\""]""";0.00;0.00;0.00;;;false;;;false;;GT;;;;;false;false;false;false;false;false;false;false;false;;;2026-03-01 00:00:00;2026-03-01 00:00:00;;;;;;;;;2026-01-13 00:00:00;;FOB;FOB;CNY;;;;;Directo GT - FERRETERIA EPA, S.A. (Guatemala);82;EPA;OLO6;;-- N/A --;BA2277-4;;7379;101619;;FOSHAN, CHINA;QUETZAL, GUATEMALA;16980.48;;;0;0;0;0;;;;;0.00;;BINTER TRADE LLC. (Dropship GT);;2025-11-17 00:00:00;;;;;;false;;;;;;;;;;;;;;;;;;;;;;;false;;;
19056;1;6702281;draft;4245.12;pending;2025-11-17;USD;FOB;;;;;4245.12;;4245.12;;;;;0.00;0.00;0;;;;;;;;;;;;;;;;;;;;;;;;;;;;;;;;2026-03-19 15:29:18;2026-03-19 15:29:18;10;;710;;;;"""[\""Standard\""]""";0.00;0.00;0.00;;;false;;;false;;GT;;;;;false;false;false;false;false;false;false;false;false;;;2026-03-01 00:00:00;2026-03-01 00:00:00;;;;;;;;;2026-01-12 00:00:00;;FOB;FOB;CNY;;;;;Directo GT - FERRETERIA EPA, S.A. (Guatemala);82;EPA;OLO6;;-- N/A --;BA2281-4;;7346;101574;;FOSHAN, CHINA;QUETZAL, GUATEMALA;16980.48;;;0;0;0;0;;;;;0.00;;BINTER TRADE LLC. (Dropship GT);;2025-11-17 00:00:00;;;;;;false;;;;;;;;;;;;;;;;;;;;;;;false;;;
19057;1;6702282;draft;4245.12;pending;2025-11-17;USD;FOB;;;;;4245.12;;4245.12;;;;;0.00;0.00;0;;;;;;;;;;;;;;;;;;;;;;;;;;;;;;;;2026-03-19 15:29:18;2026-03-19 15:29:18;10;;710;;;;"""[\""Standard\""]""";0.00;0.00;0.00;;;false;;;false;;GT;;;;;false;false;false;false;false;false;false;false;false;;;2026-03-01 00:00:00;2026-03-01 00:00:00;;;;;;;;;2026-01-12 00:00:00;;FOB;FOB;CNY;;;;;Directo GT - FERRETERIA EPA, S.A. (Guatemala);82;EPA;OLO6;;-- N/A --;BA2281-4;;7346;101575;;FOSHAN, CHINA;QUETZAL, GUATEMALA;16980.48;;;0;0;0;0;;;;;0.00;;BINTER TRADE LLC. (Dropship GT);;2025-11-17 00:00:00;;;;;;false;;;;;;;;;;;;;;;;;;;;;;;false;;;
19058;1;6702283;draft;4245.12;pending;2025-11-17;USD;FOB;;;;;4245.12;;4245.12;;;;;0.00;0.00;0;;;;;;;;;;;;;;;;;;;;;;;;;;;;;;;;2026-03-19 15:29:18;2026-03-19 15:29:18;10;;710;;;;"""[\""Standard\""]""";0.00;0.00;0.00;;;false;;;false;;GT;;;;;false;false;false;false;false;false;false;false;false;;;2026-03-01 00:00:00;2026-03-01 00:00:00;;;;;;;;;2026-01-12 00:00:00;;FOB;FOB;CNY;;;;;Directo GT - FERRETERIA EPA, S.A. (Guatemala);82;EPA;OLO6;;-- N/A --;BA2281-4;;7346;101576;;FOSHAN, CHINA;QUETZAL, GUATEMALA;16980.48;;;0;0;0;0;;;;;0.00;;BINTER TRADE LLC. (Dropship GT);;2025-11-17 00:00:00;;;;;;false;;;;;;;;;;;;;;;;;;;;;;;false;;;
19059;1;6702284;draft;4245.12;pending;2025-11-17;USD;FOB;;;;;4245.12;;4245.12;;;;;0.00;0.00;0;;;;;;;;;;;;;;;;;;;;;;;;;;;;;;;;2026-03-19 15:29:18;2026-03-19 15:29:18;10;;710;;;;"""[\""Standard\""]""";0.00;0.00;0.00;;;false;;;false;;GT;;;;;false;false;false;false;false;false;false;false;false;;;2026-03-01 00:00:00;2026-03-01 00:00:00;;;;;;;;;2026-01-12 00:00:00;;FOB;FOB;CNY;;;;;Directo GT - FERRETERIA EPA, S.A. (Guatemala);82;EPA;OLO6;;-- N/A --;BA2281-4;;7346;101577;;FOSHAN, CHINA;QUETZAL, GUATEMALA;16980.48;;;0;0;0;0;;;;;0.00;;BINTER TRADE LLC. (Dropship GT);;2025-11-17 00:00:00;;;;;;false;;;;;;;;;;;;;;;;;;;;;;;false;;;
19060;1;6702285;draft;4245.12;pending;2025-11-17;USD;FOB;;;;;4245.12;;4245.12;;;;;0.00;0.00;0;;;;;;;;;;;;;;;;;;;;;;;;;;;;;;;;2026-03-19 15:29:18;2026-03-19 15:29:18;10;;710;;;;"""[\""Standard\""]""";0.00;0.00;0.00;;;false;;;false;;GT;;;;;false;false;false;false;false;false;false;false;false;;;2026-03-01 00:00:00;2026-03-01 00:00:00;;;;;;;;;2026-01-22 00:00:00;;FOB;FOB;CNY;;;;;Directo GT - FERRETERIA EPA, S.A. (Guatemala);82;EPA;OLO6;;-- N/A --;BA2285-3;;7449;101689;;FOSHAN, CHINA;QUETZAL, GUATEMALA;12735.36;;;0;0;0;0;;;;;0.00;;BINTER TRADE LLC. (Dropship GT);;2025-11-17 00:00:00;;;;;;false;;;;;;;;;;;;;;;;;;;;;;;false;;;
19061;1;6702286;draft;4245.12;pending;2025-11-17;USD;FOB;;;;;4245.12;;4245.12;;;;;0.00;0.00;0;;;;;;;;;;;;;;;;;;;;;;;;;;;;;;;;2026-03-19 15:29:18;2026-03-19 15:29:18;10;;710;;;;"""[\""Standard\""]""";0.00;0.00;0.00;;;false;;;false;;GT;;;;;false;false;false;false;false;false;false;false;false;;;2026-03-01 00:00:00;2026-03-01 00:00:00;;;;;;;;;2026-01-22 00:00:00;;FOB;FOB;CNY;;;;;Directo GT - FERRETERIA EPA, S.A. (Guatemala);82;EPA;OLO6;;-- N/A --;BA2285-3;;7449;101690;;FOSHAN, CHINA;QUETZAL, GUATEMALA;12735.36;;;0;0;0;0;;;;;0.00;;BINTER TRADE LLC. (Dropship GT);;2025-11-17 00:00:00;;;;;;false;;;;;;;;;;;;;;;;;;;;;;;false;;;
19062;1;6702287;draft;4245.12;pending;2025-11-17;USD;FOB;;;;;4245.12;;4245.12;;;;;0.00;0.00;0;;;;;;;;;;;;;;;;;;;;;;;;;;;;;;;;2026-03-19 15:29:18;2026-03-19 15:29:18;10;;710;;;;"""[\""Standard\""]""";0.00;0.00;0.00;;;false;;;false;;GT;;;;;false;false;false;false;false;false;false;false;false;;;2026-03-01 00:00:00;2026-03-01 00:00:00;;;;;;;;;2026-01-22 00:00:00;;FOB;FOB;CNY;;;;;Directo GT - FERRETERIA EPA, S.A. (Guatemala);82;EPA;OLO6;;-- N/A --;BA2285-3;;7449;101691;;FOSHAN, CHINA;QUETZAL, GUATEMALA;12735.36;;;0;0;0;0;;;;;0.00;;BINTER TRADE LLC. (Dropship GT);;2025-11-17 00:00:00;;;;;;false;;;;;;;;;;;;;;;;;;;;;;;false;;;
19063;1;6702288;draft;4807.00;pending;2025-11-17;USD;FOB;;;;;4807.00;;4807.00;;;;;0.00;0.00;0;;;;;;;;;;;;;;;;;;;;;;;;;;;;;;;;2026-03-19 15:29:18;2026-03-19 15:29:18;10;;710;;;;"""[\""Standard\""]""";0.00;0.00;0.00;;;false;;;false;;GT;;;;;false;false;false;false;false;false;false;false;false;;;2026-03-01 00:00:00;2026-03-01 00:00:00;;;;;;;;;2026-01-12 00:00:00;;FOB;FOB;CNY;;;;;Directo GT - FERRETERIA EPA, S.A. (Guatemala);82;EPA;OLO6;;-- N/A --;BA2288-4;;7342;101567;;FOSHAN, CHINA;QUETZAL, GUATEMALA;19228.00;;;0;0;0;0;;;;;0.00;;BINTER TRADE LLC. (Dropship GT);;2025-11-17 00:00:00;;;;;;false;;;;;;;;;;;;;;;;;;;;;;;false;;;
19064;1;6702289;draft;4807.00;pending;2025-11-17;USD;FOB;;;;;4807.00;;4807.00;;;;;0.00;0.00;0;;;;;;;;;;;;;;;;;;;;;;;;;;;;;;;;2026-03-19 15:29:18;2026-03-19 15:29:18;10;;710;;;;"""[\""Standard\""]""";0.00;0.00;0.00;;;false;;;false;;GT;;;;;false;false;false;false;false;false;false;false;false;;;2026-03-01 00:00:00;2026-03-01 00:00:00;;;;;;;;;2026-01-12 00:00:00;;FOB;FOB;CNY;;;;;Directo GT - FERRETERIA EPA, S.A. (Guatemala);82;EPA;OLO6;;-- N/A --;BA2288-4;;7342;101568;;FOSHAN, CHINA;QUETZAL, GUATEMALA;19228.00;;;0;0;0;0;;;;;0.00;;BINTER TRADE LLC. (Dropship GT);;2025-11-17 00:00:00;;;;;;false;;;;;;;;;;;;;;;;;;;;;;;false;;;
19065;1;6702290;draft;4807.00;pending;2025-11-17;USD;FOB;;;;;4807.00;;4807.00;;;;;0.00;0.00;0;;;;;;;;;;;;;;;;;;;;;;;;;;;;;;;;2026-03-19 15:29:18;2026-03-19 15:29:18;10;;710;;;;"""[\""Standard\""]""";0.00;0.00;0.00;;;false;;;false;;GT;;;;;false;false;false;false;false;false;false;false;false;;;2026-03-01 00:00:00;2026-03-01 00:00:00;;;;;;;;;2026-01-12 00:00:00;;FOB;FOB;CNY;;;;;Directo GT - FERRETERIA EPA, S.A. (Guatemala);82;EPA;OLO6;;-- N/A --;BA2288-4;;7342;101569;;FOSHAN, CHINA;QUETZAL, GUATEMALA;19228.00;;;0;0;0;0;;;;;0.00;;BINTER TRADE LLC. (Dropship GT);;2025-11-17 00:00:00;;;;;;false;;;;;;;;;;;;;;;;;;;;;;;false;;;
19066;1;6702291;draft;4807.00;pending;2025-11-17;USD;FOB;;;;;4807.00;;4807.00;;;;;0.00;0.00;0;;;;;;;;;;;;;;;;;;;;;;;;;;;;;;;;2026-03-19 15:29:18;2026-03-19 15:29:18;10;;710;;;;"""[\""Standard\""]""";0.00;0.00;0.00;;;false;;;false;;GT;;;;;false;false;false;false;false;false;false;false;false;;;2026-03-01 00:00:00;2026-03-01 00:00:00;;;;;;;;;2026-01-12 00:00:00;;FOB;FOB;CNY;;;;;Directo GT - FERRETERIA EPA, S.A. (Guatemala);82;EPA;OLO6;;-- N/A --;BA2288-4;;7342;101570;;FOSHAN, CHINA;QUETZAL, GUATEMALA;19228.00;;;0;0;0;0;;;;;0.00;;BINTER TRADE LLC. (Dropship GT);;2025-11-17 00:00:00;;;;;;false;;;;;;;;;;;;;;;;;;;;;;;false;;;
19067;1;6702292;draft;4241.30;pending;2025-11-17;USD;FOB;;;;;4241.30;;4241.30;;;;;0.00;0.00;0;;;;;;;;;;;;;;;;;;;;;;;;;;;;;;;;2026-03-19 15:29:18;2026-03-19 15:29:18;5;;710;;;;"""[\""Standard\""]""";0.00;0.00;0.00;;;false;;;false;;VE;;;;;false;false;false;false;false;false;false;false;false;;;2026-03-01 00:00:00;2026-03-01 00:00:00;;;;;;;;;2026-02-02 00:00:00;;CIF;FOB;CNY;;;;;Directo VE - FERRETERIA EPA, C.A.;82;EPA;OLO6;;-- N/A --;BA2292-1;;7515;101764;;FOSHAN, CHINA;PUERTO CABELLO, VENEZUELA;4241.30;;;0;0;0;0;;;;;0.00;;BINTER TRADE LLC. (Dropship EPA - VE);;2025-11-17 00:00:00;;;;;;false;;;;;;;;;;;;;;;;;;;;;;;false;;;
19068;1;6702293;draft;6573.60;pending;2025-11-18;USD;FOB;;;;;6573.60;;6573.60;;;;;0.00;0.00;0;;;;;;;;;;;;;;;;;;;;;;;;;;;;;;;;2026-03-19 15:29:18;2026-03-19 15:29:18;5;;732;;;;"""[\""Standard\""]""";0.00;0.00;0.00;;;false;;;false;;FEBECA NOV;;;;;false;false;false;false;false;false;false;false;false;;;2025-11-19 00:00:00;2025-11-19 00:00:00;;;;;;;;;;;FOB;FOB;PEDIDO COMPRA;;;;;ZF - OVERSEAS LOGISTICS OPERATIONS;83;Febeca;OLO6;;;HXV2500458;;7556;;;NINGBO, CHINA;CALDERA, COSTA RICA;6573.60;;;0;0;0;0;;;;;0.00;;BINTER TRADE LLC. (ZF);;2025-11-18 00:00:00;;;;;;false;;;;;;;;;;;;;;;;;;;;;;;false;;;
19069;1;6702295;draft;15009.66;pending;2025-11-20;USD;FOB;;;;;15009.66;;15009.66;;;;;0.00;0.00;0;;;;;;;;;;;;;;;;;;;;;;;;;;;;;;;;2026-03-19 15:29:18;2026-03-19 15:29:18;3;;706;;;;"""[\""Standard\""]""";0.00;0.00;0.00;;;false;;;false;;ZF CR Oct 25 CNY #1;;;;;false;false;false;false;false;false;false;true;false;;;2026-02-09 00:00:00;2026-02-09 00:00:00;;;;;;;;;;;FOB;FOB;CNY;;;;;ZF - OVERSEAS LOGISTICS OPERATIONS;85;EPA;OLO6;;;;;;;;SHANGHAI, CHINA;CALDERA, COSTA RICA;;;;0;0;0;0;;;;;0.00;;BINTER TRADE LLC. (ZF);;2025-11-20 00:00:00;;;;;;false;;;;;;;;;;;;;;;;;;;;;;;false;;;
19070;1;6702296;draft;15009.66;pending;2025-11-20;USD;FOB;;;;;15009.66;;15009.66;;;;;0.00;0.00;0;;;;;;;;;;;;;;;;;;;;;;;;;;;;;;;;2026-03-19 15:29:18;2026-03-19 15:29:18;5;;706;;;;"""[\""Standard\""]""";0.00;0.00;0.00;;;false;;;false;;ZF CR Oct 25 CNY #2;;;;;false;false;false;false;false;false;false;true;false;;;2026-02-09 00:00:00;2026-02-09 00:00:00;;;;;;;;;;;FOB;FOB;CNY;;;;;ZF - OVERSEAS LOGISTICS OPERATIONS;85;EPA;OLO6;;;226T6B-003;;7557;;;SHANGHAI, CHINA;CALDERA, COSTA RICA;15009.66;;;0;0;0;0;;;;;0.00;;BINTER TRADE LLC. (ZF);;2025-11-20 00:00:00;;;;;;false;;;;;;;;;;;;;;;;;;;;;;;false;;;
19071;1;6702304;draft;42567.72;pending;2025-11-25;USD;FOB;;;;;42567.72;;42567.72;;;;;0.00;0.00;0;;;;;;;;;;;;;;;;;;;;;;;;;;;;;;;;2026-03-19 15:29:18;2026-03-19 15:29:18;5;;690;;;;"""[\""Standard\""]""";0.00;0.00;0.00;;;false;;;false;;PI 251122;;;;;false;false;false;false;false;false;false;false;false;;;2026-02-05 00:00:00;2026-02-05 00:00:00;;;;;;;;;;;FOB;FOB;CNY;;;;;ZF - OVERSEAS LOGISTICS OPERATIONS;82;EPA;OLO6;;-- N/A --;251122;;7680;;;ZHONGSHAN, CHINA;CALDERA, COSTA RICA;42567.72;;;0;0;0;0;;;;;0.00;;BINTER TRADE LLC. (ZF);;2025-11-25 00:00:00;;;;;;false;;;;;;;;;;;;;;;;;;;;;;;false;;;
19072;1;6702305;draft;32468.64;pending;2025-11-25;USD;FOB;;;;;32468.64;;32468.64;;;;;0.00;0.00;0;;;;;;;;;;;;;;;;;;;;;;;;;;;;;;;;2026-03-19 15:29:18;2026-03-19 15:29:18;5;;690;;;;"""[\""Standard\""]""";0.00;0.00;0.00;;;false;;;false;;PI 251123;;;;;false;false;false;false;false;false;false;false;false;;;2026-02-05 00:00:00;2026-02-05 00:00:00;;;;;;;;;2026-02-20 00:00:00;;CIF;FOB;CNY;;;;;Directo VE - FERRETERIA EPA, C.A.;82;EPA;OLO6;;-- N/A --;251123;;7600;101855;;ZHONGSHAN, CHINA;PUERTO CABELLO, VENEZUELA;32468.64;;;0;0;0;0;;;;;0.00;;BINTER TRADE LLC. (Dropship EPA - VE);;2025-11-25 00:00:00;;;;;;false;;;;;;;;;;;;;;;;;;;;;;;false;;;
19073;1;6702306;draft;27376.00;pending;2025-11-25;USD;FOB;;;;;27376.00;;27376.00;;;;;0.00;0.00;0;;;;;;;;;;;;;;;;;;;;;;;;;;;;;;;;2026-03-19 15:29:18;2026-03-19 15:29:18;3;;733;;;;"""[\""Standard\""]""";0.00;0.00;0.00;;;false;;;false;;PI1ZF;;;;;false;false;false;false;false;false;false;false;false;;;2026-01-01 00:00:00;2026-01-01 00:00:00;;;;;;;;;;;FOB;;CNY;;;;;Directo CR - FERRETERIA EPA, S.A.;83;EPA;OLO6;;;;;;;;NINGBO, CHINA;LIMON, COSTA RICA;;;;0;0;0;0;;;;;0.00;;BINTER TRADE LLC. (Dropship CR);;2025-11-25 00:00:00;;;;;;false;;;;;;;;;;;;;;;;;;;;;;;false;;;
19074;1;6702307;draft;15312.00;pending;2025-11-25;USD;FOB;;;;;15312.00;;15312.00;;;;;0.00;0.00;0;;;;;;;;;;;;;;;;;;;;;;;;;;;;;;;;2026-03-19 15:29:18;2026-03-19 15:29:18;3;;733;;;;"""[\""Standard\""]""";0.00;0.00;0.00;;;false;;;false;;PI1ZF;;;;;false;false;false;false;false;false;false;false;false;;;2026-01-01 00:00:00;2026-01-01 00:00:00;;;;;;;;;;;;;CNY;;;;;ZF - OVERSEAS LOGISTICS OPERATIONS;83;EPA;OLO6;;;;;;;;NINGBO, CHINA;LIMON, COSTA RICA;;;;0;0;0;0;;;;;0.00;;BINTER TRADE LLC. (ZF);;2025-11-25 00:00:00;;;;;;false;;;;;;;;;;;;;;;;;;;;;;;false;;;
19075;1;6702308;draft;42688.00;pending;2025-11-25;USD;FOB;;;;;42688.00;;42688.00;;;;;0.00;0.00;0;;;;;;;;;;;;;;;;;;;;;;;;;;;;;;;;2026-03-19 15:29:18;2026-03-19 15:29:18;5;;733;;;;"""[\""Standard\""]""";0.00;0.00;0.00;;;false;;;false;;PI2VE;;;;;false;false;false;false;false;false;false;false;false;;;2026-01-01 00:00:00;2026-01-01 00:00:00;;;;;;;;;2026-03-13 00:00:00;;CIF;FOB;CNY;;;;;Directo VE - FERRETERIA EPA, C.A.;83;EPA;OLO6;;-- N/A --;ZT26RFJ005;;7669;101938;;NINGBO, CHINA;PUERTO CABELLO, VENEZUELA;42688.00;;;0;0;0;0;;;;;0.00;;BINTER TRADE LLC. (Dropship EPA - VE);;2025-11-25 00:00:00;;;;;;false;;;;;;;;;;;;;;;;;;;;;;;false;;;
19076;1;6702309;draft;18231.77;pending;2025-11-25;USD;FOB;;;;;18231.77;;18231.77;;;;;0.00;0.00;0;;;;;;;;;;;;;;;;;;;;;;;;;;;;;;;;2026-03-19 15:29:18;2026-03-19 15:29:18;2;;691;;;;"""[\""Standard\""]""";0.00;0.00;0.00;;;false;;;false;;Additional PI GT;;;;;false;false;false;false;false;false;false;false;false;;;2026-03-31 00:00:00;2026-03-31 00:00:00;;;;;;;;;;;FOB;FOB;CNY;;;;;Directo GT - FERRETERIA EPA, S.A. (Guatemala);83;EPA;OLO6;;;;;;;;NINGBO, CHINA;QUETZAL, GUATEMALA;;;;0;0;0;0;;;;;0.00;;BINTER TRADE LLC. (Dropship GT);;2025-11-25 00:00:00;;;;;;false;;;;;;;;;;;;;;;;;;;;;;;false;;;
19077;1;6702310;draft;15727.50;pending;2025-11-25;USD;FOB;;;;;15727.50;;15727.50;;;;;0.00;0.00;0;;;;;;;;;;;;;;;;;;;;;;;;;;;;;;;;2026-03-19 15:29:18;2026-03-19 15:29:18;3;;691;;;;"""[\""Standard\""]""";0.00;0.00;0.00;;;false;;;false;;Additional PI VE;;;;;false;false;false;false;false;false;false;false;false;;;2026-03-10 00:00:00;2026-03-10 00:00:00;;;;;;;;;;;CIF;FOB;CNY;;;;;Directo VE - FERRETERIA EPA, C.A.;83;EPA;OLO6;;;;;;;;NINGBO, CHINA;LA GUAIRA, VENEZUELA;;;;0;0;0;0;;;;;0.00;;BINTER TRADE LLC. (Dropship EPA - VE);;2025-11-25 00:00:00;;;;;;false;;;;;;;;;;;;;;;;;;;;;;;false;;;
19078;1;6702311;draft;33994.25;pending;2025-11-25;USD;FOB;;;;;33994.25;;33994.25;;;;;0.00;0.00;0;;;;;;;;;;;;;;;;;;;;;;;;;;;;;;;;2026-03-19 15:29:18;2026-03-19 15:29:18;3;;676;;;;"""[\""Standard\""]""";0.00;0.00;0.00;;;false;;;false;;Additional PIGT;;;;;false;false;false;false;false;false;false;false;false;;;2026-03-30 00:00:00;2026-03-30 00:00:00;;;;;;;;;;;FOB;FOB;CNY;;;;;Directo GT - FERRETERIA EPA, S.A. (Guatemala);89;EPA;OLO6;;;;;;;;NINGBO, CHINA;QUETZAL, GUATEMALA;;;;0;0;0;0;;;;;0.00;;BINTER TRADE LLC. (Dropship GT);;2025-11-25 00:00:00;;;;;;false;;;;;;;;;;;;;;;;;;;;;;;false;;;
19079;1;6702315;draft;11551.30;pending;2025-11-26;USD;FOB;;;;;11551.30;;11551.30;;;;;0.00;0.00;0;;;;;;;;;;;;;;;;;;;;;;;;;;;;;;;;2026-03-19 15:29:18;2026-03-19 15:29:18;3;;734;;;;"""[\""Standard\""]""";0.00;0.00;0.00;;;false;;;false;;CR2;;;;;false;false;true;false;false;false;false;true;false;;;2026-03-10 00:00:00;2026-03-10 00:00:00;;;;;;;;;;;FOB;FOB;CNY;;;;;Directo CR - FERRETERIA EPA, S.A.;89;EPA;OLO6;;;;;;;;NINGBO, CHINA;CALDERA, COSTA RICA;;;;0;0;0;0;;;;;0.00;;BINTER TRADE LLC. (Dropship CR);;2025-11-26 00:00:00;;;;;;false;;;;;;;;;;;;;;;;;;;;;;;false;;;
19080;1;6702316;draft;110740.24;pending;2025-11-26;USD;FOB;;;;;110740.24;;110740.24;;;;;0.00;0.00;0;;;;;;;;;;;;;;;;;;;;;;;;;;;;;;;;2026-03-19 15:29:18;2026-03-19 15:29:18;5;;734;;;;"""[\""Standard\""]""";0.00;0.00;0.00;;;false;;;false;;CR3;;;;;false;false;true;false;false;false;false;false;false;;;2025-12-31 00:00:00;2025-12-31 00:00:00;;;;;;;;;2026-02-09 00:00:00;;FOB;FOB;CNY;;;;;Directo CR - FERRETERIA EPA, S.A.;89;EPA;OLO6;;-- N/A --;2025FR1113;;7543;101795;;NINGBO, CHINA;CALDERA, COSTA RICA;110740.24;;;0;0;0;0;;;;;0.00;;BINTER TRADE LLC. (Dropship CR);;2025-11-26 00:00:00;;;;;;false;;;;;;;;;;;;;;;;;;;;;;;false;;;
19081;1;6702317;draft;104507.06;pending;2025-11-26;USD;FOB;;;;;104507.06;;104507.06;;;;;0.00;0.00;0;;;;;;;;;;;;;;;;;;;;;;;;;;;;;;;;2026-03-19 15:29:18;2026-03-19 15:29:18;5;;734;;;;"""[\""Standard\""]""";0.00;0.00;0.00;;;false;;;false;;CR4;;;;;false;false;true;false;false;false;false;false;false;;;2025-12-31 00:00:00;2025-12-31 00:00:00;;;;;;;;;2026-02-10 00:00:00;;FOB;FOB;CNY;;;;;Directo CR - FERRETERIA EPA, S.A.;89;EPA;OLO6;;-- N/A --;2025FR1114;;7550;101803;;NINGBO, CHINA;CALDERA, COSTA RICA;104507.06;;;0;0;0;0;;;;;0.00;;BINTER TRADE LLC. (Dropship CR);;2025-11-26 00:00:00;;;;;;false;;;;;;;;;;;;;;;;;;;;;;;false;;;
19082;1;6702318;draft;83426.02;pending;2025-11-26;USD;FOB;;;;;83426.02;;83426.02;;;;;0.00;0.00;0;;;;;;;;;;;;;;;;;;;;;;;;;;;;;;;;2026-03-19 15:29:18;2026-03-19 23:00:05;3;;734;;;;"""[\""Standard\""]""";0.00;0.00;0.00;KXecOjWrgadCaBEEYr7LNLDjVK4r4ga69j3ppvJuC2SRqqYxWrGtn9oyi9LPzVbl;2026-03-22 23:00:05;false;;;false;;CR5;;;;;false;false;true;false;false;false;false;false;false;;;2026-03-20 00:00:00;2026-03-20 00:00:00;;;;;;;;;;;FOB;FOB;CNY;;;;;Directo CR - FERRETERIA EPA, S.A.;89;EPA;OLO6;;;;;;;;NINGBO, CHINA;CALDERA, COSTA RICA;;;;0;0;0;0;;;;;0.00;;BINTER TRADE LLC. (Dropship CR);;2025-11-26 00:00:00;;;;;;false;;;;;;;;;;;;;;;;;;;;;;;false;;;
19083;1;6702321;draft;19229.00;pending;2025-11-26;USD;FOB;;;;;19229.00;;19229.00;;;;;0.00;0.00;0;;;;;;;;;;;;;;;;;;;;;;;;;;;;;;;;2026-03-19 15:29:18;2026-03-19 15:29:18;3;;734;;;;"""[\""Standard\""]""";0.00;0.00;0.00;;;false;;;false;;SV3;;;;;false;false;false;false;false;false;false;true;false;;;2026-03-10 00:00:00;2026-03-10 00:00:00;;;;;;;;;;;FOB;FOB;CNY;;;;;Directo SV - FERRETERIA EPA, S.A. DE C.V.;89;EPA;OLO6;;;;;;;;NINGBO, CHINA;ACAJUTLA, EL SALVADOR;;;;0;0;0;0;;;;;0.00;;BINTER TRADE LLC. (Dropship SV);;2025-11-26 00:00:00;;;;;;false;;;;;;;;;;;;;;;;;;;;;;;false;;;
19084;1;6702322;draft;18278.76;pending;2025-11-26;USD;FOB;;;;;18278.76;;18278.76;;;;;0.00;0.00;0;;;;;;;;;;;;;;;;;;;;;;;;;;;;;;;;2026-03-19 15:29:18;2026-03-19 15:29:18;3;;734;;;;"""[\""Standard\""]""";0.00;0.00;0.00;;;false;;;false;;SV4;;;;;false;false;false;false;false;false;false;true;false;;;2026-02-20 00:00:00;2026-02-20 00:00:00;;;;;;;;;;;FOB;FOB;CNY;;;;;Directo SV - FERRETERIA EPA, S.A. DE C.V.;89;EPA;OLO6;;;;;;;;NINGBO, CHINA;ACAJUTLA, EL SALVADOR;;;;0;0;0;0;;;;;0.00;;BINTER TRADE LLC. (Dropship SV);;2025-11-26 00:00:00;;;;;;false;;;;;;;;;;;;;;;;;;;;;;;false;;;
19085;1;6702323;draft;79967.65;pending;2025-11-26;USD;FOB;;;;;79967.65;;79967.65;;;;;0.00;0.00;0;;;;;;;;;;;;;;;;;;;;;;;;;;;;;;;;2026-03-19 15:29:18;2026-03-19 15:29:18;5;;734;;;;"""[\""Standard\""]""";0.00;0.00;0.00;;;false;;;false;;SV5;;;;;false;false;false;false;false;false;false;false;false;;;2025-12-31 00:00:00;2025-12-31 00:00:00;;;;;;;;;2026-02-11 00:00:00;;FOB;FOB;CNY;;;;;Directo SV - FERRETERIA EPA, S.A. DE C.V.;89;EPA;OLO6;;-- N/A --;2025FR1120;;7552;101809;;NINGBO, CHINA;ACAJUTLA, EL SALVADOR;79967.65;;;0;0;0;0;;;;;0.00;;BINTER TRADE LLC. (Dropship SV);;2025-11-26 00:00:00;;;;;;false;;;;;;;;;;;;;;;;;;;;;;;false;;;
19086;1;6702324;draft;43558.65;pending;2025-11-26;USD;FOB;;;;;43558.65;;43558.65;;;;;0.00;0.00;0;;;;;;;;;;;;;;;;;;;;;;;;;;;;;;;;2026-03-19 15:29:18;2026-03-19 23:00:05;3;;734;;;;"""[\""Standard\""]""";0.00;0.00;0.00;J43fQS3hZc6Oc7Fvs6YCj1rwDbdxuUOW1qep66WwGyIX4EIDPNlP6uP13PcvGF7x;2026-03-22 23:00:05;false;;;false;;SV6;;;;;false;false;false;false;false;false;false;false;false;;;2026-03-20 00:00:00;2026-03-20 00:00:00;;;;;;;;;;;FOB;FOB;CNY;;;;;Directo SV - FERRETERIA EPA, S.A. DE C.V.;89;EPA;OLO6;;;;;;;;NINGBO, CHINA;ACAJUTLA, EL SALVADOR;;;;0;0;0;0;;;;;0.00;;BINTER TRADE LLC. (Dropship SV);;2025-11-26 00:00:00;;;;;;false;;;;;;;;;;;;;;;;;;;;;;;false;;;
19087;1;6702327;draft;14346.30;pending;2025-11-26;USD;FOB;;;;;14346.30;;14346.30;;;;;0.00;0.00;0;;;;;;;;;;;;;;;;;;;;;;;;;;;;;;;;2026-03-19 15:29:18;2026-03-19 15:29:18;3;;734;;;;"""[\""Standard\""]""";0.00;0.00;0.00;;;false;;;false;;GT3;;;;;false;false;true;false;false;false;false;true;false;;;2026-03-10 00:00:00;2026-03-10 00:00:00;;;;;;;;;;;FOB;FOB;CNY;;;;;Directo GT - FERRETERIA EPA, S.A. (Guatemala);89;EPA;OLO6;;;;;;;;NINGBO, CHINA;QUETZAL, GUATEMALA;;;;0;0;0;0;;;;;0.00;;BINTER TRADE LLC. (Dropship GT);;2025-11-26 00:00:00;;;;;;false;;;;;;;;;;;;;;;;;;;;;;;false;;;
19088;1;6702328;draft;16020.00;pending;2025-11-26;USD;FOB;;;;;16020.00;;16020.00;;;;;0.00;0.00;0;;;;;;;;;;;;;;;;;;;;;;;;;;;;;;;;2026-03-19 15:29:19;2026-03-19 15:29:19;3;;734;;;;"""[\""Standard\""]""";0.00;0.00;0.00;;;false;;;false;;GT4;;;;;false;false;true;false;false;false;false;true;false;;;2026-03-10 00:00:00;2026-03-10 00:00:00;;;;;;;;;;;FOB;FOB;CNY;;;;;Directo GT - FERRETERIA EPA, S.A. (Guatemala);89;EPA;OLO6;;;;;;;;NINGBO, CHINA;QUETZAL, GUATEMALA;;;;0;0;0;0;;;;;0.00;;BINTER TRADE LLC. (Dropship GT);;2025-11-26 00:00:00;;;;;;false;;;;;;;;;;;;;;;;;;;;;;;false;;;
19089;1;6702329;draft;99062.43;pending;2025-11-26;USD;FOB;;;;;99062.43;;99062.43;;;;;0.00;0.00;0;;;;;;;;;;;;;;;;;;;;;;;;;;;;;;;;2026-03-19 15:29:19;2026-03-19 15:29:19;5;;734;;;;"""[\""Standard\""]""";0.00;0.00;0.00;;;false;;;false;;GT5;;;;;false;false;true;false;false;false;false;false;false;;;2025-12-31 00:00:00;2025-12-31 00:00:00;;;;;;;;;2026-02-09 00:00:00;;FOB;FOB;CNY;;;;;Directo GT - FERRETERIA EPA, S.A. (Guatemala);89;EPA;OLO6;;-- N/A --;2025FR1126;;7537;101797;;NINGBO, CHINA;QUETZAL, GUATEMALA;99062.43;;;0;0;0;0;;;;;0.00;;BINTER TRADE LLC. (Dropship GT);;2025-11-26 00:00:00;;;;;;false;;;;;;;;;;;;;;;;;;;;;;;false;;;
19090;1;6702330;draft;76804.48;pending;2025-11-26;USD;FOB;;;;;76804.48;;76804.48;;;;;0.00;0.00;0;;;;;;;;;;;;;;;;;;;;;;;;;;;;;;;;2026-03-19 15:29:19;2026-03-19 23:00:05;3;;734;;;;"""[\""Standard\""]""";0.00;0.00;0.00;CBqLP6z1NWfHWyPTtxmQlSITS4hEL9X3BxtbIVz3KsDyz8FLDI5nEMnZ0FPayTAS;2026-03-22 23:00:05;false;;;false;;GT6;;;;;false;false;true;false;false;false;false;false;false;;;2026-03-20 00:00:00;2026-03-20 00:00:00;;;;;;;;;;;FOB;FOB;CNY;;;;;Directo GT - FERRETERIA EPA, S.A. (Guatemala);89;EPA;OLO6;;;;;;;;NINGBO, CHINA;QUETZAL, GUATEMALA;;;;0;0;0;0;;;;;0.00;;BINTER TRADE LLC. (Dropship GT);;2025-11-26 00:00:00;;;;;;false;;;;;;;;;;;;;;;;;;;;;;;false;;;
19091;1;6702333;draft;9761.34;pending;2025-11-26;USD;FOB;;;;;9761.34;;9761.34;;;;;0.00;0.00;0;;;;;;;;;;;;;;;;;;;;;;;;;;;;;;;;2026-03-19 15:29:19;2026-03-19 15:29:19;3;;734;;;;"""[\""Standard\""]""";0.00;0.00;0.00;;;false;;;false;;VE3;;;;;false;false;false;false;false;false;false;true;false;;;2026-03-10 00:00:00;2026-03-10 00:00:00;;;;;;;;;;;CIF;FOB;CNY;;;;;Directo VE - FERRETERIA EPA, C.A.;89;EPA;OLO6;;;;;;;;NINGBO, CHINA;PUERTO CABELLO, VENEZUELA;;;;0;0;0;0;;;;;0.00;;BINTER TRADE LLC. (Dropship EPA - VE);;2025-11-26 00:00:00;;;;;;false;;;;;;;;;;;;;;;;;;;;;;;false;;;
19092;1;6702334;draft;14952.00;pending;2025-11-26;USD;FOB;;;;;14952.00;;14952.00;;;;;0.00;0.00;0;;;;;;;;;;;;;;;;;;;;;;;;;;;;;;;;2026-03-19 15:29:19;2026-03-19 15:29:19;10;;734;;;;"""[\""Standard\""]""";0.00;0.00;0.00;;;false;;;false;;VE4;;;;;false;false;false;false;false;false;false;false;false;;;2025-12-22 00:00:00;2025-12-22 00:00:00;;;;;;;;;2026-01-23 00:00:00;;CIF;FOB;CNY;;;;;Directo VE - FERRETERIA EPA, C.A.;89;EPA;OLO6;;-- N/A --;2025FR1132;;7481;101702;;NINGBO, CHINA;CALDERA, COSTA RICA;14952.00;;;0;0;0;0;;;;;0.00;;BINTER TRADE LLC. (Dropship EPA - VE);;2025-11-26 00:00:00;;;;;;false;;;;;;;;;;;;;;;;;;;;;;;false;;;
19093;1;6702335;draft;16821.00;pending;2025-11-26;USD;FOB;;;;;16821.00;;16821.00;;;;;0.00;0.00;0;;;;;;;;;;;;;;;;;;;;;;;;;;;;;;;;2026-03-19 15:29:19;2026-03-19 15:29:19;3;;734;;;;"""[\""Standard\""]""";0.00;0.00;0.00;;;false;;;false;;VE5;;;;;false;false;false;false;false;false;false;true;false;;;2026-03-10 00:00:00;2026-03-10 00:00:00;;;;;;;;;;;CIF;FOB;CNY;;;;;Directo VE - FERRETERIA EPA, C.A.;89;EPA;OLO6;;;;;;;;NINGBO, CHINA;PUERTO CABELLO, VENEZUELA;;;;0;0;0;0;;;;;0.00;;BINTER TRADE LLC. (Dropship EPA - VE);;2025-11-26 00:00:00;;;;;;false;;;;;;;;;;;;;;;;;;;;;;;false;;;
19094;1;6702336;draft;16020.00;pending;2025-11-26;USD;FOB;;;;;16020.00;;16020.00;;;;;0.00;0.00;0;;;;;;;;;;;;;;;;;;;;;;;;;;;;;;;;2026-03-19 15:29:19;2026-03-19 15:29:19;10;;734;;;;"""[\""Standard\""]""";0.00;0.00;0.00;;;false;;;false;;VE6;;;;;false;false;false;false;false;false;false;true;false;;;2025-12-22 00:00:00;2025-12-22 00:00:00;;;;;;;;;2026-01-23 00:00:00;;CIF;FOB;CNY;;;;;Directo VE - FERRETERIA EPA, C.A.;89;EPA;OLO6;;-- N/A --;2025FR1134;;7479;101703;;NINGBO, CHINA;PUERTO CABELLO, VENEZUELA;16020.00;;;0;0;0;0;;;;;0.00;;BINTER TRADE LLC. (Dropship EPA - VE);;2025-11-26 00:00:00;;;;;;false;;;;;;;;;;;;;;;;;;;;;;;false;;;
19095;1;6702337;draft;89752.04;pending;2025-11-26;USD;FOB;;;;;89752.04;;89752.04;;;;;0.00;0.00;0;;;;;;;;;;;;;;;;;;;;;;;;;;;;;;;;2026-03-19 15:29:19;2026-03-19 15:29:19;5;;734;;;;"""[\""Standard\""]""";0.00;0.00;0.00;;;false;;;false;;VE7;;;;;false;false;false;false;false;false;false;false;false;;;2025-12-31 00:00:00;2025-12-31 00:00:00;;;;;;;;;2026-03-06 00:00:00;;FOB;FOB;CNY;;;;;Directo VE - FERRETERIA EPA, C.A.;89;EPA;OLO6;;-- N/A --;2025FR1135;;7636;101897;;NINGBO, CHINA;PUERTO CABELLO, VENEZUELA;89752.04;;;0;0;0;0;;;;;0.00;;BINTER TRADE LLC. (Dropship EPA - VE);;2025-11-26 00:00:00;;;;;;false;;;;;;;;;;;;;;;;;;;;;;;false;;;
19096;1;6702338;draft;98362.50;pending;2025-11-26;USD;FOB;;;;;98362.50;;98362.50;;;;;0.00;0.00;0;;;;;;;;;;;;;;;;;;;;;;;;;;;;;;;;2026-03-19 15:29:19;2026-03-19 15:29:19;5;;734;;;;"""[\""Standard\""]""";0.00;0.00;0.00;;;false;;;false;;VE8;;;;;false;false;false;false;false;false;false;false;false;;;2025-12-31 00:00:00;2025-12-31 00:00:00;;;;;;;;;2026-03-13 00:00:00;;FOB;FOB;CNY;;;;;Directo VE - FERRETERIA EPA, C.A.;89;EPA;OLO6;;-- N/A --;2025FR1136;;7639;101941;;NINGBO, CHINA;CALDERA, COSTA RICA;98362.50;;;0;0;0;0;;;;;0.00;;BINTER TRADE LLC. (Dropship EPA - VE);;2025-11-26 00:00:00;;;;;;false;;;;;;;;;;;;;;;;;;;;;;;false;;;
19097;1;6702339;draft;85195.66;pending;2025-11-26;USD;FOB;;;;;85195.66;;85195.66;;;;;0.00;0.00;0;;;;;;;;;;;;;;;;;;;;;;;;;;;;;;;;2026-03-19 15:29:19;2026-03-19 23:00:05;3;;734;;;;"""[\""Standard\""]""";0.00;0.00;0.00;zvqTKcvfYe9oJurGT0VVCq487TWZB5hUusjayiUVVS7uHqKMatJpaqOc3LCzMMG6;2026-03-22 23:00:05;false;;;false;;VE9;;;;;false;false;false;false;false;false;false;false;false;;;2026-03-20 00:00:00;2026-03-20 00:00:00;;;;;;;;;;;CIF;FOB;CNY;;;;;Directo VE - FERRETERIA EPA, C.A.;89;EPA;OLO6;;;;;;;;NINGBO, CHINA;PUERTO CABELLO, VENEZUELA;;;;0;0;0;0;;;;;0.00;;BINTER TRADE LLC. (Dropship EPA - VE);;2025-11-26 00:00:00;;;;;;false;;;;;;;;;;;;;;;;;;;;;;;false;;;
19098;1;6702340;draft;19616.80;pending;2025-11-26;USD;FOB;;;;;19616.80;;19616.80;;;;;0.00;0.00;0;;;;;;;;;;;;;;;;;;;;;;;;;;;;;;;;2026-03-19 15:29:19;2026-03-19 15:29:19;5;;703;;;;"""[\""Standard\""]""";0.00;0.00;0.00;;;false;;;false;;CR;;;;;false;false;true;false;false;false;false;false;false;;;2025-12-31 00:00:00;2025-12-31 00:00:00;;;;;;;;;2026-01-12 00:00:00;;FOB;FOB;CNY;;;;;Directo CR - FERRETERIA EPA, S.A.;82;EPA;OLO6;;-- N/A --;CM-DBT-251128A;;7344;101572;;QINGDAO, CHINA;CALDERA, COSTA RICA;19616.80;;;0;0;0;0;;;;;0.00;;BINTER TRADE LLC. (Dropship CR);;2025-11-26 00:00:00;;;;;;false;;;;;;;;;;;;;;;;;;;;;;;false;;;
19099;1;6702341;draft;20051.16;pending;2025-11-26;USD;FOB;;;;;20051.16;;20051.16;;;;;0.00;0.00;0;;;;;;;;;;;;;;;;;;;;;;;;;;;;;;;;2026-03-19 15:29:19;2026-03-19 15:29:19;5;;703;;;;"""[\""Standard\""]""";0.00;0.00;0.00;;;false;;;false;;CR;;;;;false;false;true;false;false;false;false;false;false;;;2025-12-31 00:00:00;2025-12-31 00:00:00;;;;;;;;;2026-01-12 00:00:00;;FOB;FOB;CNY;;;;;Directo CR - FERRETERIA EPA, S.A.;82;EPA;OLO6;;-- N/A --;CM-DBT-251128B;;7345;101573;;QINGDAO, CHINA;CALDERA, COSTA RICA;20051.16;;;0;0;0;0;;;;;0.00;;BINTER TRADE LLC. (Dropship CR);;2025-11-26 00:00:00;;;;;;false;;;;;;;;;;;;;;;;;;;;;;;false;;;
19100;1;6702342;draft;20051.16;pending;2025-11-26;USD;FOB;;;;;20051.16;;20051.16;;;;;0.00;0.00;0;;;;;;;;;;;;;;;;;;;;;;;;;;;;;;;;2026-03-19 15:29:19;2026-03-19 15:29:19;3;;703;;;;"""[\""Standard\""]""";0.00;0.00;0.00;;;false;;;false;;CR;;;;;false;false;true;false;false;false;false;false;false;;;2026-02-28 00:00:00;2026-02-28 00:00:00;;;;;;;;;;;FOB;FOB;CNY;;;;;Directo CR - FERRETERIA EPA, S.A.;82;EPA;OLO6;;;;;;;;QINGDAO, CHINA;CALDERA, COSTA RICA;;;;0;0;0;0;;;;;0.00;;BINTER TRADE LLC. (Dropship CR);;2025-11-26 00:00:00;;;;;;false;;;;;;;;;;;;;;;;;;;;;;;false;;;
19101;1;6702343;draft;20002.24;pending;2025-11-26;USD;FOB;;;;;20002.24;;20002.24;;;;;0.00;0.00;0;;;;;;;;;;;;;;;;;;;;;;;;;;;;;;;;2026-03-19 15:29:19;2026-03-19 15:29:19;3;;703;;;;"""[\""Standard\""]""";0.00;0.00;0.00;;;false;;;false;;CR;;;;;false;false;true;false;false;false;false;false;false;;;2026-02-28 00:00:00;2026-02-28 00:00:00;;;;;;;;;;;FOB;FOB;CNY;;;;;Directo CR - FERRETERIA EPA, S.A.;82;EPA;OLO6;;;;;;;;QINGDAO, CHINA;CALDERA, COSTA RICA;;;;0;0;0;0;;;;;0.00;;BINTER TRADE LLC. (Dropship CR);;2025-11-26 00:00:00;;;;;;false;;;;;;;;;;;;;;;;;;;;;;;false;;;
19102;1;6702344;draft;20230.40;pending;2025-11-26;USD;FOB;;;;;20230.40;;20230.40;;;;;0.00;0.00;0;;;;;;;;;;;;;;;;;;;;;;;;;;;;;;;;2026-03-19 15:29:19;2026-03-19 15:29:19;3;;703;;;;"""[\""Standard\""]""";0.00;0.00;0.00;;;false;;;false;;CR;;;;;false;false;true;false;false;false;false;false;false;;;2026-02-28 00:00:00;2026-02-28 00:00:00;;;;;;;;;;;FOB;FOB;CNY;;;;;Directo CR - FERRETERIA EPA, S.A.;82;EPA;OLO6;;;;;;;;QINGDAO, CHINA;CALDERA, COSTA RICA;;;;0;0;0;0;;;;;0.00;;BINTER TRADE LLC. (Dropship CR);;2025-11-26 00:00:00;;;;;;false;;;;;;;;;;;;;;;;;;;;;;;false;;;
19103;1;6702345;draft;19490.24;pending;2025-11-26;USD;FOB;;;;;19490.24;;19490.24;;;;;0.00;0.00;0;;;;;;;;;;;;;;;;;;;;;;;;;;;;;;;;2026-03-19 15:29:19;2026-03-19 15:29:19;5;;703;;;;"""[\""Standard\""]""";0.00;0.00;0.00;;;false;;;false;;SV;;;;;false;false;false;false;false;false;false;false;false;;;2025-12-31 00:00:00;2025-12-31 00:00:00;;;;;;;;;2026-01-13 00:00:00;;FOB;FOB;CNY;;;;;Directo SV - FERRETERIA EPA, S.A. DE C.V.;82;EPA;OLO6;;-- N/A --;CM-DBT-251128F;;7366;101600;;QINGDAO, CHINA;ACAJUTLA, EL SALVADOR;19490.24;;;0;0;0;0;;;;;0.00;;BINTER TRADE LLC. (Dropship SV);;2025-11-26 00:00:00;;;;;;false;;;;;;;;;;;;;;;;;;;;;;;false;;;
19104;1;6702346;draft;20413.64;pending;2025-11-26;USD;FOB;;;;;20413.64;;20413.64;;;;;0.00;0.00;0;;;;;;;;;;;;;;;;;;;;;;;;;;;;;;;;2026-03-19 15:29:19;2026-03-19 15:29:19;5;;703;;;;"""[\""Standard\""]""";0.00;0.00;0.00;;;false;;;false;;SV;;;;;false;false;false;false;false;false;false;false;false;;;2025-12-31 00:00:00;2025-12-31 00:00:00;;;;;;;;;2026-01-13 00:00:00;;FOB;FOB;CNY;;;;;Directo SV - FERRETERIA EPA, S.A. DE C.V.;82;EPA;OLO6;;-- N/A --;CM-DBT-251128G;;7357;101594;;QINGDAO, CHINA;ACAJUTLA, EL SALVADOR;20413.64;;;0;0;0;0;;;;;0.00;;BINTER TRADE LLC. (Dropship SV);;2025-11-26 00:00:00;;;;;;false;;;;;;;;;;;;;;;;;;;;;;;false;;;
19105;1;6702347;draft;20339.84;pending;2025-11-26;USD;FOB;;;;;20339.84;;20339.84;;;;;0.00;0.00;0;;;;;;;;;;;;;;;;;;;;;;;;;;;;;;;;2026-03-19 15:29:19;2026-03-19 15:29:19;3;;703;;;;"""[\""Standard\""]""";0.00;0.00;0.00;;;false;;;false;;SV;;;;;false;false;false;false;false;false;false;false;false;;;2026-02-28 00:00:00;2026-02-28 00:00:00;;;;;;;;;;;FOB;FOB;CNY;;;;;Directo SV - FERRETERIA EPA, S.A. DE C.V.;82;EPA;OLO6;;;;;;;;QINGDAO, CHINA;ACAJUTLA, EL SALVADOR;;;;0;0;0;0;;;;;0.00;;BINTER TRADE LLC. (Dropship SV);;2025-11-26 00:00:00;;;;;;false;;;;;;;;;;;;;;;;;;;;;;;false;;;
19106;1;6702348;draft;20378.24;pending;2025-11-26;USD;FOB;;;;;20378.24;;20378.24;;;;;0.00;0.00;0;;;;;;;;;;;;;;;;;;;;;;;;;;;;;;;;2026-03-19 15:29:19;2026-03-19 15:29:19;3;;703;;;;"""[\""Standard\""]""";0.00;0.00;0.00;;;false;;;false;;SV;;;;;false;false;false;false;false;false;false;false;false;;;2026-02-28 00:00:00;2026-02-28 00:00:00;;;;;;;;;;;FOB;FOB;CNY;;;;;Directo SV - FERRETERIA EPA, S.A. DE C.V.;82;EPA;OLO6;;;;;;;;QINGDAO, CHINA;ACAJUTLA, EL SALVADOR;;;;0;0;0;0;;;;;0.00;;BINTER TRADE LLC. (Dropship SV);;2025-11-26 00:00:00;;;;;;false;;;;;;;;;;;;;;;;;;;;;;;false;;;
19107;1;6702349;draft;20398.20;pending;2025-11-26;USD;FOB;;;;;20398.20;;20398.20;;;;;0.00;0.00;0;;;;;;;;;;;;;;;;;;;;;;;;;;;;;;;;2026-03-19 15:29:19;2026-03-19 15:29:19;5;;703;;;;"""[\""Standard\""]""";0.00;0.00;0.00;;;false;;;false;;GT;;;;;false;false;false;false;false;false;false;false;false;;;2025-12-31 00:00:00;2025-12-31 00:00:00;;;;;;;;;2026-01-13 00:00:00;;FOB;FOB;CNY;;;;;Directo GT - FERRETERIA EPA, S.A. (Guatemala);82;EPA;OLO6;;-- N/A --;CM-DBT-251128J;;7368;101601;;QINGDAO, CHINA;QUETZAL, GUATEMALA;20398.20;;;0;0;0;0;;;;;0.00;;BINTER TRADE LLC. (Dropship GT);;2025-11-26 00:00:00;;;;;;false;;;;;;;;;;;;;;;;;;;;;;;false;;;
19108;1;6702350;draft;20349.28;pending;2025-11-26;USD;FOB;;;;;20349.28;;20349.28;;;;;0.00;0.00;0;;;;;;;;;;;;;;;;;;;;;;;;;;;;;;;;2026-03-19 15:29:19;2026-03-19 15:29:19;3;;703;;;;"""[\""Standard\""]""";0.00;0.00;0.00;;;false;;;false;;GT;;;;;false;false;false;false;false;false;false;false;false;;;2026-02-28 00:00:00;2026-02-28 00:00:00;;;;;;;;;;;FOB;FOB;CNY;;;;;Directo GT - FERRETERIA EPA, S.A. (Guatemala);82;EPA;OLO6;;;;;;;;QINGDAO, CHINA;QUETZAL, GUATEMALA;;;;0;0;0;0;;;;;0.00;;BINTER TRADE LLC. (Dropship GT);;2025-11-26 00:00:00;;;;;;false;;;;;;;;;;;;;;;;;;;;;;;false;;;
19109;1;6702352;draft;21046.90;pending;2025-11-26;USD;FOB;;;;;21046.90;;21046.90;;;;;0.00;0.00;0;;;;;;;;;;;;;;;;;;;;;;;;;;;;;;;;2026-03-19 15:29:19;2026-03-19 15:29:19;3;;703;;;;"""[\""Standard\""]""";0.00;0.00;0.00;;;false;;;false;;VE;;;;;false;false;false;false;false;false;false;false;false;;;2026-02-28 00:00:00;2026-02-28 00:00:00;;;;;;;;;;;CIF;FOB;CNY;;;;;Directo VE - FERRETERIA EPA, C.A.;82;EPA;OLO6;;;;;;;;QINGDAO, CHINA;PUERTO CABELLO, VENEZUELA;;;;0;0;0;0;;;;;0.00;;BINTER TRADE LLC. (Dropship EPA - VE);;2025-11-26 00:00:00;;;;;;false;;;;;;;;;;;;;;;;;;;;;;;false;;;
19110;1;6702353;draft;24310.00;pending;2025-11-27;USD;FOB;;;;;24310.00;;24310.00;;;;;0.00;0.00;0;;;;;;;;;;;;;;;;;;;;;;;;;;;;;;;;2026-03-19 15:29:19;2026-03-19 15:29:19;5;;735;;;;"""[\""Standard\""]""";0.00;0.00;0.00;;;false;;;false;;Extra ZF CR Nov 25 CNY;;;;;false;false;false;false;false;false;false;false;false;;;2026-01-26 00:00:00;2026-01-26 00:00:00;;;;;;;;;;;FOB;FOB;CNY;;;;;ZF - OVERSEAS LOGISTICS OPERATIONS;85;EPA;OLO6;;;20251126XT;;7540;;;SHENZHEN, CHINA;CALDERA, COSTA RICA;24310.00;;;0;0;0;0;;;;;0.00;;BINTER TRADE LLC. (ZF);;2025-11-27 00:00:00;;;;;;false;;;;;;;;;;;;;;;;;;;;;;;false;;;
19111;1;6702354;draft;21568.42;pending;2025-11-28;USD;FOB;;;;;21568.42;;21568.42;;;;;0.00;0.00;0;;;;;;;;;;;;;;;;;;;;;;;;;;;;;;;;2026-03-19 15:29:19;2026-03-19 15:29:19;3;;736;;;;"""[\""Standard\""]""";0.00;0.00;0.00;;;false;;;false;;ZF;;;;;false;false;false;false;false;false;false;false;false;;;2026-02-28 00:00:00;2026-02-28 00:00:00;;;;;;;;;;;FOB;FOB;CNY;;;;;ZF - OVERSEAS LOGISTICS OPERATIONS;82;EPA;OLO6;;;;;;;;NINGBO, CHINA;CALDERA, COSTA RICA;;;;0;0;0;0;;;;;0.00;;BINTER TRADE LLC. (ZF);;2025-11-28 00:00:00;;;;;;false;;;;;;;;;;;;;;;;;;;;;;;false;;;
19112;1;6702355;draft;20227.52;pending;2025-11-28;USD;FOB;;;;;20227.52;;20227.52;;;;;0.00;0.00;0;;;;;;;;;;;;;;;;;;;;;;;;;;;;;;;;2026-03-19 15:29:19;2026-03-19 15:29:19;3;;736;;;;"""[\""Standard\""]""";0.00;0.00;0.00;;;false;;;false;;ZF;;;;;false;false;false;false;false;false;false;false;false;;;2026-02-28 00:00:00;2026-02-28 00:00:00;;;;;;;;;;;FOB;FOB;CNY;;;;;ZF - OVERSEAS LOGISTICS OPERATIONS;82;EPA;OLO6;;;;;;;;NINGBO, CHINA;CALDERA, COSTA RICA;;;;0;0;0;0;;;;;0.00;;BINTER TRADE LLC. (ZF);;2025-11-28 00:00:00;;;;;;false;;;;;;;;;;;;;;;;;;;;;;;false;;;
19113;1;6702356;draft;18407.80;pending;2025-11-28;USD;FOB;;;;;18407.80;;18407.80;;;;;0.00;0.00;0;;;;;;;;;;;;;;;;;;;;;;;;;;;;;;;;2026-03-19 15:29:19;2026-03-19 15:29:19;3;;722;;;;"""[\""Standard\""]""";0.00;0.00;0.00;;;false;;;false;;CR;;;;;false;false;true;false;false;false;false;false;false;;;2026-02-28 00:00:00;2026-02-28 00:00:00;;;;;;;;;;;FOB;FOB;CNY;;;;;Directo CR - FERRETERIA EPA, S.A.;82;EPA;OLO6;;;;;;;;QINGDAO, CHINA;CALDERA, COSTA RICA;;;;0;0;0;0;;;;;0.00;;BINTER TRADE LLC. (Dropship CR);;2025-11-28 00:00:00;;;;;;false;;;;;;;;;;;;;;;;;;;;;;;false;;;
19114;1;6702357;draft;18407.80;pending;2025-11-28;USD;FOB;;;;;18407.80;;18407.80;;;;;0.00;0.00;0;;;;;;;;;;;;;;;;;;;;;;;;;;;;;;;;2026-03-19 15:29:19;2026-03-19 15:29:19;3;;722;;;;"""[\""Standard\""]""";0.00;0.00;0.00;;;false;;;false;;CR 2;;;;;false;false;true;false;false;false;false;false;false;;;2026-02-28 00:00:00;2026-02-28 00:00:00;;;;;;;;;;;FOB;FOB;CNY;;;;;Directo CR - FERRETERIA EPA, S.A.;82;EPA;OLO6;;;;;;;;QINGDAO, CHINA;CALDERA, COSTA RICA;;;;0;0;0;0;;;;;0.00;;BINTER TRADE LLC. (Dropship CR);;2025-11-28 00:00:00;;;;;;false;;;;;;;;;;;;;;;;;;;;;;;false;;;
19115;1;6702358;draft;19782.32;pending;2025-11-28;USD;FOB;;;;;19782.32;;19782.32;;;;;0.00;0.00;0;;;;;;;;;;;;;;;;;;;;;;;;;;;;;;;;2026-03-19 15:29:19;2026-03-19 15:29:19;3;;722;;;;"""[\""Standard\""]""";0.00;0.00;0.00;;;false;;;false;;CR 3;;;;;false;false;true;false;false;false;false;false;false;;;2026-02-28 00:00:00;2026-02-28 00:00:00;;;;;;;;;;;FOB;FOB;CNY;;;;;Directo CR - FERRETERIA EPA, S.A.;82;EPA;OLO6;;;;;;;;QINGDAO, CHINA;CALDERA, COSTA RICA;;;;0;0;0;0;;;;;0.00;;BINTER TRADE LLC. (Dropship CR);;2025-11-28 00:00:00;;;;;;false;;;;;;;;;;;;;;;;;;;;;;;false;;;
19116;1;6702359;draft;18407.80;pending;2025-11-28;USD;FOB;;;;;18407.80;;18407.80;;;;;0.00;0.00;0;;;;;;;;;;;;;;;;;;;;;;;;;;;;;;;;2026-03-19 15:29:19;2026-03-19 15:29:19;3;;722;;;;"""[\""Standard\""]""";0.00;0.00;0.00;;;false;;;false;;CR 4;;;;;false;false;true;false;false;false;false;false;false;;;2026-02-28 00:00:00;2026-02-28 00:00:00;;;;;;;;;;;FOB;FOB;CNY;;;;;Directo CR - FERRETERIA EPA, S.A.;82;EPA;OLO6;;;;;;;;QINGDAO, CHINA;CALDERA, COSTA RICA;;;;0;0;0;0;;;;;0.00;;BINTER TRADE LLC. (Dropship CR);;2025-11-28 00:00:00;;;;;;false;;;;;;;;;;;;;;;;;;;;;;;false;;;
19117;1;6702360;draft;17033.28;pending;2025-11-28;USD;FOB;;;;;17033.28;;17033.28;;;;;0.00;0.00;0;;;;;;;;;;;;;;;;;;;;;;;;;;;;;;;;2026-03-19 15:29:19;2026-03-19 15:29:19;5;;722;;;;"""[\""Standard\""]""";0.00;0.00;0.00;;;false;;;false;;SV;;;;;false;false;false;false;false;false;false;false;false;;;2026-01-09 00:00:00;2026-01-09 00:00:00;;;;;;;;;2026-02-06 00:00:00;;FOB;FOB;CNY;;;;;Directo SV - FERRETERIA EPA, S.A. DE C.V.;82;EPA;OLO6;;-- N/A --;YKIRA25048;;7536;101787;;QINGDAO, CHINA;ACAJUTLA, EL SALVADOR;17033.28;;;0;0;0;0;;;;;0.00;;BINTER TRADE LLC. (Dropship SV);;2025-11-28 00:00:00;;;;;;false;;;;;;;;;;;;;;;;;;;;;;;false;;;
19118;1;6702361;draft;17033.28;pending;2025-11-28;USD;FOB;;;;;17033.28;;17033.28;;;;;0.00;0.00;0;;;;;;;;;;;;;;;;;;;;;;;;;;;;;;;;2026-03-19 15:29:19;2026-03-19 15:29:19;5;;722;;;;"""[\""Standard\""]""";0.00;0.00;0.00;;;false;;;false;;SV;;;;;false;false;false;false;false;false;false;false;false;;;2026-01-09 00:00:00;2026-01-09 00:00:00;;;;;;;;;2026-02-06 00:00:00;;FOB;FOB;CNY;;;;;Directo SV - FERRETERIA EPA, S.A. DE C.V.;82;EPA;OLO6;;-- N/A --;YKIRA25050;;7535;101790;;QINGDAO, CHINA;ACAJUTLA, EL SALVADOR;17033.28;;;0;0;0;0;;;;;0.00;;BINTER TRADE LLC. (Dropship SV);;2025-11-28 00:00:00;;;;;;false;;;;;;;;;;;;;;;;;;;;;;;false;;;
19119;1;6702362;draft;18407.80;pending;2025-11-28;USD;FOB;;;;;18407.80;;18407.80;;;;;0.00;0.00;0;;;;;;;;;;;;;;;;;;;;;;;;;;;;;;;;2026-03-19 15:29:19;2026-03-19 15:29:19;3;;722;;;;"""[\""Standard\""]""";0.00;0.00;0.00;;;false;;;false;;SV;;;;;false;false;false;false;false;false;false;false;false;;;2026-02-28 00:00:00;2026-02-28 00:00:00;;;;;;;;;;;FOB;FOB;CNY;;;;;Directo SV - FERRETERIA EPA, S.A. DE C.V.;82;EPA;OLO6;;;;;;;;QINGDAO, CHINA;ACAJUTLA, EL SALVADOR;;;;0;0;0;0;;;;;0.00;;BINTER TRADE LLC. (Dropship SV);;2025-11-28 00:00:00;;;;;;false;;;;;;;;;;;;;;;;;;;;;;;false;;;
19120;1;6702363;draft;17033.28;pending;2025-11-28;USD;FOB;;;;;17033.28;;17033.28;;;;;0.00;0.00;0;;;;;;;;;;;;;;;;;;;;;;;;;;;;;;;;2026-03-19 15:29:19;2026-03-19 15:29:19;3;;722;;;;"""[\""Standard\""]""";0.00;0.00;0.00;;;false;;;false;;SV;;;;;false;false;false;false;false;false;false;false;false;;;2026-02-28 00:00:00;2026-02-28 00:00:00;;;;;;;;;;;FOB;FOB;CNY;;;;;Directo SV - FERRETERIA EPA, S.A. DE C.V.;82;EPA;OLO6;;;;;;;;QINGDAO, CHINA;ACAJUTLA, EL SALVADOR;;;;0;0;0;0;;;;;0.00;;BINTER TRADE LLC. (Dropship SV);;2025-11-28 00:00:00;;;;;;false;;;;;;;;;;;;;;;;;;;;;;;false;;;
19121;1;6702364;draft;18407.80;pending;2025-11-28;USD;FOB;;;;;18407.80;;18407.80;;;;;0.00;0.00;0;;;;;;;;;;;;;;;;;;;;;;;;;;;;;;;;2026-03-19 15:29:19;2026-03-19 15:29:19;3;;722;;;;"""[\""Standard\""]""";0.00;0.00;0.00;;;false;;;false;;SV;;;;;false;false;false;false;false;false;false;false;false;;;2026-02-28 00:00:00;2026-02-28 00:00:00;;;;;;;;;;;FOB;FOB;CNY;;;;;Directo SV - FERRETERIA EPA, S.A. DE C.V.;82;EPA;OLO6;;;;;;;;QINGDAO, CHINA;ACAJUTLA, EL SALVADOR;;;;0;0;0;0;;;;;0.00;;BINTER TRADE LLC. (Dropship SV);;2025-11-28 00:00:00;;;;;;false;;;;;;;;;;;;;;;;;;;;;;;false;;;
19122;1;6702365;draft;17033.28;pending;2025-11-28;USD;FOB;;;;;17033.28;;17033.28;;;;;0.00;0.00;0;;;;;;;;;;;;;;;;;;;;;;;;;;;;;;;;2026-03-19 15:29:19;2026-03-19 15:29:19;3;;722;;;;"""[\""Standard\""]""";0.00;0.00;0.00;;;false;;;false;;SV;;;;;false;false;false;false;false;false;false;false;false;;;2026-02-28 00:00:00;2026-02-28 00:00:00;;;;;;;;;;;FOB;FOB;CNY;;;;;Directo SV - FERRETERIA EPA, S.A. DE C.V.;82;EPA;OLO6;;;;;;;;QINGDAO, CHINA;ACAJUTLA, EL SALVADOR;;;;0;0;0;0;;;;;0.00;;BINTER TRADE LLC. (Dropship SV);;2025-11-28 00:00:00;;;;;;false;;;;;;;;;;;;;;;;;;;;;;;false;;;
19123;1;6702366;draft;18407.80;pending;2025-11-28;USD;FOB;;;;;18407.80;;18407.80;;;;;0.00;0.00;0;;;;;;;;;;;;;;;;;;;;;;;;;;;;;;;;2026-03-19 15:29:20;2026-03-19 15:29:20;5;;722;;;;"""[\""Standard\""]""";0.00;0.00;0.00;;;false;;;false;;SV;;;;;false;false;false;false;false;false;false;false;false;;;2026-01-09 00:00:00;2026-01-09 00:00:00;;;;;;;;;2026-02-06 00:00:00;;FOB;FOB;CNY;;;;;Directo SV - FERRETERIA EPA, S.A. DE C.V.;82;EPA;OLO6;;-- N/A --;YKIRA25049;;7534;101786;;QINGDAO, CHINA;ACAJUTLA, EL SALVADOR;18407.80;;;0;0;0;0;;;;;0.00;;BINTER TRADE LLC. (Dropship SV);;2025-11-28 00:00:00;;;;;;false;;;;;;;;;;;;;;;;;;;;;;;false;;;
19124;1;6702367;draft;21953.40;pending;2025-11-28;USD;FOB;;;;;21953.40;;21953.40;;;;;0.00;0.00;0;;;;;;;;;;;;;;;;;;;;;;;;;;;;;;;;2026-03-19 15:29:20;2026-03-19 15:29:20;3;;722;;;;"""[\""Standard\""]""";0.00;0.00;0.00;;;false;;;false;;SV;;;;;false;false;false;false;false;false;false;false;false;;;2026-02-28 00:00:00;2026-02-28 00:00:00;;;;;;;;;;;FOB;FOB;CNY;;;;;Directo SV - FERRETERIA EPA, S.A. DE C.V.;82;EPA;OLO6;;;;;;;;QINGDAO, CHINA;ACAJUTLA, EL SALVADOR;;;;0;0;0;0;;;;;0.00;;BINTER TRADE LLC. (Dropship SV);;2025-11-28 00:00:00;;;;;;false;;;;;;;;;;;;;;;;;;;;;;;false;;;
19125;1;6702368;draft;19289.44;pending;2025-11-28;USD;FOB;;;;;19289.44;;19289.44;;;;;0.00;0.00;0;;;;;;;;;;;;;;;;;;;;;;;;;;;;;;;;2026-03-19 15:29:20;2026-03-19 15:29:20;5;;722;;;;"""[\""Standard\""]""";0.00;0.00;0.00;;;false;;;false;;GT;;;;;false;false;false;false;false;false;false;false;false;;;2026-02-28 00:00:00;2026-02-28 00:00:00;;;;;;;;;2026-03-11 00:00:00;;FOB;FOB;CNY;;;;;Directo GT - FERRETERIA EPA, S.A. (Guatemala);82;EPA;OLO6;;-- N/A --;YKIRA26009;;7654;101915;;QINGDAO, CHINA;QUETZAL, GUATEMALA;19289.44;;;0;0;0;0;;;;;0.00;;BINTER TRADE LLC. (Dropship GT);;2025-11-28 00:00:00;;;;;;false;;;;;;;;;;;;;;;;;;;;;;;false;;;
19126;1;6702369;draft;17786.92;pending;2025-11-28;USD;FOB;;;;;17786.92;;17786.92;;;;;0.00;0.00;0;;;;;;;;;;;;;;;;;;;;;;;;;;;;;;;;2026-03-19 15:29:20;2026-03-19 15:29:20;5;;722;;;;"""[\""Standard\""]""";0.00;0.00;0.00;;;false;;;false;;GT;;;;;false;false;false;false;false;false;false;false;false;;;2026-02-28 00:00:00;2026-02-28 00:00:00;;;;;;;;;2026-03-11 00:00:00;;FOB;FOB;CNY;;;;;Directo GT - FERRETERIA EPA, S.A. (Guatemala);82;EPA;OLO6;;-- N/A --;YKIRA26010;;7653;101914;;QINGDAO, CHINA;QUETZAL, GUATEMALA;17786.92;;;0;0;0;0;;;;;0.00;;BINTER TRADE LLC. (Dropship GT);;2025-11-28 00:00:00;;;;;;false;;;;;;;;;;;;;;;;;;;;;;;false;;;
19127;1;6702370;draft;17786.92;pending;2025-11-28;USD;FOB;;;;;17786.92;;17786.92;;;;;0.00;0.00;0;;;;;;;;;;;;;;;;;;;;;;;;;;;;;;;;2026-03-19 15:29:20;2026-03-19 15:29:20;5;;722;;;;"""[\""Standard\""]""";0.00;0.00;0.00;;;false;;;false;;GT;;;;;false;false;false;false;false;false;false;false;false;;;2026-02-28 00:00:00;2026-02-28 00:00:00;;;;;;;;;2026-03-13 00:00:00;;FOB;FOB;CNY;;;;;Directo GT - FERRETERIA EPA, S.A. (Guatemala);82;EPA;OLO6;;-- N/A --;YKIRA26011;;7670;101939;;QINGDAO, CHINA;QUETZAL, GUATEMALA;17786.92;;;0;0;0;0;;;;;0.00;;BINTER TRADE LLC. (Dropship GT);;2025-11-28 00:00:00;;;;;;false;;;;;;;;;;;;;;;;;;;;;;;false;;;
19128;1;6702371;draft;19161.44;pending;2025-11-28;USD;FOB;;;;;19161.44;;19161.44;;;;;0.00;0.00;0;;;;;;;;;;;;;;;;;;;;;;;;;;;;;;;;2026-03-19 15:29:20;2026-03-19 15:29:20;5;;722;;;;"""[\""Standard\""]""";0.00;0.00;0.00;;;false;;;false;;GT;;;;;false;false;false;false;false;false;false;false;false;;;2026-02-28 00:00:00;2026-02-28 00:00:00;;;;;;;;;2026-03-13 00:00:00;;FOB;FOB;CNY;;;;;Directo GT - FERRETERIA EPA, S.A. (Guatemala);82;EPA;OLO6;;-- N/A --;YKIRA26012;;7672;101942;;QINGDAO, CHINA;QUETZAL, GUATEMALA;19161.44;;;0;0;0;0;;;;;0.00;;BINTER TRADE LLC. (Dropship GT);;2025-11-28 00:00:00;;;;;;false;;;;;;;;;;;;;;;;;;;;;;;false;;;
19129;1;6702372;draft;19417.44;pending;2025-11-28;USD;FOB;;;;;19417.44;;19417.44;;;;;0.00;0.00;0;;;;;;;;;;;;;;;;;;;;;;;;;;;;;;;;2026-03-19 15:29:41;2026-03-19 15:29:41;5;;722;;;;"""[\""Standard\""]""";0.00;0.00;0.00;;;false;;;false;;GT;;;;;false;false;false;false;false;false;false;false;false;;;2026-02-28 00:00:00;2026-02-28 00:00:00;;;;;;;;;2026-03-11 00:00:00;;FOB;FOB;CNY;;;;;Directo GT - FERRETERIA EPA, S.A. (Guatemala);82;EPA;OLO6;;-- N/A --;YKIRA26015;;7655;101916;;QINGDAO, CHINA;QUETZAL, GUATEMALA;19417.44;;;0;0;0;0;;;;;0.00;;BINTER TRADE LLC. (Dropship GT);;2025-11-28 00:00:00;;;;;;false;;;;;;;;;;;;;;;;;;;;;;;false;;;
19130;1;6702373;draft;15791.52;pending;2025-11-28;USD;FOB;;;;;15791.52;;15791.52;;;;;0.00;0.00;0;;;;;;;;;;;;;;;;;;;;;;;;;;;;;;;;2026-03-19 15:29:41;2026-03-19 15:29:41;10;;722;;;;"""[\""Standard\""]""";0.00;0.00;0.00;;;false;;;false;;VE;;;;;false;false;false;false;false;false;false;false;false;;;2026-01-09 00:00:00;2026-01-09 00:00:00;;;;;;;;;2026-01-27 00:00:00;;CIF;FOB;CNY;;;;;Directo VE - FERRETERIA EPA, C.A.;82;EPA;OLO6;;-- N/A --;YKIRA25047;;7493;101743;;QINGDAO, CHINA;PUERTO CABELLO, VENEZUELA;15791.52;;;0;0;0;0;;;;;0.00;;BINTER TRADE LLC. (Dropship EPA - VE);;2025-11-28 00:00:00;;;;;;false;;;;;;;;;;;;;;;;;;;;;;;false;;;
19131;1;6702374;draft;14417.00;pending;2025-11-28;USD;FOB;;;;;14417.00;;14417.00;;;;;0.00;0.00;0;;;;;;;;;;;;;;;;;;;;;;;;;;;;;;;;2026-03-19 15:29:41;2026-03-19 15:29:41;2;;722;;;;"""[\""Standard\""]""";0.00;0.00;0.00;;;false;;;false;;VE;;;;;false;false;false;false;false;false;false;false;false;;;2026-02-28 00:00:00;2026-02-28 00:00:00;;;;;;;;;;;FOB;FOB;CNY;;;;;Directo VE - FERRETERIA EPA, C.A.;82;EPA;OLO6;;;;;;;;QINGDAO, CHINA;PUERTO CABELLO, VENEZUELA;;;;0;0;0;0;;;;;0.00;;BINTER TRADE LLC. (Dropship EPA - VE);;2025-11-28 00:00:00;;;;;;false;;;;;;;;;;;;;;;;;;;;;;;false;;;
19132;1;6702375;draft;15791.52;pending;2025-11-28;USD;FOB;;;;;15791.52;;15791.52;;;;;0.00;0.00;0;;;;;;;;;;;;;;;;;;;;;;;;;;;;;;;;2026-03-19 15:29:41;2026-03-19 15:29:41;2;;722;;;;"""[\""Standard\""]""";0.00;0.00;0.00;;;false;;;false;;VE;;;;;false;false;false;false;false;false;false;false;false;;;2026-02-28 00:00:00;2026-02-28 00:00:00;;;;;;;;;;;FOB;FOB;CNY;;;;;Directo VE - FERRETERIA EPA, C.A.;82;EPA;OLO6;;;;;;;;QINGDAO, CHINA;PUERTO CABELLO, VENEZUELA;;;;0;0;0;0;;;;;0.00;;BINTER TRADE LLC. (Dropship EPA - VE);;2025-11-28 00:00:00;;;;;;false;;;;;;;;;;;;;;;;;;;;;;;false;;;
19133;1;6702376;draft;52653.76;pending;2025-12-02;USD;FOB;;;;;52653.76;;52653.76;;;;;0.00;0.00;0;;;;;;;;;;;;;;;;;;;;;;;;;;;;;;;;2026-03-19 15:29:41;2026-03-19 15:29:41;5;;737;;;;"""[\""Standard\""]""";0.00;0.00;0.00;;;false;;;false;;ZF;;;;;false;false;false;false;false;false;false;true;false;;;2026-01-28 00:00:00;2026-01-28 00:00:00;;;;;;;;;;;FOB;FOB;CNY;;;;;ZF - OVERSEAS LOGISTICS OPERATIONS;82;EPA;OLO6;;;J113172512;;7614;;;NINGBO, CHINA;CALDERA, COSTA RICA;52653.76;;;0;0;0;0;;;;;0.00;;BINTER TRADE LLC. (ZF);;2025-12-02 00:00:00;;;;;;false;;;;;;;;;;;;;;;;;;;;;;;false;;;
19134;1;6702377;draft;20050.50;pending;2025-12-03;USD;FOB;;;;;20050.50;;20050.50;;;;;0.00;0.00;0;;;;;;;;;;;;;;;;;;;;;;;;;;;;;;;;2026-03-19 15:29:41;2026-03-19 15:29:41;10;;697;;;;"""[\""Standard\""]""";0.00;0.00;0.00;;;false;;;false;;25/11/2025;;;;;false;false;false;false;false;false;false;false;false;;;2026-01-05 00:00:00;2026-01-05 00:00:00;;;;;;;;;2026-02-18 00:00:00;;CIF;FOB;COMPRAS A TERCEROS;;;;;Directo VE - Febeca, C.A.;85;TERCEROS;OLO6;;-- N/A --;BAC6702377;;7546;101833;;QINGDAO, CHINA;PUERTO CABELLO, VENEZUELA;20050.50;;;0;0;0;0;;;;;0.00;;Febeca, C.A.;;2025-12-03 00:00:00;;;;;;false;;;;;;;;;;;;;;;;;;;;;;;false;;;
19135;1;6702378;draft;115209.60;pending;2025-12-03;USD;FOB;;;;;115209.60;;115209.60;;;;;0.00;0.00;0;;;;;;;;;;;;;;;;;;;;;;;;;;;;;;;;2026-03-19 15:29:42;2026-03-19 15:29:42;5;;692;;;;"""[\""Standard\""]""";0.00;0.00;0.00;;;false;;;false;;VE1;;;;;false;false;false;false;false;false;false;false;false;;;2026-01-10 00:00:00;2026-01-10 00:00:00;;;;;;;;;2026-03-13 00:00:00;;CIF;FOB;CNY;;;;;Directo VE - FERRETERIA EPA, C.A.;89;EPA;OLO6;;-- N/A --;MK-250153;;7662;101934;;NINGBO, CHINA;PUERTO CABELLO, VENEZUELA;115209.60;;;0;0;0;0;;;;;0.00;;BINTER TRADE LLC. (Dropship EPA - VE);;2025-12-03 00:00:00;;;;;;false;;;;;;;;;;;;;;;;;;;;;;;false;;;
19136;1;6702379;draft;114611.60;pending;2025-12-03;USD;FOB;;;;;114611.60;;114611.60;;;;;0.00;0.00;0;;;;;;;;;;;;;;;;;;;;;;;;;;;;;;;;2026-03-19 15:29:42;2026-03-19 15:29:42;5;;692;;;;"""[\""Standard\""]""";0.00;0.00;0.00;;;false;;;false;;VE2;;;;;false;false;false;false;false;false;false;false;false;;;2026-01-10 00:00:00;2026-01-10 00:00:00;;;;;;;;;2026-03-13 00:00:00;;CIF;FOB;CNY;;;;;Directo VE - FERRETERIA EPA, C.A.;89;EPA;OLO6;;-- N/A --;MK-250153-1;;7662;101935;;NINGBO, CHINA;PUERTO CABELLO, VENEZUELA;114611.60;;;0;0;0;0;;;;;0.00;;BINTER TRADE LLC. (Dropship EPA - VE);;2025-12-03 00:00:00;;;;;;false;;;;;;;;;;;;;;;;;;;;;;;false;;;
19137;1;6702380;draft;114611.60;pending;2025-12-03;USD;FOB;;;;;114611.60;;114611.60;;;;;0.00;0.00;0;;;;;;;;;;;;;;;;;;;;;;;;;;;;;;;;2026-03-19 15:29:42;2026-03-19 15:29:42;5;;692;;;;"""[\""Standard\""]""";0.00;0.00;0.00;;;false;;;false;;VE3;;;;;false;false;false;false;false;false;false;false;false;;;2026-01-10 00:00:00;2026-01-10 00:00:00;;;;;;;;;2026-03-13 00:00:00;;CIF;FOB;CNY;;;;;Directo VE - FERRETERIA EPA, C.A.;89;EPA;OLO6;;-- N/A --;MK-250153-2;;7662;101936;;NINGBO, CHINA;PUERTO CABELLO, VENEZUELA;114611.60;;;0;0;0;0;;;;;0.00;;BINTER TRADE LLC. (Dropship EPA - VE);;2025-12-03 00:00:00;;;;;;false;;;;;;;;;;;;;;;;;;;;;;;false;;;
19138;1;6702381;draft;114628.60;pending;2025-12-03;USD;FOB;;;;;114628.60;;114628.60;;;;;0.00;0.00;0;;;;;;;;;;;;;;;;;;;;;;;;;;;;;;;;2026-03-19 15:29:42;2026-03-19 15:29:42;5;;692;;;;"""[\""Standard\""]""";0.00;0.00;0.00;;;false;;;false;;VE4;;;;;false;false;false;false;false;false;false;false;false;;;2026-01-10 00:00:00;2026-01-10 00:00:00;;;;;;;;;2026-03-13 00:00:00;;CIF;FOB;CNY;;;;;Directo VE - FERRETERIA EPA, C.A.;89;EPA;OLO6;;-- N/A --;MK-250153-3;;7662;101937;;NINGBO, CHINA;PUERTO CABELLO, VENEZUELA;114628.60;;;0;0;0;0;;;;;0.00;;BINTER TRADE LLC. (Dropship EPA - VE);;2025-12-03 00:00:00;;;;;;false;;;;;;;;;;;;;;;;;;;;;;;false;;;
19139;1;6702382;draft;114957.60;pending;2025-12-03;USD;FOB;;;;;114957.60;;114957.60;;;;;0.00;0.00;0;;;;;;;;;;;;;;;;;;;;;;;;;;;;;;;;2026-03-19 15:29:42;2026-03-19 15:29:42;3;;692;;;;"""[\""Standard\""]""";0.00;0.00;0.00;;;false;;;false;;VE5;;;;;false;false;false;false;false;false;false;false;false;;;2026-03-30 00:00:00;2026-03-30 00:00:00;;;;;;;;;;;CIF;FOB;CNY;;;;;Directo VE - FERRETERIA EPA, C.A.;89;EPA;OLO6;;;;;;;;NINGBO, CHINA;PUERTO CABELLO, VENEZUELA;;;;0;0;0;0;;;;;0.00;;BINTER TRADE LLC. (Dropship EPA - VE);;2025-12-03 00:00:00;;;;;;false;;;;;;;;;;;;;;;;;;;;;;;false;;;
19140;1;6702383;draft;87160.60;pending;2025-12-03;USD;FOB;;;;;87160.60;;87160.60;;;;;0.00;0.00;0;;;;;;;;;;;;;;;;;;;;;;;;;;;;;;;;2026-03-19 15:29:42;2026-03-19 15:29:42;3;;692;;;;"""[\""Standard\""]""";0.00;0.00;0.00;;;false;;;false;;VE6;;;;;false;false;false;false;false;false;false;false;false;;;2026-03-30 00:00:00;2026-03-30 00:00:00;;;;;;;;;;;CIF;FOB;CNY;;;;;Directo VE - FERRETERIA EPA, C.A.;89;EPA;OLO6;;;;;;;;NINGBO, CHINA;PUERTO CABELLO, VENEZUELA;;;;0;0;0;0;;;;;0.00;;BINTER TRADE LLC. (Dropship EPA - VE);;2025-12-03 00:00:00;;;;;;false;;;;;;;;;;;;;;;;;;;;;;;false;;;
19141;1;6702384;draft;86204.60;pending;2025-12-03;USD;FOB;;;;;86204.60;;86204.60;;;;;0.00;0.00;0;;;;;;;;;;;;;;;;;;;;;;;;;;;;;;;;2026-03-19 15:29:42;2026-03-19 15:29:42;3;;692;;;;"""[\""Standard\""]""";0.00;0.00;0.00;;;false;;;false;;VE7;;;;;false;false;false;false;false;false;false;false;false;;;2026-03-30 00:00:00;2026-03-30 00:00:00;;;;;;;;;;;CIF;FOB;CNY;;;;;Directo VE - FERRETERIA EPA, C.A.;89;EPA;OLO6;;;;;;;;NINGBO, CHINA;PUERTO CABELLO, VENEZUELA;;;;0;0;0;0;;;;;0.00;;BINTER TRADE LLC. (Dropship EPA - VE);;2025-12-03 00:00:00;;;;;;false;;;;;;;;;;;;;;;;;;;;;;;false;;;
19142;1;6702385;draft;116842.40;pending;2025-12-03;USD;FOB;;;;;116842.40;;116842.40;;;;;0.00;0.00;0;;;;;;;;;;;;;;;;;;;;;;;;;;;;;;;;2026-03-19 15:29:42;2026-03-19 15:29:42;5;;692;;;;"""[\""Standard\""]""";0.00;0.00;0.00;;;false;;;false;;CR1;;;;;false;false;true;false;false;false;false;false;false;;;2026-01-10 00:00:00;2026-01-10 00:00:00;;;;;;;;;2026-02-24 00:00:00;;FOB;FOB;CNY;;;;;Directo CR - FERRETERIA EPA, S.A.;89;EPA;OLO6;;-- N/A --;MK-250154;;7607;101866;;NINGBO, CHINA;CALDERA, COSTA RICA;116842.40;;;0;0;0;0;;;;;0.00;;BINTER TRADE LLC. (Dropship CR);;2025-12-03 00:00:00;;;;;;false;;;;;;;;;;;;;;;;;;;;;;;false;;;
19143;1;6702386;draft;116842.40;pending;2025-12-03;USD;FOB;;;;;116842.40;;116842.40;;;;;0.00;0.00;0;;;;;;;;;;;;;;;;;;;;;;;;;;;;;;;;2026-03-19 15:29:42;2026-03-19 15:29:42;5;;692;;;;"""[\""Standard\""]""";0.00;0.00;0.00;;;false;;;false;;CR2;;;;;false;false;true;false;false;false;false;false;false;;;2026-01-10 00:00:00;2026-01-10 00:00:00;;;;;;;;;2026-02-19 00:00:00;;FOB;FOB;CNY;;;;;Directo CR - FERRETERIA EPA, S.A.;89;EPA;OLO6;;-- N/A --;MK-250154-1;;7568;101852;;NINGBO, CHINA;CALDERA, COSTA RICA;116842.40;;;0;0;0;0;;;;;0.00;;BINTER TRADE LLC. (Dropship CR);;2025-12-03 00:00:00;;;;;;false;;;;;;;;;;;;;;;;;;;;;;;false;;;
19144;1;6702387;draft;117691.90;pending;2025-12-03;USD;FOB;;;;;117691.90;;117691.90;;;;;0.00;0.00;0;;;;;;;;;;;;;;;;;;;;;;;;;;;;;;;;2026-03-19 15:29:42;2026-03-19 15:29:42;3;;692;;;;"""[\""Standard\""]""";0.00;0.00;0.00;;;false;;;false;;CR3;;;;;false;false;true;false;false;false;false;false;false;;;2026-03-30 00:00:00;2026-03-30 00:00:00;;;;;;;;;;;FOB;FOB;CNY;;;;;Directo CR - FERRETERIA EPA, S.A.;89;EPA;OLO6;;;;;;;;NINGBO, CHINA;CALDERA, COSTA RICA;;;;0;0;0;0;;;;;0.00;;BINTER TRADE LLC. (Dropship CR);;2025-12-03 00:00:00;;;;;;false;;;;;;;;;;;;;;;;;;;;;;;false;;;
19145;1;6702388;draft;114450.90;pending;2025-12-03;USD;FOB;;;;;114450.90;;114450.90;;;;;0.00;0.00;0;;;;;;;;;;;;;;;;;;;;;;;;;;;;;;;;2026-03-19 15:29:42;2026-03-19 15:29:42;5;;692;;;;"""[\""Standard\""]""";0.00;0.00;0.00;;;false;;;false;;SV1;;;;;false;false;false;false;false;false;false;false;false;;;2026-01-10 00:00:00;2026-01-10 00:00:00;;;;;;;;;2026-02-23 00:00:00;;FOB;FOB;CNY;;;;;Directo SV - FERRETERIA EPA, S.A. DE C.V.;89;EPA;OLO6;;-- N/A --;MK-250155;;7604;101856;;NINGBO, CHINA;ACAJUTLA, EL SALVADOR;114450.90;;;0;0;0;0;;;;;0.00;;BINTER TRADE LLC. (Dropship SV);;2025-12-03 00:00:00;;;;;;false;;;;;;;;;;;;;;;;;;;;;;;false;;;
19146;1;6702389;draft;98298.30;pending;2025-12-03;USD;FOB;;;;;98298.30;;98298.30;;;;;0.00;0.00;0;;;;;;;;;;;;;;;;;;;;;;;;;;;;;;;;2026-03-19 15:29:42;2026-03-19 15:29:42;3;;692;;;;"""[\""Standard\""]""";0.00;0.00;0.00;;;false;;;false;;SV2;;;;;false;false;false;false;false;false;false;false;false;;;2026-03-30 00:00:00;2026-03-30 00:00:00;;;;;;;;;;;FOB;FOB;CNY;;;;;Directo SV - FERRETERIA EPA, S.A. DE C.V.;89;EPA;OLO6;;;;;;;;NINGBO, CHINA;ACAJUTLA, EL SALVADOR;;;;0;0;0;0;;;;;0.00;;BINTER TRADE LLC. (Dropship SV);;2025-12-03 00:00:00;;;;;;false;;;;;;;;;;;;;;;;;;;;;;;false;;;
19147;1;6702390;draft;132952.60;pending;2025-12-03;USD;FOB;;;;;132952.60;;132952.60;;;;;0.00;0.00;0;;;;;;;;;;;;;;;;;;;;;;;;;;;;;;;;2026-03-19 15:29:42;2026-03-19 15:29:42;5;;692;;;;"""[\""Standard\""]""";0.00;0.00;0.00;;;false;;;false;;GT1;;;;;false;false;false;false;false;false;false;false;false;;;2026-01-10 00:00:00;2026-01-10 00:00:00;;;;;;;;;2026-03-04 00:00:00;;FOB;FOB;CNY;;;;;Directo GT - FERRETERIA EPA, S.A. (Guatemala);89;EPA;OLO6;;-- N/A --;MK-240156;;7612;101887;;NINGBO, CHINA;QUETZAL, GUATEMALA;132952.60;;;0;0;0;0;;;;;0.00;;BINTER TRADE LLC. (Dropship GT);;2025-12-03 00:00:00;;;;;;false;;;;;;;;;;;;;;;;;;;;;;;false;;;
19148;1;6702391;draft;115909.10;pending;2025-12-03;USD;FOB;;;;;115909.10;;115909.10;;;;;0.00;0.00;0;;;;;;;;;;;;;;;;;;;;;;;;;;;;;;;;2026-03-19 15:29:42;2026-03-19 15:29:42;5;;692;;;;"""[\""Standard\""]""";0.00;0.00;0.00;;;false;;;false;;GT2;;;;;false;false;false;false;false;false;false;false;false;;;2026-01-10 00:00:00;2026-01-10 00:00:00;;;;;;;;;2026-03-05 00:00:00;;FOB;FOB;CNY;;;;;Directo GT - FERRETERIA EPA, S.A. (Guatemala);89;EPA;OLO6;;-- N/A --;MK-240156-1;;7634;101891;;NINGBO, CHINA;ACAJUTLA, EL SALVADOR;115909.10;;;0;0;0;0;;;;;0.00;;BINTER TRADE LLC. (Dropship GT);;2025-12-03 00:00:00;;;;;;false;;;;;;;;;;;;;;;;;;;;;;;false;;;
19149;1;6702392;draft;111566.60;pending;2025-12-03;USD;FOB;;;;;111566.60;;111566.60;;;;;0.00;0.00;0;;;;;;;;;;;;;;;;;;;;;;;;;;;;;;;;2026-03-19 15:29:42;2026-03-19 15:29:42;3;;692;;;;"""[\""Standard\""]""";0.00;0.00;0.00;;;false;;;false;;GT3;;;;;false;false;false;false;false;false;false;false;false;;;2026-03-30 00:00:00;2026-03-30 00:00:00;;;;;;;;;;;FOB;FOB;CNY;;;;;Directo GT - FERRETERIA EPA, S.A. (Guatemala);89;EPA;OLO6;;;;;;;;NINGBO, CHINA;ACAJUTLA, EL SALVADOR;;;;0;0;0;0;;;;;0.00;;BINTER TRADE LLC. (Dropship GT);;2025-12-03 00:00:00;;;;;;false;;;;;;;;;;;;;;;;;;;;;;;false;;;
19150;1;6702393;draft;6504.00;pending;2025-12-03;USD;FOB;;;;;6504.00;;6504.00;;;;;0.00;0.00;0;;;;;;;;;;;;;;;;;;;;;;;;;;;;;;;;2026-03-19 15:29:42;2026-03-19 15:29:42;5;;738;;;;"""[\""Standard\""]""";0.00;0.00;0.00;;;false;;;false;;PI1ZF;;;;;false;false;false;false;false;false;false;false;false;;;2026-02-15 00:00:00;2026-02-15 00:00:00;;;;;;;;;2026-03-16 00:00:00;;FOB;FOB;CNY;;;;;Directo CR - FERRETERIA EPA, S.A.;83;EPA;OLO6;;-- N/A --;XSF-25136-1A;;7676;101947;;XIAMEN, CHINA;ALAJUELA, COSTA RICA;6504.00;;;0;0;0;0;;;;;0.00;;BINTER TRADE LLC. (Dropship CR);;2025-12-03 00:00:00;;;;;;false;;;;;;;;;;;;;;;;;;;;;;;false;;;
19151;1;6702394;draft;14311.00;pending;2025-12-03;USD;FOB;;;;;14311.00;;14311.00;;;;;0.00;0.00;0;;;;;;;;;;;;;;;;;;;;;;;;;;;;;;;;2026-03-19 15:29:42;2026-03-19 15:29:42;3;;738;;;;"""[\""Standard\""]""";0.00;0.00;0.00;;;false;;;false;;PI1ZF;;;;;false;false;false;false;false;false;false;false;false;;;2026-02-15 00:00:00;2026-02-15 00:00:00;;;;;;;;;;;;;CNY;;;;;ZF - OVERSEAS LOGISTICS OPERATIONS;83;EPA;OLO6;;;;;;;;XIAMEN, CHINA;ALAJUELA, COSTA RICA;;;;0;0;0;0;;;;;0.00;;BINTER TRADE LLC. (ZF);;2025-12-03 00:00:00;;;;;;false;;;;;;;;;;;;;;;;;;;;;;;false;;;
19152;1;6702395;draft;6504.00;pending;2025-12-03;USD;FOB;;;;;6504.00;;6504.00;;;;;0.00;0.00;0;;;;;;;;;;;;;;;;;;;;;;;;;;;;;;;;2026-03-19 15:29:42;2026-03-19 15:29:42;2;;738;;;;"""[\""Standard\""]""";0.00;0.00;0.00;;;false;;;false;;PI2ZF;;;;;false;false;false;false;false;false;false;false;false;;;2026-03-31 00:00:00;2026-03-31 00:00:00;;;;;;;;;;;FOB;FOB;CNY;;;;;Directo CR - FERRETERIA EPA, S.A.;83;EPA;OLO6;;;;;;;;XIAMEN, CHINA;ALAJUELA, COSTA RICA;;;;0;0;0;0;;;;;0.00;;BINTER TRADE LLC. (Dropship CR);;2025-12-03 00:00:00;;;;;;false;;;;;;;;;;;;;;;;;;;;;;;false;;;
19153;1;6702396;draft;14311.00;pending;2025-12-03;USD;FOB;;;;;14311.00;;14311.00;;;;;0.00;0.00;0;;;;;;;;;;;;;;;;;;;;;;;;;;;;;;;;2026-03-19 15:29:42;2026-03-19 15:29:42;2;;738;;;;"""[\""Standard\""]""";0.00;0.00;0.00;;;false;;;false;;PI2ZF;;;;;false;false;false;false;false;false;false;false;false;;;2026-03-31 00:00:00;2026-03-31 00:00:00;;;;;;;;;;;;;CNY;;;;;ZF - OVERSEAS LOGISTICS OPERATIONS;83;EPA;OLO6;;;;;;;;XIAMEN, CHINA;ALAJUELA, COSTA RICA;;;;0;0;0;0;;;;;0.00;;BINTER TRADE LLC. (ZF);;2025-12-03 00:00:00;;;;;;false;;;;;;;;;;;;;;;;;;;;;;;false;;;
19154;1;6702400;draft;12804.00;pending;2025-12-08;USD;FOB;;;;;12804.00;;12804.00;;;;;0.00;0.00;0;;;;;;;;;;;;;;;;;;;;;;;;;;;;;;;;2026-03-19 15:29:42;2026-03-19 15:29:42;5;;727;;;;"""[\""Standard\""]""";0.00;0.00;0.00;;;false;;;false;;GT;;;;;false;false;false;false;false;false;false;false;false;;;2025-12-15 00:00:00;2025-12-15 00:00:00;;;;;;;;;2026-01-19 00:00:00;;FOB;FOB;PEDIDO ESPECIAL;;;;;Directo GT - FERRETERIA EPA, S.A. (Guatemala);89;EPA;OLO6;;-- N/A --;STB-2025029;;7418;101670;;QINGDAO, CHINA;QUETZAL, GUATEMALA;12804.00;;;0;0;0;0;;;;;0.00;;BINTER TRADE LLC. (Dropship GT);;2025-12-08 00:00:00;;;;;;false;;;;;;;;;;;;;;;;;;;;;;;false;;;
19155;1;6702401;draft;5200.00;pending;2025-12-10;USD;FOB;;;;;5200.00;;5200.00;;;;;0.00;0.00;0;;;;;;;;;;;;;;;;;;;;;;;;;;;;;;;;2026-03-19 15:29:42;2026-03-19 23:00:05;3;;734;;;;"""[\""Standard\""]""";0.00;0.00;0.00;VIxdmg7ZaVbvGN1LvRG0iqgzh9DrZW9DqxNRTka32YMRtd3HGGedKT6MSHDagFAF;2026-03-22 23:00:05;false;;;false;;A-6702330;;;;;false;false;true;false;false;false;false;false;false;;;2026-03-20 00:00:00;2026-03-20 00:00:00;;;;;;;;;;;FOB;FOB;PEDIDO ESPECIAL;;;;;Directo GT - FERRETERIA EPA, S.A. (Guatemala);89;EPA;OLO6;;;;;;;;NINGBO, CHINA;QUETZAL, GUATEMALA;;;;0;0;0;0;;;;;0.00;;BINTER TRADE LLC. (Dropship GT);;2025-12-10 00:00:00;;;;;;false;;;;;;;;;;;;;;;;;;;;;;;false;;;
19156;1;6702402;draft;55299.44;pending;2026-03-13;USD;FOB;;;;;55299.44;;55299.44;;;;;0.00;0.00;0;;;;;;;;;;;;;;;;;;;;;;;;;;;;;;;;2026-03-19 15:29:43;2026-03-19 15:29:43;5;;739;;;;"""[\""Standard\""]""";0.00;0.00;0.00;;;false;;;false;;Wed Dec 10 2025 00:00:40 GMT-0400 (hora de Venezuela);;;;;false;false;false;false;false;false;false;false;false;;;2026-01-20 00:00:00;2026-01-20 00:00:00;;;;;;;;;;;CIF;FOB;COMPRAS A TERCEROS;;;;;Directo VE - Febeca, C.A.;87;MCG;OLO6;;;;;;;;TIANJIN, CHINA;PUERTO CABELLO, VENEZUELA;;;;0;0;0;0;;;;;0.00;;;;2026-03-13 00:00:00;;;;;;false;;;;;;;;;;;;;;;;;;;;;;;false;;;
19157;1;6702403;draft;23998.52;pending;2025-12-16;USD;FOB;;;;;23998.52;;23998.52;;;;;0.00;0.00;0;;;;;;;;;;;;;;;;;;;;;;;;;;;;;;;;2026-03-19 15:29:43;2026-03-19 15:29:43;5;;740;;;;"""[\""Standard\""]""";0.00;0.00;0.00;;;false;;;false;;CR;;;;;false;false;false;false;false;false;false;false;false;;;2026-01-23 00:00:00;2026-01-23 00:00:00;;;;;;;;;2026-03-06 00:00:00;;FOB;FOB;CNY;;;;;Directo CR - FERRETERIA EPA, S.A.;89;EPA;OLO6;;-- N/A --;25-B1190184401 -1;;7605;101900;;SHANGHAI, CHINA;CALDERA, COSTA RICA;23998.52;;;0;0;0;0;;;;;0.00;;BINTER TRADE LLC. (Dropship CR);;2025-12-16 00:00:00;;;;;;false;;;;;;;;;;;;;;;;;;;;;;;false;;;
19158;1;6702404;draft;7595.64;pending;2025-12-16;USD;FOB;;;;;7595.64;;7595.64;;;;;0.00;0.00;0;;;;;;;;;;;;;;;;;;;;;;;;;;;;;;;;2026-03-19 15:29:43;2026-03-19 15:29:43;5;;740;;;;"""[\""Standard\""]""";0.00;0.00;0.00;;;false;;;false;;ZF1;;;;;false;false;false;false;false;false;false;false;false;;;2026-01-23 00:00:00;2026-01-23 00:00:00;;;;;;;;;;;FOB;FOB;CNY;;;;;ZF - OVERSEAS LOGISTICS OPERATIONS;89;EPA;OLO6;;;25-B1190184401 -2;;7645;;;SHANGHAI, CHINA;CALDERA, COSTA RICA;7595.64;;;0;0;0;0;;;;;0.00;;BINTER TRADE LLC. (ZF);;2025-12-16 00:00:00;;;;;;false;;;;;;;;;;;;;;;;;;;;;;;false;;;
19159;1;6702405;draft;31594.16;pending;2025-12-16;USD;FOB;;;;;31594.16;;31594.16;;;;;0.00;0.00;0;;;;;;;;;;;;;;;;;;;;;;;;;;;;;;;;2026-03-19 15:29:43;2026-03-19 15:29:43;5;;740;;;;"""[\""Standard\""]""";0.00;0.00;0.00;;;false;;;false;;ZF2;;;;;false;false;false;false;false;false;false;false;false;;;2026-01-23 00:00:00;2026-01-23 00:00:00;;;;;;;;;;;FOB;FOB;CNY;;;;;ZF - OVERSEAS LOGISTICS OPERATIONS;89;EPA;OLO6;;;25-B1190184401 -3;;7646;;;SHANGHAI, CHINA;CALDERA, COSTA RICA;31594.16;;;0;0;0;0;;;;;0.00;;BINTER TRADE LLC. (ZF);;2025-12-16 00:00:00;;;;;;false;;;;;;;;;;;;;;;;;;;;;;;false;;;
19160;1;6702406;draft;48672.76;pending;2025-12-17;USD;FOB;;;;;48672.76;;48672.76;;;;;0.00;0.00;0;;;;;;;;;;;;;;;;;;;;;;;;;;;;;;;;2026-03-19 15:29:43;2026-03-19 15:29:43;5;;720;;;;"""[\""Standard\""]""";0.00;0.00;0.00;;;false;;;false;;PI1ZF;;;;;false;false;false;false;false;false;false;false;false;;;2026-02-02 00:00:00;2026-02-02 00:00:00;;;;;;;;;;;FOB;FOB;PEDIDO COMPRA;;;;;ZF - OVERSEAS LOGISTICS OPERATIONS;83;EPA;OLO6;;;CHMA2603;;7615;;;DA NANG, VIETNAM;CALDERA, COSTA RICA;48672.76;;;0;0;0;0;;;;;0.00;;BINTER TRADE LLC. (ZF);;2025-12-17 00:00:00;;;;;;false;;;;;;;;;;;;;;;;;;;;;;;false;;;
19161;1;6702407;draft;21882.64;pending;2025-12-17;USD;FOB;;;;;21882.64;;21882.64;;;;;0.00;0.00;0;;;;;;;;;;;;;;;;;;;;;;;;;;;;;;;;2026-03-19 15:29:43;2026-03-19 15:29:43;5;;720;;;;"""[\""Standard\""]""";0.00;0.00;0.00;;;false;;;false;;PI2VE+FB;;;;;false;false;false;false;false;false;false;false;false;;;2026-02-02 00:00:00;2026-02-02 00:00:00;;;;;;;;;2026-02-23 00:00:00;;CIF;FOB;PEDIDO COMPRA;;;;;Directo VE - FERRETERIA EPA, C.A.;83;EPA;OLO6;;-- N/A --;CHMA2604;;7608;101860;;DA NANG, VIETNAM;PUERTO CABELLO, VENEZUELA;21882.64;;;0;0;0;0;;;;;0.00;;BINTER TRADE LLC. (Dropship EPA - VE);;2025-12-17 00:00:00;;;;;;false;;;;;;;;;;;;;;;;;;;;;;;false;;;
19162;1;6702408;draft;26115.60;pending;2025-12-17;USD;FOB;;;;;26115.60;;26115.60;;;;;0.00;0.00;0;;;;;;;;;;;;;;;;;;;;;;;;;;;;;;;;2026-03-19 15:29:43;2026-03-19 15:29:43;5;;720;;;;"""[\""Standard\""]""";0.00;0.00;0.00;;;false;;;false;;PI2VE+FB;;;;;false;false;false;false;false;false;false;false;false;;;2026-02-02 00:00:00;2026-02-02 00:00:00;;;;;;;;;2026-02-24 00:00:00;;CIF;FOB;PEDIDO COMPRA;;;;;Directo VE - Febeca, C.A.;83;Febeca;OLO6;;-- N/A --;CHMA2604-1;;7609;101861;;DA NANG, VIETNAM;PUERTO CABELLO, VENEZUELA;26115.60;;;0;0;0;0;;;;;0.00;;BINTER TRADE LLC. (Dropship FEBECA - VE);;2025-12-17 00:00:00;;;;;;false;;;;;;;;;;;;;;;;;;;;;;;false;;;
19163;1;6702409;draft;59464.44;pending;2025-12-17;USD;FOB;;;;;59464.44;;59464.44;;;;;0.00;0.00;0;;;;;;;;;;;;;;;;;;;;;;;;;;;;;;;;2026-03-19 15:29:43;2026-03-19 15:29:43;5;;720;;;;"""[\""Standard\""]""";0.00;0.00;0.00;;;false;;;false;;PI3FB;;;;;false;false;false;false;false;false;false;false;false;;;2026-02-26 00:00:00;2026-02-26 00:00:00;;;;;;;;;;;CIF;FOB;PEDIDO COMPRA;;;;;Directo VE - Febeca, C.A.;83;Febeca;OLO6;;;;;;;;DA NANG, VIETNAM;PUERTO CABELLO, VENEZUELA;;;;0;0;0;0;;;;;0.00;;BINTER TRADE LLC. (Dropship FEBECA - VE);;2025-12-17 00:00:00;;;;;;false;;;;;;;;;;;;;;;;;;;;;;;false;;;
19164;1;6702410;draft;453.00;pending;2025-12-17;USD;FOB;;;;;453.00;;453.00;;;;;0.00;0.00;0;;;;;;;;;;;;;;;;;;;;;;;;;;;;;;;;2026-03-19 15:29:43;2026-03-19 15:29:43;3;;741;;;;"""[\""Standard\""]""";0.00;0.00;0.00;;;false;;;false;;25D2377;;;;;false;false;false;false;false;false;false;false;false;;;2026-03-16 00:00:00;2026-03-16 00:00:00;;;;;;;;;;;FOB;FOB;PEDIDO COMPRA;;;;;ZF - OVERSEAS LOGISTICS OPERATIONS;82;EPA;OLO6;;;;;;;;SHANGHAI, CHINA;CALDERA, COSTA RICA;;;;0;0;0;0;;;;;0.00;;BINTER TRADE LLC. (ZF);;2025-12-17 00:00:00;;;;;;false;;;;;;;;;;;;;;;;;;;;;;;false;;;
19165;1;6702411;draft;27478.36;pending;2025-12-17;USD;FOB;;;;;27478.36;;27478.36;;;;;0.00;0.00;0;;;;;;;;;;;;;;;;;;;;;;;;;;;;;;;;2026-03-19 15:29:43;2026-03-19 15:29:43;3;;742;;;;"""[\""Standard\""]""";0.00;0.00;0.00;;;false;;;false;;25D2377;;;;;false;false;false;false;false;false;false;false;false;;;2026-03-16 00:00:00;2026-03-16 00:00:00;;;;;;;;;;;FOB;FOB;PEDIDO COMPRA;;;;;ZF - OVERSEAS LOGISTICS OPERATIONS;82;EPA;OLO6;;;;;;;;SHANGHAI, CHINA;CALDERA, COSTA RICA;;;;0;0;0;0;;;;;0.00;;BINTER TRADE LLC. (ZF);;2025-12-17 00:00:00;;;;;;false;;;;;;;;;;;;;;;;;;;;;;;false;;;
19166;1;6702413;draft;43999.68;pending;2025-12-19;USD;EXW;;;;;43999.68;;43999.68;;;;;0.00;0.00;0;;;;;;;;;;;;;;;;;;;;;;;;;;;;;;;;2026-03-19 15:29:43;2026-03-19 15:29:43;2;;699;;;;"""[\""Standard\""]""";0.00;0.00;0.00;;;false;;;false;;ASMACO - DICIEMBRE 2025 - FEBECA;;;;;false;false;false;false;false;false;false;false;false;;;2026-03-02 00:00:00;2026-03-02 00:00:00;;;;;;;;;;;EXW;;PEDIDO COMPRA;;;;;Directo VE - Febeca, C.A.;87;MCG;OLO6;;;;;;;;JABEL ALI, UNITED ARAB EMIRATES;PUERTO CABELLO, VENEZUELA;;;;0;0;0;0;;;;;0.00;;BINTER TRADE LLC. (Dropship FEBECA - VE);;2025-12-19 00:00:00;;;;;;false;;;;;;;;;;;;;;;;;;;;;;;false;;;
19167;1;6702414;draft;3774.60;pending;2025-12-19;USD;EXW;;;;;3774.60;;3774.60;;;;;0.00;0.00;0;;;;;;;;;;;;;;;;;;;;;;;;;;;;;;;;2026-03-19 15:29:43;2026-03-19 15:29:43;2;;699;;;;"""[\""Standard\""]""";0.00;0.00;0.00;;;false;;;false;;ASMACO - DICIEMBRE 2025 - SILLACA;;;;;false;false;false;false;false;false;false;false;false;;;2026-03-02 00:00:00;2026-03-02 00:00:00;;;;;;;;;;;EXW;;PEDIDO COMPRA;;;;;Directo VE - Febeca, C.A.;87;MCG;OLO6;;;;;;;;JABEL ALI, UNITED ARAB EMIRATES;PUERTO CABELLO, VENEZUELA;;;;0;0;0;0;;;;;0.00;;BINTER TRADE LLC. (Dropship FEBECA - VE);;2025-12-19 00:00:00;;;;;;false;;;;;;;;;;;;;;;;;;;;;;;false;;;
19168;1;6702418;draft;20953.20;pending;2025-12-19;USD;EXW;;;;;20953.20;;20953.20;;;;;0.00;0.00;0;;;;;;;;;;;;;;;;;;;;;;;;;;;;;;;;2026-03-19 15:29:43;2026-03-19 15:29:43;2;;699;;;;"""[\""Standard\""]""";0.00;0.00;0.00;;;false;;;false;;ASMACO - DICIEMBRE 2025 - EPA;;;;;false;false;false;false;false;false;false;false;false;;;2026-03-03 00:00:00;2026-03-03 00:00:00;;;;;;;;;;;EXW;;PEDIDO COMPRA;;;;;Directo VE - Febeca, C.A.;87;MCG;OLO6;;;;;;;;JABEL ALI, UNITED ARAB EMIRATES;PUERTO CABELLO, VENEZUELA;;;;0;0;0;0;;;;;0.00;;BINTER TRADE LLC. (Dropship FEBECA - VE);;2025-12-19 00:00:00;;;;;;false;;;;;;;;;;;;;;;;;;;;;;;false;;;
19169;1;6702419;draft;28746.00;pending;2025-12-19;USD;EXW;;;;;28746.00;;28746.00;;;;;0.00;0.00;0;;;;;;;;;;;;;;;;;;;;;;;;;;;;;;;;2026-03-19 15:29:43;2026-03-19 15:29:43;2;;699;;;;"""[\""Standard\""]""";0.00;0.00;0.00;;;false;;;false;;ASMACO - DICIEMBRE 2025 - BEVAL;;;;;false;false;false;false;false;false;false;false;false;;;2026-03-02 00:00:00;2026-03-02 00:00:00;;;;;;;;;;;EXW;;PEDIDO COMPRA;;;;;Directo VE - FERRETERIA EPA, C.A.;87;MCG;OLO6;;;;;;;;JABEL ALI, UNITED ARAB EMIRATES;PUERTO CABELLO, VENEZUELA;;;;0;0;0;0;;;;;0.00;;BEVAL, C.A.;;2025-12-19 00:00:00;;;;;;false;;;;;;;;;;;;;;;;;;;;;;;false;;;
19170;1;6702420;draft;11648.00;pending;2025-12-24;USD;FOB;;;;;11648.00;;11648.00;;;;;0.00;0.00;0;;;;;;;;;;;;;;;;;;;;;;;;;;;;;;;;2026-03-19 15:29:43;2026-03-19 15:29:43;5;;727;;;;"""[\""Standard\""]""";0.00;0.00;0.00;;;false;;;false;;CO1;;;;;false;false;false;false;false;false;false;false;false;;;2025-12-30 00:00:00;2025-12-30 00:00:00;;;;;;;;;2026-01-16 00:00:00;;FOB;FOB;CNY;;;;;Directo CR - Consorcio Ferretero San Jose S.A;89;EPA;OLO6;;-- N/A --;STB-2025030;;7400;101648;;QINGDAO, CHINA;CALDERA, COSTA RICA;11648.00;;;0;0;0;0;;;;;0.00;;BINTER TRADE LLC. (Dropship Cofersa);;2025-12-24 00:00:00;;;;;;false;;;;;;;;;;;;;;;;;;;;;;;false;;;
19171;1;6702421;draft;11648.00;pending;2025-12-24;USD;FOB;;;;;11648.00;;11648.00;;;;;0.00;0.00;0;;;;;;;;;;;;;;;;;;;;;;;;;;;;;;;;2026-03-19 15:29:43;2026-03-19 15:29:43;5;;727;;;;"""[\""Standard\""]""";0.00;0.00;0.00;;;false;;;false;;CO2;;;;;false;false;false;false;false;false;false;false;false;;;2025-12-30 00:00:00;2025-12-30 00:00:00;;;;;;;;;2026-01-16 00:00:00;;FOB;FOB;CNY;;;;;Directo CR - Consorcio Ferretero San Jose S.A;89;EPA;OLO6;;-- N/A --;STB-2025031;;7401;101649;;QINGDAO, CHINA;CALDERA, COSTA RICA;11648.00;;;0;0;0;0;;;;;0.00;;BINTER TRADE LLC. (Dropship Cofersa);;2025-12-24 00:00:00;;;;;;false;;;;;;;;;;;;;;;;;;;;;;;false;;;
19172;1;6702422;draft;11648.00;pending;2025-12-24;USD;FOB;;;;;11648.00;;11648.00;;;;;0.00;0.00;0;;;;;;;;;;;;;;;;;;;;;;;;;;;;;;;;2026-03-19 15:29:43;2026-03-19 15:29:43;5;;727;;;;"""[\""Standard\""]""";0.00;0.00;0.00;;;false;;;false;;CR1;;;;;false;false;false;false;false;false;false;false;false;;;2025-12-30 00:00:00;2025-12-30 00:00:00;;;;;;;;;2026-01-16 00:00:00;;FOB;FOB;CNY;;;;;Directo CR - FERRETERIA EPA, S.A.;89;EPA;OLO6;;-- N/A --;STB-2025032;;7402;101650;;QINGDAO, CHINA;CALDERA, COSTA RICA;11648.00;;;0;0;0;0;;;;;0.00;;BINTER TRADE LLC. (Dropship CR);;2025-12-24 00:00:00;;;;;;false;;;;;;;;;;;;;;;;;;;;;;;false;;;
19173;1;6702423;draft;11648.00;pending;2025-12-24;USD;FOB;;;;;11648.00;;11648.00;;;;;0.00;0.00;0;;;;;;;;;;;;;;;;;;;;;;;;;;;;;;;;2026-03-19 15:29:43;2026-03-19 15:29:43;5;;727;;;;"""[\""Standard\""]""";0.00;0.00;0.00;;;false;;;false;;SV1;;;;;false;false;false;false;false;false;false;false;false;;;2025-12-30 00:00:00;2025-12-30 00:00:00;;;;;;;;;2026-02-02 00:00:00;;FOB;FOB;CNY;;;;;Directo SV - FERRETERIA EPA, S.A. DE C.V.;89;EPA;OLO6;;-- N/A --;STB-2025033;;7518;101767;;QINGDAO, CHINA;ACAJUTLA, EL SALVADOR;11648.00;;;0;0;0;0;;;;;0.00;;BINTER TRADE LLC. (Dropship SV);;2025-12-24 00:00:00;;;;;;false;;;;;;;;;;;;;;;;;;;;;;;false;;;
19174;1;6702424;draft;11648.00;pending;2025-12-24;USD;FOB;;;;;11648.00;;11648.00;;;;;0.00;0.00;0;;;;;;;;;;;;;;;;;;;;;;;;;;;;;;;;2026-03-19 15:29:43;2026-03-19 15:29:43;5;;727;;;;"""[\""Standard\""]""";0.00;0.00;0.00;;;false;;;false;;SV;;;;;false;false;false;false;false;false;false;false;false;;;2025-12-30 00:00:00;2025-12-30 00:00:00;;;;;;;;;2026-02-02 00:00:00;;FOB;FOB;CNY;;;;;Directo SV - FERRETERIA EPA, S.A. DE C.V.;89;EPA;OLO6;;-- N/A --;STB-2025034;;7517;101766;;QINGDAO, CHINA;ACAJUTLA, EL SALVADOR;11648.00;;;0;0;0;0;;;;;0.00;;BINTER TRADE LLC. (Dropship SV);;2025-12-24 00:00:00;;;;;;false;;;;;;;;;;;;;;;;;;;;;;;false;;;
19175;1;6702425;draft;14045.60;pending;2025-12-24;USD;FOB;;;;;14045.60;;14045.60;;;;;0.00;0.00;0;;;;;;;;;;;;;;;;;;;;;;;;;;;;;;;;2026-03-19 15:29:44;2026-03-19 15:29:44;5;;727;;;;"""[\""Standard\""]""";0.00;0.00;0.00;;;false;;;false;;VE;;;;;false;false;false;false;false;false;false;false;false;;;2025-12-30 00:00:00;2025-12-30 00:00:00;;;;;;;;;2026-03-13 00:00:00;;CIF;FOB;CNY;;;;;Directo VE - FERRETERIA EPA, C.A.;89;EPA;OLO6;;-- N/A --;STB-2025035;;7668;101933;;QINGDAO, CHINA;PUERTO CABELLO, VENEZUELA;14045.60;;;0;0;0;0;;;;;0.00;;BINTER TRADE LLC. (Dropship EPA - VE);;2025-12-24 00:00:00;;;;;;false;;;;;;;;;;;;;;;;;;;;;;;false;;;
19176;1;6702426;draft;61617.52;pending;2025-12-30;USD;EXW;;;;;61617.52;;61617.52;;;;;0.00;0.00;0;;;;;;;;;;;;;;;;;;;;;;;;;;;;;;;;2026-03-19 15:29:44;2026-03-19 15:29:44;2;;699;;;;"""[\""Standard\""]""";0.00;0.00;0.00;;;false;;;false;;ASMACO - PEDIDO COFERSA 2025;;;;;false;false;false;false;false;false;false;false;false;;;2026-03-30 00:00:00;2026-03-30 00:00:00;;;;;;;;;;;EXW;;PEDIDO COMPRA;;;;;Directo CR - Consorcio Ferretero San Jose S.A;87;MCG;OLO6;;;;;;;;JABEL ALI, UNITED ARAB EMIRATES;CALDERA, COSTA RICA;;;;0;0;0;0;;;;;0.00;;BINTER TRADE LLC. (Dropship Cofersa);;2025-12-30 00:00:00;;;;;;false;;;;;;;;;;;;;;;;;;;;;;;false;;;
19177;1;6702427;draft;234435.95;pending;2026-01-08;EUR;CIF;;;;;234435.95;;234435.95;;;;;0.00;0.00;0;;;;;;;;;;;;;;;;;;;;;;;;;;;;;;;;2026-03-19 15:29:44;2026-03-19 15:29:44;5;;743;;;;"""[\""Standard\""]""";0.00;0.00;0.00;;;false;;;false;;PEDROLLO - PEDIDO FINAL;;;;;false;false;false;false;false;false;false;false;false;;;2026-03-05 00:00:00;2026-03-05 00:00:00;;;;;;;;;2026-03-06 00:00:00;;CIF;CIF;PEDIDO COMPRA;;;;;Directo VE - Febeca, C.A.;87;MCG;OLO6;;-- N/A --;V326000181;;7628;101893;;LA GUAIRA, VENEZUELA;LA GUAIRA, VENEZUELA;234435.95;;;0;0;0;0;;;;;0.00;;BINTER TRADE LLC. (Dropship FEBECA - VE);;2026-01-08 00:00:00;;;;;;false;;;;;;;;;;;;;;;;;;;;;;;false;;;
19178;1;6702431;draft;15767.40;pending;2026-01-14;USD;FOB;;;;;15767.40;;15767.40;;;;;0.00;0.00;0;;;;;;;;;;;;;;;;;;;;;;;;;;;;;;;;2026-03-19 15:29:44;2026-03-19 15:29:44;5;;681;;;;"""[\""Standard\""]""";0.00;0.00;0.00;;;false;;;false;;SV #1 Enero 26 Mayoreo;;;;;false;false;false;false;false;false;false;false;false;;;2026-02-02 00:00:00;2026-02-02 00:00:00;;;;;;;;;2026-02-24 00:00:00;;FOB;FOB;PEDIDO COMPRA;;;;;Directo SV - FERRETERIA EPA, S.A. DE C.V.;85;EPA;OLO6;;-- N/A --;BLN26D093;;7611;101864;;NINGBO, CHINA;ACAJUTLA, EL SALVADOR;15767.40;;;0;0;0;0;;;;;0.00;;BINTER TRADE LLC. (Dropship SV);;2026-01-14 00:00:00;;;;;;false;;;;;;;;;;;;;;;;;;;;;;;false;;;
19179;1;6702432;draft;15767.40;pending;2026-01-14;USD;FOB;;;;;15767.40;;15767.40;;;;;0.00;0.00;0;;;;;;;;;;;;;;;;;;;;;;;;;;;;;;;;2026-03-19 15:29:44;2026-03-19 15:29:44;5;;681;;;;"""[\""Standard\""]""";0.00;0.00;0.00;;;false;;;false;;SV #2 Enero 26 Mayoreo;;;;;false;false;false;false;false;false;false;false;false;;;2026-02-23 00:00:00;2026-02-23 00:00:00;;;;;;;;;2026-03-05 00:00:00;;FOB;FOB;PEDIDO COMPRA;;;;;Directo SV - FERRETERIA EPA, S.A. DE C.V.;85;EPA;OLO6;;-- N/A --;BLN26D094;;7635;101890;;NINGBO, CHINA;ACAJUTLA, EL SALVADOR;15767.40;;;0;0;0;0;;;;;0.00;;BINTER TRADE LLC. (Dropship SV);;2026-01-14 00:00:00;;;;;;false;;;;;;;;;;;;;;;;;;;;;;;false;;;
19180;1;6702433;draft;15767.40;pending;2026-01-14;USD;FOB;;;;;15767.40;;15767.40;;;;;0.00;0.00;0;;;;;;;;;;;;;;;;;;;;;;;;;;;;;;;;2026-03-19 15:29:44;2026-03-19 15:29:44;3;;681;;;;"""[\""Standard\""]""";0.00;0.00;0.00;;;false;;;false;;SV #3 Enero 26 Mayoreo;;;;;false;false;false;false;false;false;false;false;false;;;2026-03-16 00:00:00;2026-03-16 00:00:00;;;;;;;;;;;FOB;FOB;PEDIDO COMPRA;;;;;Directo SV - FERRETERIA EPA, S.A. DE C.V.;85;EPA;OLO6;;;;;;;;NINGBO, CHINA;ACAJUTLA, EL SALVADOR;;;;0;0;0;0;;;;;0.00;;BINTER TRADE LLC. (Dropship SV);;2026-01-14 00:00:00;;;;;;false;;;;;;;;;;;;;;;;;;;;;;;false;;;
19181;1;6702434;draft;15767.40;pending;2026-01-14;USD;FOB;;;;;15767.40;;15767.40;;;;;0.00;0.00;0;;;;;;;;;;;;;;;;;;;;;;;;;;;;;;;;2026-03-19 15:29:44;2026-03-19 15:29:44;3;;681;;;;"""[\""Standard\""]""";0.00;0.00;0.00;;;false;;;false;;SV #4 Enero 26 Mayoreo;;;;;false;false;false;false;false;false;false;false;false;;;2026-03-29 00:00:00;2026-03-29 00:00:00;;;;;;;;;;;FOB;FOB;PEDIDO COMPRA;;;;;Directo SV - FERRETERIA EPA, S.A. DE C.V.;85;EPA;OLO6;;;;;;;;NINGBO, CHINA;ACAJUTLA, EL SALVADOR;;;;0;0;0;0;;;;;0.00;;BINTER TRADE LLC. (Dropship SV);;2026-01-14 00:00:00;;;;;;false;;;;;;;;;;;;;;;;;;;;;;;false;;;
19182;1;6702435;draft;15767.40;pending;2026-01-14;USD;FOB;;;;;15767.40;;15767.40;;;;;0.00;0.00;0;;;;;;;;;;;;;;;;;;;;;;;;;;;;;;;;2026-03-19 15:29:44;2026-03-19 15:29:44;3;;681;;;;"""[\""Standard\""]""";0.00;0.00;0.00;;;false;;;false;;SV #5 Enero 26 Mayoreo;;;;;false;false;false;false;false;false;false;false;false;;;2026-04-13 00:00:00;2026-04-13 00:00:00;;;;;;;;;;;FOB;FOB;PEDIDO COMPRA;;;;;Directo SV - FERRETERIA EPA, S.A. DE C.V.;85;EPA;OLO6;;;;;;;;NINGBO, CHINA;ACAJUTLA, EL SALVADOR;;;;0;0;0;0;;;;;0.00;;BINTER TRADE LLC. (Dropship SV);;2026-01-14 00:00:00;;;;;;false;;;;;;;;;;;;;;;;;;;;;;;false;;;
19183;1;6702436;draft;15767.40;pending;2026-01-14;USD;FOB;;;;;15767.40;;15767.40;;;;;0.00;0.00;0;;;;;;;;;;;;;;;;;;;;;;;;;;;;;;;;2026-03-19 15:29:44;2026-03-19 15:29:44;3;;681;;;;"""[\""Standard\""]""";0.00;0.00;0.00;;;false;;;false;;SV #6 Enero 26 Mayoreo;;;;;false;false;false;false;false;false;false;false;false;;;2026-04-27 00:00:00;2026-04-27 00:00:00;;;;;;;;;;;FOB;FOB;PEDIDO COMPRA;;;;;Directo SV - FERRETERIA EPA, S.A. DE C.V.;85;EPA;OLO6;;;;;;;;NINGBO, CHINA;ACAJUTLA, EL SALVADOR;;;;0;0;0;0;;;;;0.00;;BINTER TRADE LLC. (Dropship SV);;2026-01-14 00:00:00;;;;;;false;;;;;;;;;;;;;;;;;;;;;;;false;;;
19184;1;6702437;draft;15767.40;pending;2026-01-14;USD;FOB;;;;;15767.40;;15767.40;;;;;0.00;0.00;0;;;;;;;;;;;;;;;;;;;;;;;;;;;;;;;;2026-03-19 15:29:44;2026-03-19 15:29:44;3;;681;;;;"""[\""Standard\""]""";0.00;0.00;0.00;;;false;;;false;;SV #7 Enero 26 Mayoreo;;;;;false;false;false;false;false;false;false;false;false;;;2026-05-11 00:00:00;2026-05-11 00:00:00;;;;;;;;;;;FOB;FOB;PEDIDO COMPRA;;;;;Directo SV - FERRETERIA EPA, S.A. DE C.V.;85;EPA;OLO6;;;;;;;;NINGBO, CHINA;ACAJUTLA, EL SALVADOR;;;;0;0;0;0;;;;;0.00;;BINTER TRADE LLC. (Dropship SV);;2026-01-14 00:00:00;;;;;;false;;;;;;;;;;;;;;;;;;;;;;;false;;;
19185;1;6702442;draft;59438.40;pending;2026-01-30;USD;FCA;;;;;59438.40;;59438.40;;;;;0.00;0.00;0;;;;;;;;;;;;;;;;;;;;;;;;;;;;;;;;2026-03-19 15:29:44;2026-03-19 15:29:44;2;;744;;;;"""[\""Standard\""]""";0.00;0.00;0.00;;;false;;;false;;ESTA PO REEMPLAZA LA 6702440;;;;;false;false;false;false;false;false;false;false;false;;;2026-01-30 00:00:00;2026-01-30 00:00:00;;;;;;;;;;;FCA;;PEDIDO COMPRA;;;;;Directo VE - Febeca, C.A.;87;MCG;OLO6;;;;;;;;CUCUTA, COLOMBIA;CUCUTA, COLOMBIA;;;;0;0;0;0;;;;;0.00;;BINTER TRADE LLC. (Dropship FEBECA - VE);;2026-01-30 00:00:00;;;;;;false;;;;;;;;;;;;;;;;;;;;;;;false;;;
19186;1;6702444;draft;56576.00;pending;2026-01-29;USD;CPT;;;;;56576.00;;56576.00;;;;;0.00;0.00;0;;;;;;;;;;;;;;;;;;;;;;;;;;;;;;;;2026-03-19 15:29:44;2026-03-19 15:29:44;2;;745;;;;"""[\""Standard\""]""";0.00;0.00;0.00;;;false;;;false;;PEDIDO ALAMBRE DE PÚAS - ENERO 2026;;;;;false;false;true;false;false;false;false;false;false;;;2026-03-10 00:00:00;2026-03-10 00:00:00;;;;;;;;;;;CPT;;PEDIDO COMPRA;;;;;Directo VE - Febeca, C.A.;87;MCG;OLO6;;;;;;;;TIENDITAS, VENEZUELA;TIENDITAS, VENEZUELA;;;;0;0;0;0;;;;;0.00;;BINTER TRADE LLC. (Dropship FEBECA - VE);;2026-01-29 00:00:00;;;;;;false;;;;;;;;;;;;;;;;;;;;;;;false;;;
19187;1;6702445;draft;31322.00;pending;2026-01-29;USD;FOB;;;;;31322.00;;31322.00;;;;;0.00;0.00;0;;;;;;;;;;;;;;;;;;;;;;;;;;;;;;;;2026-03-19 15:29:44;2026-03-19 15:29:44;2;;746;;;;"""[\""Standard\""]""";0.00;0.00;0.00;;;false;;;false;;2026-01B-VE;;;;;false;false;false;false;false;false;false;false;false;;;2026-05-30 00:00:00;2026-05-30 00:00:00;;;;;;;;;;;FOB;EXW;PEDIDO COMPRA;;;;;Directo VE - FERRETERIA EPA, C.A.;84;EPA;OLO6;;;;;;;;NINGBO, CHINA;PUERTO CABELLO, VENEZUELA;;;;0;0;0;0;;;;;0.00;;BINTER TRADE LLC. (Dropship EPA - VE);;2026-01-29 00:00:00;;;;;;false;;;;;;;;;;;;;;;;;;;;;;;false;;;
19188;1;6702446;draft;90146.16;pending;2026-01-29;USD;FOB;;;;;90146.16;;90146.16;;;;;0.00;0.00;0;;;;;;;;;;;;;;;;;;;;;;;;;;;;;;;;2026-03-19 15:29:44;2026-03-19 15:29:44;2;;746;;;;"""[\""Standard\""]""";0.00;0.00;0.00;;;false;;;false;;2026-01B-SV+GT;;;;;false;false;false;false;false;false;false;false;false;;;2026-05-30 00:00:00;2026-05-30 00:00:00;;;;;;;;;;;FOB;EXW;PEDIDO COMPRA;;;;;Directo VE - FERRETERIA EPA, C.A.;84;EPA;OLO6;;;;;;;;NINGBO, CHINA;CALDERA, COSTA RICA;;;;0;0;0;0;;;;;0.00;;BINTER TRADE LLC. (ZF);;2026-01-29 00:00:00;;;;;;false;;;;;;;;;;;;;;;;;;;;;;;false;;;
19189;1;6702447;draft;56576.00;pending;2026-01-30;USD;CPT;;;;;56576.00;;56576.00;;;;;0.00;0.00;0;;;;;;;;;;;;;;;;;;;;;;;;;;;;;;;;2026-03-19 15:29:44;2026-03-19 15:29:44;2;;745;;;;"""[\""Standard\""]""";0.00;0.00;0.00;;;false;;;false;;PEDIDO ALAMBRE DE PÚAS - ENERO 2026;;;;;false;false;true;false;false;false;false;false;false;;;2026-03-10 00:00:00;2026-03-10 00:00:00;;;;;;;;;;;CPT;;PEDIDO COMPRA;;;;;Directo VE - Febeca, C.A.;87;MCG;OLO6;;;;;;;;TIENDITAS, VENEZUELA;TIENDITAS, VENEZUELA;;;;0;0;0;0;;;;;0.00;;BINTER TRADE LLC. (Dropship FEBECA - VE);;2026-01-30 00:00:00;;;;;;false;;;;;;;;;;;;;;;;;;;;;;;false;;;
19190;1;6702450;draft;8295.00;pending;2026-02-06;USD;FOB;;;;;8295.00;;8295.00;;;;;0.00;0.00;0;;;;;;;;;;;;;;;;;;;;;;;;;;;;;;;;2026-03-19 15:29:44;2026-03-19 15:29:44;5;;630;;;;"""[\""Standard\""]""";0.00;0.00;0.00;;;false;;;false;;S-6701182;;;;;false;false;false;false;false;false;false;false;false;;;2025-11-22 00:00:00;2025-11-22 00:00:00;;;;;;;;;2026-02-18 00:00:00;;FOB;FOB;C/ FACTURA;;;;;Directo CR - FERRETERIA EPA, S.A.;89;EPA;OLO6;;-- N/A --;LR251213HP-1-;;7582;101834;;QINGDAO, CHINA;CALDERA, COSTA RICA;8295.00;;;0;0;0;0;;;;;0.00;;BINTER TRADE LLC. (Dropship CR);;2026-02-06 00:00:00;;;;;;false;;;;;;;;;;;;;;;;;;;;;;;false;;;
19191;1;6702451;draft;8295.00;pending;2026-02-06;USD;FOB;;;;;8295.00;;8295.00;;;;;0.00;0.00;0;;;;;;;;;;;;;;;;;;;;;;;;;;;;;;;;2026-03-19 15:29:44;2026-03-19 15:29:44;5;;630;;;;"""[\""Standard\""]""";0.00;0.00;0.00;;;false;;;false;;S-6701159;;;;;false;false;false;false;false;false;false;false;false;;;2025-11-15 00:00:00;2025-11-15 00:00:00;;;;;;;;;2026-02-19 00:00:00;;FOB;FOB;C/ FACTURA;;;;;Directo CR - FERRETERIA EPA, S.A.;89;EPA;OLO6;;-- N/A --;LR251213HP-;;7597;101843;;QINGDAO, CHINA;CALDERA, COSTA RICA;8295.00;;;0;0;0;0;;;;;0.00;;BINTER TRADE LLC. (Dropship CR);;2026-02-06 00:00:00;;;;;;false;;;;;;;;;;;;;;;;;;;;;;;false;;;
19192;1;6702452;draft;9028.50;pending;2026-02-06;USD;FOB;;;;;9028.50;;9028.50;;;;;0.00;0.00;0;;;;;;;;;;;;;;;;;;;;;;;;;;;;;;;;2026-03-19 15:29:44;2026-03-19 15:29:44;5;;630;;;;"""[\""Standard\""]""";0.00;0.00;0.00;;;false;;;false;;S-6701168;;;;;false;false;false;false;false;false;false;false;false;;;2025-11-15 00:00:00;2025-11-15 00:00:00;;;;;;;;;2026-02-18 00:00:00;;FOB;FOB;C/ FACTURA;;;;;Directo CR - FERRETERIA EPA, S.A.;89;EPA;OLO6;;-- N/A --;LR251213HP-A;;7583;101835;;QINGDAO, CHINA;CALDERA, COSTA RICA;9028.00;;;0;0;0;0;;;;;0.00;;BINTER TRADE LLC. (Dropship CR);;2026-02-06 00:00:00;;;;;;false;;;;;;;;;;;;;;;;;;;;;;;false;;;
19193;1;6702453;draft;12715.68;pending;2026-02-09;USD;FOB;;;;;12715.68;;12715.68;;;;;0.00;0.00;0;;;;;;;;;;;;;;;;;;;;;;;;;;;;;;;;2026-03-19 15:29:44;2026-03-19 15:29:44;2;;747;;;;"""[\""Standard\""]""";0.00;0.00;0.00;;;false;;;false;;Thu Feb 26 2026 00:00:40 GMT-0400 (hora de Venezuela);;;;;false;false;true;false;false;false;false;false;false;;;2026-03-01 00:00:00;2026-03-01 00:00:00;;;;;;;;;;;FOB;FOB;PEDIDO COMPRA;;;;;Directo CR - FERRETERIA EPA, S.A.;83;EPA;OLO6;;;;;;;;NINGBO, CHINA;CALDERA, COSTA RICA;;;;0;0;0;0;;;;;0.00;;BINTER TRADE LLC. (Dropship CR);;2026-02-09 00:00:00;;;;;;false;;;;;;;;;;;;;;;;;;;;;;;false;;;
19194;1;6702454;draft;11332.72;pending;2026-02-09;USD;FOB;;;;;11332.72;;11332.72;;;;;0.00;0.00;0;;;;;;;;;;;;;;;;;;;;;;;;;;;;;;;;2026-03-19 15:29:45;2026-03-19 15:29:45;2;;747;;;;"""[\""Standard\""]""";0.00;0.00;0.00;;;false;;;false;;Thu Feb 26 2026 00:00:40 GMT-0400 (hora de Venezuela);;;;;false;false;false;false;false;false;false;false;false;;;2026-03-01 00:00:00;2026-03-01 00:00:00;;;;;;;;;;;;;PEDIDO COMPRA;;;;;ZF - OVERSEAS LOGISTICS OPERATIONS;83;EPA;OLO6;;;;;;;;NINGBO, CHINA;CALDERA, COSTA RICA;;;;0;0;0;0;;;;;0.00;;BINTER TRADE LLC. (ZF);;2026-02-09 00:00:00;;;;;;false;;;;;;;;;;;;;;;;;;;;;;;false;;;
19195;1;6702455;draft;19215.00;pending;2026-02-11;USD;FOB;;;;;19215.00;;19215.00;;;;;0.00;0.00;0;;;;;;;;;;;;;;;;;;;;;;;;;;;;;;;;2026-03-19 15:29:45;2026-03-19 15:29:45;5;;748;;;;"""[\""Standard\""]""";0.00;0.00;0.00;;;false;;;false;;PEDIDO FEBRERO 2026 - FEBECA;;;;;false;false;false;false;false;false;false;false;false;;;2026-03-30 00:00:00;2026-03-30 00:00:00;;;;;;;;;2026-03-12 00:00:00;;CIF;FOB;PEDIDO COMPRA;;;;;Directo VE - Febeca, C.A.;87;MCG;OLO6;;-- N/A --;F003-183634;;7658;101918;;CALLAO, PERU;PUERTO CABELLO, VENEZUELA;19215.00;;;0;0;0;0;;;;;0.00;;BINTER TRADE LLC. (Dropship FEBECA - VE);;2026-02-11 00:00:00;;;;;;false;;;;;;;;;;;;;;;;;;;;;;;false;;;
19196;1;6702456;draft;19215.00;pending;2026-02-11;USD;FOB;;;;;19215.00;;19215.00;;;;;0.00;0.00;0;;;;;;;;;;;;;;;;;;;;;;;;;;;;;;;;2026-03-19 15:29:45;2026-03-19 15:29:45;5;;748;;;;"""[\""Standard\""]""";0.00;0.00;0.00;;;false;;;false;;PEDIDO FEBRERO 2026 - FEBECA;;;;;false;false;false;false;false;false;false;false;false;;;2026-03-30 00:00:00;2026-03-30 00:00:00;;;;;;;;;2026-03-12 00:00:00;;CIF;FOB;PEDIDO COMPRA;;;;;Directo VE - Febeca, C.A.;87;MCG;OLO6;;-- N/A --;F003-183632;;7658;101919;;CALLAO, PERU;PUERTO CABELLO, VENEZUELA;19215.00;;;0;0;0;0;;;;;0.00;;BINTER TRADE LLC. (Dropship FEBECA - VE);;2026-02-11 00:00:00;;;;;;false;;;;;;;;;;;;;;;;;;;;;;;false;;;
19197;1;6702457;draft;19215.00;pending;2026-02-11;USD;FOB;;;;;19215.00;;19215.00;;;;;0.00;0.00;0;;;;;;;;;;;;;;;;;;;;;;;;;;;;;;;;2026-03-19 15:29:45;2026-03-19 15:29:45;5;;748;;;;"""[\""Standard\""]""";0.00;0.00;0.00;;;false;;;false;;PEDIDO FEBRERO 2026 - FEBECA;;;;;false;false;false;false;false;false;false;false;false;;;2026-03-30 00:00:00;2026-03-30 00:00:00;;;;;;;;;2026-03-12 00:00:00;;CIF;FOB;PEDIDO COMPRA;;;;;Directo VE - Febeca, C.A.;87;MCG;OLO6;;-- N/A --;F003-183737;;7658;101920;;CALLAO, PERU;PUERTO CABELLO, VENEZUELA;19215.00;;;0;0;0;0;;;;;0.00;;BINTER TRADE LLC. (Dropship FEBECA - VE);;2026-02-11 00:00:00;;;;;;false;;;;;;;;;;;;;;;;;;;;;;;false;;;
19198;1;6702458;draft;19215.00;pending;2026-02-11;USD;FOB;;;;;19215.00;;19215.00;;;;;0.00;0.00;0;;;;;;;;;;;;;;;;;;;;;;;;;;;;;;;;2026-03-19 15:29:45;2026-03-19 15:29:45;5;;748;;;;"""[\""Standard\""]""";0.00;0.00;0.00;;;false;;;false;;PEDIDO FEBRERO 2026 - FEBECA;;;;;false;false;false;false;false;false;false;false;false;;;2026-03-30 00:00:00;2026-03-30 00:00:00;;;;;;;;;2026-03-12 00:00:00;;CIF;FOB;PEDIDO COMPRA;;;;;Directo VE - Febeca, C.A.;87;MCG;OLO6;;-- N/A --;F003-183831;;7658;101921;;CALLAO, PERU;PUERTO CABELLO, VENEZUELA;19215.00;;;0;0;0;0;;;;;0.00;;BINTER TRADE LLC. (Dropship FEBECA - VE);;2026-02-11 00:00:00;;;;;;false;;;;;;;;;;;;;;;;;;;;;;;false;;;
19199;1;6702459;draft;19215.00;pending;2026-02-11;USD;FOB;;;;;19215.00;;19215.00;;;;;0.00;0.00;0;;;;;;;;;;;;;;;;;;;;;;;;;;;;;;;;2026-03-19 15:29:45;2026-03-19 15:29:45;5;;748;;;;"""[\""Standard\""]""";0.00;0.00;0.00;;;false;;;false;;PEDIDO FEBRERO 2026 - FEBECA;;;;;false;false;false;false;false;false;false;false;false;;;2026-03-30 00:00:00;2026-03-30 00:00:00;;;;;;;;;2026-03-12 00:00:00;;CIF;FOB;PEDIDO COMPRA;;;;;Directo VE - Febeca, C.A.;87;MCG;OLO6;;-- N/A --;F003-183832;;7658;101922;;CALLAO, PERU;PUERTO CABELLO, VENEZUELA;19215.00;;;0;0;0;0;;;;;0.00;;BINTER TRADE LLC. (Dropship FEBECA - VE);;2026-02-11 00:00:00;;;;;;false;;;;;;;;;;;;;;;;;;;;;;;false;;;
19200;1;6702460;draft;18585.00;pending;2026-02-11;USD;FOB;;;;;18585.00;;18585.00;;;;;0.00;0.00;0;;;;;;;;;;;;;;;;;;;;;;;;;;;;;;;;2026-03-19 15:29:45;2026-03-19 15:29:45;3;;748;;;;"""[\""Standard\""]""";0.00;0.00;0.00;;;false;;;false;;PEDIDO FEBRERO 2026 - FEBECA;;;;;false;false;false;false;false;false;false;false;false;;;2026-03-30 00:00:00;2026-03-30 00:00:00;;;;;;;;;;;CIF;FOB;PEDIDO COMPRA;;;;;Directo VE - Febeca, C.A.;87;MCG;OLO6;;;;;;;;CALLAO, PERU;PUERTO CABELLO, VENEZUELA;;;;0;0;0;0;;;;;0.00;;BINTER TRADE LLC. (Dropship FEBECA - VE);;2026-02-11 00:00:00;;;;;;false;;;;;;;;;;;;;;;;;;;;;;;false;;;
19201;1;6702461;draft;18585.00;pending;2026-02-11;USD;FOB;;;;;18585.00;;18585.00;;;;;0.00;0.00;0;;;;;;;;;;;;;;;;;;;;;;;;;;;;;;;;2026-03-19 15:29:45;2026-03-19 15:29:45;3;;748;;;;"""[\""Standard\""]""";0.00;0.00;0.00;;;false;;;false;;PEDIDO FEBRERO 2026 - FEBECA;;;;;false;false;false;false;false;false;false;false;false;;;2026-03-30 00:00:00;2026-03-30 00:00:00;;;;;;;;;;;CIF;FOB;PEDIDO COMPRA;;;;;Directo VE - Febeca, C.A.;87;MCG;OLO6;;;;;;;;CALLAO, PERU;PUERTO CABELLO, VENEZUELA;;;;0;0;0;0;;;;;0.00;;BINTER TRADE LLC. (Dropship FEBECA - VE);;2026-02-11 00:00:00;;;;;;false;;;;;;;;;;;;;;;;;;;;;;;false;;;
19202;1;6702462;draft;18585.00;pending;2026-02-11;USD;FOB;;;;;18585.00;;18585.00;;;;;0.00;0.00;0;;;;;;;;;;;;;;;;;;;;;;;;;;;;;;;;2026-03-19 15:29:45;2026-03-19 15:29:45;3;;748;;;;"""[\""Standard\""]""";0.00;0.00;0.00;;;false;;;false;;PEDIDO FEBRERO 2026 - FEBECA;;;;;false;false;false;false;false;false;false;false;false;;;2026-03-30 00:00:00;2026-03-30 00:00:00;;;;;;;;;;;CIF;FOB;PEDIDO COMPRA;;;;;Directo VE - Febeca, C.A.;87;MCG;OLO6;;;;;;;;CALLAO, PERU;PUERTO CABELLO, VENEZUELA;;;;0;0;0;0;;;;;0.00;;BINTER TRADE LLC. (Dropship FEBECA - VE);;2026-02-11 00:00:00;;;;;;false;;;;;;;;;;;;;;;;;;;;;;;false;;;
19203;1;6702464;draft;16.00;pending;2026-02-17;USD;FOB;;;;;16.00;;16.00;;;;;0.00;0.00;0;;;;;;;;;;;;;;;;;;;;;;;;;;;;;;;;2026-03-19 15:29:45;2026-03-19 15:29:45;2;;680;;;;"""[\""Standard\""]""";0.00;0.00;0.00;;;false;;;false;;A-6701815;;;;;false;false;false;false;false;false;false;true;false;;;2026-03-15 00:00:00;2026-03-15 00:00:00;;;;;;;;;;;FOB;;PEDIDO ESPECIAL;;;;;Directo CR - FERRETERIA EPA, S.A.;89;EPA;OLO6;;;;;;;;XIAMEN, CHINA;CALDERA, COSTA RICA;;;;0;0;0;0;;;;;0.00;;BINTER TRADE LLC. (Dropship CR);;2026-02-17 00:00:00;;;;;;false;;;;;;;;;;;;;;;;;;;;;;;false;;;
19204;1;6702465;draft;26639.38;pending;2026-02-17;USD;FOB;;;;;26639.38;;26639.38;;;;;0.00;0.00;0;;;;;;;;;;;;;;;;;;;;;;;;;;;;;;;;2026-03-19 15:29:45;2026-03-19 15:29:45;2;;749;;;;"""[\""Standard\""]""";0.00;0.00;0.00;;;false;;;false;;CR;;;;;false;false;true;false;false;false;false;true;false;;;2026-05-15 00:00:00;2026-05-15 00:00:00;;;;;;;;;;;FOB;FOB;PEDIDO COMPRA;;;;;Directo CR - FERRETERIA EPA, S.A.;84;EPA;OLO6;;;;;;;;NINGBO, CHINA;CALDERA, COSTA RICA;;;;0;0;0;0;;;;;0.00;;BINTER TRADE LLC. (Dropship CR);;2026-02-17 00:00:00;;;;;;false;;;;;;;;;;;;;;;;;;;;;;;false;;;
19205;1;6702466;draft;2203.04;pending;2026-02-17;USD;FOB;;;;;2203.04;;2203.04;;;;;0.00;0.00;0;;;;;;;;;;;;;;;;;;;;;;;;;;;;;;;;2026-03-19 15:29:45;2026-03-19 15:29:45;2;;749;;;;"""[\""Standard\""]""";0.00;0.00;0.00;;;false;;;false;;Cofersa;;;;;false;false;true;false;false;false;false;true;false;;;2026-05-15 00:00:00;2026-05-15 00:00:00;;;;;;;;;;;FOB;;PEDIDO COMPRA;;;;;Directo CR - Consorcio Ferretero San Jose S.A;84;Cofersa;OLO6;;;;;;;;NINGBO, CHINA;CALDERA, COSTA RICA;;;;0;0;0;0;;;;;0.00;;BINTER TRADE LLC. (Dropship Cofersa);;2026-02-17 00:00:00;;;;;;false;;;;;;;;;;;;;;;;;;;;;;;false;;;
19206;1;6702467;draft;27010.78;pending;2026-02-17;USD;FOB;;;;;27010.78;;27010.78;;;;;0.00;0.00;0;;;;;;;;;;;;;;;;;;;;;;;;;;;;;;;;2026-03-19 15:29:45;2026-03-19 15:29:45;2;;749;;;;"""[\""Standard\""]""";0.00;0.00;0.00;;;false;;;false;;CR;;;;;false;false;true;false;false;false;false;true;false;;;2026-05-15 00:00:00;2026-05-15 00:00:00;;;;;;;;;;;FOB;FOB;PEDIDO COMPRA;;;;;Directo CR - FERRETERIA EPA, S.A.;84;EPA;OLO6;;;;;;;;NINGBO, CHINA;CALDERA, COSTA RICA;;;;0;0;0;0;;;;;0.00;;BINTER TRADE LLC. (Dropship CR);;2026-02-17 00:00:00;;;;;;false;;;;;;;;;;;;;;;;;;;;;;;false;;;
19207;1;6702468;draft;1745.60;pending;2026-02-17;USD;FOB;;;;;1745.60;;1745.60;;;;;0.00;0.00;0;;;;;;;;;;;;;;;;;;;;;;;;;;;;;;;;2026-03-19 15:29:45;2026-03-19 15:29:45;2;;749;;;;"""[\""Standard\""]""";0.00;0.00;0.00;;;false;;;false;;ZF;;;;;false;false;false;false;false;false;false;true;false;;;2026-05-15 00:00:00;2026-05-15 00:00:00;;;;;;;;;;;;;PEDIDO COMPRA;;;;;ZF - OVERSEAS LOGISTICS OPERATIONS;84;EPA;OLO6;;;;;;;;NINGBO, CHINA;CALDERA, COSTA RICA;;;;0;0;0;0;;;;;0.00;;BINTER TRADE LLC. (ZF);;2026-02-17 00:00:00;;;;;;false;;;;;;;;;;;;;;;;;;;;;;;false;;;
19208;1;6702469;draft;25452.92;pending;2026-02-17;USD;FOB;;;;;25452.92;;25452.92;;;;;0.00;0.00;0;;;;;;;;;;;;;;;;;;;;;;;;;;;;;;;;2026-03-19 15:29:45;2026-03-19 15:29:45;2;;749;;;;"""[\""Standard\""]""";0.00;0.00;0.00;;;false;;;false;;ZF;;;;;false;false;false;false;false;false;false;true;false;;;2026-05-15 00:00:00;2026-05-15 00:00:00;;;;;;;;;;;;;PEDIDO COMPRA;;;;;ZF - OVERSEAS LOGISTICS OPERATIONS;84;EPA;OLO6;;;;;;;;NINGBO, CHINA;CALDERA, COSTA RICA;;;;0;0;0;0;;;;;0.00;;BINTER TRADE LLC. (ZF);;2026-02-17 00:00:00;;;;;;false;;;;;;;;;;;;;;;;;;;;;;;false;;;
19209;1;6702470;draft;24863.06;pending;2026-02-17;USD;FOB;;;;;24863.06;;24863.06;;;;;0.00;0.00;0;;;;;;;;;;;;;;;;;;;;;;;;;;;;;;;;2026-03-19 15:29:45;2026-03-19 15:29:45;2;;749;;;;"""[\""Standard\""]""";0.00;0.00;0.00;;;false;;;false;;SV;;;;;false;false;false;false;false;false;false;true;false;;;2026-05-15 00:00:00;2026-05-15 00:00:00;;;;;;;;;;;FOB;FOB;PEDIDO COMPRA;;;;;Directo SV - FERRETERIA EPA, S.A. DE C.V.;84;EPA;OLO6;;;;;;;;NINGBO, CHINA;ACAJUTLA, EL SALVADOR;;;;0;0;0;0;;;;;0.00;;BINTER TRADE LLC. (Dropship SV);;2026-02-17 00:00:00;;;;;;false;;;;;;;;;;;;;;;;;;;;;;;false;;;
19210;1;6702471;draft;26914.90;pending;2026-02-17;USD;FOB;;;;;26914.90;;26914.90;;;;;0.00;0.00;0;;;;;;;;;;;;;;;;;;;;;;;;;;;;;;;;2026-03-19 15:29:45;2026-03-19 15:29:45;2;;749;;;;"""[\""Standard\""]""";0.00;0.00;0.00;;;false;;;false;;GT 1x40 HC;;;;;false;false;false;false;false;false;false;true;false;;;2026-05-15 00:00:00;2026-05-15 00:00:00;;;;;;;;;;;FOB;FOB;PEDIDO COMPRA;;;;;Directo GT - FERRETERIA EPA, S.A. (Guatemala);84;EPA;OLO6;;;;;;;;NINGBO, CHINA;QUETZAL, GUATEMALA;;;;0;0;0;0;;;;;0.00;;BINTER TRADE LLC. (Dropship GT);;2026-02-17 00:00:00;;;;;;false;;;;;;;;;;;;;;;;;;;;;;;false;;;
19211;1;6702472;draft;26997.40;pending;2026-02-17;USD;FOB;;;;;26997.40;;26997.40;;;;;0.00;0.00;0;;;;;;;;;;;;;;;;;;;;;;;;;;;;;;;;2026-03-19 15:29:45;2026-03-19 15:29:45;2;;749;;;;"""[\""Standard\""]""";0.00;0.00;0.00;;;false;;;false;;GT 1x40 HC;;;;;false;false;false;false;false;false;false;true;false;;;2026-05-15 00:00:00;2026-05-15 00:00:00;;;;;;;;;;;FOB;FOB;PEDIDO COMPRA;;;;;Directo GT - FERRETERIA EPA, S.A. (Guatemala);84;EPA;OLO6;;;;;;;;NINGBO, CHINA;QUETZAL, GUATEMALA;;;;0;0;0;0;;;;;0.00;;BINTER TRADE LLC. (Dropship GT);;2026-02-17 00:00:00;;;;;;false;;;;;;;;;;;;;;;;;;;;;;;false;;;
19212;1;6702473;draft;26914.90;pending;2026-02-17;USD;FOB;;;;;26914.90;;26914.90;;;;;0.00;0.00;0;;;;;;;;;;;;;;;;;;;;;;;;;;;;;;;;2026-03-19 15:29:45;2026-03-19 15:29:45;2;;749;;;;"""[\""Standard\""]""";0.00;0.00;0.00;;;false;;;false;;GT 1x40HC;;;;;false;false;false;false;false;false;false;true;false;;;2026-05-15 00:00:00;2026-05-15 00:00:00;;;;;;;;;;;FOB;FOB;PEDIDO COMPRA;;;;;Directo GT - FERRETERIA EPA, S.A. (Guatemala);84;EPA;OLO6;;;;;;;;NINGBO, CHINA;QUETZAL, GUATEMALA;;;;0;0;0;0;;;;;0.00;;BINTER TRADE LLC. (Dropship GT);;2026-02-17 00:00:00;;;;;;false;;;;;;;;;;;;;;;;;;;;;;;false;;;
19213;1;6702474;draft;10676.46;pending;2026-02-17;USD;FOB;;;;;10676.46;;10676.46;;;;;0.00;0.00;0;;;;;;;;;;;;;;;;;;;;;;;;;;;;;;;;2026-03-19 15:29:45;2026-03-19 15:29:45;2;;749;;;;"""[\""Standard\""]""";0.00;0.00;0.00;;;false;;;false;;VE;;;;;false;false;false;false;false;false;false;true;false;;;2026-05-15 00:00:00;2026-05-15 00:00:00;;;;;;;;;;;FOB;FOB;PEDIDO COMPRA;;;;;Directo VE - FERRETERIA EPA, C.A.;84;EPA;OLO6;;;;;;;;NINGBO, CHINA;PUERTO CABELLO, VENEZUELA;;;;0;0;0;0;;;;;0.00;;BINTER TRADE LLC. (Dropship EPA - VE);;2026-02-17 00:00:00;;;;;;false;;;;;;;;;;;;;;;;;;;;;;;false;;;
19214;1;6702475;draft;14620.00;pending;2026-02-17;USD;FOB;;;;;14620.00;;14620.00;;;;;0.00;0.00;0;;;;;;;;;;;;;;;;;;;;;;;;;;;;;;;;2026-03-19 15:29:45;2026-03-19 15:29:45;2;;749;;;;"""[\""Standard\""]""";0.00;0.00;0.00;;;false;;;false;;Sillaca;;;;;false;false;false;false;false;false;false;false;false;;;2026-05-15 00:00:00;2026-05-15 00:00:00;;;;;;;;;;;FOB;;PEDIDO COMPRA;;;;;Directo VE - Febeca, C.A.;84;Febeca;OLO6;;;;;;;;NINGBO, CHINA;PUERTO CABELLO, VENEZUELA;;;;0;0;0;0;;;;;0.00;;BINTER TRADE LLC. (Dropship FEBECA - VE);;2026-02-17 00:00:00;;;;;;false;;;;;;;;;;;;;;;;;;;;;;;false;;;
19215;1;6702476;draft;26167.00;pending;2026-02-17;USD;FOB;;;;;26167.00;;26167.00;;;;;0.00;0.00;0;;;;;;;;;;;;;;;;;;;;;;;;;;;;;;;;2026-03-19 15:29:46;2026-03-19 15:29:46;2;;749;;;;"""[\""Standard\""]""";0.00;0.00;0.00;;;false;;;false;;VE 1x40 HC;;;;;false;false;false;false;false;false;false;true;false;;;2026-05-15 00:00:00;2026-05-15 00:00:00;;;;;;;;;;;FOB;FOB;PEDIDO COMPRA;;;;;Directo VE - FERRETERIA EPA, C.A.;84;EPA;OLO6;;;;;;;;NINGBO, CHINA;PUERTO CABELLO, VENEZUELA;;;;0;0;0;0;;;;;0.00;;BINTER TRADE LLC. (Dropship EPA - VE);;2026-02-17 00:00:00;;;;;;false;;;;;;;;;;;;;;;;;;;;;;;false;;;
19216;1;6702477;draft;26307.88;pending;2026-02-17;USD;FOB;;;;;26307.88;;26307.88;;;;;0.00;0.00;0;;;;;;;;;;;;;;;;;;;;;;;;;;;;;;;;2026-03-19 15:29:46;2026-03-19 15:29:46;2;;749;;;;"""[\""Standard\""]""";0.00;0.00;0.00;;;false;;;false;;VE 1x40 HC;;;;;false;false;false;false;false;false;false;true;false;;;2026-05-15 00:00:00;2026-05-15 00:00:00;;;;;;;;;;;FOB;FOB;PEDIDO COMPRA;;;;;Directo VE - FERRETERIA EPA, C.A.;84;EPA;OLO6;;;;;;;;NINGBO, CHINA;PUERTO CABELLO, VENEZUELA;;;;0;0;0;0;;;;;0.00;;BINTER TRADE LLC. (Dropship EPA - VE);;2026-02-17 00:00:00;;;;;;false;;;;;;;;;;;;;;;;;;;;;;;false;;;
19217;1;6702482;draft;20050.50;pending;2026-02-19;USD;FOB;;;;;20050.50;;20050.50;;;;;0.00;0.00;0;;;;;;;;;;;;;;;;;;;;;;;;;;;;;;;;2026-03-19 15:29:46;2026-03-19 15:29:46;5;;697;;;;"""[\""Standard\""]""";0.00;0.00;0.00;;;false;;;false;;Uso interno en lugar de PO 6702377;;;;;false;false;false;false;false;false;false;false;false;;;2026-02-27 00:00:00;2026-02-27 00:00:00;;;;;;;;;2026-02-19 00:00:00;;FOB;;C/ FACTURA;;;;;Directo VE - Febeca, C.A.;85;Febeca;OLO6;;-- N/A --;BAC6702377-1;;7598;101853;;QINGDAO, CHINA;PUERTO CABELLO, VENEZUELA;20050.50;;;0;0;0;0;;;;;0.00;;BINTER TRADE LLC. (Dropship FEBECA - VE);;2026-02-19 00:00:00;;;;;;false;;;;;;;;;;;;;;;;;;;;;;;false;;;
19218;1;6702484;draft;29092.00;pending;2026-02-24;USD;FOB;;;;;29092.00;;29092.00;;;;;0.00;0.00;0;;;;;;;;;;;;;;;;;;;;;;;;;;;;;;;;2026-03-19 15:29:46;2026-03-19 15:29:46;2;;750;;;;"""[\""Standard\""]""";0.00;0.00;0.00;;;false;;;false;;20260126 - CR;;;;;false;false;true;false;false;false;false;false;false;;;2026-05-15 00:00:00;2026-05-15 00:00:00;;;;;;;;;;;FOB;FOB;PEDIDO COMPRA;;;;;Directo CR - FERRETERIA EPA, S.A.;84;EPA;OLO6;;;;;;;;NINGBO, CHINA;LIMON, COSTA RICA;;;;0;0;0;0;;;;;0.00;;BINTER TRADE LLC. (Dropship CR);;2026-02-24 00:00:00;;;;;;false;;;;;;;;;;;;;;;;;;;;;;;false;;;
19219;1;6702485;draft;19915.60;pending;2026-02-24;USD;FOB;;;;;19915.60;;19915.60;;;;;0.00;0.00;0;;;;;;;;;;;;;;;;;;;;;;;;;;;;;;;;2026-03-19 15:29:46;2026-03-19 15:29:46;2;;750;;;;"""[\""Standard\""]""";0.00;0.00;0.00;;;false;;;false;;20260126 - ZF;;;;;false;false;false;false;false;false;false;true;false;;;2026-05-15 00:00:00;2026-05-15 00:00:00;;;;;;;;;;;;;PEDIDO COMPRA;;;;;ZF - OVERSEAS LOGISTICS OPERATIONS;84;EPA;OLO6;;;;;;;;NINGBO, CHINA;LIMON, COSTA RICA;;;;0;0;0;0;;;;;0.00;;BINTER TRADE LLC. (ZF);;2026-02-24 00:00:00;;;;;;false;;;;;;;;;;;;;;;;;;;;;;;false;;;
19220;1;6702487;draft;19347.20;pending;2026-02-24;USD;FOB;;;;;19347.20;;19347.20;;;;;0.00;0.00;0;;;;;;;;;;;;;;;;;;;;;;;;;;;;;;;;2026-03-19 15:29:46;2026-03-19 15:29:46;2;;750;;;;"""[\""Standard\""]""";0.00;0.00;0.00;;;false;;;false;;20260126 - GT;;;;;false;false;false;false;false;false;false;true;false;;;2026-05-15 00:00:00;2026-05-15 00:00:00;;;;;;;;;;;FOB;EXW;PEDIDO COMPRA;;;;;Directo GT - FERRETERIA EPA, S.A. (Guatemala);84;EPA;OLO6;;;;;;;;NINGBO, CHINA;QUETZAL, GUATEMALA;;;;0;0;0;0;;;;;0.00;;BINTER TRADE LLC. (Dropship GT);;2026-02-24 00:00:00;;;;;;false;;;;;;;;;;;;;;;;;;;;;;;false;;;
19221;1;6702488;draft;16761.60;pending;2026-02-24;USD;FOB;;;;;16761.60;;16761.60;;;;;0.00;0.00;0;;;;;;;;;;;;;;;;;;;;;;;;;;;;;;;;2026-03-19 15:29:46;2026-03-19 15:29:46;2;;750;;;;"""[\""Standard\""]""";0.00;0.00;0.00;;;false;;;false;;20260126 - VE;;;;;false;false;false;false;false;false;false;false;false;;;2026-05-15 00:00:00;2026-05-15 00:00:00;;;;;;;;;;;FOB;EXW;PEDIDO COMPRA;;;;;Directo VE - FERRETERIA EPA, C.A.;84;EPA;OLO6;;;;;;;;NINGBO, CHINA;PUERTO CABELLO, VENEZUELA;;;;0;0;0;0;;;;;0.00;;BINTER TRADE LLC. (Dropship EPA - VE);;2026-02-24 00:00:00;;;;;;false;;;;;;;;;;;;;;;;;;;;;;;false;;;
19222;1;6702489;draft;11793.60;pending;2026-02-25;USD;FOB;;;;;11793.60;;11793.60;;;;;0.00;0.00;0;;;;;;;;;;;;;;;;;;;;;;;;;;;;;;;;2026-03-19 15:29:46;2026-03-19 15:29:46;2;;685;;;;"""[\""Standard\""]""";0.00;0.00;0.00;;;false;;;false;;CR-1;;;;;false;false;false;false;false;false;false;false;false;;;2026-04-02 00:00:00;2026-04-02 00:00:00;;;;;;;;;;;FOB;FOB;PEDIDO COMPRA;;;;;Directo CR - FERRETERIA EPA, S.A.;82;EPA;OLO6;;;;;;;;SHANGHAI, CHINA;CALDERA, COSTA RICA;;;;0;0;0;0;;;;;0.00;;BINTER TRADE LLC. (Dropship CR);;2026-02-25 00:00:00;;;;;;false;;;;;;;;;;;;;;;;;;;;;;;false;;;
19223;1;6702490;draft;11793.60;pending;2026-02-25;USD;FOB;;;;;11793.60;;11793.60;;;;;0.00;0.00;0;;;;;;;;;;;;;;;;;;;;;;;;;;;;;;;;2026-03-19 15:29:46;2026-03-19 15:29:46;2;;685;;;;"""[\""Standard\""]""";0.00;0.00;0.00;;;false;;;false;;CR-2;;;;;false;false;false;false;false;false;false;false;false;;;2026-04-02 00:00:00;2026-04-02 00:00:00;;;;;;;;;;;FOB;FOB;PEDIDO COMPRA;;;;;Directo CR - FERRETERIA EPA, S.A.;82;EPA;OLO6;;;;;;;;SHANGHAI, CHINA;CALDERA, COSTA RICA;;;;0;0;0;0;;;;;0.00;;BINTER TRADE LLC. (Dropship CR);;2026-02-25 00:00:00;;;;;;false;;;;;;;;;;;;;;;;;;;;;;;false;;;
19224;1;6702491;draft;12017.60;pending;2026-02-25;USD;FOB;;;;;12017.60;;12017.60;;;;;0.00;0.00;0;;;;;;;;;;;;;;;;;;;;;;;;;;;;;;;;2026-03-19 15:29:46;2026-03-19 15:29:46;2;;685;;;;"""[\""Standard\""]""";0.00;0.00;0.00;;;false;;;false;;SV-1;;;;;false;false;false;false;false;false;false;false;false;;;2026-04-02 00:00:00;2026-04-02 00:00:00;;;;;;;;;;;FOB;FOB;PEDIDO COMPRA;;;;;Directo SV - FERRETERIA EPA, S.A. DE C.V.;82;EPA;OLO6;;;;;;;;SHANGHAI, CHINA;ACAJUTLA, EL SALVADOR;;;;0;0;0;0;;;;;0.00;;BINTER TRADE LLC. (Dropship SV);;2026-02-25 00:00:00;;;;;;false;;;;;;;;;;;;;;;;;;;;;;;false;;;
19225;1;6702492;draft;12055.98;pending;2026-02-25;USD;FOB;;;;;12055.98;;12055.98;;;;;0.00;0.00;0;;;;;;;;;;;;;;;;;;;;;;;;;;;;;;;;2026-03-19 15:29:46;2026-03-19 15:29:46;2;;685;;;;"""[\""Standard\""]""";0.00;0.00;0.00;;;false;;;false;;GT-1;;;;;false;false;false;false;false;false;false;false;false;;;2026-04-02 00:00:00;2026-04-02 00:00:00;;;;;;;;;;;FOB;FOB;PEDIDO COMPRA;;;;;Directo GT - FERRETERIA EPA, S.A. (Guatemala);82;EPA;OLO6;;;;;;;;SHANGHAI, CHINA;QUETZAL, GUATEMALA;;;;0;0;0;0;;;;;0.00;;BINTER TRADE LLC. (Dropship GT);;2026-02-25 00:00:00;;;;;;false;;;;;;;;;;;;;;;;;;;;;;;false;;;
19226;1;6702493;draft;11793.60;pending;2026-02-25;USD;FOB;;;;;11793.60;;11793.60;;;;;0.00;0.00;0;;;;;;;;;;;;;;;;;;;;;;;;;;;;;;;;2026-03-19 15:29:46;2026-03-19 15:29:46;2;;685;;;;"""[\""Standard\""]""";0.00;0.00;0.00;;;false;;;false;;VZ-1;;;;;false;false;false;false;false;false;false;false;false;;;2026-04-02 00:00:00;2026-04-02 00:00:00;;;;;;;;;;;FOB;FOB;PEDIDO COMPRA;;;;;Directo VE - FERRETERIA EPA, C.A.;82;EPA;OLO6;;;;;;;;SHANGHAI, CHINA;PUERTO CABELLO, VENEZUELA;;;;0;0;0;0;;;;;0.00;;BINTER TRADE LLC. (Dropship EPA - VE);;2026-02-25 00:00:00;;;;;;false;;;;;;;;;;;;;;;;;;;;;;;false;;;
19227;1;6702495;draft;20332.00;pending;2026-03-02;USD;FOB;;;;;20332.00;;20332.00;;;;;0.00;0.00;0;;;;;;;;;;;;;;;;;;;;;;;;;;;;;;;;2026-03-19 15:29:46;2026-03-19 15:29:46;2;;735;;;;"""[\""Standard\""]""";0.00;0.00;0.00;;;false;;;false;;Sofá Guatemala #1 Feb 26;;;;;false;false;false;false;false;false;false;false;false;;;2026-04-20 00:00:00;2026-04-20 00:00:00;;;;;;;;;;;FOB;;PEDIDO ESPECIAL;;;;;Directo GT - FERRETERIA EPA, S.A. (Guatemala);85;EPA;OLO6;;;;;;;;SHENZHEN, CHINA;QUETZAL, GUATEMALA;;;;0;0;0;0;;;;;0.00;;BINTER TRADE LLC. (Dropship GT);;2026-03-02 00:00:00;;;;;;false;;;;;;;;;;;;;;;;;;;;;;;false;;;
19228;1;6702496;draft;14750.40;pending;2026-03-02;USD;FOB;;;;;14750.40;;14750.40;;;;;0.00;0.00;0;;;;;;;;;;;;;;;;;;;;;;;;;;;;;;;;2026-03-19 15:29:46;2026-03-19 15:29:46;2;;735;;;;"""[\""Standard\""]""";0.00;0.00;0.00;;;false;;;false;;Sofá Guatemala #2 Feb 26;;;;;false;false;false;false;false;false;false;false;false;;;2026-04-27 00:00:00;2026-04-27 00:00:00;;;;;;;;;;;FOB;;PEDIDO ESPECIAL;;;;;Directo GT - FERRETERIA EPA, S.A. (Guatemala);85;EPA;OLO6;;;;;;;;SHENZHEN, CHINA;QUETZAL, GUATEMALA;;;;0;0;0;0;;;;;0.00;;BINTER TRADE LLC. (Dropship GT);;2026-03-02 00:00:00;;;;;;false;;;;;;;;;;;;;;;;;;;;;;;false;;;
19229;1;6702497;draft;20332.00;pending;2026-03-02;USD;FOB;;;;;20332.00;;20332.00;;;;;0.00;0.00;0;;;;;;;;;;;;;;;;;;;;;;;;;;;;;;;;2026-03-19 15:30:22;2026-03-19 15:30:22;2;;735;;;;"""[\""Standard\""]""";0.00;0.00;0.00;;;false;;;false;;Sofá El Salvador #3 Feb 26;;;;;false;false;false;false;false;false;false;false;false;;;2026-04-20 00:00:00;2026-04-20 00:00:00;;;;;;;;;;;FOB;;PEDIDO ESPECIAL;;;;;Directo SV - FERRETERIA EPA, S.A. DE C.V.;85;EPA;OLO6;;;;;;;;SHENZHEN, CHINA;ACAJUTLA, EL SALVADOR;;;;0;0;0;0;;;;;0.00;;BINTER TRADE LLC. (Dropship SV);;2026-03-02 00:00:00;;;;;;false;;;;;;;;;;;;;;;;;;;;;;;false;;;
19230;1;6702498;draft;14750.40;pending;2026-03-02;USD;FOB;;;;;14750.40;;14750.40;;;;;0.00;0.00;0;;;;;;;;;;;;;;;;;;;;;;;;;;;;;;;;2026-03-19 15:30:23;2026-03-19 15:30:23;2;;735;;;;"""[\""Standard\""]""";0.00;0.00;0.00;;;false;;;false;;Sofá El Salvador #4 Feb 26;;;;;false;false;false;false;false;false;false;false;false;;;2026-04-20 00:00:00;2026-04-20 00:00:00;;;;;;;;;;;FOB;;PEDIDO ESPECIAL;;;;;Directo SV - FERRETERIA EPA, S.A. DE C.V.;85;EPA;OLO6;;;;;;;;SHENZHEN, CHINA;ACAJUTLA, EL SALVADOR;;;;0;0;0;0;;;;;0.00;;BINTER TRADE LLC. (Dropship SV);;2026-03-02 00:00:00;;;;;;false;;;;;;;;;;;;;;;;;;;;;;;false;;;
19231;1;6702499;draft;3159.90;pending;2026-03-04;USD;CIF;;;;;3159.90;;3159.90;;;;;0.00;0.00;0;;;;;;;;;;;;;;;;;;;;;;;;;;;;;;;;2026-03-19 15:30:23;2026-03-19 15:30:23;2;;699;;;;"""[\""Standard\""]""";0.00;0.00;0.00;;;false;;;false;;PO COMPLEMENTO;;;;;false;false;false;false;false;false;false;false;false;;;2026-03-16 00:00:00;2026-03-16 00:00:00;;;;;;;;;;;CIF;;PEDIDO COMPRA;;;;;Directo VE - Febeca, C.A.;87;MCG;OLO6;;;;;;;;PUERTO CABELLO, VENEZUELA;PUERTO CABELLO, VENEZUELA;;;;0;0;0;0;;;;;0.00;;BINTER TRADE LLC. (Dropship FEBECA - VE);;2026-03-04 00:00:00;;;;;;false;;;;;;;;;;;;;;;;;;;;;;;false;;;
19232;1;6702500;draft;12975.00;pending;2026-03-10;USD;FOB;;;;;12975.00;;12975.00;;;;;0.00;0.00;0;;;;;;;;;;;;;;;;;;;;;;;;;;;;;;;;2026-03-19 15:30:23;2026-03-19 15:30:23;2;;717;;;;"""[\""Standard\""]""";0.00;0.00;0.00;;;false;;;false;;Febeca;;;;;false;false;false;false;false;false;false;false;false;;;2026-04-17 00:00:00;2026-04-17 00:00:00;;;;;;;;;;;FOB;;PEDIDO COMPRA;;;;;Directo VE - Febeca, C.A.;72;Febeca;OLO6;;;;;;;;SHANGHAI, CHINA;LA GUAIRA, VENEZUELA;;;;0;0;0;0;;;;;0.00;;BINTER TRADE LLC. (Dropship FEBECA - VE);;2026-03-10 00:00:00;;;;;;false;;;;;;;;;;;;;;;;;;;;;;;false;;;
19233;1;6702501;draft;11109.80;pending;2026-03-10;USD;FOB;;;;;11109.80;;11109.80;;;;;0.00;0.00;0;;;;;;;;;;;;;;;;;;;;;;;;;;;;;;;;2026-03-19 15:30:23;2026-03-19 15:30:23;2;;695;;;;"""[\""Standard\""]""";0.00;0.00;0.00;;;false;;;false;;Feria Mueble SV Mar 26;;;;;false;false;false;false;false;false;false;false;false;;;2026-04-27 00:00:00;2026-04-27 00:00:00;;;;;;;;;;;FOB;;PEDIDO ESPECIAL;;;;;Directo SV - FERRETERIA EPA, S.A. DE C.V.;75;EPA;OLO6;;;;;;;;XIAMEN, CHINA;ACAJUTLA, EL SALVADOR;;;;0;0;0;0;;;;;0.00;;BINTER TRADE LLC. (Dropship SV);;2026-03-10 00:00:00;;;;;;false;;;;;;;;;;;;;;;;;;;;;;;false;;;
19234;1;6702506;draft;20067.45;pending;2026-03-16;USD;FOB;;;;;20067.45;;20067.45;;;;;0.00;0.00;0;;;;;;;;;;;;;;;;;;;;;;;;;;;;;;;;2026-03-19 15:30:23;2026-03-19 15:30:23;2;;735;;;;"""[\""Standard\""]""";0.00;0.00;0.00;;;false;;;false;;Pedido Mar 26 Feria Mueble SV;;;;;false;false;false;false;false;false;false;false;false;;;2026-04-27 00:00:00;2026-04-27 00:00:00;;;;;;;;;;;FOB;;PROMOCIÓN DROPSHIP;;;;;Directo SV - FERRETERIA EPA, S.A. DE C.V.;75;EPA;OLO6;;;;;;;;SHENZHEN, CHINA;ACAJUTLA, EL SALVADOR;;;;0;0;0;0;;;;;0.00;;BINTER TRADE LLC. (Dropship SV);;2026-03-16 00:00:00;;;;;;false;;;;;;;;;;;;;;;;;;;;;;;false;;;
19235;1;6702507;draft;87615.00;pending;2026-03-17;USD;FCA;;;;;87615.00;;87615.00;;;;;0.00;0.00;0;;;;;;;;;;;;;;;;;;;;;;;;;;;;;;;;2026-03-19 15:30:23;2026-03-23 00:00:08;2;;744;;;;"""[\""Standard\""]""";0.00;0.00;0.00;hcmXauJtakm9nkvH8uHdObydh8Z01VXyHNNAHObHr8JqJvtLNguLEOmco3vOZHRE;2026-03-26 00:00:08;false;;;false;;MARZO 2026 - CARRO 2;;;;;false;false;false;false;false;false;false;false;false;;;2026-03-24 00:00:00;2026-03-24 00:00:00;;;;;;;;;;;FCA;;PEDIDO COMPRA;;;;;Directo VE - Febeca, C.A.;87;MCG;OLO6;;;;;;;;CUCUTA, COLOMBIA;CUCUTA, COLOMBIA;;;;0;0;0;0;;;;;0.00;;BINTER TRADE LLC. (Dropship FEBECA - VE);;2026-03-17 00:00:00;;;;;;false;;;;;;;;;;;;;;;;;;;;;;;false;;;
19236;1;6702508;draft;61430.00;pending;2026-03-17;USD;FCA;;;;;61430.00;;61430.00;;;;;0.00;0.00;0;;;;;;;;;;;;;;;;;;;;;;;;;;;;;;;;2026-03-19 15:30:23;2026-03-23 00:00:07;2;;744;;;;"""[\""Standard\""]""";0.00;0.00;0.00;YFaBSfqp4jdJLNjvEKUYKRp3k8Q3i4ela9jOxeYqItkedjRYfWsJxj7hqtrOlydn;2026-03-26 00:00:07;false;;;false;;MARZO 2026 - CARRO 3;;;;;false;false;false;false;false;false;false;false;false;;;2026-03-24 00:00:00;2026-03-24 00:00:00;;;;;;;;;;;FCA;;PEDIDO COMPRA;;;;;Directo VE - Febeca, C.A.;87;MCG;OLO6;;;;;;;;CUCUTA, COLOMBIA;CUCUTA, COLOMBIA;;;;0;0;0;0;;;;;0.00;;BINTER TRADE LLC. (Dropship FEBECA - VE);;2026-03-17 00:00:00;;;;;;false;;;;;;;;;;;;;;;;;;;;;;;false;;;
19237;1;6702509;draft;70439.00;pending;2026-03-17;USD;FCA;;;;;70439.00;;70439.00;;;;;0.00;0.00;0;;;;;;;;;;;;;;;;;;;;;;;;;;;;;;;;2026-03-19 15:30:23;2026-03-23 00:00:07;2;;744;;;;"""[\""Standard\""]""";0.00;0.00;0.00;NDGSOaE6CtdrixXy8udpnomDYnMD0Z5i8HrmAZ5LMyeca7Cbo4goDT4WkomsZHNM;2026-03-26 00:00:07;false;;;false;;MARZO 2026 - CARRO 4;;;;;false;false;false;false;false;false;false;false;false;;;2026-03-26 00:00:00;2026-03-26 00:00:00;;;;;;;;;;;FCA;;PEDIDO COMPRA;;;;;Directo VE - Febeca, C.A.;87;MCG;OLO6;;;;;;;;CUCUTA, COLOMBIA;CUCUTA, COLOMBIA;;;;0;0;0;0;;;;;0.00;;BINTER TRADE LLC. (Dropship FEBECA - VE);;2026-03-17 00:00:00;;;;;;false;;;;;;;;;;;;;;;;;;;;;;;false;;;
19238;1;6702510;draft;60042.00;pending;2026-03-17;USD;FCA;;;;;60042.00;;60042.00;;;;;0.00;0.00;0;;;;;;;;;;;;;;;;;;;;;;;;;;;;;;;;2026-03-19 15:30:23;2026-03-19 15:30:23;2;;744;;;;"""[\""Standard\""]""";0.00;0.00;0.00;;;false;;;false;;MARZO 2026 - CARRO 5;;;;;false;false;false;false;false;false;false;false;false;;;2026-03-28 00:00:00;2026-03-28 00:00:00;;;;;;;;;;;FCA;;PEDIDO COMPRA;;;;;Directo VE - Febeca, C.A.;87;MCG;OLO6;;;;;;;;CUCUTA, COLOMBIA;CUCUTA, COLOMBIA;;;;0;0;0;0;;;;;0.00;;BINTER TRADE LLC. (Dropship FEBECA - VE);;2026-03-17 00:00:00;;;;;;false;;;;;;;;;;;;;;;;;;;;;;;false;;;
19239;1;6702511;draft;3723.00;pending;2026-03-16;USD;FOB;;;;;3723.00;;3723.00;;;;;0.00;0.00;0;;;;;;;;;;;;;;;;;;;;;;;;;;;;;;;;2026-03-19 15:30:23;2026-03-19 15:30:23;2;;751;;;;"""[\""Standard\""]""";0.00;0.00;0.00;;;false;;;false;;CR+ZF;;;;;false;false;false;false;false;false;false;false;false;;;2026-04-22 00:00:00;2026-04-22 00:00:00;;;;;;;;;;;;;PEDIDO COMPRA;;;;;ZF - OVERSEAS LOGISTICS OPERATIONS;79;EPA;OLO6;;;;;;;;TIANJIN, CHINA;CALDERA, COSTA RICA;;;;0;0;0;0;;;;;0.00;;BINTER TRADE LLC. (ZF);;2026-03-16 00:00:00;;;;;;false;;;;;;;;;;;;;;;;;;;;;;;false;;;
19240;1;6702512;draft;20885.50;pending;2026-03-16;USD;FOB;;;;;20885.50;;20885.50;;;;;0.00;0.00;0;;;;;;;;;;;;;;;;;;;;;;;;;;;;;;;;2026-03-19 15:30:23;2026-03-19 15:30:23;2;;715;;;;"""[\""Standard\""]""";0.00;0.00;0.00;;;false;;;false;;ZF;;;;;false;false;false;false;false;false;false;false;false;;;2026-06-12 00:00:00;2026-06-12 00:00:00;;;;;;;;;;;;;PEDIDO COMPRA;;;;;ZF - OVERSEAS LOGISTICS OPERATIONS;79;EPA;OLO6;;;;;;;;SHENZHEN, CHINA;MOÍN, COSTA RICA;;;;0;0;0;0;;;;;0.00;;BINTER TRADE LLC. (ZF);;2026-03-16 00:00:00;;;;;;false;;;;;;;;;;;;;;;;;;;;;;;false;;;
19241;1;6702513;draft;4675.70;pending;2026-03-16;USD;FOB;;;;;4675.70;;4675.70;;;;;0.00;0.00;0;;;;;;;;;;;;;;;;;;;;;;;;;;;;;;;;2026-03-19 15:30:23;2026-03-19 15:30:23;2;;715;;;;"""[\""Standard\""]""";0.00;0.00;0.00;;;false;;;false;;CR;;;;;false;false;true;false;false;false;false;false;false;;;2026-06-12 00:00:00;2026-06-12 00:00:00;;;;;;;;;;;FOB;FOB;PEDIDO COMPRA;;;;;Directo CR - FERRETERIA EPA, S.A.;79;EPA;OLO6;;;;;;;;SHENZHEN, CHINA;MOÍN, COSTA RICA;;;;0;0;0;0;;;;;0.00;;BINTER TRADE LLC. (Dropship CR);;2026-03-16 00:00:00;;;;;;false;;;;;;;;;;;;;;;;;;;;;;;false;;;
19242;1;7000000;draft;6380.00;pending;2025-02-05;USD;FOB;;;;;6380.00;;6380.00;;;;;0.00;0.00;0;;;;;;;;;;;;;;;;;;;;;;;;;;;;;;;;2026-03-19 15:30:23;2026-03-19 15:30:23;5;;752;;;;"""[\""Standard\""]""";0.00;0.00;0.00;;;false;;;false;;Tue Feb 04 2025 00:00:40 GMT-0400 (hora de Venezuela);;;;;false;false;true;false;false;false;false;false;false;;;2025-04-15 00:00:00;2025-04-15 00:00:00;;;;;;;;;2025-04-22 00:00:00;;FOB;;COMPRAS A TERCEROS;;;;;Directo CO - Cencosud Colombia S.A.;89;TERCEROS;OLO7;;-- N/A --;MK250006;;5610;6686;;NINGBO, CHINA;BUENAVENTURA, COLOMBIA;6380.00;;;0;0;0;0;;;;;0.00;;Cencosud Colombia S.A.;;2025-02-05 00:00:00;;;;;;false;;;;;;;;;;;;;;;;;;;;;;;false;;;
19243;1;7000001;draft;34320.00;pending;2025-02-20;USD;FOB;;;;;34320.00;;34320.00;;;;;0.00;0.00;0;;;;;;;;;;;;;;;;;;;;;;;;;;;;;;;;2026-03-19 15:30:23;2026-03-19 15:30:23;5;;753;;;;"""[\""Standard\""]""";0.00;0.00;0.00;;;false;;;false;;Fri Jan 17 2025 00:00:40 GMT-0400 (hora de Venezuela);;;;;false;false;false;false;false;false;false;false;false;;;2025-03-10 00:00:00;2025-03-10 00:00:00;;;;;;;;;2025-03-26 00:00:00;;FOB;;COMPRAS A TERCEROS;;;;;Directo CO - Cencosud Colombia S.A.;89;TERCEROS;OLO7;;-- N/A --;STB-COLOMBIA-202501;;5485;6529;;QINGDAO, CHINA;BUENAVENTURA, COLOMBIA;34320.00;;;0;0;0;0;;;;;0.00;;Cencosud Colombia S.A.;;2025-02-20 00:00:00;;;;;;false;;;;;;;;;;;;;;;;;;;;;;;false;;;
19244;1;7000006;draft;6337.20;pending;2025-02-11;USD;FOB;;;;;6337.20;;6337.20;;;;;0.00;0.00;0;;;;;;;;;;;;;;;;;;;;;;;;;;;;;;;;2026-03-19 15:30:23;2026-03-19 15:30:23;5;;754;;;;"""[\""Standard\""]""";0.00;0.00;0.00;;;false;;;false;;Wed Dec 18 2024 00:00:40 GMT-0400 (hora de Venezuela);;;;;false;false;false;false;false;false;false;false;false;;;2025-04-10 00:00:00;2025-04-10 00:00:00;;;;;;;;;2025-04-03 00:00:00;;FOB;;COMPRAS A TERCEROS;;;;;Directo PE - Homecenters Peruanos S.A.;80;TERCEROS;OLO7;;-- N/A --;BCA7000006;;5512;6568;;SHENZHEN, CHINA;PTO. CALLAO, PERU;6337.20;;;0;0;0;0;;;;;0.00;;Homecenters Peruanos S.A.;;2025-02-11 00:00:00;;;;;;false;;;;;;;;;;;;;;;;;;;;;;;false;;;
19245;1;7000007;draft;9432.00;pending;2025-02-13;USD;FOB;;;;;9432.00;;9432.00;;;;;0.00;0.00;0;;;;;;;;;;;;;;;;;;;;;;;;;;;;;;;;2026-03-19 15:30:23;2026-03-19 15:30:23;5;;755;;;;"""[\""Standard\""]""";0.00;0.00;0.00;;;false;;;false;;Thu Feb 06 2025 00:00:40 GMT-0400 (hora de Venezuela);;;;;false;false;false;false;false;false;false;false;false;;;2025-04-07 00:00:00;2025-04-07 00:00:00;;;;;;;;;2025-04-14 00:00:00;;FOB;;COMPRAS A TERCEROS;;;;;Directo PE - Homecenters Peruanos S,A (348706);87;TERCEROS;OLO7;;-- N/A --;BA25041001;;5557;6638;;SHENZHEN, CHINA;PTO. CALLAO, PERU;9432.00;;;0;0;0;0;;;;;0.00;;Homecenters Peruanos S,A (348706);;2025-02-13 00:00:00;;;;;;false;;;;;;;;;;;;;;;;;;;;;;;false;;;
19246;1;7000012;draft;4920.00;pending;2025-02-19;USD;FOB;;;;;4920.00;;4920.00;;;;;0.00;0.00;0;;;;;;;;;;;;;;;;;;;;;;;;;;;;;;;;2026-03-19 15:30:23;2026-03-19 15:30:23;5;;756;;;;"""[\""Standard\""]""";0.00;0.00;0.00;;;false;;;false;;SW2025021102;;;;;false;false;false;false;false;false;false;false;false;;;2025-04-14 00:00:00;2025-04-14 00:00:00;;;;;;;;;2025-04-10 00:00:00;;FOB;;COMPRAS A TERCEROS;;;;;Directo PE - Implementos Peru S.A.C;80;TERCEROS;OLO7;;-- N/A --;SW2025030501;;5544;6622;;TIANJIN, CHINA;CALLAO, PERU;4920.00;;;0;0;0;0;;;;;0.00;;Implementos Peru S.A.C;;2025-02-19 00:00:00;;;;;;false;;;;;;;;;;;;;;;;;;;;;;;false;;;
19247;1;7000013;draft;2209.00;pending;2025-03-04;USD;FOB;;;;;2209.00;;2209.00;;;;;0.00;0.00;0;;;;;;;;;;;;;;;;;;;;;;;;;;;;;;;;2026-03-19 15:30:23;2026-03-19 15:30:23;5;;757;;;;"""[\""Standard\""]""";0.00;0.00;0.00;;;false;;;false;;Thu Feb 20 2025 00:00:40 GMT-0400 (hora de Venezuela);;;;;false;false;false;false;false;false;false;false;false;;;2025-04-17 00:00:00;2025-04-17 00:00:00;;;;;;;;;2025-04-15 00:00:00;;FOB;;COMPRAS A TERCEROS;;;;;Directo PE - Homecenters Peruanos S,A (348706);87;TERCEROS;OLO7;;-- N/A --;25GG101;;5564;6639;;NINGBO, CHINA;CALLAO, PERU;2209.00;;;0;0;0;0;;;;;0.00;;Homecenters Peruanos S,A (348706);;2025-03-04 00:00:00;;;;;;false;;;;;;;;;;;;;;;;;;;;;;;false;;;
19248;1;7000026;draft;15096.00;pending;2025-03-28;USD;FOB;;;;;15096.00;;15096.00;;;;;0.00;0.00;0;;;;;;;;;;;;;;;;;;;;;;;;;;;;;;;;2026-03-19 15:30:23;2026-03-19 15:30:23;5;;758;;;;"""[\""Standard\""]""";0.00;0.00;0.00;;;false;;;false;;Wed Mar 26 2025 00:00:40 GMT-0400 (hora de Venezuela);;;;;false;false;false;false;false;false;false;false;false;;;2025-06-10 00:00:00;2025-06-10 00:00:00;;;;;;;;;2025-06-10 00:00:00;;FOB;;COMPRAS A TERCEROS;;;;;Directo MX - Tiendas Soriana S.A De C.V;85;TERCEROS;OLO7;;-- N/A --;BAC7000026;;5764;6884;;QINGDAO, CHINA;LAZARO CARDENAS, MÉXICO;15096.00;;;0;0;0;0;;;;;0.00;;Tiendas Soriana S.A De C.V;;2025-03-28 00:00:00;;;;;;false;;;;;;;;;;;;;;;;;;;;;;;false;;;
19249;1;7000028;draft;15096.00;pending;2025-03-28;USD;FOB;;;;;15096.00;;15096.00;;;;;0.00;0.00;0;;;;;;;;;;;;;;;;;;;;;;;;;;;;;;;;2026-03-19 15:30:23;2026-03-19 15:30:23;5;;758;;;;"""[\""Standard\""]""";0.00;0.00;0.00;;;false;;;false;;Wed Mar 26 2025 00:00:40 GMT-0400 (hora de Venezuela);;;;;false;false;false;false;false;false;false;false;false;;;2025-06-10 00:00:00;2025-06-10 00:00:00;;;;;;;;;2025-06-10 00:00:00;;FOB;;COMPRAS A TERCEROS;;;;;Directo MX - Tiendas Soriana S.A De C.V;85;TERCEROS;OLO7;;-- N/A --;BAC7000028;;5765;6885;;QINGDAO, CHINA;LAZARO CARDENAS, MÉXICO;15096.00;;;0;0;0;0;;;;;0.00;;Tiendas Soriana S.A De C.V;;2025-03-28 00:00:00;;;;;;false;;;;;;;;;;;;;;;;;;;;;;;false;;;
19250;1;7000043;draft;9590.00;pending;2025-04-14;USD;FOB;;;;;9590.00;;9590.00;;;;;0.00;0.00;0;;;;;;;;;;;;;;;;;;;;;;;;;;;;;;;;2026-03-19 15:30:23;2026-03-19 15:30:23;5;;759;;;;"""[\""Standard\""]""";0.00;0.00;0.00;;;false;;;false;;BJ24000041;;;;;false;false;false;false;false;false;false;false;false;;;2025-04-15 00:00:00;2025-04-15 00:00:00;;;;;;;;;2026-02-02 00:00:00;;FOB;;COMPRAS A TERCEROS;;;;;Directo AR - Cencosud S.A.;80;TERCEROS;OLO7;;-- N/A --;BJ24000041;;5959;7126;;NINGBO, CHINA;BUENOS AIRES, ARGENTINA;9590.00;;;0;0;0;0;;;;;0.00;;Cencosud S.A.;;2025-04-14 00:00:00;;;;;;false;;;;;;;;;;;;;;;;;;;;;;;false;;;
19251;1;7000071;draft;125840.00;pending;2025-05-12;USD;FOB;;;;;125840.00;;125840.00;;;;;0.00;0.00;0;;;;;;;;;;;;;;;;;;;;;;;;;;;;;;;;2026-03-19 15:30:23;2026-03-19 15:30:23;5;;753;;;;"""[\""Standard\""]""";0.00;0.00;0.00;;;false;;;false;;E4;;;;;false;false;false;false;false;false;false;false;false;;;2025-09-17 00:00:00;2025-09-17 00:00:00;;;;;;;;;2025-12-03 00:00:00;;FOB;;COMPRAS A TERCEROS;;;;;Directo CL - Easy Retail S.A;89;TERCEROS;OLO7;;-- N/A --;STB-CHILE202415;;5891;7050;;QINGDAO, CHINA;VALPARAISO, CHILE;125840.00;;;0;0;0;0;;;;;0.00;;Easy Retail S.A;;2025-05-12 00:00:00;;;;;;false;;;;;;;;;;;;;;;;;;;;;;;false;;;
19252;1;7000073;draft;16000.00;pending;2025-05-15;USD;FOB;;;;;16000.00;;16000.00;;;;;0.00;0.00;0;;;;;;;;;;;;;;;;;;;;;;;;;;;;;;;;2026-03-19 15:30:24;2026-03-19 15:30:24;5;;760;;;;"""[\""Standard\""]""";0.00;0.00;0.00;;;false;;;false;;ok;;;;;false;false;false;false;false;false;false;false;false;;;2025-05-16 00:00:00;2025-05-16 00:00:00;;;;;;;;;2025-05-15 00:00:00;;FOB;;COMPRAS A TERCEROS;;;;;Directo PE - Homecenters Peruanos S.A.;80;TERCEROS;OLO7;;-- N/A --;SIN VALOR COMERCIAL;;5708;6810;;NINGBO, CHINA;CALLAO, PERU;16000.00;;;0;0;0;0;;;;;0.00;;Homecenters Peruanos S.A.;;2025-05-15 00:00:00;;;;;;false;;;;;;;;;;;;;;;;;;;;;;;false;;;
19253;1;7000099;draft;57200.00;pending;2025-07-11;USD;FOB;;;;;57200.00;;57200.00;;;;;0.00;0.00;0;;;;;;;;;;;;;;;;;;;;;;;;;;;;;;;;2026-03-19 15:30:24;2026-03-19 15:30:24;5;;753;;;;"""[\""Standard\""]""";0.00;0.00;0.00;;;false;;;false;;SEGUNDA PARTE DE 6007276;;;;;false;false;false;false;false;false;false;false;false;;;2025-07-12 00:00:00;2025-07-12 00:00:00;;;;;;;;;2025-07-11 00:00:00;;FOB;;COMPRAS A TERCEROS;;;;;Directo CL - Easy Retail S.A;89;TERCEROS;OLO7;;-- N/A --;STB-CHILE202410-B;;5793;6933;;QINGDAO, CHINA;VALPARAISO, CHILE;57200.00;;;0;0;0;0;;;;;0.00;;Easy Retail S.A;;2025-07-11 00:00:00;;;;;;false;;;;;;;;;;;;;;;;;;;;;;;false;;;
19254;1;7000105;draft;10038.00;pending;2025-07-15;USD;FOB;;;;;10038.00;;10038.00;;;;;0.00;0.00;0;;;;;;;;;;;;;;;;;;;;;;;;;;;;;;;;2026-03-19 15:30:24;2026-03-19 15:30:24;5;;753;;;;"""[\""Standard\""]""";0.00;0.00;0.00;;;false;;;false;;STB-PERU202525;;;;;false;false;false;false;false;false;false;false;false;;;2025-09-04 00:00:00;2025-09-04 00:00:00;;;;;;;;;2025-09-19 00:00:00;;FOB;;COMPRAS A TERCEROS;;;;;Directo PE - Homecenters Peruanos S.A.;89;TERCEROS;OLO7;;-- N/A --;STB-PERU202505;;5850;7001;;QINGDAO, CHINA;PAITA, PERU;10038.00;;;0;0;0;0;;;;;0.00;;Homecenters Peruanos S.A.;;2025-07-15 00:00:00;;;;;;false;;;;;;;;;;;;;;;;;;;;;;;false;;;
19255;1;7000109;draft;51192.00;pending;2025-07-18;USD;FOB;;;;;51192.00;;51192.00;;;;;0.00;0.00;0;;;;;;;;;;;;;;;;;;;;;;;;;;;;;;;;2026-03-19 15:30:24;2026-03-19 15:30:24;5;;761;;;;"""[\""Standard\""]""";0.00;0.00;0.00;;;false;;;false;;ok;;;;;false;false;false;false;false;false;false;false;false;;;2025-07-19 00:00:00;2025-07-19 00:00:00;;;;;;;;;2025-07-18 00:00:00;;FOB;;COMPRAS A TERCEROS;;;;;Directo PE - Homecenters Peruanos S.A.;89;TERCEROS;OLO7;;-- N/A --;LR250715HP;;5795;6939;;QINGDAO, CHINA;CALLAO, PERU;51192.00;;;0;0;0;0;;;;;0.00;;Homecenters Peruanos S.A.;;2025-07-18 00:00:00;;;;;;false;;;;;;;;;;;;;;;;;;;;;;;false;;;
19256;1;7000112;draft;33180.00;pending;2025-07-20;USD;FOB;;;;;33180.00;;33180.00;;;;;0.00;0.00;0;;;;;;;;;;;;;;;;;;;;;;;;;;;;;;;;2026-03-19 15:30:24;2026-03-19 15:30:24;5;;761;;;;"""[\""Standard\""]""";0.00;0.00;0.00;;;false;;;false;;Wed Jul 16 2025 00:00:40 GMT-0400 (hora de Venezuela);;;;;false;false;false;false;false;false;false;false;false;;;2025-09-15 00:00:00;2025-09-15 00:00:00;;;;;;;;;2025-09-26 00:00:00;;FOB;;COMPRAS A TERCEROS;;;;;Directo PE - Homecenters Peruanos S.A.;89;TERCEROS;OLO7;;-- N/A --;LR250923HP;;5853;7004;;QINGDAO, CHINA;PAITA, PERU;33180.00;;;0;0;0;0;;;;;0.00;;Homecenters Peruanos S.A.;;2025-07-20 00:00:00;;;;;;false;;;;;;;;;;;;;;;;;;;;;;;false;;;
19257;1;7000121;draft;114400.00;pending;2025-08-08;USD;FOB;;;;;114400.00;;114400.00;;;;;0.00;0.00;0;;;;;;;;;;;;;;;;;;;;;;;;;;;;;;;;2026-03-19 15:30:24;2026-03-19 15:30:24;5;;753;;;;"""[\""Standard\""]""";0.00;0.00;0.00;;;false;;;false;;ok;;;;;false;false;false;false;false;false;false;false;false;;;2025-08-09 00:00:00;2025-08-09 00:00:00;;;;;;;;;2025-08-08 00:00:00;;FOB;;COMPRAS A TERCEROS;;;;;Directo CL - Easy Retail S.A;89;TERCEROS;OLO7;;-- N/A --;STB-CHILE202412 -B;;5819;6964;;QINGDAO, CHINA;VALPARAISO, CHILE;114400.00;;;0;0;0;0;;;;;0.00;;Easy Retail S.A;;2025-08-08 00:00:00;;;;;;false;;;;;;;;;;;;;;;;;;;;;;;false;;;
19258;1;7000122;draft;1897.00;pending;2025-08-11;USD;FOB;;;;;1897.00;;1897.00;;;;;0.00;0.00;0;;;;;;;;;;;;;;;;;;;;;;;;;;;;;;;;2026-03-19 15:30:24;2026-03-19 15:30:24;5;;757;;;;"""[\""Standard\""]""";0.00;0.00;0.00;;;false;;;false;;Tue Aug 05 2025 00:00:40 GMT-0400 (hora de Venezuela);;;;;false;false;false;false;false;false;false;false;false;;;2025-09-30 00:00:00;2025-09-30 00:00:00;;;;;;;;;2025-10-15 00:00:00;;FOB;;COMPRAS A TERCEROS;;;;;Directo PE - Homecenters Peruanos S,A (348706);87;TERCEROS;OLO7;;-- N/A --;25GG081;;5866;7018;;NINGBO, CHINA;CALLAO, PERU;1897.00;;;0;0;0;0;;;;;0.00;;Homecenters Peruanos S,A (348706);;2025-08-11 00:00:00;;;;;;false;;;;;;;;;;;;;;;;;;;;;;;false;;;
19259;1;7000128;draft;58065.00;pending;2025-12-12;USD;FOB;;;;;58065.00;;58065.00;;;;;0.00;0.00;0;;;;;;;;;;;;;;;;;;;;;;;;;;;;;;;;2026-03-19 15:30:24;2026-03-19 15:30:24;5;;761;;;;"""[\""Standard\""]""";0.00;0.00;0.00;;;false;;;false;;ok;;;;;false;false;false;false;false;false;false;false;false;;;2025-11-15 00:00:00;2025-11-15 00:00:00;;;;;;;;;2025-12-12 00:00:00;;FOB;;COMPRAS A TERCEROS;;;;;Directo PE - Homecenters Peruanos S.A.;79;TERCEROS;OLO7;;-- N/A --;LR251210HP;;5903;7064;;QINGDAO, CHINA;CALLAO, PERU;58065.00;;;0;0;0;0;;;;;0.00;;;;2025-12-12 00:00:00;;;;;;false;;;;;;;;;;;;;;;;;;;;;;;false;;;
19260;1;7000129;draft;102384.00;pending;2025-09-02;USD;FOB;;;;;102384.00;;102384.00;;;;;0.00;0.00;0;;;;;;;;;;;;;;;;;;;;;;;;;;;;;;;;2026-03-19 15:30:24;2026-03-19 15:30:24;2;;761;;;;"""[\""Standard\""]""";0.00;0.00;0.00;;;false;;;false;;OK;;;;;false;false;false;false;false;false;false;false;false;;;2025-12-15 00:00:00;2025-12-15 00:00:00;;;;;;;;;;;FOB;;COMPRAS A TERCEROS;;;;;Directo PE - Homecenters Peruanos S.A.;89;TERCEROS;OLO7;;;;;;;;QINGDAO, CHINA;CALLAO, PERU;;;;0;0;0;0;;;;;0.00;;Homecenters Peruanos S.A.;;2025-09-02 00:00:00;;;;;;false;;;;;;;;;;;;;;;;;;;;;;;false;;;
19261;1;7000130;draft;99540.00;pending;2025-09-02;USD;FOB;;;;;99540.00;;99540.00;;;;;0.00;0.00;0;;;;;;;;;;;;;;;;;;;;;;;;;;;;;;;;2026-03-19 15:30:24;2026-03-19 15:30:24;2;;761;;;;"""[\""Standard\""]""";0.00;0.00;0.00;;;false;;;false;;OK;;;;;false;false;false;false;false;false;false;false;false;;;2026-01-15 00:00:00;2026-01-15 00:00:00;;;;;;;;;;;FOB;;COMPRAS A TERCEROS;;;;;Directo PE - Homecenters Peruanos S.A.;89;TERCEROS;OLO7;;;;;;;;QINGDAO, CHINA;CALLAO, PERU;;;;0;0;0;0;;;;;0.00;;Homecenters Peruanos S.A.;;2025-09-02 00:00:00;;;;;;false;;;;;;;;;;;;;;;;;;;;;;;false;;;
19262;1;7000133;draft;116480.00;pending;2025-09-02;USD;FOB;;;;;116480.00;;116480.00;;;;;0.00;0.00;0;;;;;;;;;;;;;;;;;;;;;;;;;;;;;;;;2026-03-19 15:30:24;2026-03-19 15:30:24;2;;753;;;;"""[\""Standard\""]""";0.00;0.00;0.00;;;false;;;false;;ok;;;;;false;false;false;false;false;false;false;false;false;;;2026-01-15 00:00:00;2026-01-15 00:00:00;;;;;;;;;;;FOB;;COMPRAS A TERCEROS;;;;;Directo PE - Homecenters Peruanos S.A.;89;TERCEROS;OLO7;;;;;;;;QINGDAO, CHINA;CALLAO, PERU;;;;0;0;0;0;;;;;0.00;;Homecenters Peruanos S.A.;;2025-09-02 00:00:00;;;;;;false;;;;;;;;;;;;;;;;;;;;;;;false;;;
19263;1;7000135;draft;38787.84;pending;2025-08-13;USD;FOB;;;;;38787.84;;38787.84;;;;;0.00;0.00;0;;;;;;;;;;;;;;;;;;;;;;;;;;;;;;;;2026-03-19 15:30:24;2026-03-19 15:30:24;5;;753;;;;"""[\""Standard\""]""";0.00;0.00;0.00;;;false;;;false;;ok;;;;;false;false;false;false;false;false;false;false;false;;;2025-12-15 00:00:00;2025-12-15 00:00:00;;;;;;;;;2025-12-18 00:00:00;;FOB;;COMPRAS A TERCEROS;;;;;Directo PE - Homecenters Peruanos S.A.;89;TERCEROS;OLO7;;-- N/A --;TB-PERU202516;;5909;7072;;QINGDAO, CHINA;CALLAO, PERU;38787.84;;;0;0;0;0;;;;;0.00;;Homecenters Peruanos S.A.;;2025-08-13 00:00:00;;;;;;false;;;;;;;;;;;;;;;;;;;;;;;false;;;
19264;1;7000136;draft;77575.68;pending;2025-08-13;USD;FOB;;;;;77575.68;;77575.68;;;;;0.00;0.00;0;;;;;;;;;;;;;;;;;;;;;;;;;;;;;;;;2026-03-19 15:30:24;2026-03-19 15:30:24;2;;753;;;;"""[\""Standard\""]""";0.00;0.00;0.00;;;false;;;false;;ok;;;;;false;false;false;false;false;false;false;false;false;;;2026-01-15 00:00:00;2026-01-15 00:00:00;;;;;;;;;;;FOB;;COMPRAS A TERCEROS;;;;;Directo PE - Homecenters Peruanos S.A.;89;TERCEROS;OLO7;;;;;;;;QINGDAO, CHINA;CALLAO, PERU;;;;0;0;0;0;;;;;0.00;;Homecenters Peruanos S.A.;;2025-08-13 00:00:00;;;;;;false;;;;;;;;;;;;;;;;;;;;;;;false;;;
19265;1;7000138;draft;48048.00;pending;2025-09-02;USD;FOB;;;;;48048.00;;48048.00;;;;;0.00;0.00;0;;;;;;;;;;;;;;;;;;;;;;;;;;;;;;;;2026-03-19 15:30:24;2026-03-19 15:30:24;5;;753;;;;"""[\""Standard\""]""";0.00;0.00;0.00;;;false;;;false;;ok;;;;;false;false;false;false;false;false;false;false;false;;;2026-01-15 00:00:00;2026-01-15 00:00:00;;;;;;;;;2026-01-26 00:00:00;;FOB;;COMPRAS A TERCEROS;;;;;Directo PE - Homecenters Peruanos S.A.;89;TERCEROS;OLO7;;-- N/A --;STB-PERU202519;;5949;7117;;QINGDAO, CHINA;CALLAO, PERU;48048.00;;;0;0;0;0;;;;;0.00;;Homecenters Peruanos S.A.;;2025-09-02 00:00:00;;;;;;false;;;;;;;;;;;;;;;;;;;;;;;false;;;
19266;1;7000140;draft;13860.00;pending;2025-08-18;USD;FOB;;;;;13860.00;;13860.00;;;;;0.00;0.00;0;;;;;;;;;;;;;;;;;;;;;;;;;;;;;;;;2026-03-19 15:30:24;2026-03-19 15:30:24;5;;753;;;;"""[\""Standard\""]""";0.00;0.00;0.00;;;false;;;false;;ok;;;;;false;false;false;false;false;false;false;false;false;;;2025-11-15 00:00:00;2025-11-15 00:00:00;;;;;;;;;2026-01-31 00:00:00;;FOB;;COMPRAS A TERCEROS;;;;;Directo PE - Homecenters Peruanos S.A.;89;TERCEROS;OLO7;;-- N/A --;STB-PERU202522;;5957;7124;;QINGDAO, CHINA;CALLAO, PERU;13860.00;;;0;0;0;0;;;;;0.00;;Homecenters Peruanos S.A.;;2025-08-18 00:00:00;;;;;;false;;;;;;;;;;;;;;;;;;;;;;;false;;;
19267;1;7000141;draft;13860.00;pending;2025-08-18;USD;FOB;;;;;13860.00;;13860.00;;;;;0.00;0.00;0;;;;;;;;;;;;;;;;;;;;;;;;;;;;;;;;2026-03-19 15:30:24;2026-03-19 15:30:24;3;;753;;;;"""[\""Standard\""]""";0.00;0.00;0.00;;;false;;;false;;ok;;;;;false;false;false;false;false;false;false;false;false;;;2025-12-15 00:00:00;2025-12-15 00:00:00;;;;;;;;;;;FOB;;COMPRAS A TERCEROS;;;;;Directo PE - Homecenters Peruanos S.A.;89;TERCEROS;OLO7;;;;;;;;QINGDAO, CHINA;CALLAO, PERU;;;;0;0;0;0;;;;;0.00;;Homecenters Peruanos S.A.;;2025-08-18 00:00:00;;;;;;false;;;;;;;;;;;;;;;;;;;;;;;false;;;
19268;1;7000142;draft;27720.00;pending;2025-09-02;USD;FOB;;;;;27720.00;;27720.00;;;;;0.00;0.00;0;;;;;;;;;;;;;;;;;;;;;;;;;;;;;;;;2026-03-19 15:30:24;2026-03-19 15:30:24;2;;753;;;;"""[\""Standard\""]""";0.00;0.00;0.00;;;false;;;false;;ok;;;;;false;false;false;false;false;false;false;false;false;;;2026-01-15 00:00:00;2026-01-15 00:00:00;;;;;;;;;;;FOB;;COMPRAS A TERCEROS;;;;;Directo PE - Homecenters Peruanos S.A.;89;TERCEROS;OLO7;;;;;;;;QINGDAO, CHINA;CALLAO, PERU;;;;0;0;0;0;;;;;0.00;;Homecenters Peruanos S.A.;;2025-09-02 00:00:00;;;;;;false;;;;;;;;;;;;;;;;;;;;;;;false;;;
19269;1;7000144;draft;28746.00;pending;2025-09-02;USD;FOB;;;;;28746.00;;28746.00;;;;;0.00;0.00;0;;;;;;;;;;;;;;;;;;;;;;;;;;;;;;;;2026-03-19 15:30:24;2026-03-19 15:30:24;5;;753;;;;"""[\""Standard\""]""";0.00;0.00;0.00;;;false;;;false;;ok;;;;;false;false;false;false;false;false;false;false;false;;;2026-01-15 00:00:00;2026-01-15 00:00:00;;;;;;;;;2026-02-02 00:00:00;;FOB;;COMPRAS A TERCEROS;;;;;Directo PE - Homecenters Peruanos S.A.;89;TERCEROS;OLO7;;-- N/A --;STB-PERU202528;;5958;7125;;QINGDAO, CHINA;CALLAO, PERU;28746.00;;;0;0;0;0;;;;;0.00;;Homecenters Peruanos S.A.;;2025-09-02 00:00:00;;;;;;false;;;;;;;;;;;;;;;;;;;;;;;false;;;
19270;1;7000146;draft;99540.00;pending;2025-08-27;USD;FOB;;;;;99540.00;;99540.00;;;;;0.00;0.00;0;;;;;;;;;;;;;;;;;;;;;;;;;;;;;;;;2026-03-19 15:30:24;2026-03-19 15:30:24;2;;761;;;;"""[\""Standard\""]""";0.00;0.00;0.00;;;false;;;false;;ok;;;;;false;false;false;false;false;false;false;false;false;;;2026-03-15 00:00:00;2026-03-15 00:00:00;;;;;;;;;;;FOB;;COMPRAS A TERCEROS;;;;;Directo PE - Homecenters Peruanos S.A.;89;TERCEROS;OLO7;;;;;;;;QINGDAO, CHINA;CALLAO, PERU;;;;0;0;0;0;;;;;0.00;;Homecenters Peruanos S.A.;;2025-08-27 00:00:00;;;;;;false;;;;;;;;;;;;;;;;;;;;;;;false;;;
19271;1;7000147;draft;49770.00;pending;2025-08-19;USD;FOB;;;;;49770.00;;49770.00;;;;;0.00;0.00;0;;;;;;;;;;;;;;;;;;;;;;;;;;;;;;;;2026-03-19 15:30:24;2026-03-19 15:30:24;2;;761;;;;"""[\""Standard\""]""";0.00;0.00;0.00;;;false;;;false;;ok;;;;;false;false;false;false;false;false;false;false;false;;;2026-03-15 00:00:00;2026-03-15 00:00:00;;;;;;;;;;;FOB;;COMPRAS A TERCEROS;;;;;Directo PE - Homecenters Peruanos S.A.;89;TERCEROS;OLO7;;;;;;;;QINGDAO, CHINA;CALLAO, PERU;;;;0;0;0;0;;;;;0.00;;Homecenters Peruanos S.A.;;2025-08-19 00:00:00;;;;;;false;;;;;;;;;;;;;;;;;;;;;;;false;;;
19272;1;7000148;draft;26945.00;pending;2025-08-22;USD;FOB;;;;;26945.00;;26945.00;;;;;0.00;0.00;0;;;;;;;;;;;;;;;;;;;;;;;;;;;;;;;;2026-03-19 15:30:24;2026-03-19 15:30:24;2;;762;;;;"""[\""Standard\""]""";0.00;0.00;0.00;;;false;;;false;;Fri May 02 2025 00:00:40 GMT-0400 (hora de Venezuela);;;;;false;false;false;false;false;false;false;false;false;;;2025-10-01 00:00:00;2025-10-01 00:00:00;;;;;;;;;;;FOB;;COMPRAS A TERCEROS;;;;;Directo MX - Tiendas Soriana S.A De C.V;80;TERCEROS;OLO7;;;;;;;;NINGBO, CHINA;LAZARO CARDENAS, MÉXICO;;;;0;0;0;0;;;;;0.00;;Tiendas Soriana S.A De C.V;;2025-08-22 00:00:00;;;;;;false;;;;;;;;;;;;;;;;;;;;;;;false;;;
19273;1;7000150;draft;13860.00;pending;2025-08-20;USD;FOB;;;;;13860.00;;13860.00;;;;;0.00;0.00;0;;;;;;;;;;;;;;;;;;;;;;;;;;;;;;;;2026-03-19 15:30:24;2026-03-19 15:30:24;5;;753;;;;"""[\""Standard\""]""";0.00;0.00;0.00;;;false;;;false;;STB-Chile202418;;;;;false;false;false;false;false;false;false;false;false;;;2025-10-27 00:00:00;2025-10-27 00:00:00;;;;;;;;;2026-01-29 00:00:00;;FOB;;COMPRAS A TERCEROS;;;;;Directo CL - Easy Retail S.A;89;TERCEROS;OLO7;;-- N/A --;STB-CHILE202417;;5955;7122;;QINGDAO, CHINA;VALPARAISO, CHILE;13860.00;;;0;0;0;0;;;;;0.00;;Easy Retail S.A;;2025-08-20 00:00:00;;;;;;false;;;;;;;;;;;;;;;;;;;;;;;false;;;
19274;1;7000152;draft;32669.00;pending;2025-08-26;USD;FOB;;;;;32669.00;;32669.00;;;;;0.00;0.00;0;;;;;;;;;;;;;;;;;;;;;;;;;;;;;;;;2026-03-19 15:30:24;2026-03-19 15:30:24;2;;763;;;;"""[\""Standard\""]""";0.00;0.00;0.00;;;false;;;false;;Fri Aug 22 2025 00:00:40 GMT-0400 (hora de Venezuela);;;;;false;false;false;false;false;false;false;false;false;;;2025-10-01 00:00:00;2025-10-01 00:00:00;;;;;;;;;;;FOB;;COMPRAS A TERCEROS;;;;;Directo MX - Tiendas Soriana S.A De C.V;83;TERCEROS;OLO7;;;;;;;;FUZHOU, CHINA;LAZARO CARDENAS, MÉXICO;;;;0;0;0;0;;;;;0.00;;Tiendas Soriana S.A De C.V;;2025-08-26 00:00:00;;;;;;false;;;;;;;;;;;;;;;;;;;;;;;false;;;
19275;1;7000155;draft;102960.00;pending;2025-08-28;USD;;;;;;102960.00;;102960.00;;;;;0.00;0.00;0;;;;;;;;;;;;;;;;;;;;;;;;;;;;;;;;2026-03-19 15:30:24;2026-03-19 15:30:24;5;;753;;;;"""[\""Standard\""]""";0.00;0.00;0.00;;;false;;;false;;;;;;;false;false;false;false;false;false;false;false;false;;;2025-08-29 00:00:00;2025-08-29 00:00:00;;;;;;;;;2025-08-28 00:00:00;;;;COMPRAS A TERCEROS;;;;;;79;TERCEROS;OLO7;;-- N/A --;STB-CHILE202413-B;;5833;6981;;QINGDAO, CHINA;VALPARAISO, CHILE;102960.00;;;0;0;0;0;;;;;0.00;;;;2025-08-28 00:00:00;;;;;;false;;;;;;;;;;;;;;;;;;;;;;;false;;;
19276;1;7000157;draft;34320.00;pending;2025-08-29;USD;;;;;;34320.00;;34320.00;;;;;0.00;0.00;0;;;;;;;;;;;;;;;;;;;;;;;;;;;;;;;;2026-03-19 15:30:24;2026-03-19 15:30:24;5;;753;;;;"""[\""Standard\""]""";0.00;0.00;0.00;;;false;;;false;;;;;;;false;false;false;false;false;false;false;false;false;;;2025-08-30 00:00:00;2025-08-30 00:00:00;;;;;;;;;2025-08-29 00:00:00;;;;COMPRAS A TERCEROS;;;;;;79;TERCEROS;OLO7;;-- N/A --;STB-CHILE202413-C;;5836;6984;;QINGDAO, CHINA;VALPARAISO, CHILE;34320.00;;;0;0;0;0;;;;;0.00;;;;2025-08-29 00:00:00;;;;;;false;;;;;;;;;;;;;;;;;;;;;;;false;;;
19277;1;7000163;draft;33180.00;pending;2025-09-02;USD;FOB;;;;;33180.00;;33180.00;;;;;0.00;0.00;0;;;;;;;;;;;;;;;;;;;;;;;;;;;;;;;;2026-03-19 15:30:24;2026-03-19 15:30:24;2;;761;;;;"""[\""Standard\""]""";0.00;0.00;0.00;;;false;;;false;;ok;;;;;false;false;false;false;false;false;false;false;false;;;2025-12-15 00:00:00;2025-12-15 00:00:00;;;;;;;;;;;FOB;;COMPRAS A TERCEROS;;;;;Directo PE - Homecenters Peruanos S.A.;89;TERCEROS;OLO7;;;;;;;;QINGDAO, CHINA;PAITA, PERU;;;;0;0;0;0;;;;;0.00;;Homecenters Peruanos S.A.;;2025-09-02 00:00:00;;;;;;false;;;;;;;;;;;;;;;;;;;;;;;false;;;
19278;1;7000165;draft;16590.00;pending;2025-09-02;USD;FOB;;;;;16590.00;;16590.00;;;;;0.00;0.00;0;;;;;;;;;;;;;;;;;;;;;;;;;;;;;;;;2026-03-19 15:30:25;2026-03-19 15:30:25;3;;761;;;;"""[\""Standard\""]""";0.00;0.00;0.00;;;false;;;false;;ok;;;;;false;false;false;false;false;false;false;false;false;;;2025-12-15 00:00:00;2025-12-15 00:00:00;;;;;;;;;;;FOB;;COMPRAS A TERCEROS;;;;;Directo PE - Homecenters Peruanos S.A.;89;TERCEROS;OLO7;;;;;;;;QINGDAO, CHINA;PUERTO ARICA, PERU;;;;0;0;0;0;;;;;0.00;;Homecenters Peruanos S.A.;;2025-09-02 00:00:00;;;;;;false;;;;;;;;;;;;;;;;;;;;;;;false;;;
19279;1;7000166;draft;33180.00;pending;2025-09-02;USD;FOB;;;;;33180.00;;33180.00;;;;;0.00;0.00;0;;;;;;;;;;;;;;;;;;;;;;;;;;;;;;;;2026-03-19 15:30:25;2026-03-19 15:30:25;2;;761;;;;"""[\""Standard\""]""";0.00;0.00;0.00;;;false;;;false;;ok;;;;;false;false;false;false;false;false;false;false;false;;;2026-01-15 00:00:00;2026-01-15 00:00:00;;;;;;;;;;;FOB;;COMPRAS A TERCEROS;;;;;Directo PE - Homecenters Peruanos S.A.;89;TERCEROS;OLO7;;;;;;;;QINGDAO, CHINA;PAITA, PERU;;;;0;0;0;0;;;;;0.00;;Homecenters Peruanos S.A.;;2025-09-02 00:00:00;;;;;;false;;;;;;;;;;;;;;;;;;;;;;;false;;;
19280;1;7000168;draft;16590.00;pending;2025-09-02;USD;FOB;;;;;16590.00;;16590.00;;;;;0.00;0.00;0;;;;;;;;;;;;;;;;;;;;;;;;;;;;;;;;2026-03-19 15:30:25;2026-03-19 15:30:25;2;;761;;;;"""[\""Standard\""]""";0.00;0.00;0.00;;;false;;;false;;ok;;;;;false;false;false;false;false;false;false;false;false;;;2026-01-15 00:00:00;2026-01-15 00:00:00;;;;;;;;;;;FOB;;COMPRAS A TERCEROS;;;;;Directo PE - Homecenters Peruanos S.A.;89;TERCEROS;OLO7;;;;;;;;QINGDAO, CHINA;PUERTO ARICA, PERU;;;;0;0;0;0;;;;;0.00;;Homecenters Peruanos S.A.;;2025-09-02 00:00:00;;;;;;false;;;;;;;;;;;;;;;;;;;;;;;false;;;
19281;1;7000169;draft;34944.00;pending;2025-09-02;USD;FOB;;;;;34944.00;;34944.00;;;;;0.00;0.00;0;;;;;;;;;;;;;;;;;;;;;;;;;;;;;;;;2026-03-19 15:30:25;2026-03-19 15:30:25;5;;753;;;;"""[\""Standard\""]""";0.00;0.00;0.00;;;false;;;false;;ok;;;;;false;false;false;false;false;false;false;false;false;;;2025-11-15 00:00:00;2025-11-15 00:00:00;;;;;;;;;2026-01-06 00:00:00;;FOB;;COMPRAS A TERCEROS;;;;;Directo PE - Homecenters Peruanos S.A.;89;TERCEROS;OLO7;;-- N/A --;STB-PERU202507;;5938;7100;;QINGDAO, CHINA;PAITA, PERU;34944.00;;;0;0;0;0;;;;;0.00;;Homecenters Peruanos S.A.;;2025-09-02 00:00:00;;;;;;false;;;;;;;;;;;;;;;;;;;;;;;false;;;
19282;1;7000172;draft;34944.00;pending;2025-09-02;USD;FOB;;;;;34944.00;;34944.00;;;;;0.00;0.00;0;;;;;;;;;;;;;;;;;;;;;;;;;;;;;;;;2026-03-19 15:30:25;2026-03-19 15:30:25;5;;753;;;;"""[\""Standard\""]""";0.00;0.00;0.00;;;false;;;false;;ok;;;;;false;false;false;false;false;false;false;false;false;;;2025-12-15 00:00:00;2025-12-15 00:00:00;;;;;;;;;2025-12-22 00:00:00;;FOB;;COMPRAS A TERCEROS;;;;;Directo PE - Homecenters Peruanos S.A.;89;TERCEROS;OLO7;;-- N/A --;STB-PERU202510;;5924;7087;;QINGDAO, CHINA;PAITA, PERU;34944.00;;;0;0;0;0;;;;;0.00;;Homecenters Peruanos S.A.;;2025-09-02 00:00:00;;;;;;false;;;;;;;;;;;;;;;;;;;;;;;false;;;
19283;1;7000174;draft;23296.00;pending;2025-09-02;USD;FOB;;;;;23296.00;;23296.00;;;;;0.00;0.00;0;;;;;;;;;;;;;;;;;;;;;;;;;;;;;;;;2026-03-19 15:30:25;2026-03-19 15:30:25;5;;753;;;;"""[\""Standard\""]""";0.00;0.00;0.00;;;false;;;false;;ok;;;;;false;false;false;false;false;false;false;false;false;;;2025-12-15 00:00:00;2025-12-15 00:00:00;;;;;;;;;2026-01-13 00:00:00;;FOB;;COMPRAS A TERCEROS;;;;;Directo PE - Homecenters Peruanos S.A.;89;TERCEROS;OLO7;;-- N/A --;STB-PERU202511;;5940;7108;;QINGDAO, CHINA;PUERTO ARICA, PERU;23296.00;;;0;0;0;0;;;;;0.00;;Homecenters Peruanos S.A.;;2025-09-02 00:00:00;;;;;;false;;;;;;;;;;;;;;;;;;;;;;;false;;;
19284;1;7000176;draft;34944.00;pending;2025-09-02;USD;FOB;;;;;34944.00;;34944.00;;;;;0.00;0.00;0;;;;;;;;;;;;;;;;;;;;;;;;;;;;;;;;2026-03-19 15:30:25;2026-03-19 15:30:25;5;;753;;;;"""[\""Standard\""]""";0.00;0.00;0.00;;;false;;;false;;ok;;;;;false;false;false;false;false;false;false;false;false;;;2026-01-15 00:00:00;2026-01-15 00:00:00;;;;;;;;;2026-02-10 00:00:00;;FOB;;COMPRAS A TERCEROS;;;;;Directo PE - Homecenters Peruanos S.A.;89;TERCEROS;OLO7;;-- N/A --;STB-PERU202513;;5967;7134;;QINGDAO, CHINA;PAITA, PERU;34944.00;;;0;0;0;0;;;;;0.00;;Homecenters Peruanos S.A.;;2025-09-02 00:00:00;;;;;;false;;;;;;;;;;;;;;;;;;;;;;;false;;;
19285;1;7000177;draft;23296.00;pending;2025-09-02;USD;FOB;;;;;23296.00;;23296.00;;;;;0.00;0.00;0;;;;;;;;;;;;;;;;;;;;;;;;;;;;;;;;2026-03-19 15:30:25;2026-03-19 15:30:25;5;;753;;;;"""[\""Standard\""]""";0.00;0.00;0.00;;;false;;;false;;ok;;;;;false;false;false;false;false;false;false;false;false;;;2026-01-15 00:00:00;2026-01-15 00:00:00;;;;;;;;;2026-02-13 00:00:00;;FOB;;COMPRAS A TERCEROS;;;;;Directo PE - Homecenters Peruanos S.A.;89;TERCEROS;OLO7;;-- N/A --;STB-PERU202514;;5970;7137;;QINGDAO, CHINA;PUERTO ARICA, PERU;23296.00;;;0;0;0;0;;;;;0.00;;Homecenters Peruanos S.A.;;2025-09-02 00:00:00;;;;;;false;;;;;;;;;;;;;;;;;;;;;;;false;;;
19286;1;7000178;draft;12012.00;pending;2025-09-02;USD;FOB;;;;;12012.00;;12012.00;;;;;0.00;0.00;0;;;;;;;;;;;;;;;;;;;;;;;;;;;;;;;;2026-03-19 15:30:25;2026-03-19 15:30:25;2;;753;;;;"""[\""Standard\""]""";0.00;0.00;0.00;;;false;;;false;;ok;;;;;false;false;false;false;false;false;false;false;false;;;2026-01-15 00:00:00;2026-01-15 00:00:00;;;;;;;;;;;FOB;;COMPRAS A TERCEROS;;;;;Directo PE - Homecenters Peruanos S.A.;89;TERCEROS;OLO7;;;;;;;;QINGDAO, CHINA;PAITA, PERU;;;;0;0;0;0;;;;;0.00;;Homecenters Peruanos S.A.;;2025-09-02 00:00:00;;;;;;false;;;;;;;;;;;;;;;;;;;;;;;false;;;
19287;1;7000179;draft;13860.00;pending;2025-09-02;USD;FOB;;;;;13860.00;;13860.00;;;;;0.00;0.00;0;;;;;;;;;;;;;;;;;;;;;;;;;;;;;;;;2026-03-19 15:30:25;2026-03-19 15:30:25;2;;753;;;;"""[\""Standard\""]""";0.00;0.00;0.00;;;false;;;false;;ok;;;;;false;false;false;false;false;false;false;false;false;;;2026-01-15 00:00:00;2026-01-15 00:00:00;;;;;;;;;;;FOB;;COMPRAS A TERCEROS;;;;;Directo PE - Homecenters Peruanos S.A.;89;TERCEROS;OLO7;;;;;;;;QINGDAO, CHINA;PAITA, PERU;;;;0;0;0;0;;;;;0.00;;Homecenters Peruanos S.A.;;2025-09-02 00:00:00;;;;;;false;;;;;;;;;;;;;;;;;;;;;;;false;;;
19288;1;7000180;draft;9994.50;pending;2025-09-02;USD;FOB;;;;;9994.50;;9994.50;;;;;0.00;0.00;0;;;;;;;;;;;;;;;;;;;;;;;;;;;;;;;;2026-03-19 15:30:25;2026-03-19 15:30:25;5;;753;;;;"""[\""Standard\""]""";0.00;0.00;0.00;;;false;;;false;;ok;;;;;false;false;false;false;false;false;false;false;false;;;2025-12-15 00:00:00;2025-12-15 00:00:00;;;;;;;;;2026-01-13 00:00:00;;FOB;;COMPRAS A TERCEROS;;;;;Directo PE - Homecenters Peruanos S.A.;89;TERCEROS;OLO7;;-- N/A --;STB-PERU202527;;5942;7110;;QINGDAO, CHINA;PAITA, PERU;9994.50;;;0;0;0;0;;;;;0.00;;Homecenters Peruanos S.A.;;2025-09-02 00:00:00;;;;;;false;;;;;;;;;;;;;;;;;;;;;;;false;;;
19289;1;7000181;draft;9582.00;pending;2025-09-02;USD;FOB;;;;;9582.00;;9582.00;;;;;0.00;0.00;0;;;;;;;;;;;;;;;;;;;;;;;;;;;;;;;;2026-03-19 15:30:25;2026-03-19 15:30:25;2;;753;;;;"""[\""Standard\""]""";0.00;0.00;0.00;;;false;;;false;;ok;;;;;false;false;false;false;false;false;false;false;false;;;2026-01-15 00:00:00;2026-01-15 00:00:00;;;;;;;;;;;FOB;;COMPRAS A TERCEROS;;;;;Directo PE - Homecenters Peruanos S.A.;89;TERCEROS;OLO7;;;;;;;;QINGDAO, CHINA;PAITA, PERU;;;;0;0;0;0;;;;;0.00;;Homecenters Peruanos S.A.;;2025-09-02 00:00:00;;;;;;false;;;;;;;;;;;;;;;;;;;;;;;false;;;
19290;1;7000182;draft;9582.00;pending;2025-09-02;USD;FOB;;;;;9582.00;;9582.00;;;;;0.00;0.00;0;;;;;;;;;;;;;;;;;;;;;;;;;;;;;;;;2026-03-19 15:30:25;2026-03-19 15:30:25;3;;753;;;;"""[\""Standard\""]""";0.00;0.00;0.00;;;false;;;false;;ok;;;;;false;false;false;false;false;false;false;false;false;;;2026-01-15 00:00:00;2026-01-15 00:00:00;;;;;;;;;;;FOB;;COMPRAS A TERCEROS;;;;;Directo PE - Homecenters Peruanos S.A.;89;TERCEROS;OLO7;;;;;;;;QINGDAO, CHINA;PUERTO ARICA, PERU;;;;0;0;0;0;;;;;0.00;;Homecenters Peruanos S.A.;;2025-09-02 00:00:00;;;;;;false;;;;;;;;;;;;;;;;;;;;;;;false;;;
19291;1;7000191;draft;214748.04;pending;2025-09-24;USD;FOB;;;;;214748.04;;214748.04;;;;;0.00;0.00;0;;;;;;;;;;;;;;;;;;;;;;;;;;;;;;;;2026-03-19 15:30:25;2026-03-19 15:30:25;5;;764;;;;"""[\""Standard\""]""";0.00;0.00;0.00;;;false;;;false;;25/8/2025;;;;;false;false;false;false;false;false;false;false;false;;;2025-11-01 00:00:00;2025-11-01 00:00:00;;;;;;;;;2025-12-22 00:00:00;;FOB;;COMPRAS A TERCEROS;;;;;Directo CL - Easy Retail S.A;83;TERCEROS;OLO7;;-- N/A --;CH-251218;;5917;7080;;DA NANG, VIETNAM;BUENAVENTURA, COLOMBIA;214748.04;;;0;0;0;0;;;;;0.00;;Cencosud Colombia S.A.;;2025-09-24 00:00:00;;;;;;false;;;;;;;;;;;;;;;;;;;;;;;false;;;
19292;1;7000192;draft;19782.96;pending;2025-09-24;USD;FOB;;;;;19782.96;;19782.96;;;;;0.00;0.00;0;;;;;;;;;;;;;;;;;;;;;;;;;;;;;;;;2026-03-19 15:30:25;2026-03-19 15:30:25;5;;764;;;;"""[\""Standard\""]""";0.00;0.00;0.00;;;false;;;false;;Mon Aug 25 2025 00:00:40 GMT-0400 (hora de Venezuela);;;;;false;false;false;false;false;false;false;false;false;;;2025-11-01 00:00:00;2025-11-01 00:00:00;;;;;;;;;2025-12-22 00:00:00;;FOB;;COMPRAS A TERCEROS;;;;;Directo CL - Easy Retail S.A;83;TERCEROS;OLO7;;-- N/A --;CH-251219;;5914;7077;;DA NANG, VIETNAM;BUENAVENTURA, COLOMBIA;19782.96;;;0;0;0;0;;;;;0.00;;Cencosud Colombia S.A.;;2025-09-24 00:00:00;;;;;;false;;;;;;;;;;;;;;;;;;;;;;;false;;;
19293;1;7000194;draft;105597.00;pending;2025-09-29;USD;FOB;;;;;105597.00;;105597.00;;;;;0.00;0.00;0;;;;;;;;;;;;;;;;;;;;;;;;;;;;;;;;2026-03-19 15:30:25;2026-03-19 15:30:25;5;;765;;;;"""[\""Standard\""]""";0.00;0.00;0.00;;;false;;;false;;2025TY060;;;;;false;false;false;false;false;false;false;false;false;;;2025-11-30 00:00:00;2025-11-30 00:00:00;;;;;;;;;2025-12-22 00:00:00;;CIF;FOB;COMPRAS PROGRAMADAS;;;;;Directo VE - Febeca, C.A.;80;TERCEROS;OLO7;;-- N/A --;TY2025060;;5925;7088;;QINGDAO, CHINA;PUERTO CABELLO, VENEZUELA;105597.00;;;0;0;0;0;;;;;0.00;;Febeca, C.A.;;2025-09-29 00:00:00;;;;;;false;;;;;;;;;;;;;;;;;;;;;;;false;;;
19294;1;7000197;draft;4570.00;pending;2025-11-11;USD;FOB;;;;;4570.00;;4570.00;;;;;0.00;0.00;0;;;;;;;;;;;;;;;;;;;;;;;;;;;;;;;;2026-03-19 15:30:25;2026-03-19 15:30:25;5;;752;;;;"""[\""Standard\""]""";0.00;0.00;0.00;;;false;;;false;;Fri Sep 05 2025 00:00:40 GMT-0400 (hora de Venezuela);;;;;false;false;false;false;false;false;false;false;false;;;2025-12-30 00:00:00;2025-12-30 00:00:00;;;;;;;;;2025-12-22 00:00:00;;FOB;;COMPRAS A TERCEROS;;;;;Directo PE - Homecenters Peruanos S.A.;89;TERCEROS;OLO7;;-- N/A --;MK-250117;;5912;7075;;NINGBO, CHINA;CALLAO, PERU;4570.00;;;0;0;0;0;;;;;0.00;;Homecenters Peruanos S.A.;;2025-11-11 00:00:00;;;;;;false;;;;;;;;;;;;;;;;;;;;;;;false;;;
19295;1;7000203;draft;20410.80;pending;2025-09-26;USD;FOB;;;;;20410.80;;20410.80;;;;;0.00;0.00;0;;;;;;;;;;;;;;;;;;;;;;;;;;;;;;;;2026-03-19 15:30:25;2026-03-19 15:30:25;3;;766;;;;"""[\""Standard\""]""";0.00;0.00;0.00;;;false;;;false;;LY20250922;;;;;false;false;false;false;false;false;false;false;false;;;2025-12-20 00:00:00;2025-12-20 00:00:00;;;;;;;;;;;CIF;FOB;COMPRAS A TERCEROS;;;;;Directo VE - Febeca, C.A.;80;TERCEROS;OLO7;;;;;;;;TIANJIN, CHINA;PUERTO CABELLO, VENEZUELA;;;;0;0;0;0;;;;;0.00;;Febeca, C.A.;;2025-09-26 00:00:00;;;;;;false;;;;;;;;;;;;;;;;;;;;;;;false;;;
19296;1;7000204;draft;20410.80;pending;2025-09-26;USD;FOB;;;;;20410.80;;20410.80;;;;;0.00;0.00;0;;;;;;;;;;;;;;;;;;;;;;;;;;;;;;;;2026-03-19 15:30:25;2026-03-19 15:30:25;3;;766;;;;"""[\""Standard\""]""";0.00;0.00;0.00;;;false;;;false;;LY20250922;;;;;false;false;false;false;false;false;false;false;false;;;2025-12-20 00:00:00;2025-12-20 00:00:00;;;;;;;;;;;CIF;FOB;COMPRAS A TERCEROS;;;;;Directo VE - Febeca, C.A.;80;TERCEROS;OLO7;;;;;;;;TIANJIN, CHINA;PUERTO CABELLO, VENEZUELA;;;;0;0;0;0;;;;;0.00;;Febeca, C.A.;;2025-09-26 00:00:00;;;;;;false;;;;;;;;;;;;;;;;;;;;;;;false;;;
19297;1;7000205;draft;20410.80;pending;2025-09-26;USD;FOB;;;;;20410.80;;20410.80;;;;;0.00;0.00;0;;;;;;;;;;;;;;;;;;;;;;;;;;;;;;;;2026-03-19 15:30:25;2026-03-19 15:30:25;2;;766;;;;"""[\""Standard\""]""";0.00;0.00;0.00;;;false;;;false;;LY20250922;;;;;false;false;false;false;false;false;false;false;false;;;2026-03-10 00:00:00;2026-03-10 00:00:00;;;;;;;;;;;FOB;;COMPRAS A TERCEROS;;;;;Directo VE - Febeca, C.A.;80;TERCEROS;OLO7;;;;;;;;TIANJIN, CHINA;PUERTO CABELLO, VENEZUELA;;;;0;0;0;0;;;;;0.00;;Febeca, C.A.;;2025-09-26 00:00:00;;;;;;false;;;;;;;;;;;;;;;;;;;;;;;false;;;
19298;1;7000207;draft;510.00;pending;2025-09-26;USD;;;;;;510.00;;510.00;;;;;0.00;0.00;0;;;;;;;;;;;;;;;;;;;;;;;;;;;;;;;;2026-03-19 15:30:25;2026-03-19 15:30:25;5;;753;;;;"""[\""Standard\""]""";0.00;0.00;0.00;;;false;;;false;;;;;;;false;false;false;false;false;false;false;false;false;;;2025-09-27 00:00:00;2025-09-27 00:00:00;;;;;;;;;2025-09-26 00:00:00;;;;COMPRAS A TERCEROS;;;;;;79;TERCEROS;OLO7;;-- N/A --;STB-PERU202504-;;5855;7006;;QINGDAO, CHINA;CALLAO, PERU;510.00;;;0;0;0;0;;;;;0.00;;;;2025-09-26 00:00:00;;;;;;false;;;;;;;;;;;;;;;;;;;;;;;false;;;
19299;1;7000213;draft;18876.00;pending;2025-09-30;USD;FOB;;;;;18876.00;;18876.00;;;;;0.00;0.00;0;;;;;;;;;;;;;;;;;;;;;;;;;;;;;;;;2026-03-19 15:30:25;2026-03-19 15:30:25;10;;767;;;;"""[\""Standard\""]""";0.00;0.00;0.00;;;false;;;false;;LY20250922-3;;;;;false;false;false;false;false;false;false;false;false;;;2025-12-25 00:00:00;2025-12-25 00:00:00;;;;;;;;;2026-01-14 00:00:00;;CIF;FOB;COMPRAS A TERCEROS;;;;;Directo VE - Febeca, C.A.;80;TERCEROS;OLO7;;-- N/A --;EK-W260109;;5944;7112;;TIANJIN, CHINA;PUERTO CABELLO, VENEZUELA;18876.00;;;0;0;0;0;;;;;0.00;;Febeca, C.A.;;2025-09-30 00:00:00;;;;;;false;;;;;;;;;;;;;;;;;;;;;;;false;;;
19300;1;7000214;draft;18876.00;pending;2025-09-30;USD;FOB;;;;;18876.00;;18876.00;;;;;0.00;0.00;0;;;;;;;;;;;;;;;;;;;;;;;;;;;;;;;;2026-03-19 15:30:25;2026-03-22 23:00:05;5;;767;;;;"""[\""Standard\""]""";0.00;0.00;0.00;hKS44lODYb4mMA1eCu8aQPMSdC6uFhrb93u0lc7sTN7TkM7rfGg7pMYVDuHQ2nyt;2026-03-25 23:00:05;false;;;false;;LY20250922-2;;;;;false;false;false;false;false;false;false;false;false;;;2026-03-23 00:00:00;2026-03-23 00:00:00;;;;;;;;;;;CIF;FOB;COMPRAS A TERCEROS;;;;;Directo VE - Febeca, C.A.;80;TERCEROS;OLO7;;;;;;;;TIANJIN, CHINA;PUERTO CABELLO, VENEZUELA;;;;0;0;0;0;;;;;0.00;;Febeca, C.A.;;2025-09-30 00:00:00;;;;;;false;;;;;;;;;;;;;;;;;;;;;;;false;;;
19301;1;7000218;draft;18865.00;pending;2025-10-01;USD;FOB;;;;;18865.00;;18865.00;;;;;0.00;0.00;0;;;;;;;;;;;;;;;;;;;;;;;;;;;;;;;;2026-03-19 15:30:25;2026-03-19 15:30:25;10;;767;;;;"""[\""Standard\""]""";0.00;0.00;0.00;;;false;;;false;;OK;;;;;false;false;false;false;false;false;false;false;false;;;2025-12-25 00:00:00;2025-12-25 00:00:00;;;;;;;;;2026-01-14 00:00:00;;CIF;FOB;COMPRAS A TERCEROS;;;;;Directo VE - Febeca, C.A.;80;TERCEROS;OLO7;;-- N/A --;EK-W260108;;5943;7111;;TIANJIN, CHINA;PUERTO CABELLO, VENEZUELA;18865.00;;;0;0;0;0;;;;;0.00;;Febeca, C.A.;;2025-10-01 00:00:00;;;;;;false;;;;;;;;;;;;;;;;;;;;;;;false;;;
19302;1;7000222;draft;31620.78;pending;2025-10-07;USD;FOB;;;;;31620.78;;31620.78;;;;;0.00;0.00;0;;;;;;;;;;;;;;;;;;;;;;;;;;;;;;;;2026-03-19 15:30:25;2026-03-19 15:30:25;2;;768;;;;"""[\""Standard\""]""";0.00;0.00;0.00;;;false;;;false;;Fri Aug 29 2025 00:00:40 GMT-0400 (hora de Venezuela);;;;;false;false;false;false;false;false;false;false;false;;;2025-11-30 00:00:00;2025-11-30 00:00:00;;;;;;;;;;;FOB;;COMPRAS A TERCEROS;;;;;Directo MX - Tiendas Soriana S.A De C.V;87;TERCEROS;OLO7;;;;;;;;NINGBO, CHINA;LAZARO CARDENAS, MÉXICO;;;;0;0;0;0;;;;;0.00;;Tiendas Soriana S.A De C.V;;2025-10-07 00:00:00;;;;;;false;;;;;;;;;;;;;;;;;;;;;;;false;;;
19303;1;7000224;draft;28556.96;pending;2025-10-07;USD;FOB;;;;;28556.96;;28556.96;;;;;0.00;0.00;0;;;;;;;;;;;;;;;;;;;;;;;;;;;;;;;;2026-03-19 15:30:26;2026-03-19 15:30:26;5;;769;;;;"""[\""Standard\""]""";0.00;0.00;0.00;;;false;;;false;;2025CX-J20;;;;;false;false;false;false;false;false;false;false;false;;;2025-12-05 00:00:00;2025-12-05 00:00:00;;;;;;;;;2025-12-30 00:00:00;;FOB;;COMPRAS A TERCEROS;;;;;Directo PE - Homecenters Peruanos S.A.;80;TERCEROS;OLO7;;-- N/A --;2025CX-J20;;5936;7098;;MAWEI FUZHOU, CHINA;CALLAO, PERU;28557.00;;;0;0;0;0;;;;;0.00;;Homecenters Peruanos S.A.;;2025-10-07 00:00:00;;;;;;false;;;;;;;;;;;;;;;;;;;;;;;false;;;
19304;1;7000225;draft;55790.00;pending;2025-11-11;USD;FOB;;;;;55790.00;;55790.00;;;;;0.00;0.00;0;;;;;;;;;;;;;;;;;;;;;;;;;;;;;;;;2026-03-19 15:30:26;2026-03-19 15:30:26;5;;770;;;;"""[\""Standard\""]""";0.00;0.00;0.00;;;false;;;false;;20251003A;;;;;false;false;false;false;false;false;false;false;false;;;2025-12-17 00:00:00;2025-12-17 00:00:00;;;;;;;;;2025-12-22 00:00:00;;FOB;;COMPRAS A TERCEROS;;;;;Directo PE - Homecenters Peruanos S.A.;85;TERCEROS;OLO7;;-- N/A --;20251031A;;5926;7089;;SHANGHAI, CHINA;CALLAO, PERU;55790.00;;;0;0;0;0;;;;;0.00;;Homecenters Peruanos S.A.;;2025-11-11 00:00:00;;;;;;false;;;;;;;;;;;;;;;;;;;;;;;false;;;
19305;1;7000227;draft;26520.00;pending;2025-10-07;USD;FOB;;;;;26520.00;;26520.00;;;;;0.00;0.00;0;;;;;;;;;;;;;;;;;;;;;;;;;;;;;;;;2026-03-19 15:30:26;2026-03-19 15:30:26;2;;754;;;;"""[\""Standard\""]""";0.00;0.00;0.00;;;false;;;false;;OCT 2,2025;;;;;false;false;false;false;false;false;false;false;false;;;2025-11-30 00:00:00;2025-11-30 00:00:00;;;;;;;;;;;FOB;;COMPRAS A TERCEROS;;;;;Directo MX - Tiendas Soriana S.A De C.V;80;TERCEROS;OLO7;;;;;;;;YANTIAN, CHINA;LAZARO CARDENAS, MÉXICO;;;;0;0;0;0;;;;;0.00;;Tiendas Soriana S.A De C.V;;2025-10-07 00:00:00;;;;;;false;;;;;;;;;;;;;;;;;;;;;;;false;;;
19306;1;7000228;draft;26520.00;pending;2025-10-09;USD;FOB;;;;;26520.00;;26520.00;;;;;0.00;0.00;0;;;;;;;;;;;;;;;;;;;;;;;;;;;;;;;;2026-03-19 15:30:26;2026-03-19 15:30:26;2;;754;;;;"""[\""Standard\""]""";0.00;0.00;0.00;;;false;;;false;;Aug 29,2025;;;;;false;false;false;false;false;false;false;false;false;;;2026-03-15 00:00:00;2026-03-15 00:00:00;;;;;;;;;;;FOB;;COMPRAS A TERCEROS;;;;;Directo MX - Tiendas Soriana S.A De C.V;80;TERCEROS;OLO7;;;;;;;;YANTIAN, CHINA;LAZARO CARDENAS, MÉXICO;;;;0;0;0;0;;;;;0.00;;Tiendas Soriana S.A De C.V;;2025-10-09 00:00:00;;;;;;false;;;;;;;;;;;;;;;;;;;;;;;false;;;
19307;1;7000234;draft;13860.00;pending;2025-10-14;USD;FOB;;;;;13860.00;;13860.00;;;;;0.00;0.00;0;;;;;;;;;;;;;;;;;;;;;;;;;;;;;;;;2026-03-19 15:30:26;2026-03-19 15:30:26;2;;753;;;;"""[\""Standard\""]""";0.00;0.00;0.00;;;false;;;false;;ok;;;;;false;false;false;false;false;false;false;false;false;;;2025-11-17 00:00:00;2025-11-17 00:00:00;;;;;;;;;;;FOB;;COMPRAS A TERCEROS;;;;;Directo CL - Easy Retail S.A;89;TERCEROS;OLO7;;;;;;;;QINGDAO, CHINA;VALPARAISO, CHILE;;;;0;0;0;0;;;;;0.00;;Easy Retail S.A;;2025-10-14 00:00:00;;;;;;false;;;;;;;;;;;;;;;;;;;;;;;false;;;
19308;1;7000236;draft;13860.00;pending;2026-02-13;USD;FOB;;;;;13860.00;;13860.00;;;;;0.00;0.00;0;;;;;;;;;;;;;;;;;;;;;;;;;;;;;;;;2026-03-19 15:30:26;2026-03-19 15:30:26;2;;753;;;;"""[\""Standard\""]""";0.00;0.00;0.00;;;false;;;false;;STB-Chile202419;;;;;false;false;false;false;false;false;false;false;false;;;2026-09-01 00:00:00;2026-09-01 00:00:00;;;;;;;;;;;FOB;;COMPRAS A TERCEROS;;;;;Directo CL - Easy Retail S.A;89;TERCEROS;OLO7;;;;;;;;QINGDAO, CHINA;VALPARAISO, CHILE;;;;0;0;0;0;;;;;0.00;;Easy Retail S.A;;2026-02-13 00:00:00;;;;;;false;;;;;;;;;;;;;;;;;;;;;;;false;;;
19309;1;7000239;draft;27260.00;pending;2025-10-14;USD;FOB;;;;;27260.00;;27260.00;;;;;0.00;0.00;0;;;;;;;;;;;;;;;;;;;;;;;;;;;;;;;;2026-03-19 15:30:26;2026-03-19 15:30:26;5;;771;;;;"""[\""Standard\""]""";0.00;0.00;0.00;;;false;;;false;;Tue Aug 26 2025 00:00:40 GMT-0400 (hora de Venezuela);;;;;false;false;false;false;false;false;false;false;false;;;2025-12-01 00:00:00;2025-12-01 00:00:00;;;;;;;;;2025-12-29 00:00:00;;FOB;;COMPRAS A TERCEROS;;;;;Directo CL - Easy Retail S.A;89;TERCEROS;OLO7;;-- N/A --;XFH251226;;5934;7097;;QINGDAO, CHINA;VALPARAISO, CHILE;27260.00;;;0;0;0;0;;;;;0.00;;Easy Retail S.A;;2025-10-14 00:00:00;;;;;;false;;;;;;;;;;;;;;;;;;;;;;;false;;;
19310;1;7000244;draft;6806.40;pending;2025-10-17;USD;FOB;;;;;6806.40;;6806.40;;;;;0.00;0.00;0;;;;;;;;;;;;;;;;;;;;;;;;;;;;;;;;2026-03-19 15:30:26;2026-03-19 15:30:26;5;;772;;;;"""[\""Standard\""]""";0.00;0.00;0.00;;;false;;;false;;Oct 15,2025;;;;;false;false;false;false;false;false;false;false;false;;;2026-01-26 00:00:00;2026-01-26 00:00:00;;;;;;;;;2026-02-02 00:00:00;;FOB;;COMPRAS A TERCEROS;;;;;Directo CO - Sodimac Colombia SA;87;TERCEROS;OLO7;;-- N/A --;XSF-25127;;5960;7127;;XIAMEN, CHINA;BUENAVENTURA, COLOMBIA;6806.40;;;0;0;0;0;;;;;0.00;;Sodimac Colombia SA;;2025-10-17 00:00:00;;;;;;false;;;;;;;;;;;;;;;;;;;;;;;false;;;
19311;1;7000245;draft;3152.00;pending;2025-10-17;USD;FOB;;;;;3152.00;;3152.00;;;;;0.00;0.00;0;;;;;;;;;;;;;;;;;;;;;;;;;;;;;;;;2026-03-19 15:30:26;2026-03-19 15:30:26;2;;772;;;;"""[\""Standard\""]""";0.00;0.00;0.00;;;false;;;false;;Oct 15,2025;;;;;false;false;false;false;false;false;false;false;false;;;2026-01-15 00:00:00;2026-01-15 00:00:00;;;;;;;;;;;FOB;;COMPRAS A TERCEROS;;;;;Directo PE - Tiendas Del Mejoramiento Del Hogar S.A.;87;TERCEROS;OLO7;;;;;;;;XIAMEN, CHINA;CALLAO, PERU;;;;0;0;0;0;;;;;0.00;;Tiendas Del Mejoramiento Del Hogar S.A.;;2025-10-17 00:00:00;;;;;;false;;;;;;;;;;;;;;;;;;;;;;;false;;;
19312;1;7000251;draft;113035.22;pending;2025-11-18;USD;FOB;;;;;113035.22;;113035.22;;;;;0.00;0.00;0;;;;;;;;;;;;;;;;;;;;;;;;;;;;;;;;2026-03-19 15:30:26;2026-03-19 15:30:26;5;;773;;;;"""[\""Standard\""]""";0.00;0.00;0.00;;;false;;;false;;Thu Oct 16 2025 00:00:40 GMT-0400 (hora de Venezuela);;;;;false;false;false;false;false;false;false;false;false;;;2025-12-10 00:00:00;2025-12-10 00:00:00;;;;;;;;;2025-12-22 00:00:00;;FOB;;COMPRAS A TERCEROS;;;;;Directo PE - Homecenters Peruanos S.A.;80;TERCEROS;OLO7;;-- N/A --;MK250135R MK250151R;;5913;7076;;NINGBO, CHINA;CALLAO, PERU;113035.22;;;0;0;0;0;;;;;0.00;;Homecenters Peruanos S.A.;;2025-11-18 00:00:00;;;;;;false;;;;;;;;;;;;;;;;;;;;;;;false;;;
19313;1;7000252;draft;54365.32;pending;2025-11-18;USD;FOB;;;;;54365.32;;54365.32;;;;;0.00;0.00;0;;;;;;;;;;;;;;;;;;;;;;;;;;;;;;;;2026-03-19 15:30:26;2026-03-19 15:30:26;5;;773;;;;"""[\""Standard\""]""";0.00;0.00;0.00;;;false;;;false;;Thu Oct 16 2025 00:00:40 GMT-0400 (hora de Venezuela);;;;;false;false;false;false;false;false;false;false;false;;;2025-12-10 00:00:00;2025-12-10 00:00:00;;;;;;;;;2025-12-31 00:00:00;;FOB;;COMPRAS A TERCEROS;;;;;Directo PE - Homecenters Peruanos S.A.;80;TERCEROS;OLO7;;-- N/A --;MK-250136;;5937;7099;;NINGBO, CHINA;CALLAO, PERU;54365.32;;;0;0;0;0;;;;;0.00;;Homecenters Peruanos S.A.;;2025-11-18 00:00:00;;;;;;false;;;;;;;;;;;;;;;;;;;;;;;false;;;
19314;1;7000255;draft;19198.00;pending;2025-10-22;USD;FOB;;;;;19198.00;;19198.00;;;;;0.00;0.00;0;;;;;;;;;;;;;;;;;;;;;;;;;;;;;;;;2026-03-19 15:30:26;2026-03-19 15:30:26;5;;774;;;;"""[\""Standard\""]""";0.00;0.00;0.00;;;false;;;false;;2025WT015;;;;;false;false;false;false;false;false;false;false;false;;;2025-12-15 00:00:00;2025-12-15 00:00:00;;;;;;;;;2026-01-27 00:00:00;;FOB;;COMPRAS A TERCEROS;;;;;Directo DO - Bellon S.A.S;89;TERCEROS;OLO7;;-- N/A --;2025WT015;;5950;7118;;NINGBO, CHINA;CALLAO, PERU;19198.00;;;0;0;0;0;;;;;0.00;;Bellon S.A.S;;2025-10-22 00:00:00;;;;;;false;;;;;;;;;;;;;;;;;;;;;;;false;;;
19315;1;7000262;draft;87083.60;pending;2025-10-29;USD;FOB;;;;;87083.60;;87083.60;;;;;0.00;0.00;0;;;;;;;;;;;;;;;;;;;;;;;;;;;;;;;;2026-03-19 15:30:26;2026-03-19 15:30:26;5;;764;;;;"""[\""Standard\""]""";0.00;0.00;0.00;;;false;;;false;;Sat Oct 04 2025 00:00:40 GMT-0400 (hora de Venezuela);;;;;false;false;false;false;false;false;false;false;false;;;2025-11-25 00:00:00;2025-11-25 00:00:00;;;;;;;;;2025-12-25 00:00:00;;FOB;;COMPRAS A TERCEROS;;;;;Directo CL - Easy Retail S.A;83;TERCEROS;OLO7;;-- N/A --;CH-251225;;5927;7090;;DA NANG, VIETNAM;VALPARAISO, CHILE;87083.60;;;0;0;0;0;;;;;0.00;;Easy Retail S.A;;2025-10-29 00:00:00;;;;;;false;;;;;;;;;;;;;;;;;;;;;;;false;;;
19316;1;7000263;draft;54702.60;pending;2025-10-29;USD;FOB;;;;;54702.60;;54702.60;;;;;0.00;0.00;0;;;;;;;;;;;;;;;;;;;;;;;;;;;;;;;;2026-03-19 15:30:26;2026-03-19 15:30:26;2;;764;;;;"""[\""Standard\""]""";0.00;0.00;0.00;;;false;;;false;;Sat Oct 04 2025 00:00:40 GMT-0400 (hora de Venezuela);;;;;false;false;false;false;false;false;false;false;false;;;2026-02-26 00:00:00;2026-02-26 00:00:00;;;;;;;;;;;FOB;;COMPRAS A TERCEROS;;;;;Directo CL - Easy Retail S.A;83;TERCEROS;OLO7;;;;;;;;DA NANG, VIETNAM;VALPARAISO, CHILE;;;;0;0;0;0;;;;;0.00;;Easy Retail S.A;;2025-10-29 00:00:00;;;;;;false;;;;;;;;;;;;;;;;;;;;;;;false;;;
19317;1;7000264;draft;54389.60;pending;2025-10-29;USD;FOB;;;;;54389.60;;54389.60;;;;;0.00;0.00;0;;;;;;;;;;;;;;;;;;;;;;;;;;;;;;;;2026-03-19 15:30:26;2026-03-19 15:30:26;2;;764;;;;"""[\""Standard\""]""";0.00;0.00;0.00;;;false;;;false;;Sat Oct 04 2025 00:00:40 GMT-0400 (hora de Venezuela);;;;;false;false;false;false;false;false;false;false;false;;;2026-04-26 00:00:00;2026-04-26 00:00:00;;;;;;;;;;;FOB;;COMPRAS A TERCEROS;;;;;Directo CL - Easy Retail S.A;83;TERCEROS;OLO7;;;;;;;;DA NANG, VIETNAM;VALPARAISO, CHILE;;;;0;0;0;0;;;;;0.00;;Easy Retail S.A;;2025-10-29 00:00:00;;;;;;false;;;;;;;;;;;;;;;;;;;;;;;false;;;
19318;1;7000266;draft;8840.00;pending;2025-11-11;USD;FOB;;;;;8840.00;;8840.00;;;;;0.00;0.00;0;;;;;;;;;;;;;;;;;;;;;;;;;;;;;;;;2026-03-19 15:30:26;2026-03-19 15:30:26;5;;752;;;;"""[\""Standard\""]""";0.00;0.00;0.00;;;false;;;false;;Wed Nov 05 2025 00:00:40 GMT-0400 (hora de Venezuela);;;;;false;false;false;false;false;false;false;false;false;;;2025-12-20 00:00:00;2025-12-20 00:00:00;;;;;;;;;2025-12-22 00:00:00;;FOB;;COMPRAS A TERCEROS;;;;;Directo PE - Homecenters Peruanos S.A.;89;TERCEROS;OLO7;;-- N/A --;MK-250157;;5915;7078;;NINGBO, CHINA;CALLAO, PERU;8840.00;;;0;0;0;0;;;;;0.00;;Homecenters Peruanos S.A.;;2025-11-11 00:00:00;;;;;;false;;;;;;;;;;;;;;;;;;;;;;;false;;;
19319;1;7000269;draft;123595.92;pending;2025-11-26;USD;FOB;;;;;123595.92;;123595.92;;;;;0.00;0.00;0;;;;;;;;;;;;;;;;;;;;;;;;;;;;;;;;2026-03-19 15:30:26;2026-03-19 15:30:26;5;;773;;;;"""[\""Standard\""]""";0.00;0.00;0.00;;;false;;;false;;OK;;;;;false;false;false;false;false;false;false;false;false;;;2026-01-01 00:00:00;2026-01-01 00:00:00;;;;;;;;;2026-02-05 00:00:00;;CIF;FOB;COMPRAS A TERCEROS;;;;;Directo VE - Febeca, C.A.;80;TERCEROS;OLO7;;-- N/A --;MK-240146;;5963;7130;;NINGBO, CHINA;PUERTO CABELLO, VENEZUELA;123595.92;;;0;0;0;0;;;;;0.00;;Febeca, C.A.;;2025-11-26 00:00:00;;;;;;false;;;;;;;;;;;;;;;;;;;;;;;false;;;
19320;1;7000270;draft;11384.00;pending;2025-11-14;USD;FOB;;;;;11384.00;;11384.00;;;;;0.00;0.00;0;;;;;;;;;;;;;;;;;;;;;;;;;;;;;;;;2026-03-19 15:30:26;2026-03-19 15:30:26;5;;775;;;;"""[\""Standard\""]""";0.00;0.00;0.00;;;false;;;false;;Fri Nov 14 2025 00:00:40 GMT-0400 (hora de Venezuela);;;;;false;false;false;false;false;false;false;false;false;;;2026-01-15 00:00:00;2026-01-15 00:00:00;;;;;;;;;2026-02-09 00:00:00;;FOB;;COMPRAS A TERCEROS;;;;;Directo PE - Homecenters Peruanos S.A.;89;TERCEROS;OLO7;;-- N/A --;BL251120C0712C;;5964;7131;;NINGBO, CHINA;CALLAO, PERU;11384.00;;;0;0;0;0;;;;;0.00;;Homecenters Peruanos S.A.;;2025-11-14 00:00:00;;;;;;false;;;;;;;;;;;;;;;;;;;;;;;false;;;
19321;1;7000271;draft;29106.00;pending;2025-11-14;USD;FOB;;;;;29106.00;;29106.00;;;;;0.00;0.00;0;;;;;;;;;;;;;;;;;;;;;;;;;;;;;;;;2026-03-19 15:30:26;2026-03-19 15:30:26;2;;753;;;;"""[\""Standard\""]""";0.00;0.00;0.00;;;false;;;false;;STB-Chile202520;;;;;false;false;false;false;false;false;false;false;false;;;2025-12-01 00:00:00;2025-12-01 00:00:00;;;;;;;;;;;FOB;;COMPRAS A TERCEROS;;;;;Directo CL - Easy Retail S.A;89;TERCEROS;OLO7;;;;;;;;QINGDAO, CHINA;VALPARAISO, CHILE;;;;0;0;0;0;;;;;0.00;;Easy Retail S.A;;2025-11-14 00:00:00;;;;;;false;;;;;;;;;;;;;;;;;;;;;;;false;;;
19322;1;7000272;draft;2009.20;pending;2025-11-18;USD;FOB;;;;;2009.20;;2009.20;;;;;0.00;0.00;0;;;;;;;;;;;;;;;;;;;;;;;;;;;;;;;;2026-03-19 15:30:27;2026-03-19 15:30:27;5;;757;;;;"""[\""Standard\""]""";0.00;0.00;0.00;;;false;;;false;;Tue Nov 04 2025 00:00:40 GMT-0400 (hora de Venezuela);;;;;false;false;false;false;false;false;false;false;false;;;2025-12-25 00:00:00;2025-12-25 00:00:00;;;;;;;;;2025-12-26 00:00:00;;FOB;;COMPRAS A TERCEROS;;;;;Directo PE - Homecenters Peruanos S.A.;87;TERCEROS;OLO7;;-- N/A --;25GG110;;5930;7093;;NINGBO, CHINA;CALLAO, PERU;2009.20;;;0;0;0;0;;;;;0.00;;Homecenters Peruanos S.A.;;2025-11-18 00:00:00;;;;;;false;;;;;;;;;;;;;;;;;;;;;;;false;;;
19323;1;7000277;draft;10450.00;pending;2025-11-25;USD;FOB;;;;;10450.00;;10450.00;;;;;0.00;0.00;0;;;;;;;;;;;;;;;;;;;;;;;;;;;;;;;;2026-03-19 15:30:27;2026-03-19 15:30:27;5;;776;;;;"""[\""Standard\""]""";0.00;0.00;0.00;;;false;;;false;;Mon Nov 24 2025 00:00:40 GMT-0400 (hora de Venezuela);;;;;false;false;false;false;false;false;false;false;false;;;2026-01-19 00:00:00;2026-01-19 00:00:00;;;;;;;;;2026-01-23 00:00:00;;FOB;;COMPRAS A TERCEROS;;;;;Directo PE - Homecenters Peruanos S.A.;85;TERCEROS;OLO7;;-- N/A --;26CS017735;;5948;7116;;ZHONGSHAN, CHINA;CALLAO, PERU;10450.00;;;0;0;0;0;;;;;0.00;;Homecenters Peruanos S.A.;;2025-11-25 00:00:00;;;;;;false;;;;;;;;;;;;;;;;;;;;;;;false;;;
19324;1;7000278;draft;26913.60;pending;2025-11-25;USD;FOB;;;;;26913.60;;26913.60;;;;;0.00;0.00;0;;;;;;;;;;;;;;;;;;;;;;;;;;;;;;;;2026-03-19 15:30:27;2026-03-19 15:30:27;5;;758;;;;"""[\""Standard\""]""";0.00;0.00;0.00;;;false;;;false;;Sun Nov 23 2025 00:00:40 GMT-0400 (hora de Venezuela);;;;;false;false;false;false;false;false;false;false;false;;;2025-12-25 00:00:00;2025-12-25 00:00:00;;;;;;;;;2025-12-29 00:00:00;;FOB;;COMPRAS A TERCEROS;;;;;Directo PE - Homecenters Peruanos S.A.;85;TERCEROS;OLO7;;-- N/A --;BAC7000278;;5932;7095;;QINGDAO, CHINA;CALLAO, PERU;26913.60;;;0;0;0;0;;;;;0.00;;Homecenters Peruanos S.A.;;2025-11-25 00:00:00;;;;;;false;;;;;;;;;;;;;;;;;;;;;;;false;;;
19325;1;7000279;draft;40370.40;pending;2025-11-25;USD;FOB;;;;;40370.40;;40370.40;;;;;0.00;0.00;0;;;;;;;;;;;;;;;;;;;;;;;;;;;;;;;;2026-03-19 15:30:27;2026-03-19 15:30:27;5;;758;;;;"""[\""Standard\""]""";0.00;0.00;0.00;;;false;;;false;;Sun Nov 23 2025 00:00:40 GMT-0400 (hora de Venezuela);;;;;false;false;false;false;false;false;false;false;false;;;2025-12-25 00:00:00;2025-12-25 00:00:00;;;;;;;;;2025-12-29 00:00:00;;FOB;;COMPRAS A TERCEROS;;;;;Directo PE - Homecenters Peruanos S.A.;85;TERCEROS;OLO7;;-- N/A --;BAC7000279;;5931;7094;;QINGDAO, CHINA;CALLAO, PERU;40370.40;;;0;0;0;0;;;;;0.00;;Homecenters Peruanos S.A.;;2025-11-25 00:00:00;;;;;;false;;;;;;;;;;;;;;;;;;;;;;;false;;;
19326;1;7000280;draft;21638.00;pending;2025-11-26;USD;FOB;;;;;21638.00;;21638.00;;;;;0.00;0.00;0;;;;;;;;;;;;;;;;;;;;;;;;;;;;;;;;2026-03-19 15:30:27;2026-03-19 15:30:27;5;;777;;;;"""[\""Standard\""]""";0.00;0.00;0.00;;;false;;;false;;FV - NOVIEMBRE 2025 - PF 3145350 - CONTENEDOR 1;;;;;false;false;false;false;false;false;false;false;false;;;2025-12-30 00:00:00;2025-12-30 00:00:00;;;;;;;;;2026-02-26 00:00:00;;CIF;FOB;PEDIDO COMPRA;;;;;Directo VE - Febeca, C.A.;84;MCG;OLO7;;-- N/A --;001-003-000006654;;5973;7139;;GUAYAQUIL, ECUADOR;LA GUAIRA, VENEZUELA;21638.00;;;0;0;0;0;;;;;0.00;;BAMERICA CORP. (Dropship FEBECA - VE);;2025-11-26 00:00:00;;;;;;false;;;;;;;;;;;;;;;;;;;;;;;false;;;
19327;1;7000281;draft;23250.00;pending;2025-11-26;USD;FOB;;;;;23250.00;;23250.00;;;;;0.00;0.00;0;;;;;;;;;;;;;;;;;;;;;;;;;;;;;;;;2026-03-19 15:30:27;2026-03-19 15:30:27;5;;777;;;;"""[\""Standard\""]""";0.00;0.00;0.00;;;false;;;false;;FV - NOVIEMBRE 2025 - PF 3145356 - CONTENEDOR 2;;;;;false;false;false;false;false;false;false;false;false;;;2025-12-30 00:00:00;2025-12-30 00:00:00;;;;;;;;;2026-02-26 00:00:00;;CIF;FOB;PEDIDO COMPRA;;;;;Directo VE - Febeca, C.A.;84;MCG;OLO7;;-- N/A --;001-003-000006653;;5973;7140;;GUAYAQUIL, ECUADOR;LA GUAIRA, VENEZUELA;23250.00;;;0;0;0;0;;;;;0.00;;BAMERICA CORP. (Dropship FEBECA - VE);;2025-11-26 00:00:00;;;;;;false;;;;;;;;;;;;;;;;;;;;;;;false;;;
19328;1;7000282;draft;23250.00;pending;2025-11-26;USD;FOB;;;;;23250.00;;23250.00;;;;;0.00;0.00;0;;;;;;;;;;;;;;;;;;;;;;;;;;;;;;;;2026-03-19 15:30:27;2026-03-19 15:30:27;5;;777;;;;"""[\""Standard\""]""";0.00;0.00;0.00;;;false;;;false;;FV - NOVIEMBRE 2025 - PF 3145372 - CONTENEDOR 3;;;;;false;false;false;false;false;false;false;false;false;;;2025-12-30 00:00:00;2025-12-30 00:00:00;;;;;;;;;2026-02-26 00:00:00;;CIF;FOB;PEDIDO COMPRA;;;;;Directo VE - Febeca, C.A.;84;MCG;OLO7;;-- N/A --;001-003-000006652;;5973;7141;;GUAYAQUIL, ECUADOR;LA GUAIRA, VENEZUELA;23250.00;;;0;0;0;0;;;;;0.00;;BAMERICA CORP. (Dropship FEBECA - VE);;2025-11-26 00:00:00;;;;;;false;;;;;;;;;;;;;;;;;;;;;;;false;;;
19329;1;7000283;draft;20775.00;pending;2025-11-26;USD;FOB;;;;;20775.00;;20775.00;;;;;0.00;0.00;0;;;;;;;;;;;;;;;;;;;;;;;;;;;;;;;;2026-03-19 15:30:47;2026-03-19 15:30:47;5;;777;;;;"""[\""Standard\""]""";0.00;0.00;0.00;;;false;;;false;;FV - NOVIEMBRE 2025 - PF 3145375 - CONTENEDOR 4;;;;;false;false;false;false;false;false;false;false;false;;;2025-12-30 00:00:00;2025-12-30 00:00:00;;;;;;;;;2026-02-26 00:00:00;;CIF;FOB;PEDIDO COMPRA;;;;;Directo VE - Febeca, C.A.;84;MCG;OLO7;;-- N/A --;001-003-000006651;;5973;7142;;GUAYAQUIL, ECUADOR;LA GUAIRA, VENEZUELA;20775.00;;;0;0;0;0;;;;;0.00;;BAMERICA CORP. (Dropship FEBECA - VE);;2025-11-26 00:00:00;;;;;;false;;;;;;;;;;;;;;;;;;;;;;;false;;;
19330;1;7000284;draft;20775.00;pending;2025-11-26;USD;FOB;;;;;20775.00;;20775.00;;;;;0.00;0.00;0;;;;;;;;;;;;;;;;;;;;;;;;;;;;;;;;2026-03-19 15:30:47;2026-03-19 15:30:47;5;;777;;;;"""[\""Standard\""]""";0.00;0.00;0.00;;;false;;;false;;FV - NOVIEMBRE 2025 - PF 3145376 - CONTENEDOR 5;;;;;false;false;false;false;false;false;false;false;false;;;2025-12-30 00:00:00;2025-12-30 00:00:00;;;;;;;;;2026-02-26 00:00:00;;CIF;FOB;PEDIDO COMPRA;;;;;Directo VE - Febeca, C.A.;84;MCG;OLO7;;-- N/A --;001-003-000006650;;5973;7143;;GUAYAQUIL, ECUADOR;LA GUAIRA, VENEZUELA;20775.00;;;0;0;0;0;;;;;0.00;;BAMERICA CORP. (Dropship FEBECA - VE);;2025-11-26 00:00:00;;;;;;false;;;;;;;;;;;;;;;;;;;;;;;false;;;
19331;1;7000285;draft;23250.00;pending;2025-11-26;USD;FOB;;;;;23250.00;;23250.00;;;;;0.00;0.00;0;;;;;;;;;;;;;;;;;;;;;;;;;;;;;;;;2026-03-19 15:30:47;2026-03-19 15:30:47;5;;777;;;;"""[\""Standard\""]""";0.00;0.00;0.00;;;false;;;false;;FV - NOVIEMBRE 2025 - PF 3145382 - CONTENEDOR 6;;;;;false;false;false;false;false;false;false;false;false;;;2025-12-30 00:00:00;2025-12-30 00:00:00;;;;;;;;;2026-02-26 00:00:00;;CIF;FOB;PEDIDO COMPRA;;;;;Directo VE - Febeca, C.A.;84;MCG;OLO7;;-- N/A --;001-003-000006649;;5973;7144;;GUAYAQUIL, ECUADOR;LA GUAIRA, VENEZUELA;23250.00;;;0;0;0;0;;;;;0.00;;BAMERICA CORP. (Dropship FEBECA - VE);;2025-11-26 00:00:00;;;;;;false;;;;;;;;;;;;;;;;;;;;;;;false;;;
19332;1;7000286;draft;21638.00;pending;2025-11-26;USD;FOB;;;;;21638.00;;21638.00;;;;;0.00;0.00;0;;;;;;;;;;;;;;;;;;;;;;;;;;;;;;;;2026-03-19 15:30:47;2026-03-19 15:30:47;2;;777;;;;"""[\""Standard\""]""";0.00;0.00;0.00;;;false;;;false;;FV - NOVIEMBRE 2025 - PF 3145385 - CONTENEDOR 7;;;;;false;false;false;false;false;false;false;false;false;;;2025-12-30 00:00:00;2025-12-30 00:00:00;;;;;;;;;;;FOB;;PEDIDO COMPRA;;;;;Directo VE - Febeca, C.A.;84;MCG;OLO7;;;;;;;;GUAYAQUIL, ECUADOR;LA GUAIRA, VENEZUELA;;;;0;0;0;0;;;;;0.00;;BAMERICA CORP. (Dropship FEBECA - VE);;2025-11-26 00:00:00;;;;;;false;;;;;;;;;;;;;;;;;;;;;;;false;;;
19333;1;7000287;draft;23980.00;pending;2025-11-26;USD;FOB;;;;;23980.00;;23980.00;;;;;0.00;0.00;0;;;;;;;;;;;;;;;;;;;;;;;;;;;;;;;;2026-03-19 15:30:47;2026-03-19 15:30:47;2;;777;;;;"""[\""Standard\""]""";0.00;0.00;0.00;;;false;;;false;;FV - NOVIEMBRE 2025 - PF 3145392 - CONTENEDOR 8;;;;;false;false;false;false;false;false;false;false;false;;;2025-12-30 00:00:00;2025-12-30 00:00:00;;;;;;;;;;;FOB;;PEDIDO COMPRA;;;;;Directo VE - Febeca, C.A.;84;MCG;OLO7;;;;;;;;GUAYAQUIL, ECUADOR;LA GUAIRA, VENEZUELA;;;;0;0;0;0;;;;;0.00;;BAMERICA CORP. (Dropship FEBECA - VE);;2025-11-26 00:00:00;;;;;;false;;;;;;;;;;;;;;;;;;;;;;;false;;;
19334;1;7000288;draft;24750.00;pending;2025-11-26;USD;FOB;;;;;24750.00;;24750.00;;;;;0.00;0.00;0;;;;;;;;;;;;;;;;;;;;;;;;;;;;;;;;2026-03-19 15:30:47;2026-03-19 15:30:47;2;;777;;;;"""[\""Standard\""]""";0.00;0.00;0.00;;;false;;;false;;FV - NOVIEMBRE 2025 - PF 3145404 - CONTENEDOR 9;;;;;false;false;false;false;false;false;false;false;false;;;2025-12-30 00:00:00;2025-12-30 00:00:00;;;;;;;;;;;FOB;;PEDIDO COMPRA;;;;;Directo VE - Febeca, C.A.;84;MCG;OLO7;;;;;;;;GUAYAQUIL, ECUADOR;LA GUAIRA, VENEZUELA;;;;0;0;0;0;;;;;0.00;;BAMERICA CORP. (Dropship FEBECA - VE);;2025-11-26 00:00:00;;;;;;false;;;;;;;;;;;;;;;;;;;;;;;false;;;
19335;1;7000289;draft;23100.00;pending;2025-11-26;USD;FOB;;;;;23100.00;;23100.00;;;;;0.00;0.00;0;;;;;;;;;;;;;;;;;;;;;;;;;;;;;;;;2026-03-19 15:30:47;2026-03-19 15:30:47;2;;777;;;;"""[\""Standard\""]""";0.00;0.00;0.00;;;false;;;false;;FV - NOVIEMBRE 2025 - PF 3145407 - CONTENEDOR 10;;;;;false;false;false;false;false;false;false;false;false;;;2025-12-30 00:00:00;2025-12-30 00:00:00;;;;;;;;;;;FOB;;PEDIDO COMPRA;;;;;Directo VE - Febeca, C.A.;84;MCG;OLO7;;;;;;;;GUAYAQUIL, ECUADOR;LA GUAIRA, VENEZUELA;;;;0;0;0;0;;;;;0.00;;BAMERICA CORP. (Dropship FEBECA - VE);;2025-11-26 00:00:00;;;;;;false;;;;;;;;;;;;;;;;;;;;;;;false;;;
19336;1;7000290;draft;68400.00;pending;2025-11-26;USD;FOB;;;;;68400.00;;68400.00;;;;;0.00;0.00;0;;;;;;;;;;;;;;;;;;;;;;;;;;;;;;;;2026-03-19 15:30:47;2026-03-19 15:30:47;3;;777;;;;"""[\""Standard\""]""";0.00;0.00;0.00;;;false;;;false;;FV - NOVIEMBRE 2025 - PF 3145413 - CONTENEDOR 11;;;;;false;false;false;false;false;false;false;false;false;;;2025-12-30 00:00:00;2025-12-30 00:00:00;;;;;;;;;;;FOB;;PEDIDO COMPRA;;;;;Directo VE - Febeca, C.A.;84;MCG;OLO7;;;;;;;;GUAYAQUIL, ECUADOR;LA GUAIRA, VENEZUELA;;;;0;0;0;0;;;;;0.00;;BAMERICA CORP. (Dropship FEBECA - VE);;2025-11-26 00:00:00;;;;;;false;;;;;;;;;;;;;;;;;;;;;;;false;;;
19337;1;7000291;draft;11419.60;pending;2025-11-26;USD;FOB;;;;;11419.60;;11419.60;;;;;0.00;0.00;0;;;;;;;;;;;;;;;;;;;;;;;;;;;;;;;;2026-03-19 15:30:47;2026-03-19 15:30:47;5;;752;;;;"""[\""Standard\""]""";0.00;0.00;0.00;;;false;;;false;;Thu Nov 20 2025 00:00:40 GMT-0400 (hora de Venezuela);;;;;false;false;false;false;false;false;false;false;false;;;2026-01-27 00:00:00;2026-01-27 00:00:00;;;;;;;;;2026-02-05 00:00:00;;FOB;;COMPRAS A TERCEROS;;;;;Directo PE - Homecenters Peruanos S.A.;89;TERCEROS;OLO7;;-- N/A --;MK-250165;;5962;7129;;NINGBO, CHINA;CALLAO, PERU;11419.60;;;0;0;0;0;;;;;0.00;;Homecenters Peruanos S.A.;;2025-11-26 00:00:00;;;;;;false;;;;;;;;;;;;;;;;;;;;;;;false;;;
19338;1;7000292;draft;5166.72;pending;2025-11-27;USD;FOB;;;;;5166.72;;5166.72;;;;;0.00;0.00;0;;;;;;;;;;;;;;;;;;;;;;;;;;;;;;;;2026-03-19 15:30:48;2026-03-19 15:30:48;5;;778;;;;"""[\""Standard\""]""";0.00;0.00;0.00;;;false;;;false;;Sat Nov 22 2025 00:00:40 GMT-0400 (hora de Venezuela);;;;;false;false;false;false;false;false;false;false;false;;;2025-12-31 00:00:00;2025-12-31 00:00:00;;;;;;;;;2026-01-28 00:00:00;;FOB;;COMPRAS A TERCEROS;;;;;Directo PE - Homecenters Peruanos S.A.;80;TERCEROS;OLO7;;-- N/A --;25WS6679;;5953;7121;;NINGBO, CHINA;CALLAO, PERU;5166.72;;;0;0;0;0;;;;;0.00;;Homecenters Peruanos S.A.;;2025-11-27 00:00:00;;;;;;false;;;;;;;;;;;;;;;;;;;;;;;false;;;
19339;1;7000293;draft;22000.00;pending;2025-11-27;USD;FOB;;;;;22000.00;;22000.00;;;;;0.00;0.00;0;;;;;;;;;;;;;;;;;;;;;;;;;;;;;;;;2026-03-19 15:30:48;2026-03-19 15:30:48;2;;753;;;;"""[\""Standard\""]""";0.00;0.00;0.00;;;false;;;false;;STB-PERU202534;;;;;false;false;false;false;false;false;false;false;false;;;2026-01-31 00:00:00;2026-01-31 00:00:00;;;;;;;;;;;FOB;;COMPRAS A TERCEROS;;;;;Directo PE - Homecenters Peruanos S.A.;89;TERCEROS;OLO7;;;;;;;;QINGDAO, CHINA;CALLAO, PERU;;;;0;0;0;0;;;;;0.00;;Homecenters Peruanos S.A.;;2025-11-27 00:00:00;;;;;;false;;;;;;;;;;;;;;;;;;;;;;;false;;;
19340;1;7000294;draft;2368.00;pending;2025-11-28;USD;FOB;;;;;2368.00;;2368.00;;;;;0.00;0.00;0;;;;;;;;;;;;;;;;;;;;;;;;;;;;;;;;2026-03-19 15:30:48;2026-03-19 15:30:48;2;;772;;;;"""[\""Standard\""]""";0.00;0.00;0.00;;;false;;;false;;Nov 26,2025;;;;;false;false;false;false;false;false;false;false;false;;;2026-03-15 00:00:00;2026-03-15 00:00:00;;;;;;;;;;;FOB;;COMPRAS A TERCEROS;;;;;Directo PE - Tiendas Del Mejoramiento Del Hogar S.A.;87;TERCEROS;OLO7;;;;;;;;XIAMEN, CHINA;CALLAO, PERU;;;;0;0;0;0;;;;;0.00;;Tiendas Del Mejoramiento Del Hogar S.A.;;2025-11-28 00:00:00;;;;;;false;;;;;;;;;;;;;;;;;;;;;;;false;;;
19341;1;7000295;draft;15052.88;pending;2026-01-13;USD;FOB;;;;;15052.88;;15052.88;;;;;0.00;0.00;0;;;;;;;;;;;;;;;;;;;;;;;;;;;;;;;;2026-03-19 15:30:48;2026-03-19 15:30:48;5;;755;;;;"""[\""Standard\""]""";0.00;0.00;0.00;;;false;;;false;;Tue Nov 25 2025 00:00:40 GMT-0400 (hora de Venezuela);;;;;false;false;false;false;false;false;false;false;false;;;2026-01-02 00:00:00;2026-01-02 00:00:00;;;;;;;;;2026-01-13 00:00:00;;FOB;;COMPRAS A TERCEROS;;;;;Directo PE - Homecenters Peruanos S.A.;87;TERCEROS;OLO7;;-- N/A --;BA26011001;;5939;7107;;SHENZHEN, CHINA;CALLAO, PERU;15052.88;;;0;0;0;0;;;;;0.00;;;;2026-01-13 00:00:00;;;;;;false;;;;;;;;;;;;;;;;;;;;;;;false;;;
19342;1;7000296;draft;5639.38;pending;2025-12-04;USD;FOB;;;;;5639.38;;5639.38;;;;;0.00;0.00;0;;;;;;;;;;;;;;;;;;;;;;;;;;;;;;;;2026-03-19 15:30:48;2026-03-19 15:30:48;5;;779;;;;"""[\""Standard\""]""";0.00;0.00;0.00;;;false;;;false;;HMR 24B022;;;;;false;false;false;false;false;false;false;false;false;;;2026-01-15 00:00:00;2026-01-15 00:00:00;;;;;;;;;2026-03-12 00:00:00;;FOB;;COMPRAS A TERCEROS;;;;;Directo MX - VALVULAS Y ACCESORIOS APOLO SA DE CV;80;TERCEROS;OLO7;;-- N/A --;TEMU7651817;;5975;7147;;NINGBO, CHINA;MANZANILLO M, MÉXICO;5639.38;;;0;0;0;0;;;;;0.00;;VALVULAS Y ACCESORIOS APOLO SA DE CV;;2025-12-04 00:00:00;;;;;;false;;;;;;;;;;;;;;;;;;;;;;;false;;;
19343;1;7000297;draft;30821.00;pending;2026-01-23;USD;FOB;;;;;30821.00;;30821.00;;;;;0.00;0.00;0;;;;;;;;;;;;;;;;;;;;;;;;;;;;;;;;2026-03-19 15:30:48;2026-03-19 15:30:48;5;;753;;;;"""[\""Standard\""]""";0.00;0.00;0.00;;;false;;;false;;STB-PERU202520;;;;;false;false;false;false;false;false;false;false;false;;;2026-01-30 00:00:00;2026-01-30 00:00:00;;;;;;;;;2026-02-10 00:00:00;;FOB;;COMPRAS A TERCEROS;;;;;Directo PE - Homecenters Peruanos S.A.;89;TERCEROS;OLO7;;-- N/A --;STB-PERU202532;;5968;7135;;QINGDAO, CHINA;CALLAO, PERU;30821.00;;;0;0;0;0;;;;;0.00;;Homecenters Peruanos S.A.;;2026-01-23 00:00:00;;;;;;false;;;;;;;;;;;;;;;;;;;;;;;false;;;
19344;1;7000303;draft;10902.00;pending;2025-12-10;USD;FOB;;;;;10902.00;;10902.00;;;;;0.00;0.00;0;;;;;;;;;;;;;;;;;;;;;;;;;;;;;;;;2026-03-19 15:30:48;2026-03-19 15:30:48;5;;761;;;;"""[\""Standard\""]""";0.00;0.00;0.00;;;false;;;false;;OK;;;;;false;false;false;false;false;false;false;false;false;;;2025-12-25 00:00:00;2025-12-25 00:00:00;;;;;;;;;2026-01-15 00:00:00;;FOB;;COMPRAS A TERCEROS;;;;;Directo DO - Ferresuplidores FESU, SRL;89;TERCEROS;OLO7;;-- N/A --;LR251229HP;;5945;7113;;QINGDAO, CHINA;CAUCEDO, DOMINICAN REPUBLIC;10902.00;;;0;0;0;0;;;;;0.00;;Ferresuplidores FESU, SRL;;2025-12-10 00:00:00;;;;;;false;;;;;;;;;;;;;;;;;;;;;;;false;;;
19345;1;7000304;draft;25058.00;pending;2025-12-11;USD;FOB;;;;;25058.00;;25058.00;;;;;0.00;0.00;0;;;;;;;;;;;;;;;;;;;;;;;;;;;;;;;;2026-03-19 15:30:48;2026-03-19 15:30:48;2;;754;;;;"""[\""Standard\""]""";0.00;0.00;0.00;;;false;;;false;;OK;;;;;false;false;false;false;false;false;false;false;false;;;2026-03-15 00:00:00;2026-03-15 00:00:00;;;;;;;;;;;FOB;;COMPRAS A TERCEROS;;;;;Directo PE - Homecenters Peruanos S.A.;80;TERCEROS;OLO7;;;;;;;;SHENZHEN, CHINA;CALLAO, PERU;;;;0;0;0;0;;;;;0.00;;Homecenters Peruanos S.A.;;2025-12-11 00:00:00;;;;;;false;;;;;;;;;;;;;;;;;;;;;;;false;;;
19346;1;7000305;draft;25900.00;pending;2025-12-22;USD;FOB;;;;;25900.00;;25900.00;;;;;0.00;0.00;0;;;;;;;;;;;;;;;;;;;;;;;;;;;;;;;;2026-03-19 15:30:48;2026-03-19 15:30:48;5;;758;;;;"""[\""Standard\""]""";0.00;0.00;0.00;;;false;;;false;;Sat Apr 12 2025 00:00:40 GMT-0400 (hora de Venezuela);;;;;false;false;false;false;false;false;false;false;false;;;2026-01-15 00:00:00;2026-01-15 00:00:00;;;;;;;;;2026-01-20 00:00:00;;FOB;;COMPRAS A TERCEROS;;;;;Directo EC - Homecenter Ecuatorianos S.A.S (127597);85;TERCEROS;OLO7;;-- N/A --;BAC7000305;;5946;7114;;QINGDAO, CHINA;GUAYAQUIL, ECUADOR;25900.00;;;0;0;0;0;;;;;0.00;;Homecenter Ecuatorianos S.A.S (127597);;2025-12-22 00:00:00;;;;;;false;;;;;;;;;;;;;;;;;;;;;;;false;;;
19347;1;7000306;draft;11706.93;pending;2026-02-10;USD;FOB;;;;;11706.93;;11706.93;;;;;0.00;0.00;0;;;;;;;;;;;;;;;;;;;;;;;;;;;;;;;;2026-03-19 15:30:48;2026-03-19 15:30:48;5;;752;;;;"""[\""Standard\""]""";0.00;0.00;0.00;;;false;;;false;;ok;;;;;false;false;false;false;false;false;false;false;false;;;2026-01-30 00:00:00;2026-01-30 00:00:00;;;;;;;;;2026-02-10 00:00:00;;FOB;;COMPRAS A TERCEROS;;;;;Directo EC - Homecenter Ecuatorianos S.A.S (127597);79;TERCEROS;OLO7;;-- N/A --;MK-250172A;;5965;7132;;NINGBO, CHINA;GUAYAQUIL, ECUADOR;11706.93;;;0;0;0;0;;;;;0.00;;;;2026-02-10 00:00:00;;;;;;false;;;;;;;;;;;;;;;;;;;;;;;false;;;
19348;1;7000307;draft;2988.50;pending;2026-02-10;USD;FOB;;;;;2988.50;;2988.50;;;;;0.00;0.00;0;;;;;;;;;;;;;;;;;;;;;;;;;;;;;;;;2026-03-19 15:30:48;2026-03-19 15:30:48;5;;752;;;;"""[\""Standard\""]""";0.00;0.00;0.00;;;false;;;false;;ok;;;;;false;false;false;false;false;false;false;false;false;;;2026-01-30 00:00:00;2026-01-30 00:00:00;;;;;;;;;2026-02-10 00:00:00;;FOB;;COMPRAS A TERCEROS;;;;;Directo EC - Homecenters Ecuatorianos S.A.S;79;TERCEROS;OLO7;;-- N/A --;MK-250172B;;5966;7133;;NINGBO, CHINA;GUAYAQUIL, ECUADOR;2988.50;;;0;0;0;0;;;;;0.00;;;;2026-02-10 00:00:00;;;;;;false;;;;;;;;;;;;;;;;;;;;;;;false;;;
19349;1;7000308;draft;11648.00;pending;2025-12-12;USD;FOB;;;;;11648.00;;11648.00;;;;;0.00;0.00;0;;;;;;;;;;;;;;;;;;;;;;;;;;;;;;;;2026-03-19 15:30:48;2026-03-19 15:30:48;5;;753;;;;"""[\""Standard\""]""";0.00;0.00;0.00;;;false;;;false;;ok;;;;;false;false;false;false;false;false;false;false;false;;;2026-01-22 00:00:00;2026-01-22 00:00:00;;;;;;;;;2026-01-13 00:00:00;;FOB;;COMPRAS A TERCEROS;;;;;Directo CO - Decoramia S.A.S.;89;TERCEROS;OLO7;;-- N/A --;STB-COLOMBIA-202507;;5941;7109;;QINGDAO, CHINA;BUENAVENTURA, COLOMBIA;11648.00;;;0;0;0;0;;;;;0.00;;Decoramia S.A.S.;;2025-12-12 00:00:00;;;;;;false;;;;;;;;;;;;;;;;;;;;;;;false;;;
19350;1;7000309;draft;14225.28;pending;2025-12-12;USD;FOB;;;;;14225.28;;14225.28;;;;;0.00;0.00;0;;;;;;;;;;;;;;;;;;;;;;;;;;;;;;;;2026-03-19 15:30:48;2026-03-19 15:30:48;2;;753;;;;"""[\""Standard\""]""";0.00;0.00;0.00;;;false;;;false;;ok;;;;;false;false;false;false;false;false;false;false;false;;;2026-03-15 00:00:00;2026-03-15 00:00:00;;;;;;;;;;;FOB;;COMPRAS A TERCEROS;;;;;Directo CO - Decoramia S.A.S.;89;TERCEROS;OLO7;;;;;;;;QINGDAO, CHINA;BUENAVENTURA, COLOMBIA;;;;0;0;0;0;;;;;0.00;;Decoramia S.A.S.;;2025-12-12 00:00:00;;;;;;false;;;;;;;;;;;;;;;;;;;;;;;false;;;
19351;1;7000311;draft;8295.00;pending;2025-12-15;USD;FOB;;;;;8295.00;;8295.00;;;;;0.00;0.00;0;;;;;;;;;;;;;;;;;;;;;;;;;;;;;;;;2026-03-19 15:30:48;2026-03-19 15:30:48;3;;761;;;;"""[\""Standard\""]""";0.00;0.00;0.00;;;false;;;false;;ok;;;;;false;false;false;false;false;false;false;false;false;;;2026-01-04 00:00:00;2026-01-04 00:00:00;;;;;;;;;;;FOB;;COMPRAS A TERCEROS;;;;;Directo EC - Homecenters Ecuatorianos S.A.S;89;TERCEROS;OLO7;;;;;;;;QINGDAO, CHINA;GUAYAQUIL, ECUADOR;;;;0;0;0;0;;;;;0.00;;Homecenters Ecuatorianos S.A.S;;2025-12-15 00:00:00;;;;;;false;;;;;;;;;;;;;;;;;;;;;;;false;;;
19352;1;7000312;draft;16163.47;pending;2025-12-15;USD;FOB;;;;;16163.47;;16163.47;;;;;0.00;0.00;0;;;;;;;;;;;;;;;;;;;;;;;;;;;;;;;;2026-03-19 15:30:48;2026-03-19 15:30:48;5;;780;;;;"""[\""Standard\""]""";0.00;0.00;0.00;;;false;;;false;;OK;;;;;false;false;false;false;false;false;false;false;false;;;2026-01-08 00:00:00;2026-01-08 00:00:00;;;;;;;;;2026-01-22 00:00:00;;FOB;;COMPRAS A TERCEROS;;;;;Directo EC - Homecenters Ecuatorianos S.A.S;85;TERCEROS;OLO7;;-- N/A --;XDF-25177 EC;;5947;7115;;SHANGHAI, CHINA;GUAYAQUIL, ECUADOR;16163.47;;;0;0;0;0;;;;;0.00;;Homecenters Ecuatorianos S.A.S;;2025-12-15 00:00:00;;;;;;false;;;;;;;;;;;;;;;;;;;;;;;false;;;
19353;1;7000314;draft;1945.60;pending;2026-01-08;USD;FOB;;;;;1945.60;;1945.60;;;;;0.00;0.00;0;;;;;;;;;;;;;;;;;;;;;;;;;;;;;;;;2026-03-19 15:30:48;2026-03-19 15:30:48;5;;757;;;;"""[\""Standard\""]""";0.00;0.00;0.00;;;false;;;false;;Tue Dec 23 2025 00:00:40 GMT-0400 (hora de Venezuela);;;;;false;false;false;false;false;false;false;false;false;;;2026-01-31 00:00:00;2026-01-31 00:00:00;;;;;;;;;2026-02-04 00:00:00;;FOB;;COMPRAS A TERCEROS;;;;;Directo PE - Homecenters Peruanos S.A.;87;TERCEROS;OLO7;;-- N/A --;25GG120;;5961;7128;;NINGBO, CHINA;CALLAO, PERU;1945.60;;;0;0;0;0;;;;;0.00;;Homecenters Peruanos S.A.;;2026-01-08 00:00:00;;;;;;false;;;;;;;;;;;;;;;;;;;;;;;false;;;
19354;1;7000315;draft;23610.60;pending;2026-01-07;USD;FOB;;;;;23610.60;;23610.60;;;;;0.00;0.00;0;;;;;;;;;;;;;;;;;;;;;;;;;;;;;;;;2026-03-19 15:30:48;2026-03-19 15:30:48;5;;753;;;;"""[\""Standard\""]""";0.00;0.00;0.00;;;false;;;false;;STB-PERU202535;;;;;false;false;false;false;false;false;false;false;false;;;2026-01-31 00:00:00;2026-01-31 00:00:00;;;;;;;;;2026-01-28 00:00:00;;FOB;;COMPRAS A TERCEROS;;;;;Directo EC - Homecenters Ecuatorianos S.A.S;89;TERCEROS;OLO7;;-- N/A --;STB-ECUADOR202601;;5952;7120;;QINGDAO, CHINA;GUAYAQUIL, ECUADOR;23610.60;;;0;0;0;0;;;;;0.00;;Homecenters Ecuatorianos S.A.S;;2026-01-07 00:00:00;;;;;;false;;;;;;;;;;;;;;;;;;;;;;;false;;;
19355;1;7000316;draft;10450.00;pending;2026-01-15;USD;FOB;;;;;10450.00;;10450.00;;;;;0.00;0.00;0;;;;;;;;;;;;;;;;;;;;;;;;;;;;;;;;2026-03-19 15:30:48;2026-03-19 15:30:48;2;;776;;;;"""[\""Standard\""]""";0.00;0.00;0.00;;;false;;;false;;Mon Nov 24 2025 00:00:40 GMT-0400 (hora de Venezuela);;;;;false;false;false;false;false;false;false;false;false;;;2026-03-31 00:00:00;2026-03-31 00:00:00;;;;;;;;;;;FOB;;COMPRAS A TERCEROS;;;;;Directo PE - Homecenters Peruanos S.A.;85;TERCEROS;OLO7;;;;;;;;ZHONGSHAN, CHINA;CALLAO, PERU;;;;0;0;0;0;;;;;0.00;;Homecenters Peruanos S.A.;;2026-01-15 00:00:00;;;;;;false;;;;;;;;;;;;;;;;;;;;;;;false;;;
19356;1;7000319;draft;2621.00;pending;2026-01-15;USD;FOB;;;;;2621.00;;2621.00;;;;;0.00;0.00;0;;;;;;;;;;;;;;;;;;;;;;;;;;;;;;;;2026-03-19 15:30:48;2026-03-19 15:30:48;2;;752;;;;"""[\""Standard\""]""";0.00;0.00;0.00;;;false;;;false;;2026.01.06;;;;;false;false;false;false;false;false;false;false;false;;;2026-04-10 00:00:00;2026-04-10 00:00:00;;;;;;;;;;;FOB;;COMPRAS A TERCEROS;;;;;Directo PE - Homecenters Peruanos S.A.;89;TERCEROS;OLO7;;;;;;;;NINGBO, CHINA;CALLAO, PERU;;;;0;0;0;0;;;;;0.00;;Homecenters Peruanos S.A.;;2026-01-15 00:00:00;;;;;;false;;;;;;;;;;;;;;;;;;;;;;;false;;;
19357;1;7000320;draft;41550.00;pending;2026-01-15;USD;FOB;;;;;41550.00;;41550.00;;;;;0.00;0.00;0;;;;;;;;;;;;;;;;;;;;;;;;;;;;;;;;2026-03-19 15:30:48;2026-03-19 15:30:48;2;;758;;;;"""[\""Standard\""]""";0.00;0.00;0.00;;;false;;;false;;14/1/2026;;;;;false;false;false;false;false;false;false;false;false;;;2026-04-10 00:00:00;2026-04-10 00:00:00;;;;;;;;;;;FOB;;COMPRAS A TERCEROS;;;;;Directo PE - Homecenters Peruanos S.A.;85;TERCEROS;OLO7;;;;;;;;QINGDAO, CHINA;CALLAO, PERU;;;;0;0;0;0;;;;;0.00;;Homecenters Peruanos S.A.;;2026-01-15 00:00:00;;;;;;false;;;;;;;;;;;;;;;;;;;;;;;false;;;
19358;1;7000321;draft;13890.00;pending;2026-01-15;USD;FOB;;;;;13890.00;;13890.00;;;;;0.00;0.00;0;;;;;;;;;;;;;;;;;;;;;;;;;;;;;;;;2026-03-19 15:30:48;2026-03-19 15:30:48;2;;758;;;;"""[\""Standard\""]""";0.00;0.00;0.00;;;false;;;false;;OK;;;;;false;false;false;false;false;false;false;false;false;;;2026-04-10 00:00:00;2026-04-10 00:00:00;;;;;;;;;;;FOB;;COMPRAS A TERCEROS;;;;;Directo PE - Homecenters Peruanos S.A.;85;TERCEROS;OLO7;;;;;;;;QINGDAO, CHINA;PAITA, PERU;;;;0;0;0;0;;;;;0.00;;Homecenters Peruanos S.A.;;2026-01-15 00:00:00;;;;;;false;;;;;;;;;;;;;;;;;;;;;;;false;;;
19359;1;7000322;draft;29979.40;pending;2026-01-16;USD;FOB;;;;;29979.40;;29979.40;;;;;0.00;0.00;0;;;;;;;;;;;;;;;;;;;;;;;;;;;;;;;;2026-03-19 15:30:48;2026-03-19 15:30:48;2;;754;;;;"""[\""Standard\""]""";0.00;0.00;0.00;;;false;;;false;;Mon Jan 05 2026 00:00:40 GMT-0400 (hora de Venezuela);;;;;false;false;false;false;false;false;false;false;false;;;2026-04-17 00:00:00;2026-04-17 00:00:00;;;;;;;;;;;FOB;;COMPRAS A TERCEROS;;;;;Directo PE - Homecenters Peruanos S.A.;80;TERCEROS;OLO7;;;;;;;;SHENZHEN, CHINA;CALLAO, PERU;;;;0;0;0;0;;;;;0.00;;Homecenters Peruanos S.A.;;2026-01-16 00:00:00;;;;;;false;;;;;;;;;;;;;;;;;;;;;;;false;;;
19360;1;7000323;draft;4920.00;pending;2026-01-19;USD;FOB;;;;;4920.00;;4920.00;;;;;0.00;0.00;0;;;;;;;;;;;;;;;;;;;;;;;;;;;;;;;;2026-03-19 15:30:48;2026-03-19 15:30:48;5;;781;;;;"""[\""Standard\""]""";0.00;0.00;0.00;;;false;;;false;;TOP2026011301;;;;;false;false;false;false;false;false;false;false;false;;;2026-02-01 00:00:00;2026-02-01 00:00:00;;;;;;;;;2026-02-12 00:00:00;;FOB;;COMPRAS A TERCEROS;;;;;Directo PE - Implementos Peru S.A.C;80;TERCEROS;OLO7;;-- N/A --;TOP20260120B;;5969;7136;;TIANJIN, CHINA;CALLAO, PERU;4920.00;;;0;0;0;0;;;;;0.00;;Implementos Peru S.A.C;;2026-01-19 00:00:00;;;;;;false;;;;;;;;;;;;;;;;;;;;;;;false;;;
19361;1;7000324;draft;43700.00;pending;2026-01-21;USD;FOB;;;;;43700.00;;43700.00;;;;;0.00;0.00;0;;;;;;;;;;;;;;;;;;;;;;;;;;;;;;;;2026-03-19 15:30:48;2026-03-23 00:00:07;2;;782;;;;"""[\""Standard\""]""";0.00;0.00;0.00;biL92iI7zBVM8srP77OGN1AQ9aF9puzjrIJ1KFHYL5fH7e2VmMChm13Jf2jm0byT;2026-03-26 00:00:07;false;;;false;;CX25RFJ907;;;;;false;false;false;false;false;false;false;false;false;;;2026-03-27 00:00:00;2026-03-27 00:00:00;;;;;;;;;;;FOB;;COMPRAS A TERCEROS;;;;;Directo PE - Homecenters Peruanos S.A.;82;TERCEROS;OLO7;;;;;;;;NINGBO, CHINA;CALLAO, PERU;;;;0;0;0;0;;;;;0.00;;Homecenters Peruanos S.A.;;2026-01-21 00:00:00;;;;;;false;;;;;;;;;;;;;;;;;;;;;;;false;;;
19362;1;7000325;draft;18700.00;pending;2026-01-23;USD;FOB;;;;;18700.00;;18700.00;;;;;0.00;0.00;0;;;;;;;;;;;;;;;;;;;;;;;;;;;;;;;;2026-03-19 15:30:48;2026-03-19 15:30:48;2;;753;;;;"""[\""Standard\""]""";0.00;0.00;0.00;;;false;;;false;;ok;;;;;false;false;false;false;false;false;false;false;false;;;2026-01-30 00:00:00;2026-01-30 00:00:00;;;;;;;;;;;FOB;;COMPRAS A TERCEROS;;;;;Directo PE - Homecenters Peruanos S.A.;89;TERCEROS;OLO7;;;;;;;;QINGDAO, CHINA;CALLAO, PERU;;;;0;0;0;0;;;;;0.00;;Homecenters Peruanos S.A.;;2026-01-23 00:00:00;;;;;;false;;;;;;;;;;;;;;;;;;;;;;;false;;;
19363;1;7000326;draft;37820.00;pending;2026-01-23;USD;FOB;;;;;37820.00;;37820.00;;;;;0.00;0.00;0;;;;;;;;;;;;;;;;;;;;;;;;;;;;;;;;2026-03-19 15:30:48;2026-03-19 15:30:48;2;;773;;;;"""[\""Standard\""]""";0.00;0.00;0.00;;;false;;;false;;22/Jan/26;;;;;false;false;false;false;false;false;false;false;false;;;2026-04-30 00:00:00;2026-04-30 00:00:00;;;;;;;;;;;FOB;;COMPRAS A TERCEROS;;;;;Directo MX - VALVULAS Y ACCESORIOS APOLO SA DE CV;80;TERCEROS;OLO7;;;;;;;;NINGBO, CHINA;MANZANILLO M, MÉXICO;;;;0;0;0;0;;;;;0.00;;VALVULAS Y ACCESORIOS APOLO SA DE CV;;2026-01-23 00:00:00;;;;;;false;;;;;;;;;;;;;;;;;;;;;;;false;;;
19364;1;7000327;draft;22831.00;pending;2026-01-23;USD;FOB;;;;;22831.00;;22831.00;;;;;0.00;0.00;0;;;;;;;;;;;;;;;;;;;;;;;;;;;;;;;;2026-03-19 15:30:48;2026-03-19 15:30:48;2;;769;;;;"""[\""Standard\""]""";0.00;0.00;0.00;;;false;;;false;;Fri Jan 16 2026 00:00:40 GMT-0400 (hora de Venezuela);;;;;false;false;false;false;false;false;false;false;false;;;2026-04-05 00:00:00;2026-04-05 00:00:00;;;;;;;;;;;FOB;;COMPRAS A TERCEROS;;;;;Directo PE - Homecenters Peruanos S.A.;80;TERCEROS;OLO7;;;;;;;;MAWEI FUZHOU, CHINA;CALLAO, PERU;;;;0;0;0;0;;;;;0.00;;Homecenters Peruanos S.A.;;2026-01-23 00:00:00;;;;;;false;;;;;;;;;;;;;;;;;;;;;;;false;;;
19365;1;7000328;draft;3880.00;pending;2026-01-27;USD;FOB;;;;;3880.00;;3880.00;;;;;0.00;0.00;0;;;;;;;;;;;;;;;;;;;;;;;;;;;;;;;;2026-03-19 15:30:48;2026-03-19 15:30:48;2;;772;;;;"""[\""Standard\""]""";0.00;0.00;0.00;;;false;;;false;;Jan, 2026;;;;;false;false;false;false;false;false;false;false;false;;;2026-05-04 00:00:00;2026-05-04 00:00:00;;;;;;;;;;;FOB;;COMPRAS A TERCEROS;;;;;Directo PE - Tiendas Del Mejoramiento Del Hogar S.A.;87;TERCEROS;OLO7;;;;;;;;XIAMEN, CHINA;CALLAO, PERU;;;;0;0;0;0;;;;;0.00;;Tiendas Del Mejoramiento Del Hogar S.A.;;2026-01-27 00:00:00;;;;;;false;;;;;;;;;;;;;;;;;;;;;;;false;;;
19366;1;7000329;draft;25392.64;pending;2026-02-10;USD;FOB;;;;;25392.64;;25392.64;;;;;0.00;0.00;0;;;;;;;;;;;;;;;;;;;;;;;;;;;;;;;;2026-03-19 15:30:48;2026-03-19 15:30:48;2;;753;;;;"""[\""Standard\""]""";0.00;0.00;0.00;;;false;;;false;;STB-Colombia-202601;;;;;false;false;false;false;false;false;false;false;false;;;2026-04-15 00:00:00;2026-04-15 00:00:00;;;;;;;;;;;FOB;;COMPRAS A TERCEROS;;;;;Directo CO - Cencosud Colombia S.A.;89;TERCEROS;OLO7;;;;;;;;QINGDAO, CHINA;BUENAVENTURA, COLOMBIA;;;;0;0;0;0;;;;;0.00;;Cencosud Colombia S.A.;;2026-02-10 00:00:00;;;;;;false;;;;;;;;;;;;;;;;;;;;;;;false;;;
19367;1;7000332;draft;13860.00;pending;2026-02-13;USD;FOB;;;;;13860.00;;13860.00;;;;;0.00;0.00;0;;;;;;;;;;;;;;;;;;;;;;;;;;;;;;;;2026-03-19 15:30:48;2026-03-19 15:30:48;2;;753;;;;"""[\""Standard\""]""";0.00;0.00;0.00;;;false;;;false;;ok;;;;;false;false;false;false;false;false;false;false;false;;;2026-07-01 00:00:00;2026-07-01 00:00:00;;;;;;;;;;;FOB;;COMPRAS A TERCEROS;;;;;Directo CL - Easy Retail S.A;89;TERCEROS;OLO7;;;;;;;;QINGDAO, CHINA;VALPARAISO, CHILE;;;;0;0;0;0;;;;;0.00;;Easy Retail S.A;;2026-02-13 00:00:00;;;;;;false;;;;;;;;;;;;;;;;;;;;;;;false;;;
19368;1;7000333;draft;13860.00;pending;2026-02-13;USD;FOB;;;;;13860.00;;13860.00;;;;;0.00;0.00;0;;;;;;;;;;;;;;;;;;;;;;;;;;;;;;;;2026-03-19 15:30:48;2026-03-19 15:30:48;2;;753;;;;"""[\""Standard\""]""";0.00;0.00;0.00;;;false;;;false;;ok;;;;;false;false;false;false;false;false;false;false;false;;;2026-11-01 00:00:00;2026-11-01 00:00:00;;;;;;;;;;;FOB;;COMPRAS A TERCEROS;;;;;Directo CL - Easy Retail S.A;89;TERCEROS;OLO7;;;;;;;;QINGDAO, CHINA;VALPARAISO, CHILE;;;;0;0;0;0;;;;;0.00;;Easy Retail S.A;;2026-02-13 00:00:00;;;;;;false;;;;;;;;;;;;;;;;;;;;;;;false;;;
19369;1;7000334;draft;13860.00;pending;2026-02-13;USD;FOB;;;;;13860.00;;13860.00;;;;;0.00;0.00;0;;;;;;;;;;;;;;;;;;;;;;;;;;;;;;;;2026-03-19 15:30:48;2026-03-19 15:30:48;2;;753;;;;"""[\""Standard\""]""";0.00;0.00;0.00;;;false;;;false;;ok;;;;;false;false;false;false;false;false;false;false;false;;;2026-05-01 00:00:00;2026-05-01 00:00:00;;;;;;;;;;;FOB;;COMPRAS A TERCEROS;;;;;Directo CL - Easy Retail S.A;89;TERCEROS;OLO7;;;;;;;;QINGDAO, CHINA;VALPARAISO, CHILE;;;;0;0;0;0;;;;;0.00;;Easy Retail S.A;;2026-02-13 00:00:00;;;;;;false;;;;;;;;;;;;;;;;;;;;;;;false;;;
19370;1;7000335;draft;99000.00;pending;2026-02-13;USD;FOB;;;;;99000.00;;99000.00;;;;;0.00;0.00;0;;;;;;;;;;;;;;;;;;;;;;;;;;;;;;;;2026-03-19 15:30:48;2026-03-19 23:00:05;2;;753;;;;"""[\""Standard\""]""";0.00;0.00;0.00;641ygJyNWb7DqLoUpF9ZrsmrB5pYTw9Vu7iRNsns2lFlqK2cDgVZaARKuiPJUVSc;2026-03-22 23:00:05;false;;;false;;ok;;;;;false;false;false;false;false;false;false;false;false;;;2026-03-20 00:00:00;2026-03-20 00:00:00;;;;;;;;;;;FOB;;COMPRAS A TERCEROS;;;;;Directo CL - Easy Retail S.A;89;TERCEROS;OLO7;;;;;;;;QINGDAO, CHINA;VALPARAISO, CHILE;;;;0;0;0;0;;;;;0.00;;Easy Retail S.A;;2026-02-13 00:00:00;;;;;;false;;;;;;;;;;;;;;;;;;;;;;;false;;;
19371;1;7000336;draft;0.20;pending;2026-02-13;USD;;;;;;0.20;;0.20;;;;;0.00;0.00;0;;;;;;;;;;;;;;;;;;;;;;;;;;;;;;;;2026-03-19 15:30:49;2026-03-19 15:30:49;5;;753;;;;"""[\""Standard\""]""";0.00;0.00;0.00;;;false;;;false;;;;;;;false;false;false;false;false;false;false;false;false;;;2026-02-14 00:00:00;2026-02-14 00:00:00;;;;;;;;;2026-02-13 00:00:00;;;;COMPRAS A TERCEROS;;;;;;79;TERCEROS;OLO7;;-- N/A --;STB--PERU202514;;5971;7138;;QINGDAO, CHINA;PUERTO ARICA, PERU;0.20;;;0;0;0;0;;;;;0.00;;;;2026-02-13 00:00:00;;;;;;false;;;;;;;;;;;;;;;;;;;;;;;false;;;
19372;1;7000338;draft;47960.00;pending;2026-03-12;USD;FOB;;;;;47960.00;;47960.00;;;;;0.00;0.00;0;;;;;;;;;;;;;;;;;;;;;;;;;;;;;;;;2026-03-19 15:30:49;2026-03-19 15:30:49;2;;753;;;;"""[\""Standard\""]""";0.00;0.00;0.00;;;false;;;false;;STB-Chile202601;;;;;false;false;false;false;false;false;false;false;false;;;2026-04-20 00:00:00;2026-04-20 00:00:00;;;;;;;;;;;FOB;;COMPRAS A TERCEROS;;;;;Directo CL - Easy Retail S.A;79;TERCEROS;OLO7;;;;;;;;QINGDAO, CHINA;VALPARAISO, CHILE;;;;0;0;0;0;;;;;0.00;;Easy Retail S.A;;2026-03-12 00:00:00;;;;;;false;;;;;;;;;;;;;;;;;;;;;;;false;;;
19373;1;7000339;draft;59950.00;pending;2026-02-18;USD;FOB;;;;;59950.00;;59950.00;;;;;0.00;0.00;0;;;;;;;;;;;;;;;;;;;;;;;;;;;;;;;;2026-03-19 15:30:49;2026-03-19 15:30:49;2;;753;;;;"""[\""Standard\""]""";0.00;0.00;0.00;;;false;;;false;;STB-Chile202602;;;;;false;false;false;false;false;false;false;false;false;;;2026-06-04 00:00:00;2026-06-04 00:00:00;;;;;;;;;;;FOB;;COMPRAS A TERCEROS;;;;;Directo CL - Easy Retail S.A;89;TERCEROS;OLO7;;;;;;;;QINGDAO, CHINA;VALPARAISO, CHILE;;;;0;0;0;0;;;;;0.00;;Easy Retail S.A;;2026-02-18 00:00:00;;;;;;false;;;;;;;;;;;;;;;;;;;;;;;false;;;
19374;1;7000340;draft;83930.00;pending;2026-02-18;USD;FOB;;;;;83930.00;;83930.00;;;;;0.00;0.00;0;;;;;;;;;;;;;;;;;;;;;;;;;;;;;;;;2026-03-19 15:30:49;2026-03-19 15:30:49;2;;753;;;;"""[\""Standard\""]""";0.00;0.00;0.00;;;false;;;false;;ok;;;;;false;false;false;false;false;false;false;false;false;;;2026-04-20 00:00:00;2026-04-20 00:00:00;;;;;;;;;;;FOB;;COMPRAS A TERCEROS;;;;;Directo CL - Easy Retail S.A;89;TERCEROS;OLO7;;;;;;;;QINGDAO, CHINA;VALPARAISO, CHILE;;;;0;0;0;0;;;;;0.00;;Easy Retail S.A;;2026-02-18 00:00:00;;;;;;false;;;;;;;;;;;;;;;;;;;;;;;false;;;
19375;1;7000341;draft;83930.00;pending;2026-02-18;USD;FOB;;;;;83930.00;;83930.00;;;;;0.00;0.00;0;;;;;;;;;;;;;;;;;;;;;;;;;;;;;;;;2026-03-19 15:30:49;2026-03-19 15:30:49;2;;753;;;;"""[\""Standard\""]""";0.00;0.00;0.00;;;false;;;false;;STB-Chile202603;;;;;false;false;false;false;false;false;false;false;false;;;2026-06-22 00:00:00;2026-06-22 00:00:00;;;;;;;;;;;FOB;;COMPRAS A TERCEROS;;;;;Directo CL - Easy Retail S.A;89;TERCEROS;OLO7;;;;;;;;QINGDAO, CHINA;VALPARAISO, CHILE;;;;0;0;0;0;;;;;0.00;;Easy Retail S.A;;2026-02-18 00:00:00;;;;;;false;;;;;;;;;;;;;;;;;;;;;;;false;;;
19376;1;7000342;draft;131890.00;pending;2026-02-18;USD;FOB;;;;;131890.00;;131890.00;;;;;0.00;0.00;0;;;;;;;;;;;;;;;;;;;;;;;;;;;;;;;;2026-03-19 15:30:49;2026-03-19 15:30:49;2;;753;;;;"""[\""Standard\""]""";0.00;0.00;0.00;;;false;;;false;;STB-Chile202605;;;;;false;false;false;false;false;false;false;false;false;;;2026-08-20 00:00:00;2026-08-20 00:00:00;;;;;;;;;;;FOB;;COMPRAS A TERCEROS;;;;;Directo CL - Easy Retail S.A;89;TERCEROS;OLO7;;;;;;;;QINGDAO, CHINA;VALPARAISO, CHILE;;;;0;0;0;0;;;;;0.00;;Easy Retail S.A;;2026-02-18 00:00:00;;;;;;false;;;;;;;;;;;;;;;;;;;;;;;false;;;
19377;1;7000343;draft;16960.00;pending;2026-03-05;USD;FOB;;;;;16960.00;;16960.00;;;;;0.00;0.00;0;;;;;;;;;;;;;;;;;;;;;;;;;;;;;;;;2026-03-19 15:30:49;2026-03-19 15:30:49;2;;783;;;;"""[\""Standard\""]""";0.00;0.00;0.00;;;false;;;false;;26/11/2025;;;;;false;false;false;false;false;false;false;false;false;;;2026-07-20 00:00:00;2026-07-20 00:00:00;;;;;;;;;;;FOB;;COMPRAS A TERCEROS;;;;;Directo CL - Easy Retail S.A;89;TERCEROS;OLO7;;;;;;;;SHENZHEN, CHINA;VALPARAISO, CHILE;;;;0;0;0;0;;;;;0.00;;Easy Retail S.A;;2026-03-05 00:00:00;;;;;;false;;;;;;;;;;;;;;;;;;;;;;;false;;;
19378;1;7000344;draft;16960.00;pending;2026-03-05;USD;FOB;;;;;16960.00;;16960.00;;;;;0.00;0.00;0;;;;;;;;;;;;;;;;;;;;;;;;;;;;;;;;2026-03-19 15:30:49;2026-03-19 15:30:49;2;;783;;;;"""[\""Standard\""]""";0.00;0.00;0.00;;;false;;;false;;26/11/2025;;;;;false;false;false;false;false;false;false;false;false;;;2026-04-20 00:00:00;2026-04-20 00:00:00;;;;;;;;;;;FOB;;COMPRAS A TERCEROS;;;;;Directo CL - Easy Retail S.A;89;TERCEROS;OLO7;;;;;;;;SHENZHEN, CHINA;VALPARAISO, CHILE;;;;0;0;0;0;;;;;0.00;;Easy Retail S.A;;2026-03-05 00:00:00;;;;;;false;;;;;;;;;;;;;;;;;;;;;;;false;;;
19379;1;7000347;draft;27975.00;pending;2026-02-18;USD;FOB;;;;;27975.00;;27975.00;;;;;0.00;0.00;0;;;;;;;;;;;;;;;;;;;;;;;;;;;;;;;;2026-03-19 15:30:49;2026-03-19 15:30:49;2;;758;;;;"""[\""Standard\""]""";0.00;0.00;0.00;;;false;;;false;;Tue Feb 10 2026 00:00:40 GMT-0400 (hora de Venezuela);;;;;false;false;false;false;false;false;false;false;false;;;2026-04-05 00:00:00;2026-04-05 00:00:00;;;;;;;;;;;FOB;;COMPRAS A TERCEROS;;;;;Directo PE - Homecenters Peruanos S.A.;85;TERCEROS;OLO7;;;;;;;;QINGDAO, CHINA;CALLAO, PERU;;;;0;0;0;0;;;;;0.00;;Homecenters Peruanos S.A.;;2026-02-18 00:00:00;;;;;;false;;;;;;;;;;;;;;;;;;;;;;;false;;;
19380;1;7000348;draft;20247.36;pending;2026-02-18;USD;FOB;;;;;20247.36;;20247.36;;;;;0.00;0.00;0;;;;;;;;;;;;;;;;;;;;;;;;;;;;;;;;2026-03-19 15:30:49;2026-03-19 15:30:49;2;;755;;;;"""[\""Standard\""]""";0.00;0.00;0.00;;;false;;;false;;Thu Feb 12 2026 00:00:40 GMT-0400 (hora de Venezuela);;;;;false;false;false;false;false;false;false;false;false;;;2026-04-20 00:00:00;2026-04-20 00:00:00;;;;;;;;;;;FOB;;COMPRAS A TERCEROS;;;;;Directo PE - Homecenters Peruanos S.A.;87;TERCEROS;OLO7;;;;;;;;SHENZHEN, CHINA;CALLAO, PERU;;;;0;0;0;0;;;;;0.00;;Homecenters Peruanos S.A.;;2026-02-18 00:00:00;;;;;;false;;;;;;;;;;;;;;;;;;;;;;;false;;;
19381;1;7000349;draft;22214.04;pending;2026-02-18;USD;FOB;;;;;22214.04;;22214.04;;;;;0.00;0.00;0;;;;;;;;;;;;;;;;;;;;;;;;;;;;;;;;2026-03-19 15:30:49;2026-03-19 15:30:49;2;;771;;;;"""[\""Standard\""]""";0.00;0.00;0.00;;;false;;;false;;Tue Feb 03 2026 00:00:40 GMT-0400 (hora de Venezuela);;;;;false;false;false;false;false;false;false;false;false;;;2026-04-06 00:00:00;2026-04-06 00:00:00;;;;;;;;;;;FOB;;COMPRAS A TERCEROS;;;;;Directo CL - Easy Retail S.A;89;TERCEROS;OLO7;;;;;;;;QINGDAO, CHINA;VALPARAISO, CHILE;;;;0;0;0;0;;;;;0.00;;Easy Retail S.A;;2026-02-18 00:00:00;;;;;;false;;;;;;;;;;;;;;;;;;;;;;;false;;;
19382;1;7000350;draft;14859.60;pending;2026-02-18;USD;FOB;;;;;14859.60;;14859.60;;;;;0.00;0.00;0;;;;;;;;;;;;;;;;;;;;;;;;;;;;;;;;2026-03-19 15:30:49;2026-03-19 15:30:49;2;;771;;;;"""[\""Standard\""]""";0.00;0.00;0.00;;;false;;;false;;Tue Feb 03 2026 00:00:40 GMT-0400 (hora de Venezuela);;;;;false;false;false;false;false;false;false;false;false;;;2026-07-01 00:00:00;2026-07-01 00:00:00;;;;;;;;;;;FOB;;COMPRAS A TERCEROS;;;;;Directo CL - Easy Retail S.A;89;TERCEROS;OLO7;;;;;;;;QINGDAO, CHINA;VALPARAISO, CHILE;;;;0;0;0;0;;;;;0.00;;Easy Retail S.A;;2026-02-18 00:00:00;;;;;;false;;;;;;;;;;;;;;;;;;;;;;;false;;;
19383;1;7000351;draft;14859.60;pending;2026-02-18;USD;FOB;;;;;14859.60;;14859.60;;;;;0.00;0.00;0;;;;;;;;;;;;;;;;;;;;;;;;;;;;;;;;2026-03-19 15:30:49;2026-03-19 15:30:49;2;;771;;;;"""[\""Standard\""]""";0.00;0.00;0.00;;;false;;;false;;Tue Feb 03 2026 00:00:40 GMT-0400 (hora de Venezuela);;;;;false;false;false;false;false;false;false;false;false;;;2026-08-03 00:00:00;2026-08-03 00:00:00;;;;;;;;;;;FOB;;COMPRAS A TERCEROS;;;;;Directo CL - Easy Retail S.A;89;TERCEROS;OLO7;;;;;;;;QINGDAO, CHINA;VALPARAISO, CHILE;;;;0;0;0;0;;;;;0.00;;Easy Retail S.A;;2026-02-18 00:00:00;;;;;;false;;;;;;;;;;;;;;;;;;;;;;;false;;;
19384;1;7000352;draft;29719.20;pending;2026-02-18;USD;FOB;;;;;29719.20;;29719.20;;;;;0.00;0.00;0;;;;;;;;;;;;;;;;;;;;;;;;;;;;;;;;2026-03-19 15:30:49;2026-03-19 15:30:49;2;;771;;;;"""[\""Standard\""]""";0.00;0.00;0.00;;;false;;;false;;Tue Feb 03 2026 00:00:40 GMT-0400 (hora de Venezuela);;;;;false;false;false;false;false;false;false;false;false;;;2026-09-01 00:00:00;2026-09-01 00:00:00;;;;;;;;;;;FOB;;COMPRAS A TERCEROS;;;;;Directo CL - Easy Retail S.A;89;TERCEROS;OLO7;;;;;;;;QINGDAO, CHINA;VALPARAISO, CHILE;;;;0;0;0;0;;;;;0.00;;Easy Retail S.A;;2026-02-18 00:00:00;;;;;;false;;;;;;;;;;;;;;;;;;;;;;;false;;;
19385;1;7000353;draft;14859.60;pending;2026-02-18;USD;FOB;;;;;14859.60;;14859.60;;;;;0.00;0.00;0;;;;;;;;;;;;;;;;;;;;;;;;;;;;;;;;2026-03-19 15:30:49;2026-03-19 15:30:49;2;;771;;;;"""[\""Standard\""]""";0.00;0.00;0.00;;;false;;;false;;ok;;;;;false;false;false;false;false;false;false;false;false;;;2026-10-01 00:00:00;2026-10-01 00:00:00;;;;;;;;;;;FOB;;COMPRAS A TERCEROS;;;;;Directo CL - Easy Retail S.A;89;TERCEROS;OLO7;;;;;;;;QINGDAO, CHINA;VALPARAISO, CHILE;;;;0;0;0;0;;;;;0.00;;Easy Retail S.A;;2026-02-18 00:00:00;;;;;;false;;;;;;;;;;;;;;;;;;;;;;;false;;;
19386;1;7000354;draft;14859.60;pending;2026-02-18;USD;FOB;;;;;14859.60;;14859.60;;;;;0.00;0.00;0;;;;;;;;;;;;;;;;;;;;;;;;;;;;;;;;2026-03-19 15:30:49;2026-03-19 15:30:49;2;;771;;;;"""[\""Standard\""]""";0.00;0.00;0.00;;;false;;;false;;Tue Feb 03 2026 00:00:40 GMT-0400 (hora de Venezuela);;;;;false;false;false;false;false;false;false;false;false;;;2026-11-02 00:00:00;2026-11-02 00:00:00;;;;;;;;;;;FOB;;COMPRAS A TERCEROS;;;;;Directo CL - Easy Retail S.A;89;TERCEROS;OLO7;;;;;;;;QINGDAO, CHINA;VALPARAISO, CHILE;;;;0;0;0;0;;;;;0.00;;Easy Retail S.A;;2026-02-18 00:00:00;;;;;;false;;;;;;;;;;;;;;;;;;;;;;;false;;;
19387;1;7000355;draft;14859.60;pending;2026-02-18;USD;FOB;;;;;14859.60;;14859.60;;;;;0.00;0.00;0;;;;;;;;;;;;;;;;;;;;;;;;;;;;;;;;2026-03-19 15:30:49;2026-03-19 15:30:49;2;;771;;;;"""[\""Standard\""]""";0.00;0.00;0.00;;;false;;;false;;Tue Feb 03 2026 00:00:40 GMT-0400 (hora de Venezuela);;;;;false;false;false;false;false;false;false;false;false;;;2026-12-01 00:00:00;2026-12-01 00:00:00;;;;;;;;;;;FOB;;COMPRAS A TERCEROS;;;;;Directo CL - Easy Retail S.A;89;TERCEROS;OLO7;;;;;;;;QINGDAO, CHINA;VALPARAISO, CHILE;;;;0;0;0;0;;;;;0.00;;Easy Retail S.A;;2026-02-18 00:00:00;;;;;;false;;;;;;;;;;;;;;;;;;;;;;;false;;;
19388;1;7000358;draft;121294.52;pending;2026-02-19;USD;FOB;;;;;121294.52;;121294.52;;;;;0.00;0.00;0;;;;;;;;;;;;;;;;;;;;;;;;;;;;;;;;2026-03-19 15:30:49;2026-03-19 15:30:49;2;;773;;;;"""[\""Standard\""]""";0.00;0.00;0.00;;;false;;;false;;Mon Feb 09 2026 00:00:40 GMT-0400 (hora de Venezuela);;;;;false;false;false;false;false;false;false;false;false;;;2026-04-30 00:00:00;2026-04-30 00:00:00;;;;;;;;;;;FOB;;COMPRAS A TERCEROS;;;;;Directo PE - Homecenters Peruanos S.A.;80;TERCEROS;OLO7;;;;;;;;NINGBO, CHINA;CALLAO, PERU;;;;0;0;0;0;;;;;0.00;;Homecenters Peruanos S.A.;;2026-02-19 00:00:00;;;;;;false;;;;;;;;;;;;;;;;;;;;;;;false;;;
19389;1;7000359;draft;4615.15;pending;2026-02-25;USD;FOB;;;;;4615.15;;4615.15;;;;;0.00;0.00;0;;;;;;;;;;;;;;;;;;;;;;;;;;;;;;;;2026-03-19 15:30:49;2026-03-19 15:30:49;2;;780;;;;"""[\""Standard\""]""";0.00;0.00;0.00;;;false;;;false;;XDF-26014;;;;;false;false;false;false;false;false;false;false;false;;;2026-04-14 00:00:00;2026-04-14 00:00:00;;;;;;;;;;;FOB;;COMPRAS A TERCEROS;;;;;Directo EC - Homecenters Ecuatorianos S.A.S;85;TERCEROS;OLO7;;;;;;;;SHANGHAI, CHINA;CALLAO, PERU;;;;0;0;0;0;;;;;0.00;;Homecenters Ecuatorianos S.A.S;;2026-02-25 00:00:00;;;;;;false;;;;;;;;;;;;;;;;;;;;;;;false;;;
19390;1;7000360;draft;42695.50;pending;2026-03-04;USD;FOB;;;;;42695.50;;42695.50;;;;;0.00;0.00;0;;;;;;;;;;;;;;;;;;;;;;;;;;;;;;;;2026-03-19 15:30:49;2026-03-19 15:30:49;2;;753;;;;"""[\""Standard\""]""";0.00;0.00;0.00;;;false;;;false;;STB-PERU202601;;;;;false;false;false;false;false;false;false;false;false;;;2026-04-30 00:00:00;2026-04-30 00:00:00;;;;;;;;;;;FOB;;COMPRAS A TERCEROS;;;;;Directo PE - Homecenters Peruanos S.A.;89;TERCEROS;OLO7;;;;;;;;QINGDAO, CHINA;CALLAO, PERU;;;;0;0;0;0;;;;;0.00;;Homecenters Peruanos S.A.;;2026-03-04 00:00:00;;;;;;false;;;;;;;;;;;;;;;;;;;;;;;false;;;
19391;1;7000361;draft;10510.50;pending;2026-03-04;USD;FOB;;;;;10510.50;;10510.50;;;;;0.00;0.00;0;;;;;;;;;;;;;;;;;;;;;;;;;;;;;;;;2026-03-19 15:30:49;2026-03-19 15:30:49;2;;753;;;;"""[\""Standard\""]""";0.00;0.00;0.00;;;false;;;false;;STB-PERU202605;;;;;false;false;false;false;false;false;false;false;false;;;2026-04-30 00:00:00;2026-04-30 00:00:00;;;;;;;;;;;FOB;;COMPRAS A TERCEROS;;;;;Directo PE - Homecenters Peruanos S.A.;89;TERCEROS;OLO7;;;;;;;;QINGDAO, CHINA;PAITA, PERU;;;;0;0;0;0;;;;;0.00;;Homecenters Peruanos S.A.;;2026-03-04 00:00:00;;;;;;false;;;;;;;;;;;;;;;;;;;;;;;false;;;
19392;1;7000362;draft;67984.56;pending;2026-03-04;USD;FOB;;;;;67984.56;;67984.56;;;;;0.00;0.00;0;;;;;;;;;;;;;;;;;;;;;;;;;;;;;;;;2026-03-19 15:30:49;2026-03-19 15:30:49;2;;753;;;;"""[\""Standard\""]""";0.00;0.00;0.00;;;false;;;false;;STB-PERU202602;;;;;false;false;false;false;false;false;false;false;false;;;2026-04-30 00:00:00;2026-04-30 00:00:00;;;;;;;;;;;FOB;;COMPRAS A TERCEROS;;;;;Directo PE - Homecenters Peruanos S.A.;89;TERCEROS;OLO7;;;;;;;;QINGDAO, CHINA;CALLAO, PERU;;;;0;0;0;0;;;;;0.00;;Homecenters Peruanos S.A.;;2026-03-04 00:00:00;;;;;;false;;;;;;;;;;;;;;;;;;;;;;;false;;;
19393;1;7000363;draft;13351.92;pending;2026-03-04;USD;FOB;;;;;13351.92;;13351.92;;;;;0.00;0.00;0;;;;;;;;;;;;;;;;;;;;;;;;;;;;;;;;2026-03-19 15:30:49;2026-03-19 15:30:49;2;;753;;;;"""[\""Standard\""]""";0.00;0.00;0.00;;;false;;;false;;STB-PERU202606;;;;;false;false;false;false;false;false;false;false;false;;;2026-04-30 00:00:00;2026-04-30 00:00:00;;;;;;;;;;;FOB;;COMPRAS A TERCEROS;;;;;Directo PE - Homecenters Peruanos S.A.;89;TERCEROS;OLO7;;;;;;;;QINGDAO, CHINA;PAITA, PERU;;;;0;0;0;0;;;;;0.00;;Homecenters Peruanos S.A.;;2026-03-04 00:00:00;;;;;;false;;;;;;;;;;;;;;;;;;;;;;;false;;;
19394;1;7000364;draft;41768.40;pending;2026-03-10;USD;FOB;;;;;41768.40;;41768.40;;;;;0.00;0.00;0;;;;;;;;;;;;;;;;;;;;;;;;;;;;;;;;2026-03-19 15:30:49;2026-03-19 15:30:49;2;;753;;;;"""[\""Standard\""]""";0.00;0.00;0.00;;;false;;;false;;STB-PERU202603;;;;;false;false;false;false;false;false;false;false;false;;;2026-05-31 00:00:00;2026-05-31 00:00:00;;;;;;;;;;;FOB;;COMPRAS A TERCEROS;;;;;Directo PE - Homecenters Peruanos S.A.;79;TERCEROS;OLO7;;;;;;;;QINGDAO, CHINA;CALLAO, PERU;;;;0;0;0;0;;;;;0.00;;Homecenters Peruanos S.A.;;2026-03-10 00:00:00;;;;;;false;;;;;;;;;;;;;;;;;;;;;;;false;;;
19395;1;7000365;draft;10549.60;pending;2026-03-10;USD;FOB;;;;;10549.60;;10549.60;;;;;0.00;0.00;0;;;;;;;;;;;;;;;;;;;;;;;;;;;;;;;;2026-03-19 15:30:49;2026-03-19 15:30:49;2;;753;;;;"""[\""Standard\""]""";0.00;0.00;0.00;;;false;;;false;;STB-PERU202607;;;;;false;false;false;false;false;false;false;false;false;;;2026-05-31 00:00:00;2026-05-31 00:00:00;;;;;;;;;;;FOB;;COMPRAS A TERCEROS;;;;;Directo PE - Homecenters Peruanos S.A.;79;TERCEROS;OLO7;;;;;;;;QINGDAO, CHINA;PAITA, PERU;;;;0;0;0;0;;;;;0.00;;Homecenters Peruanos S.A.;;2026-03-10 00:00:00;;;;;;false;;;;;;;;;;;;;;;;;;;;;;;false;;;
19396;1;7000366;draft;81950.59;pending;2026-03-04;USD;FOB;;;;;81950.59;;81950.59;;;;;0.00;0.00;0;;;;;;;;;;;;;;;;;;;;;;;;;;;;;;;;2026-03-19 15:30:49;2026-03-19 15:30:49;2;;753;;;;"""[\""Standard\""]""";0.00;0.00;0.00;;;false;;;false;;STB-PERU202604;;;;;false;false;false;false;false;false;false;false;false;;;2026-05-31 00:00:00;2026-05-31 00:00:00;;;;;;;;;;;FOB;;COMPRAS A TERCEROS;;;;;Directo PE - Homecenters Peruanos S.A.;89;TERCEROS;OLO7;;;;;;;;QINGDAO, CHINA;CALLAO, PERU;;;;0;0;0;0;;;;;0.00;;Homecenters Peruanos S.A.;;2026-03-04 00:00:00;;;;;;false;;;;;;;;;;;;;;;;;;;;;;;false;;;
19397;1;7000367;draft;13562.60;pending;2026-03-04;USD;FOB;;;;;13562.60;;13562.60;;;;;0.00;0.00;0;;;;;;;;;;;;;;;;;;;;;;;;;;;;;;;;2026-03-19 15:30:49;2026-03-19 15:30:49;2;;753;;;;"""[\""Standard\""]""";0.00;0.00;0.00;;;false;;;false;;STB-PERU202608;;;;;false;false;false;false;false;false;false;false;false;;;2026-05-31 00:00:00;2026-05-31 00:00:00;;;;;;;;;;;FOB;;COMPRAS A TERCEROS;;;;;Directo PE - Homecenters Peruanos S.A.;89;TERCEROS;OLO7;;;;;;;;QINGDAO, CHINA;PAITA, PERU;;;;0;0;0;0;;;;;0.00;;Homecenters Peruanos S.A.;;2026-03-04 00:00:00;;;;;;false;;;;;;;;;;;;;;;;;;;;;;;false;;;
19398;1;7000368;draft;14520.00;pending;2026-03-10;USD;FOB;;;;;14520.00;;14520.00;;;;;0.00;0.00;0;;;;;;;;;;;;;;;;;;;;;;;;;;;;;;;;2026-03-19 15:30:49;2026-03-19 15:30:49;2;;758;;;;"""[\""Standard\""]""";0.00;0.00;0.00;;;false;;;false;;Mon Feb 16 2026 00:00:40 GMT-0400 (hora de Venezuela);;;;;false;false;false;false;false;false;false;false;false;;;2026-04-10 00:00:00;2026-04-10 00:00:00;;;;;;;;;;;FOB;;COMPRAS A TERCEROS;;;;;Directo MX - Tiendas Soriana S.A De C.V;78;TERCEROS;OLO7;;;;;;;;QINGDAO, CHINA;LAZARO CARDENAS, MÉXICO;;;;0;0;0;0;;;;;0.00;;Tiendas Soriana S.A De C.V;;2026-03-10 00:00:00;;;;;;false;;;;;;;;;;;;;;;;;;;;;;;false;;;
19399;1;7000369;draft;18148.00;pending;2026-03-04;USD;FOB;;;;;18148.00;;18148.00;;;;;0.00;0.00;0;;;;;;;;;;;;;;;;;;;;;;;;;;;;;;;;2026-03-19 15:30:49;2026-03-19 15:30:49;2;;758;;;;"""[\""Standard\""]""";0.00;0.00;0.00;;;false;;;false;;Mon Feb 16 2026 00:00:40 GMT-0400 (hora de Venezuela);;;;;false;false;false;false;false;false;false;false;false;;;2026-04-10 00:00:00;2026-04-10 00:00:00;;;;;;;;;;;FOB;;COMPRAS A TERCEROS;;;;;Directo MX - Tiendas Soriana S.A De C.V;85;TERCEROS;OLO7;;;;;;;;QINGDAO, CHINA;LAZARO CARDENAS, MÉXICO;;;;0;0;0;0;;;;;0.00;;Tiendas Soriana S.A De C.V;;2026-03-04 00:00:00;;;;;;false;;;;;;;;;;;;;;;;;;;;;;;false;;;
19400;1;7000370;draft;12000.00;pending;2026-03-06;USD;FOB;;;;;12000.00;;12000.00;;;;;0.00;0.00;0;;;;;;;;;;;;;;;;;;;;;;;;;;;;;;;;2026-03-19 15:30:49;2026-03-19 15:30:49;2;;769;;;;"""[\""Standard\""]""";0.00;0.00;0.00;;;false;;;false;;Tue Feb 24 2026 00:00:40 GMT-0400 (hora de Venezuela);;;;;false;false;false;false;false;false;false;false;false;;;2026-05-15 00:00:00;2026-05-15 00:00:00;;;;;;;;;;;FOB;;COMPRAS A TERCEROS;;;;;Directo PE - Homecenters Peruanos S.A.;80;TERCEROS;OLO7;;;;;;;;MAWEI FUZHOU, CHINA;CALLAO, PERU;;;;0;0;0;0;;;;;0.00;;Homecenters Peruanos S.A.;;2026-03-06 00:00:00;;;;;;false;;;;;;;;;;;;;;;;;;;;;;;false;;;
19401;1;7000371;draft;4741.76;pending;2026-03-06;USD;FOB;;;;;4741.76;;4741.76;;;;;0.00;0.00;0;;;;;;;;;;;;;;;;;;;;;;;;;;;;;;;;2026-03-19 15:30:49;2026-03-19 15:30:49;2;;775;;;;"""[\""Standard\""]""";0.00;0.00;0.00;;;false;;;false;;Fri Jan 16 2026 00:00:40 GMT-0400 (hora de Venezuela);;;;;false;false;false;false;false;false;false;false;false;;;2026-05-10 00:00:00;2026-05-10 00:00:00;;;;;;;;;;;FOB;;COMPRAS A TERCEROS;;;;;Directo PE - Homecenters Peruanos S.A.;89;TERCEROS;OLO7;;;;;;;;NINGBO, CHINA;CALLAO, PERU;;;;0;0;0;0;;;;;0.00;;Homecenters Peruanos S.A.;;2026-03-06 00:00:00;;;;;;false;;;;;;;;;;;;;;;;;;;;;;;false;;;
19402;1;7000372;draft;20776.00;pending;2026-03-11;USD;CIF;;;;;20776.00;;20776.00;;;;;0.00;0.00;0;;;;;;;;;;;;;;;;;;;;;;;;;;;;;;;;2026-03-19 15:30:49;2026-03-19 15:30:49;2;;784;;;;"""[\""Standard\""]""";0.00;0.00;0.00;;;false;;;false;;Wed Mar 11 2026 00:00:40 GMT-0400 (hora de Venezuela);;;;;false;false;false;false;false;false;false;false;false;;;2026-04-14 00:00:00;2026-04-14 00:00:00;;;;;;;;;;;CIF;;COMPRAS A TERCEROS;;;;;Directo US - Hagalo Home Center (12640);73;TERCEROS;OLO7;;;;;;;;SHANGHAI, CHINA;EL PASO, UNITED STATES;;;;0;0;0;0;;;;;0.00;;Hagalo Home Center (12640);;2026-03-11 00:00:00;;;;;;false;;;;;;;;;;;;;;;;;;;;;;;false;;;
19403;1;7000373;draft;20650.00;pending;2026-03-11;USD;FOB;;;;;20650.00;;20650.00;;;;;0.00;0.00;0;;;;;;;;;;;;;;;;;;;;;;;;;;;;;;;;2026-03-19 15:30:49;2026-03-19 15:30:49;2;;785;;;;"""[\""Standard\""]""";0.00;0.00;0.00;;;false;;;false;;Mar. 5, 2026;;;;;false;false;false;false;false;false;false;false;false;;;2026-04-25 00:00:00;2026-04-25 00:00:00;;;;;;;;;;;FOB;;COMPRAS A TERCEROS;;;;;Directo MX - Tiendas Soriana S.A De C.V;78;TERCEROS;OLO7;;;;;;;;XIAMEN, CHINA;MANZANILLO, CUBA;;;;0;0;0;0;;;;;0.00;;Tiendas Soriana S.A De C.V;;2026-03-11 00:00:00;;;;;;false;;;;;;;;;;;;;;;;;;;;;;;false;;;
19404;1;7000374;draft;14520.00;pending;2026-03-12;USD;FOB;;;;;14520.00;;14520.00;;;;;0.00;0.00;0;;;;;;;;;;;;;;;;;;;;;;;;;;;;;;;;2026-03-19 15:30:49;2026-03-19 15:30:49;2;;758;;;;"""[\""Standard\""]""";0.00;0.00;0.00;;;false;;;false;;Mon Feb 16 2026 00:00:40 GMT-0400 (hora de Venezuela);;;;;false;false;false;false;false;false;false;false;false;;;2026-04-10 00:00:00;2026-04-10 00:00:00;;;;;;;;;;;FOB;;COMPRAS A TERCEROS;;;;;Directo MX - Tiendas Soriana S.A De C.V;78;TERCEROS;OLO7;;;;;;;;QINGDAO, CHINA;LAZARO CARDENAS, MÉXICO;;;;0;0;0;0;;;;;0.00;;Tiendas Soriana S.A De C.V;;2026-03-12 00:00:00;;;;;;false;;;;;;;;;;;;;;;;;;;;;;;false;;;
19405;1;7000375;draft;13890.00;pending;2026-03-17;USD;FOB;;;;;13890.00;;13890.00;;;;;0.00;0.00;0;;;;;;;;;;;;;;;;;;;;;;;;;;;;;;;;2026-03-19 15:30:49;2026-03-19 15:30:49;2;;758;;;;"""[\""Standard\""]""";0.00;0.00;0.00;;;false;;;false;;Fri Mar 06 2026 00:00:40 GMT-0400 (hora de Venezuela);;;;;false;false;false;false;false;false;false;false;false;;;2026-04-20 00:00:00;2026-04-20 00:00:00;;;;;;;;;;;FOB;;COMPRAS A TERCEROS;;;;;Directo PE - Homecenters Peruanos S.A.;78;TERCEROS;OLO7;;;;;;;;QINGDAO, CHINA;CALLAO, PERU;;;;0;0;0;0;;;;;0.00;;Homecenters Peruanos S.A.;;2026-03-17 00:00:00;;;;;;false;;;;;;;;;;;;;;;;;;;;;;;false;;;
19406;1;7000376;draft;11285.00;pending;2026-03-17;USD;FOB;;;;;11285.00;;11285.00;;;;;0.00;0.00;0;;;;;;;;;;;;;;;;;;;;;;;;;;;;;;;;2026-03-19 15:30:49;2026-03-19 15:30:49;2;;776;;;;"""[\""Standard\""]""";0.00;0.00;0.00;;;false;;;false;;Thu Mar 12 2026 00:00:40 GMT-0400 (hora de Venezuela);;;;;false;false;false;false;false;false;false;false;false;;;2026-04-30 00:00:00;2026-04-30 00:00:00;;;;;;;;;;;FOB;;COMPRAS A TERCEROS;;;;;Directo PE - Homecenters Peruanos S.A.;78;TERCEROS;OLO7;;;;;;;;ZHONGSHAN, CHINA;CALLAO, PERU;;;;0;0;0;0;;;;;0.00;;Homecenters Peruanos S.A.;;2026-03-17 00:00:00;;;;;;false;;;;;;;;;;;;;;;;;;;;;;;false;;;